{"type":"FeatureCollection","features":[{"type":"Feature","properties":{"id":"usa","name":"United States","color":"#dda775","sourceId":"historical-basemaps","precision":"generalized","representation":"Source political boundary snapshot; local disputes not fully mapped","review":"source-snapshot","upstreamNames":["United States","United States","United States"]},"geometry":{"type":"MultiPolygon","coordinates":[[[[-156.25298019925,20.62990339846973],[-156.50670334378125,20.598901353791994],[-156.57635971585157,20.635068498567385],[-156.61497971096875,20.795238100007815],[-156.82249924221875,20.939910493806643],[-156.77998825589063,21.04324873538379],[-156.71565720120313,21.069081865266604],[-156.55081650296094,20.974736772493166],[-156.39587875882032,20.95024450869922],[-156.11853500882032,20.79007490725879],[-156.12085434475782,20.71257170291309],[-156.25298019925,20.62990339846973]]],[[[-158.09471603909375,21.59111174197559],[-158.04683395901563,21.458880983308596],[-157.94652267971875,21.415565095857424],[-157.8416490224922,21.29017599673633],[-157.89636704007032,21.25141867251758],[-158.02176376858594,21.23773916812305],[-158.07191940823438,21.297015748933596],[-158.1517076162422,21.299295030549807],[-158.29761215725782,21.2764964923418],[-158.43440720120313,21.452043138459963],[-158.46632858792188,21.57059248538379],[-158.3135728506172,21.575152955964846],[-158.17906662503125,21.689143739656252],[-158.09471603909375,21.59111174197559]]],[[[-168.04071518460157,53.30942877383594],[-168.37433334866407,53.23527868838672],[-168.5141343740547,53.29514654727344],[-168.55403610745313,53.37528570742969],[-168.50734421292188,53.42886313052539],[-168.35590073147657,53.54953344912891],[-168.22346970120313,53.58995398135547],[-167.96077438870313,53.490108095125],[-167.86543747464063,53.32341345401172],[-168.04071518460157,53.30942877383594]]],[[[-166.9272203115547,53.45891150088672],[-167.00262924710157,53.726173006013674],[-167.14842697659375,53.94021566958789],[-166.77057358303907,54.001239381746096],[-166.57965561428907,53.96140631289844],[-166.38348862210157,53.85458334536914],[-166.49316879788282,53.733844362214846],[-166.61009689846875,53.70682867617969],[-166.64284225979688,53.572921358064455],[-166.74185654202344,53.53258093448047],[-166.9272203115547,53.45891150088672]]],[[[-155.47876450100782,20.087384782747073],[-155.21165939846875,19.896211229280276],[-155.2184800771797,19.772206865266604],[-155.1115007070625,19.751538835481448],[-155.05763718167188,19.62236937137012],[-154.9200181631172,19.555200181916994],[-154.9476823476875,19.482865892366213],[-155.0599107412422,19.41958960147266],[-155.1371812490547,19.327859483674807],[-155.48196884671094,19.240022264436526],[-155.6501207021797,19.13668593020801],[-155.78282639065625,18.945514284089846],[-156.03416916409375,19.10568770022754],[-156.05415817776563,19.503530107454104],[-156.16333481350782,19.808374010041994],[-155.946583714875,19.989215455964846],[-155.9623765615547,20.07893904300098],[-156.0324449209297,20.19588430972461],[-156.00906845608594,20.26305540652637],[-155.93127914944532,20.283723436311526],[-155.77216049710157,20.212861619905276],[-155.47876450100782,20.087384782747073]]],[[[-118.00658890286329,33.73146017642383],[-118.23708054104688,33.82004126162891],[-118.28837296048047,33.84322317691211],[-118.3537110952461,33.82810553164844],[-118.35272690335157,33.786536775544924],[-118.39270493069532,33.77520330996875],[-118.43768021145704,33.794173799470705],[-118.50314041653516,33.858340822175784],[-118.46909042874219,33.892352662996096],[-118.50195023098829,33.98304709048633],[-118.60435196438672,34.096419893220705],[-118.731739964875,34.10775717349414],[-118.87235733548047,34.069964967683596],[-119.29153915921094,34.22112234683399],[-119.42016312161329,34.36850317569141],[-119.6128434805,34.478099428132815],[-119.78493210354688,34.459205232576174],[-120.20444199124219,34.531009279207034],[-120.52868362942579,34.50833090396289],[-120.58253952542188,34.591468416169924],[-120.68786331692579,34.62170370669727],[-120.70843216458204,34.701060853914065],[-120.66632553616407,34.753970704988284],[-120.73717209378125,34.98071249575977],[-120.67728897610547,35.189334474519534],[-120.77957626858594,35.23243673892383],[-120.83675858059766,35.22865255923633],[-120.94863602200391,35.289229951814455],[-120.9485597280586,35.334659181550784],[-120.91479965725782,35.37630423159961],[-120.92773148098829,35.474742494539065],[-121.08413406887891,35.55812796206836],[-121.19852158108594,35.68679388614063],[-121.38518997708204,35.785255037263674],[-121.56112381497266,36.06552466006641],[-121.65173813382032,36.099620424226565],[-121.74290176907422,36.23977240176563],[-121.92680069485547,36.338267885164065],[-121.99720474758985,36.57644613833789],[-121.99803635159375,36.67849310489063],[-121.91785904446485,36.675479494050784],[-121.85145279446485,36.74896963687305],[-121.83826920071485,36.89572485537891],[-121.9320573476875,37.008975587800784],[-122.01836868801954,37.02933844180469],[-122.11721512356641,37.01276358218555],[-122.25330826321485,37.06961401553516],[-122.49409958401563,37.30083807559375],[-122.45914169827344,37.395606599763674],[-122.50000473538282,37.5358844623125],[-122.55814072171094,37.56621512027149],[-122.57808395901563,37.77476080508594],[-122.55206009426954,37.84301718325977],[-122.49871536770704,37.85439261050586],[-122.45412918606641,37.82405813784961],[-122.42120071926954,37.7899242267168],[-122.46006485501172,37.74442633242969],[-122.390919652375,37.65342291446094],[-122.26291367092969,37.59654959292774],[-122.21055313626172,37.54347189517383],[-122.11918350735547,37.5358844623125],[-122.29259964505079,37.7899242267168],[-122.37463852444532,37.85439261050586],[-122.38383194485547,37.960574708894534],[-122.46683212796094,38.00988348575],[-122.48976608792188,38.164527498201174],[-122.5482682851875,38.16159018130664],[-122.553029027375,38.097110353425784],[-122.53137680569532,37.89611013980274],[-122.57305618801954,37.888526521638674],[-122.70501419583204,37.975745759919924],[-122.75864120999219,37.95678671450977],[-122.99081131497266,38.13883551211719],[-123.05200668850782,38.30193289370899],[-123.22155472317579,38.53343924136524],[-123.46047684231641,38.70407065005664],[-123.74095627346875,38.96676977725391],[-123.79630753079297,39.03041037173633],[-123.74487778225782,39.07595404239063],[-123.89214798489454,39.41376455874805],[-123.81972977200391,39.60736807437305],[-123.93385025540235,39.8227611407793],[-124.03277298489454,39.982379518464846],[-124.36481186428907,40.33432348819141],[-124.41186996975782,40.468917451814455],[-124.36723801175,40.75131186099414],[-124.25388046780469,41.03395804019336],[-124.1791276601875,41.194644533113284],[-124.15260788479688,41.580150209382815],[-124.24943253079297,41.93350561709766],[-124.56067368069532,42.60199698062305],[-124.62967392483594,43.013995729402346],[-124.58678909817579,43.142928682283205],[-124.48281570950391,43.25268515200977],[-124.30166336575391,43.34327658267383],[-124.13729568997266,43.665958009675784],[-124.3016862539375,43.92364462466602],[-124.33127304592969,44.07199057193164],[-124.14049240628125,44.78911169619922],[-124.0717286733711,45.047916017488284],[-124.04446121731641,45.333194337800784],[-124.00341507473829,45.68362387271289],[-123.99469467678907,45.76409491153125],[-124.06380173245313,45.83626516909961],[-124.02785202542188,45.94021185489063],[-124.07430740872266,46.015296541169924],[-124.00366684475782,46.049964509919924],[-124.01732346096875,46.13374289126758],[-124.03835007229688,46.2175365314043],[-124.05223557034375,46.26378210635547],[-124.05423447171094,46.28979452700977],[-123.90926834622266,46.246436677888674],[-123.81508347073438,46.25510748477344],[-123.78710648098829,46.298465333894534],[-123.88214584866407,46.29558142276172],[-124.15862747708204,46.35049780459766],[-124.13072678128125,46.66863592715625],[-124.1770753530586,46.816226564363284],[-124.16961380520704,46.94070776553516],[-123.90527817288282,47.04205282779102],[-124.0604982046211,47.05075415225391],[-124.13232132473829,47.11447104068164],[-124.1902589468086,47.11447104068164],[-124.21410080471875,47.094195924714846],[-124.19483658352735,47.04205282779102],[-124.24902054348829,47.01889380069141],[-124.3087892202461,47.45928534121875],[-124.72605606594922,48.117755495027346],[-124.73341843167188,48.32687719912891],[-124.67528244534375,48.38582571597461],[-124.43045517483594,48.347083650544924],[-124.14605423489454,48.249591432527346],[-123.79302689114454,48.1980052814043],[-123.5045900014961,48.185489259675784],[-123.25891586819532,48.20558127017383],[-123.07204910794141,48.16672857852344],[-122.82603928128125,48.023482881501955],[-122.80843063870313,47.82762487979297],[-122.99730392971875,47.64451178164844],[-123.18336197415235,47.48833426089649],[-122.94403549710157,47.42283209414844],[-122.86107346096875,47.33822210879688],[-122.74829575100782,47.26223333926563],[-122.7352800039375,47.364547334626955],[-122.66283127346875,47.46903570742969],[-122.48593613186719,47.606360994294924],[-122.39111038723829,47.86761435122852],[-122.3452882436836,48.07669409366016],[-122.37435623684766,48.266124330476565],[-122.53463455716016,48.69742926211719],[-122.60556503811719,48.834727846101565],[-122.90025040188672,49.06718023867969],[-122.81287857571485,49.06107672305469],[-121.65236374417188,49.060741029695315],[-121.05180069485547,49.05083426089649],[-118.98721024075391,49.06193121524219],[-117.2151612905586,49.05831106753711],[-115.92358109036329,49.05868872256641],[-115.164601293,49.056190095857424],[-112.86183640042188,49.06856878848438],[-112.52904984036329,49.063792787507815],[-110.67026230374219,49.05406530948047],[-110.18009659329297,49.0698314532793],[-108.460743871125,49.059363923982424],[-108.06731888333204,49.06148871035938],[-106.43957993069532,49.06365927310352],[-104.26153275051954,49.05566366763477],[-103.99100967923047,49.05711706729297],[-102.6702394155586,49.05107458682422],[-101.71109482327344,49.056232057527346],[-100.45978256741407,49.043250642732424],[-99.14807602444532,49.050304017976565],[-98.20086380520704,49.048831544832034],[-97.59412857571485,49.05207785220508],[-96.33501907864454,49.039142213777346],[-95.12574478665235,49.05221518130664],[-94.81984421292188,49.05071219058399],[-94.9938249258125,49.315406404451174],[-95.05278488675,49.471664033845705],[-94.8273210195625,49.48759039492969],[-94.42395493069532,49.15129812808399],[-94.29830643216016,48.984420381501955],[-94.08768173733594,48.77750738711719],[-93.71323868313672,48.57442434878711],[-93.48024460354688,48.60846670718555],[-92.83900925198438,48.51513632388477],[-92.83005234280469,48.431991182283205],[-92.7080812124336,48.43753012271289],[-92.55614182034375,48.22145804019336],[-92.48405167141797,48.33224447818164],[-92.25805374661329,48.326705537751955],[-92.14981552639844,48.2048412189043],[-91.93884750882032,48.16607626529102],[-91.909962621125,48.083011232332034],[-91.68210312405469,48.03871878238086],[-91.42445847073438,48.1020465716875],[-91.32611557522657,48.12875326724414],[-91.14085098782422,48.21487768741016],[-90,48.248511873201174],[-90,48.121776185945315],[-90,48.10710486026172],[-90,48.088546358064455],[-90,48.06973608584766],[-90,48.0371051654375],[-90,47.97228964419727],[-89.87140366116407,47.994430147126955],[-89.62202966765464,47.96837637116081],[-89.8158535,47.903401],[-90.4566575,47.7051454],[-91.15034487499999,47.3676057],[-91.896915625,46.8907819],[-92.26545825,46.6505315],[-92.25597275,46.6468545],[-92.239518,46.64635425],[-92.216094,46.64903075],[-92.19846225,46.66292975],[-92.18662275,46.68805125],[-92.16893125,46.69294475],[-92.14538775,46.67761025],[-92.143361975,46.680022525],[-92.162853925,46.700181575],[-92.16961192499998,46.710331825],[-92.163635975,46.710473275],[-92.1568249,46.705590025],[-92.1491787,46.695682075],[-92.13390945,46.705040575],[-92.11101715,46.733665525],[-92.0224605,46.73459225],[-91.86823949999999,46.70782075],[-91.558041775,46.76149155],[-91.09186732500001,46.89560465],[-90.831846925,46.94397755],[-90.777980575,46.90661025],[-90.80056805000001,46.81225345],[-90.89960935,46.66090715],[-90.88440325,46.60398725],[-90.75494975,46.64149375],[-90.71604925,46.67795175],[-90.76770175,46.71336125],[-90.7048047,46.68842465],[-90.5273581,46.60314195],[-90.27661125,46.624989925],[-89.95256415,46.753968575],[-89.698410575,46.824350375],[-89.514150525,46.836135325],[-89.31140975,46.88141175],[-89.09018825000001,46.96017965],[-88.83959390000001,47.09270445],[-88.5596267,47.27898615],[-88.299311325,47.39914135],[-88.058647775,47.45317005],[-87.881221275,47.461654675],[-87.767031825,47.424595225],[-87.771665,47.40142285],[-87.89512079999999,47.39213755],[-88.02495545,47.3402374],[-88.16116895,47.2457224],[-88.282719025,47.142483425],[-88.38960567500001,47.030520475],[-88.45661925000002,46.91968975],[-88.48375975,46.80999125],[-88.4091295,46.80813125],[-88.2327285,46.91410975],[-88.180529725,46.930828425],[-88.252533175,46.858287275],[-88.2824806,46.82388315],[-88.270372,46.82761605],[-88.25046707500002,46.845726575],[-88.22276582500001,46.878214725],[-88.17710462500001,46.90099255],[-88.11348347500001,46.91406005],[-88.015584375,46.913207525],[-87.883407325,46.898434975],[-87.76048219999998,46.8639025],[-87.646809,46.8096101],[-87.532936175,46.71299035],[-87.418863725,46.57404325],[-87.27262622500001,46.51189025],[-87.094223675,46.52653135],[-86.91483559999999,46.502949225],[-86.734462,46.441143875],[-86.522136625,46.47541015],[-86.277859475,46.60574805],[-85.993074,46.6721979],[-85.6677802,46.6747597],[-85.370151325,46.7002476],[-85.100187375,46.7486616],[-84.981769,46.7011677],[-85.0148962,46.5577659],[-84.88764724999999,46.47726075],[-84.7436376579549,46.4684444370234],[-84.72308823147657,46.44766195865039],[-84.44015213528516,46.45868643374805],[-84.36020370999219,46.398048006013674],[-84.27731796780469,46.265784822419924],[-83.86512466946485,46.184608064607424],[-83.82065216736616,46.15038273949706],[-83.829654175,46.136551475],[-83.862694525,46.150822025],[-83.8952645,46.134211425],[-83.9273641,46.086719675],[-83.933854725,46.038954975],[-83.914736375,45.990917325],[-83.92732825,45.9614382],[-83.97163035,45.9505176],[-84.12723735,45.95084145],[-84.39414925,45.96240975],[-84.56266595,45.988413175],[-84.63278745,46.028851725],[-84.694154075,45.984190825],[-84.746765825,45.854430475],[-84.63379335,45.750982525],[-84.35523665,45.673846975],[-84.18232252499999,45.599460525],[-84.115050975,45.527823175],[-83.933103275,45.45856795],[-83.636479425,45.39169485],[-83.43090175,45.27498137500001],[-83.31637025,45.108427525],[-83.26047865000001,45.02379425],[-83.26322694999999,45.02108155],[-83.28362185,45.025247925],[-83.32166335,45.036293375],[-83.350038,45.050566425],[-83.3687458,45.068067075],[-83.398025775,45.05883305],[-83.437877925,45.02286435],[-83.421342275,44.97439025],[-83.348418825,44.91341075],[-83.30135795,44.840631025],[-83.28015965,44.756051075],[-83.285912375,44.61882965],[-83.318616125,44.42896675],[-83.3855778,44.3126677],[-83.4867974,44.2699325],[-83.547804975,44.19869865],[-83.568600525,44.09896615],[-83.646453775,44.03385505],[-83.781364725,44.00336535],[-83.8715502,43.920205525],[-83.9170102,43.784375575],[-83.874516475,43.684533725],[-83.744069025,43.620679975],[-83.589906475,43.665117775],[-83.412028825,43.817847125],[-83.34336495,43.8996848],[-83.38391485,43.9106308],[-83.2939638,43.95423715],[-83.0735118,44.03050385],[-82.92073975,44.05725915],[-82.83564765,44.03450305],[-82.7480996,43.961963625],[-82.6580956,43.839640875],[-82.56362055,43.584131425],[-82.46467445,43.195435275],[-82.354409275,43.015389575],[-82.29783905825836,43.02869867471761],[-82.41758438626172,42.80697592349414],[-82.53621384182813,42.612227998689455],[-82.72240921536329,42.479598604158205],[-83.04053207913282,42.243365846589846],[-83.06046005764844,42.145370088533205],[-83.05604489302539,42.02697781506355],[-83.1251124,42.05104665],[-83.1874467,42.0596484],[-83.1776613,42.029997],[-83.203071125,42.010802475],[-83.263676175,42.002064825],[-83.28378845,41.984564825],[-83.26340794999999,41.958302475],[-83.2809623,41.936954925],[-83.3364515,41.920522175],[-83.392752125,41.859502925],[-83.449864175,41.753897175],[-83.4427679,41.70221965],[-83.3714633,41.70447035],[-83.235110325,41.657918875],[-83.033708975,41.562565225],[-82.907933225,41.533184575],[-82.857783075,41.569776925],[-82.83892985,41.57243475],[-82.85137355,41.54115805],[-82.821069575,41.52824565],[-82.748017925,41.53369755],[-82.797337275,41.5152735],[-82.969027625,41.4729735],[-83.02725485,41.443858875],[-82.97201895,41.427929625],[-82.91121815,41.433931475],[-82.84485245,41.461864425],[-82.73029845,41.452052925],[-82.56755615,41.404496975],[-82.367726425,41.41446995],[-82.130809275,41.48197185],[-81.945160475,41.50875625],[-81.810780025,41.49482315],[-81.627996925,41.55822305],[-81.39681117500001,41.69895595],[-81.04293535,41.83613365],[-80.56636945,41.96975615],[-80.073365375,42.15337705],[-79.563923125,42.38699635],[-79.19838985,42.570673775],[-78.97676555,42.704409325],[-78.874921625,42.8043478],[-78.892858075,42.8704892],[-78.950209025,42.886512925],[-79.046974475,42.852418975],[-79.05015837548426,42.852258967447526],[-79.06566330471875,42.97131308169727],[-79.1378678945625,43.182986818269534],[-79.14004738860244,43.22208175207458],[-78.820821625,43.307951275],[-78.5033689,43.361989425],[-78.2367363,43.371002875],[-78.0175322,43.36692405],[-77.84575660000002,43.34975295],[-77.699754775,43.299572775],[-77.579526725,43.216383525],[-77.5229563,43.1902009],[-77.5300435,43.2210249],[-77.4854853,43.247488675],[-77.3892817,43.269592225],[-77.237354425,43.26642235],[-77.029703475,43.23797905],[-76.937494,43.2370318],[-76.960726,43.2635806],[-76.935737775,43.27579785],[-76.862529325,43.27368355],[-76.72363225,43.3348378],[-76.51904655,43.4592606],[-76.369271625,43.524730625],[-76.274307475,43.531247875],[-76.20917755,43.564729725],[-76.17388185,43.625176175],[-76.191954675,43.701325725],[-76.263396025,43.793178375],[-76.289048625,43.849810425],[-76.268912475,43.871221875],[-76.245535175,43.87374915],[-76.218916725,43.85739225],[-76.16554335,43.88817495],[-76.08541505,43.96609725],[-76.05104045,44.008025725],[-76.06241955,44.013960375],[-76.0906424,44.00257565],[-76.135709,43.97387155],[-76.168768525,43.961697225],[-76.18982097499999,43.966052675],[-76.17810085,43.987718625],[-76.13360815,44.026695075],[-76.13490725,44.054714275],[-76.18199815,44.071776225],[-76.22449455,44.0505053],[-76.26239645,43.9909015],[-76.303485275,43.996902125],[-76.347761025,44.068507175],[-76.281092825,44.14347355],[-76.103480675,44.22180125],[-76.0154337,44.2859399],[-76.0169519,44.3358895],[-76.130829075,44.3272785],[-76.13288973210052,44.32666667189697],[-75.45849319973829,44.63969763369922],[-75.21803757229688,44.776839815095705],[-74.78240677395704,45.012225709871096],[-73.99034592190625,45.01653250308399],[-72.86158463040235,45.00320395083789],[-72.02667709866407,45.00128134341602],[-71.53464981594922,44.95860632510547],[-71.45621964016797,45.127643190339846],[-71.2928971914375,45.3232494220293],[-71.11182877102735,45.35020788760547],[-70.5894288686836,45.294620119050784],[-70.07698532620313,45.94710501284961],[-69.56453415432813,46.94613989444141],[-69.33331772366407,47.22787054629688],[-69.04906937161329,47.46438177676563],[-68.92590805569532,47.42587622256641],[-68.6989030508125,47.263927064851565],[-68.52740952053907,47.22569616885547],[-68.34302231350782,47.305003725007815],[-67.9964112905586,47.29381140323047],[-67.77693649807813,47.16450461001758],[-67.698536839875,47.0410114154375],[-67.55923935452344,45.77224691958789],[-67.59396835842969,45.66897924991016],[-67.32132431546094,45.56493338199024],[-67.22073074856641,45.56493338199024],[-67.20206162014844,45.495582185701174],[-67.26611801663282,45.464759431794924],[-67.25745865383985,45.34921606631641],[-67.34384628811719,45.314559541658205],[-67.27174088040235,45.183658204988284],[-67.18675705471875,45.25231894107227],[-67.02982040921094,45.02951391787891],[-67.15028091946485,44.90330847354297],[-67.01581284085157,44.921310029939455],[-66.93893906155469,44.87928732486133],[-67.1688737539375,44.71121557803516],[-67.3977784780586,44.669200502351565],[-67.5316667226875,44.723224245027346],[-67.53729721585157,44.609195314363284],[-67.59958359280469,44.57918509097461],[-67.63406082669141,44.627200685457034],[-67.7382096914375,44.66320379825],[-67.86269089260938,44.603187166169924],[-67.90804764309766,44.47718771548633],[-67.98495956936719,44.48318823428516],[-68.05237289944532,44.411197267488284],[-68.13103958645704,44.56719168277149],[-68.46655746975782,44.44119223208789],[-68.55826279202344,44.48318823428516],[-68.5043458608711,44.29723318667774],[-68.80406662503125,44.39320334048633],[-68.71458908596875,44.609195314363284],[-68.7816667226875,44.627200685457034],[-68.94546219387891,44.39320334048633],[-69.09474655667188,44.141307435945315],[-69.24886795559766,43.99142035098438],[-69.39454361477735,44.093333803132815],[-69.50658127346875,43.895511232332034],[-69.66226669827344,43.93148001284961],[-69.60751053372266,44.069354616121096],[-69.75374313870313,43.955447755769534],[-69.67974564114454,43.883521638826174],[-69.82613083401563,43.75168188662891],[-69.96925064602735,43.811595521882815],[-69.92203995266797,43.91349371524219],[-70.21647354641797,43.79962118716602],[-70.18727585354688,43.63783224673633],[-70.30587479153516,43.619857393220705],[-70.37820908108594,43.452132783845705],[-70.5363282827461,43.40421637149219],[-70.68628403225782,43.09885748477344],[-70.86807724514844,42.87142523379688],[-70.79017349758985,42.805606447175784],[-70.7594499258125,42.70988043399219],[-70.68365952053907,42.685950838044924],[-70.646290746125,42.721847139314455],[-70.5702409414375,42.715865694001955],[-70.62524124661329,42.650062166169924],[-70.87147995510938,42.602218233064455],[-70.84754654446485,42.560348115876955],[-71.02380081692579,42.42878683658008],[-71.05438705960157,42.357032381013674],[-70.90261551419141,42.34508093448047],[-70.775929418,42.30322226138477],[-70.50623032132032,41.9864574298418],[-70.48158737698438,41.80722387881641],[-70.30209061184766,41.75944098086719],[-69.99097916165235,41.86696966739063],[-70.0008058218086,41.95061834903125],[-70.06406113186719,41.962562166169924],[-70.17819687405469,42.08804281802539],[-70.22181412258985,42.105975709871096],[-70.22596451321485,42.13585623355274],[-70.13782211819532,42.13585623355274],[-70.03407761135938,42.076095186189455],[-69.93578049221875,41.91476019473438],[-69.92203995266797,41.723609529451174],[-70.64160629788282,41.59222372622852],[-70.65623184719922,41.765426240876955],[-70.71164413967969,41.795283876375],[-70.76080795803907,41.69375189395313],[-70.83457657376172,41.67583807559375],[-70.84794327298047,41.63402517886524],[-70.89547440091016,41.68180426211719],[-70.96713730374219,41.56236990542774],[-71.04086777249219,41.54445990176563],[-71.17315384426954,41.52654989810352],[-71.19360062161329,41.67583807559375],[-71.10439774075391,41.825152955964846],[-71.3036393789375,41.77139624209766],[-71.37301346341016,41.837108217195315],[-71.40983292141797,41.723609529451174],[-71.44921585598829,41.425052247957034],[-72.09216019192579,41.3653636798418],[-72.8544435171211,41.29373510928516],[-73.38648697415235,41.13857992740039],[-73.74050613919141,40.97749289126758],[-73.78397079983594,40.88204916568164],[-73.92799850979688,40.85818823428516],[-73.9929933218086,40.78066977115039],[-74.0071534780586,40.79855307193164],[-73.86869522610547,41.13857992740039],[-73.85807510891797,41.18631323428516],[-73.88995834866407,41.174380861238284],[-74.07444473782422,40.726993165925784],[-74.11007401028516,40.762775026277346],[-74.29292770901563,40.631595216707034],[-74.19452377835157,40.4885211810625],[-73.94569107571485,40.44679983706836],[-74.15280624905469,39.765235506013674],[-74.28892227688672,39.57218512149219],[-74.40558334866407,39.613772951082034],[-74.3861589101875,39.500918947175784],[-74.41391464749219,39.41776617617969],[-74.52055832425,39.352435670808596],[-74.7284669546211,39.126773439363284],[-74.86010452786329,38.99021490664844],[-74.93534561673047,38.978335939363284],[-74.96902176419141,39.031776033357424],[-74.889210668,39.17131384463672],[-74.93995377102735,39.25147970767383],[-75.13318344632032,39.24554403872852],[-75.33439346829297,39.399947725251955],[-75.40105911770704,39.42370565982227],[-75.54908463040235,39.66722448916797],[-75.40727707425,39.783057771638674],[-75.33945938626172,39.892963014558596],[-75.4610108999336,39.839496217683596],[-75.62382217923047,39.673167787507815],[-75.40381332913282,39.293048463777346],[-75.38875290432813,39.13271673770313],[-75.21487900296094,38.8714671954668],[-75.088673558625,38.841781221345705],[-75.04209610501172,38.49748571963672],[-75.08736893216016,38.39065130801563],[-75.15538498440625,38.28679236026172],[-75.2114991811836,38.2927203998125],[-75.43080612698438,37.993045412019534],[-75.608693089875,37.634105287507815],[-75.59338089505079,37.61037405581836],[-75.65202042141797,37.55105551333789],[-75.70007034817579,37.607406221345705],[-75.86852737942579,37.28118094058399],[-75.85658737698438,37.22483404727344],[-75.9580812124336,37.207049928621096],[-76.01990219632032,37.325660310701174],[-75.8661393789375,37.714191041902346],[-75.7783937124336,37.84471472354297],[-75.66752335110547,37.898109041169924],[-75.63995834866407,38.00490912051563],[-75.68165298977735,38.031612001375],[-75.85003372708204,37.97821005435352],[-75.74840256253125,38.15029486270313],[-75.84652420559766,38.132491670564455],[-75.92593094387891,38.174029909089846],[-75.92030808010938,38.260081850007815],[-75.81136032620313,38.27788504214649],[-75.84592911282422,38.42625769229297],[-76.043507543,38.2927203998125],[-76.15186783352735,38.38471182437305],[-76.22267624417188,38.360972963289065],[-76.32606216946485,38.53903540225391],[-76.16627213040235,38.61619146914844],[-76.00526138821485,38.63994558902149],[-76.00764938870313,38.66665609927539],[-76.27932449856641,38.809127412751955],[-76.3209962514961,38.73492010684375],[-76.35347458401563,38.73492010684375],[-76.305226293,38.88037069888477],[-76.26513382473829,38.889285646394534],[-76.17062851467969,38.81804236026172],[-76.11170670071485,38.84475668521289],[-76.15563675442579,38.94567831607227],[-76.31461044827344,38.97536810489063],[-76.34393784085157,39.02583273501758],[-76.30100723782422,39.076312623933596],[-76.14951798001172,39.067401491121096],[-76.06256577053907,39.1950641498125],[-76.18874832669141,39.17428167910938],[-76.26009079495313,39.20100363345508],[-76.15147110501172,39.36728247256641],[-75.85812088528516,39.435584627107424],[-76.00565811673047,39.46231421084766],[-75.9401368764961,39.646434389070315],[-76.06598373928907,39.60485800357227],[-76.10903641262891,39.54546316714649],[-76.0595216421211,39.50982245059375],[-76.20135971585157,39.42370565982227],[-76.2172364858711,39.524669252351565],[-76.25909134426954,39.500918947175784],[-76.23598953762891,39.399947725251955],[-76.27235123196485,39.361346803621096],[-76.29522415676954,39.4326129779375],[-76.33887955227735,39.46231421084766],[-76.3852052358711,39.275226198152346],[-76.58661362210157,39.31085928531055],[-76.40549942532422,39.0852123126543],[-76.53785416165235,38.785384736970705],[-76.50626846829297,38.678531251863284],[-76.38382431546094,38.458900056794924],[-76.40834518948438,38.396583162263674],[-76.61813828030469,38.53903540225391],[-76.66330429592969,38.63400610537891],[-76.651661839875,38.5419994220293],[-76.57313248196485,38.44406469912891],[-76.38353439846875,38.337230287507815],[-76.32400986233594,38.10875280948047],[-76.60791489163282,38.28975638003711],[-76.76746079007032,38.2927203998125],[-76.82049271145704,38.42032202334766],[-76.89031693020704,38.44406469912891],[-76.8605470327461,38.3312946185625],[-77.10397049466016,38.47670706363086],[-77.25252243557813,38.458900056794924],[-77.2459230093086,38.5894847735918],[-77.05368515530469,38.73492010684375],[-77.24635788479688,38.69930227847461],[-77.33178421536329,38.48857840152149],[-77.24007126370313,38.38471182437305],[-77.03440567532422,38.36394461245899],[-76.94346329251172,38.25118216128711],[-76.51430222073438,38.117652498201174],[-76.5355729726875,38.076121889070315],[-76.28636642971875,38.00194510074024],[-76.21517654934766,37.942611299470705],[-76.3141603139961,37.73199041934375],[-76.41624161282422,37.70529135318164],[-76.88503738919141,38.067218385652346],[-76.56606003323438,37.70232351870899],[-76.28428360501172,37.62520559878711],[-76.39557358303907,37.58368643374805],[-76.25044724026563,37.5480914935625],[-76.27048203030469,37.51250036807422],[-76.24334427395704,37.48580511660938],[-76.25846573391797,37.37310751529102],[-76.39921280423047,37.4591136798418],[-76.43103500882032,37.426490388826174],[-76.3841066030586,37.331588350251955],[-76.48145767727735,37.322696290925784],[-76.77660843411329,37.57478293033008],[-76.78684708157422,37.56291540713672],[-76.59820267239454,37.349383912996096],[-76.45905014553907,37.27821310611133],[-76.37706467190625,37.29007299991016],[-76.29093643704297,37.19518240542774],[-76.28306290188672,37.055823884919924],[-76.41729446926954,37.02914007754688],[-76.6388444570625,37.26931723208789],[-76.85230728665235,37.3582836017168],[-76.94189163723829,37.2863727435625],[-76.92103287258985,37.2663532123125],[-76.72301193753125,37.20111044497852],[-76.50323959866407,37.02914007754688],[-76.52443405667188,36.922401033357424],[-76.32539841214063,36.93722876162891],[-76.31116959133985,36.990596376375],[-75.97459122219922,36.93722876162891],[-75.90645309964063,36.765277467683596],[-75.72384354153516,36.21991690249805],[-75.5221452383125,35.85842474551563],[-75.58524796048047,35.899905763582034],[-75.70331284085157,36.05694159121875],[-75.72954269925,36.11620291324024],[-75.8911866811836,36.643741212800784],[-75.95752426663282,36.76824530215625],[-75.98280045071485,36.628917299226565],[-75.92203232327344,36.628917299226565],[-75.90697952786329,36.54000052066211],[-76.03826614895704,36.56964071841602],[-75.96056839505079,36.44218786807422],[-75.89600082913282,36.39773138614063],[-75.79330917874219,36.13694342227344],[-75.85805985012891,36.1606517657793],[-75.95322891751172,36.33253439517383],[-75.95250412503125,36.231769166902346],[-76.18623825589063,36.36809118838672],[-76.21320053616407,36.34142263980274],[-76.0937013296211,36.20510061831836],[-76.20479294339063,36.15175970645313],[-76.4417237905586,36.243629060701174],[-76.34035965481641,36.15175970645313],[-76.50922104397657,36.05694159121875],[-76.58699509182813,36.065833650544924],[-76.700001683625,36.1606517657793],[-76.71069046536329,36.258441530183596],[-76.67342087307813,36.32956274600391],[-76.70981308499219,36.353274904207034],[-76.7509278921211,36.26140173526172],[-76.73113724270704,36.15768774600391],[-76.67875381985547,36.062862001375],[-76.72690292874219,35.99175604434375],[-76.32474991360547,35.982867799714846],[-76.06772324124219,36.04804953189258],[-76.01173874417188,35.973975740388674],[-76.06252762356641,35.88804968448047],[-76.09495255032422,35.722144685701174],[-76.03210159817579,35.692523561433596],[-75.99059769192579,35.80805929751758],[-75.9297608999336,35.973975740388674],[-75.84875198880079,36.02138479800586],[-75.72924515286329,35.882125459626955],[-75.70815750637891,35.74881323428516],[-75.78284164944532,35.6362377032793],[-75.8559083608711,35.64216574283008],[-75.88424393216016,35.686595521882815],[-76.02676102200391,35.47332342715625],[-76.14104935208204,35.38446768374805],[-76.35831924954297,35.40815695376758],[-76.44948288479688,35.437781892732424],[-76.51576706448438,35.46739920230274],[-76.57686325589063,35.577395997957034],[-76.64481064358594,35.57106741519336],[-76.58148666897657,35.46147497744922],[-76.61517807522657,35.455550752595705],[-76.85719772854688,35.51183279605274],[-77.05334946194532,35.579959474519534],[-76.98053452053907,35.49701651187305],[-76.85936447659375,35.485171876863284],[-76.48431870022657,35.334117494539065],[-76.49952408352735,35.280807100251955],[-76.67805954495313,35.215648256257815],[-76.56697556057813,35.212691865876955],[-76.6525163320625,35.10015829654102],[-76.77869888821485,35.037974916414065],[-76.84615036526563,35.037974916414065],[-77.06258102932813,35.206771455720705],[-76.95345779934766,35.029090486482424],[-76.75987717190625,34.95510824771289],[-76.62416550198438,35.032054506257815],[-76.49265762844922,35.020213685945315],[-76.44311234036329,35.112002931550784],[-76.42532059231641,35.032054506257815],[-76.32748886624219,35.014285646394534],[-76.30581375637891,34.9787555560625],[-76.49838730374219,34.833900056794924],[-76.50418564358594,34.79547079654102],[-76.62176224270704,34.762950502351565],[-77.29591843167188,34.66659506411914],[-77.68516251126172,34.26402624698047],[-77.90456863919141,33.99014624209766],[-77.96291824856641,33.932811342195315],[-78.38355728665235,33.868350587800784],[-78.62114426175,33.81066855044727],[-78.89893814602735,33.702003084138674],[-79.20414444485547,33.45974691958789],[-79.30544754544141,33.26877935977344],[-79.34851547757032,33.10972937198047],[-79.7171144155586,32.79741247744922],[-80.02908035794141,32.62508352847461],[-80.22191330471875,32.53567465396289],[-80.5806398061836,32.496783815339846],[-80.73827072659375,32.235763154939455],[-80.81800552883985,32.146583162263674],[-81.18198105374219,31.64041479678516],[-81.30479141751172,31.289071641877932],[-81.5115480093086,30.72724875064258],[-81.40536972561719,30.072576127961916],[-81.23108383694532,29.656354509309573],[-81.02593704739454,29.2636733874834],[-80.60545822659375,28.560990892366213],[-80.44717880764844,27.77562864871387],[-80.22851273098829,27.238280855134768],[-80.26208969632032,27.19694670291309],[-80.13325974026563,27.072942338899416],[-80.07788559475782,26.923104845002932],[-80.04998489895704,26.551089845613284],[-80.18538376370313,25.860059343293948],[-80.21441360989454,25.734731279329104],[-80.35403915921094,25.548202119783205],[-80.30527969876172,25.357553087190432],[-80.31409927883985,25.243880830720705],[-80.49075790921094,24.995875917390627],[-80.49835678616407,25.037213884309573],[-80.44022079983594,25.14571341128711],[-80.4517335561836,25.207715593293948],[-80.56696030178907,25.191751085237307],[-80.73804947415235,25.130212388948244],[-80.86892410794141,25.18704756350879],[-81.09792038479688,25.12504728885059],[-81.15179153958204,25.27316053958301],[-81.1455812124336,25.378219209626955],[-81.40104385891797,25.858735643342776],[-81.74465652981641,25.92073782534961],[-81.83656021633985,26.07908781619434],[-81.88733383694532,26.4477554187334],[-82.07761856594922,26.551089845613284],[-82.14230820217969,26.866757951692385],[-82.31009384671094,26.82493170352344],[-82.58388992825391,27.310618959382815],[-82.75272842923047,27.52762182803516],[-82.61962601223829,27.52762182803516],[-82.4507569936836,27.724382005647463],[-82.42928787747266,27.826148591951174],[-82.50467392483594,27.927703462556643],[-82.71654984036329,27.744626604036135],[-82.84134384671094,27.838002763704104],[-82.78439041653516,28.09596975894336],[-82.71809860745313,28.436982713655276],[-82.64696213284375,28.9065013751543],[-82.77892014065625,29.109672151521487],[-82.89487930813672,29.185733400300784],[-83.11821457425,29.24247892947559],[-83.49242111721875,29.686763368562502],[-83.8861817983711,30.048348985627932],[-84.12382217923047,30.124150834993166],[-84.31742569485547,30.091956697419924],[-84.55865189114454,29.957938753083987],[-84.76381393948438,29.79855879397754],[-85.30477615872266,29.66390760989551],[-85.42760178128125,29.75969275088672],[-85.48666855374219,30.038659654573244],[-85.60032364407422,30.15286787600879],[-85.71918198147657,30.203483186677737],[-86.0575685171211,30.23458059878711],[-86.28960892239454,30.367620073274416],[-86.38868423977735,30.472713075593752],[-86.61546036282422,30.410708986238284],[-87.08910843411329,30.35904272647266],[-87.3830079702461,30.441642366365237],[-87.40404984036329,30.3073745593584],[-87.69217392483594,30.26297529788379],[-87.7745866445625,30.26280363650684],[-88.03456589260938,30.679391466096682],[-88.14182755032422,30.328046403840823],[-88.34286972561719,30.38878210635547],[-88.63519760647657,30.388179384187502],[-89.23280808010938,30.406005464509768],[-89.53548141995313,30.208270631746096],[-89.710743871125,30.18337210269336],[-90,30.390046678499026],[-90,30.385873399690432],[-90,30.379708848909182],[-90,30.142039857820315],[-90,30.038699708894534],[-89.86671921292188,30.131703935579104],[-89.68429276028516,30.09036787600879],[-89.38001724758985,29.873363100007815],[-89.68600174466016,29.705651842073244],[-89.67696854153516,29.591218553499026],[-89.55886551419141,29.432508073762698],[-89.2916993764961,29.367013536409182],[-89.18898483792188,29.26924666018848],[-89.03152939358594,29.11900671573047],[-89.27151962796094,29.057983003572268],[-89.49815079251172,29.09566267581348],[-89.62234970608594,29.284345231965823],[-89.97789475003125,29.406213365510744],[-90,29.501367174104494],[-90,29.373748384431643],[-90,29.32567747683887],[-90,29.30435713382129],[-90,29.23948820681934],[-90,29.222343049958987],[-90,29.141584001497073],[-90,29.11900671573047],[-90,29.108672700837893],[-91.24035355130079,29.320912919954104],[-91.42898270169141,29.54306562991504],[-91.95100876370313,29.832030855134768],[-92.22781082669141,29.80209120364551],[-91.97832962551954,29.625356279329104],[-92.11670395413282,29.541635118440432],[-92.64325424710157,29.57868918033008],[-93.0421876577461,29.692298494294924],[-93.44552322903516,29.76776846499805],[-94.1415300039375,29.690021120027346],[-94.42584702053907,29.54268606753711],[-94.60208603421094,29.54916914554004],[-94.79687210598829,29.563354097322268],[-94.85739609280469,29.783898912385744],[-95.0070314077461,29.758161149934573],[-95.05766006985547,29.675384126619143],[-94.84457870999219,29.346345506624026],[-95.2391862539375,29.05825003238086],[-95.60276505032422,28.79865988345508],[-96.01456924954297,28.65605505557422],[-96.20308395901563,28.636594377473635],[-96.38913437405469,28.661634050325198],[-96.71655746975782,28.71180685611133],[-96.77357956448438,28.62267454715137],[-96.57712265530469,28.425990663484377],[-96.68452927151563,28.24772986026172],[-96.83145615139844,28.15840109439258],[-97.11536881008985,28.10694845767383],[-97.44714829007032,27.98544653506641],[-97.5678224233711,27.908885560945315],[-97.316700902375,27.750470720247073],[-97.26656815091016,27.67427595706348],[-97.56320663967969,27.36210211367969],[-97.63229843655469,27.228431306794924],[-97.637989964875,26.846942506746096],[-97.57326981106641,26.560979448274416],[-97.45142075100782,26.217908464387698],[-97.2599610952461,25.811372362092776],[-97.41586014309766,25.864755235627932],[-97.78328415432813,26.034476839021487],[-97.91639420071485,26.03371389956836],[-98.1034440664375,25.981713853791994],[-98.22223373928907,26.012847505525393],[-98.68534561673047,26.264781557039065],[-99.09998795071485,26.40879400821094],[-99.26846787014844,26.573321901277346],[-99.41984268704297,26.83981093020801],[-99.56924912014844,27.25909575076465],[-99.60426804104688,27.46897467227344],[-99.72489639798047,27.582875810579104],[-100.02048965969922,27.84218557925586],[-100.40047928372266,28.31113012881641],[-100.73521896878125,28.86313398929004],[-101.03329178372266,29.32622679324512],[-101.19659897366407,29.4908519610918],[-101.38175674954297,29.604394517854494],[-101.73417374173047,29.748836122468752],[-101.94799515286329,29.785810075715823],[-102.23721787014844,29.77779348941211],[-102.44769760647657,29.687442384675784],[-102.70673080960157,29.443980775789065],[-102.89478775540235,29.258239351228518],[-103.02206894436719,29.09195288272266],[-103.20896622219922,29.020839296296877],[-103.43450638333204,29.025905214265627],[-103.5860108999336,29.05687864871387],[-104.08302780667188,29.283261857942385],[-104.57434555569532,29.579730592683596],[-104.77479263821485,29.826934419587893],[-104.91793533841016,30.208209596589846],[-105.04580399075391,30.5131851062334],[-105.12630936184766,30.614627443269534],[-105.44466873684766,30.835719667390627],[-105.8214845327461,31.069226823762698],[-106.16615768948438,31.353877626375002],[-106.45022293606641,31.65163382144336],[-106.54451462307813,31.702058397249026],[-107.39565750637891,31.72269018741016],[-108.2321061758125,31.724301897004885],[-108.27520462551954,31.322745881990237],[-108.37103745022657,31.277612291291994],[-109.21127792874219,31.27281530948047],[-109.64614578762891,31.28944929690723],[-110.34122940579297,31.298226915315432],[-111.08886429348829,31.306699357942385],[-111.24121567288282,31.331315599397463],[-112.82337662258985,31.831933580354494],[-114.0880632070625,32.25158651919727],[-114.62180801907422,32.42695578189258],[-114.74173447171094,32.496348939851565],[-114.88409134426954,32.635718904451174],[-115.955616918,32.59777792544727],[-117.02061935940625,32.52801092715625],[-117.17368027249219,32.520553194001955],[-117.19301315823438,32.56282766909961],[-117.2820558218086,32.72463186831836],[-117.30405136624219,32.754867158845705],[-117.3184327749336,32.7359691485918],[-117.33116623440625,32.713294588044924],[-117.34905716458204,32.754867158845705],[-117.34806534329297,33.05340536685352],[-117.49671646633985,33.32543142886524],[-117.70934006253125,33.52853735537891],[-118.00658890286329,33.73146017642383]],[[-87.375125425,41.6343834],[-87.224453225,41.634622675],[-87.025077275,41.686106025],[-86.841750875,41.7660239],[-86.674474025,41.8743763],[-86.51782685,42.035098975],[-86.37180935,42.248191925],[-86.27588580000001,42.44202895],[-86.2300562,42.61661005],[-86.218954325,42.79856675],[-86.242580175,42.98789905],[-86.326169925,43.2202092],[-86.469723575,43.4954972],[-86.513782,43.68081785],[-86.4583452,43.77617115],[-86.451774525,43.8822567],[-86.494069975,43.9990745],[-86.453372075,44.1299426],[-86.329680825,44.274861],[-86.264746725,44.433338575],[-86.258569775,44.605375325],[-86.21421057500001,44.70385125],[-86.13166912499999,44.72876635],[-86.08427047499998,44.78255895],[-86.072014625,44.86522905],[-86.0017717,44.917198575],[-85.8735417,44.938467525],[-85.7432983,45.0149321],[-85.6110415,45.1465923],[-85.54344105,45.2117508],[-85.54049695,45.2104076],[-85.5360171,45.203949425],[-85.53000150000001,45.192376275],[-85.53486817500001,45.173299775],[-85.55061712499999,45.146719925],[-85.5724825,45.13175695],[-85.6004643,45.12841085],[-85.602242825,45.106771175],[-85.57781807500001,45.066837925],[-85.587324175,44.997604025],[-85.630761125,44.899069475],[-85.6379297,44.82938505],[-85.60882989999999,44.78855075],[-85.56445745,44.823995575],[-85.50481235,44.935719525],[-85.500360425,44.93394425],[-85.55110167500001,44.81866975],[-85.5637776,44.757846725],[-85.53838820000001,44.751475175],[-85.491595825,44.798212975],[-85.423400475,44.898060125],[-85.3826041,45.032860525],[-85.3692067,45.202614175],[-85.25063410000001,45.314089075],[-85.0268863,45.367285225],[-84.95189925,45.408151925],[-85.02567295,45.436689175],[-85.0765,45.4831121],[-85.1043804,45.5474207],[-85.07459807500001,45.612376775],[-84.987153025,45.677980325],[-84.960845175,45.724122975],[-84.995674525,45.750804725],[-84.95857715,45.7604892],[-84.84955305,45.7531764],[-84.784349725,45.77192275],[-84.762967175,45.81672825],[-84.81766185,45.882030525],[-84.94843375,45.967829575],[-85.13649605,46.03209775],[-85.38184874999999,46.07483505],[-85.551247325,46.06161895],[-85.64469177499998,45.99244945],[-85.8375097,45.9542455],[-86.1297011,45.9470071],[-86.29548585,45.90534205],[-86.33486395,45.82925035],[-86.41118492499999,45.771340325],[-86.524448775,45.731611975],[-86.5893745,45.683896625],[-86.6059621,45.628194275],[-86.640246775,45.6198317],[-86.692228525,45.6588089],[-86.678670375,45.701562425],[-86.599572325,45.748092275],[-86.55420154999999,45.800155875],[-86.54255805,45.857753225],[-86.5978461,45.88008845],[-86.7200657,45.86716155],[-86.795588725,45.82601135],[-86.824415175,45.75663785],[-86.8709444,45.708342225],[-86.9351764,45.681124475],[-86.968878475,45.7294092],[-86.972050625,45.8531964],[-86.995176625,45.86378035],[-87.038256475,45.76116105],[-87.1948211,45.569909575],[-87.4648705,45.290025925],[-87.606844675,45.107416025],[-87.620743625,45.022079875],[-87.680654275,44.967635775],[-87.786576625,44.944083725],[-87.876240525,44.878169],[-87.949645975,44.7698916],[-87.99057255,44.67143535],[-87.99902025,44.58280025],[-87.943453575,44.564563325],[-87.823872525,44.616724575],[-87.71822215,44.69514405],[-87.62650245,44.79982175],[-87.543804325,44.862329175],[-87.470127775,44.882666325],[-87.4032883,44.86779635],[-87.3432859,44.81771925],[-87.37118795,44.67563055],[-87.48699445000001,44.44153025],[-87.53671125000001,44.29154],[-87.52033835,44.2256598],[-87.56367522500001,44.129546075],[-87.666721875,44.003198825],[-87.7146093,43.8760743],[-87.7073375,43.7481725],[-87.7557896,43.575430175],[-87.8599656,43.357847325],[-87.9083685,43.19183065],[-87.9009983,43.07738015],[-87.8623457,42.960594525],[-87.7924107,42.841473775],[-87.776588275,42.659959375],[-87.814878425,42.416051325],[-87.783217775,42.2036053],[-87.681606325,42.0226213],[-87.605119975,41.876819625],[-87.553758725,41.766200275],[-87.477093875,41.6853882],[-87.375125425,41.6343834]]],[[[-132.6207780508125,55.750953279451174],[-132.6880845693672,55.6491771564043],[-132.55470749417188,55.45311316104297],[-132.17720505276563,55.28475149722461],[-132.17378708401563,54.846309267],[-133.01601120510938,55.37103231997852],[-133.27101608792188,55.6209789142168],[-133.26630112210157,55.8310619220293],[-133.5177964834297,56.21072348208789],[-133.48555466214063,56.25834234805469],[-133.2806901601875,56.23156698794727],[-133.15726181546094,56.116309724763674],[-132.63325974026563,55.90010794253711],[-132.59436508694532,55.812022767976565],[-132.6207780508125,55.750953279451174]]],[[[-134.8212632803047,56.916339479402346],[-134.76378342190625,56.79368170352344],[-134.80276962796094,56.67095144839649],[-134.94566818753125,56.453502260164065],[-135.19733139553907,56.82011755557422],[-135.46605392971875,57.229198060945315],[-135.48392197171094,57.33171423526172],[-135.44122787991407,57.42754705996875],[-135.25807663479688,57.41421087832813],[-135.00233933010938,57.32577093692188],[-134.8212632803047,56.916339479402346]]],[[[-164.56093308010938,54.831317506746096],[-164.13124558010938,54.906138978914065],[-163.74278732815625,55.06191595645313],[-163.56741806546094,55.02175482364063],[-163.36018845120313,54.921058259919924],[-163.2063951162422,54.737186037019534],[-163.32181259671094,54.699229799226565],[-163.57271286526563,54.63152655215625],[-164.07188889065625,54.657455049470705],[-164.24597641507032,54.59664877505664],[-164.42503830471875,54.401534639314455],[-164.56448837796094,54.33413656802539],[-164.94884201565625,54.4273753985918],[-165.0097398428047,54.52799566836719],[-164.78615280667188,54.68968542666797],[-164.56093308010938,54.831317506746096]]],[[[-163.09088608303907,55.27271994204883],[-162.78760239163282,55.1516185626543],[-162.74593063870313,55.063853822664065],[-162.80060287991407,54.996192537263674],[-162.9679917959297,54.948733888582034],[-163.19971176663282,55.0427203998125],[-163.26241013089063,55.17098196597461],[-163.09088608303907,55.27271994204883]]],[[[-160.35571762600782,55.657107912019534],[-160.39130112210157,55.56218679995899],[-160.5277604726875,55.541610322908205],[-160.86708542385938,55.57481726260547],[-161.09033676663282,55.56084402652149],[-161.5751237539375,55.478641115144534],[-161.695851293,55.37688025088672],[-162.2183122305,55.13241537661914],[-162.546193089875,55.145309053376955],[-162.58974167385938,55.25339850039844],[-162.58459946194532,55.38870581241016],[-162.22379013577344,55.49771078677539],[-162.07729050198438,55.59282263369922],[-161.81046005764844,55.78313788028125],[-161.60892197171094,55.844562135652346],[-161.31807419339063,55.87905081363086],[-160.6759996084297,55.76494558902149],[-160.35571762600782,55.657107912019534]]],[[[-170.96809860745313,63.651675783113284],[-170.7234849599922,63.68790014834766],[-170.48152634182813,63.688373170808596],[-170.10889145413282,63.56027182193164],[-169.3329362539375,63.39732702823047],[-169.13988205471875,63.29059561343555],[-169.1192369131172,63.240680299714846],[-169.37530991116407,63.254466615632815],[-169.6658677724922,63.23965033145313],[-169.90311142483594,63.07521017642383],[-170.62897202053907,63.36632879825],[-170.9664048818672,63.45857199283008],[-171.32257553616407,63.48649176211719],[-171.72774216214063,63.457130037263674],[-171.8583726553047,63.4997630939043],[-172.05232712307813,63.59952887149219],[-171.9716081289375,63.728526674226565],[-171.73936935940625,63.750445924714846],[-171.22862717190625,63.65118368716602],[-170.96809860745313,63.651675783113284]]],[[[-154.34203049221875,57.48731955142383],[-154.1886491445625,57.63143118472461],[-153.86636826077344,57.467689119294924],[-153.73126694241407,57.42687185855274],[-153.52180954495313,57.54363974185352],[-153.42482468167188,57.63974341006641],[-153.39587875882032,57.8043170795],[-153.17781540432813,57.8253246173418],[-152.679493871125,57.764537416414065],[-152.43838974514844,57.61420401187305],[-152.37831589260938,57.518436037019534],[-152.71849533596875,57.490394197419924],[-152.91156479397657,57.49002417178516],[-153.17706772366407,57.40740164370899],[-153.22644516507032,57.36624106021289],[-153.27119919339063,57.263560853914065],[-153.49213120022657,57.051307283357424],[-153.6700181631172,56.96903570742969],[-153.87775131741407,56.941348634675784],[-154.16014572659375,56.98174246402149],[-154.592579808625,57.14483603091602],[-154.6613511709297,57.23356970401172],[-154.5851792959297,57.3636546954668],[-154.34203049221875,57.48731955142383]]],[[[-136.30008408108594,58.180091463044924],[-136.02452560940625,58.21496542544727],[-135.6718492178047,58.04393347354297],[-135.32489487210157,58.09266623111133],[-135.11499496975782,57.67462881656055],[-135.147023168,57.59923132510547],[-135.5425309805,57.72180136294727],[-135.82173630276563,57.75551565738086],[-135.79140183010938,57.55691107364063],[-135.81644150296094,57.454207979158205],[-136.23701950589063,57.727313600496096],[-136.59644028225782,57.90492209048633],[-136.41823288479688,58.111190401033205],[-136.30008408108594,58.180091463044924]]],[[[-131.10103317776563,55.91288336367969],[-131.19051071682813,56.03476294131641],[-131.76700302639844,56.0100055560625],[-131.96361252346875,55.96609076114063],[-132.03246017971875,55.89350088687305],[-132.2555894521797,55.85003622622852],[-132.2640123037422,55.937152467683596],[-132.27916428128125,56.13155706973438],[-132.18375107327344,56.25405081363086],[-132.10095688382032,56.349383912996096],[-132.27107712307813,56.505530916169924],[-132.55931564846875,56.70247610659961],[-132.87128159085157,57.01559790225391],[-133.19673630276563,57.158370576814455],[-133.40042587796094,57.21945150943164],[-133.34084030667188,57.376815401033205],[-133.5968522695625,57.643287263826174],[-133.6412858633125,57.73912771792774],[-133.47411057034375,57.84225805850391],[-133.50479599514844,57.89706762881641],[-133.6403093008125,57.96541937442188],[-133.84044357815625,57.99935110659961],[-134.01663681546094,58.12260778994922],[-134.12349411526563,58.239215455964846],[-134.38007065335157,58.3762279376543],[-134.8302964834297,58.56118353457813],[-135.04585739651563,58.90538366885547],[-135.14375778714063,59.16753347964649],[-135.30861374417188,59.346961580232424],[-135.4694566396797,59.33973654361133],[-135.51483627835157,58.97349890323047],[-135.32571884671094,58.58088644595508],[-135.27911850491407,58.44331320376758],[-135.30032822171094,58.37449225039844],[-135.6158952383125,58.4357868060625],[-135.73827072659375,58.4699779376543],[-135.96841904202344,58.696788392976565],[-136.14838120022657,58.90328177066211],[-136.3901109365547,58.84076651187305],[-136.93880173245313,58.943179689363284],[-136.37030502835157,58.62023504825],[-136.35608383694532,58.523868165925784],[-137.08501144925,58.44676931949024],[-137.57666489163282,58.604163728669924],[-138.20122238675,59.03053244204883],[-138.4457292226875,59.161883912996096],[-138.74449631253125,59.18144568057422],[-138.78018662014844,59.1813922748125],[-139.20009323635938,59.2773395404375],[-139.78506943264844,59.51837881656055],[-139.3673600820625,59.63000448794727],[-139.30663010159375,59.706344209626955],[-139.39981552639844,59.83094748111133],[-139.572560277375,59.89999731631641],[-139.92891403714063,59.82994421573047],[-140.1329087881172,59.76717337222461],[-140.42836472073438,59.75967749209766],[-140.9045152334297,59.786483369783205],[-141.38519760647657,59.89656027408008],[-141.3728990224922,60.00773199649219],[-141.43944260159375,60.091231904939455],[-141.5855455068672,60.139754854158205],[-141.74712082425,60.13249929995899],[-141.95845505276563,60.041461549714846],[-142.42458054104688,60.019671998933596],[-143.08368393460157,60.07418020816211],[-144.0529527334297,60.05142553897266],[-144.4064225820625,60.09257086367969],[-144.51793381253125,60.14116629214649],[-144.81078049221875,60.31508596988086],[-145.0028581289375,60.55236013980274],[-145.13838669339063,60.45421560855274],[-145.49269577542188,60.38364752383594],[-145.8931626943672,60.515697084382815],[-145.9983873037422,60.66243704409961],[-146.18587204495313,60.725108705476565],[-146.57832809964063,60.83646734805469],[-147.27010056057813,60.940311037019534],[-147.637989964875,61.05192144961719],[-147.94012924710157,61.20585211367969],[-148.18898483792188,61.10002478213672],[-148.49261948147657,61.0643382892168],[-148.46587082425,60.86794241519336],[-148.5526628164375,60.839732728914065],[-148.72780319729688,60.7273021564043],[-148.83966537991407,60.54507788272266],[-148.33609482327344,60.41319616885547],[-148.2575425771797,60.280623994783205],[-148.30090805569532,60.10610922427539],[-148.49351975003125,59.90396460147266],[-148.6998796133125,59.9035602435625],[-149.06190964260938,60.00011023135547],[-149.32562729397657,60.02748068423633],[-149.5811509756172,59.98519476504688],[-150.0210923818672,59.71377142520313],[-150.50098129788282,59.615840517],[-150.92232224026563,59.41424521060352],[-151.38795944729688,59.21278341861133],[-151.88097092190625,59.16345175357227],[-151.80069443264844,59.30187948794727],[-151.77225204983594,59.35726126284961],[-151.4479722646797,59.537852846101565],[-151.48990341702344,59.711017213777346],[-151.78467270413282,59.94630392642383],[-151.78299423733594,59.99495657534961],[-151.41502853909375,60.253707490876955],[-151.23036667385938,60.47061499209766],[-151.15955063382032,60.659652315095705],[-150.82840439358594,60.80037649722461],[-150.43716904202344,60.90628012271289],[-149.9128160146797,60.91427954287891],[-149.42468735257032,60.85911902041797],[-149.316945043,60.92943533511524],[-149.8743638662422,61.13897665591602],[-150.31123825589063,61.31387671084766],[-150.780568089875,61.29190023990039],[-150.8822526601875,61.19327887149219],[-151.08409592190625,61.15071829409961],[-151.3418931631172,60.95366247744922],[-151.731007543,60.7846637591875],[-152.18968674221875,60.65769537539844],[-152.5610093740547,60.384234987214846],[-152.74359604397657,60.34196814151172],[-152.87772079983594,60.27886541934375],[-152.81886765042188,60.13242682071094],[-152.89868637600782,59.89561804385547],[-153.15216537991407,59.742530427888674],[-153.40636154690625,59.70737036319141],[-153.70975204983594,59.64443548770313],[-153.97601791897657,59.519210420564455],[-154.28227707425,59.2487750873125],[-154.29820725003125,59.11740072818164],[-154.1269273428047,59.04174765200977],[-153.9648179678047,59.02825125308399],[-153.66443344632032,58.9804645404375],[-153.45496079007032,58.877338014558596],[-153.48860641995313,58.79449423404102],[-153.6823014883125,58.642474733308596],[-153.96358200589063,58.55239065738086],[-154.21385666409375,58.427955232576174],[-154.40448471585157,58.248763643220705],[-154.64931198635938,58.076480470613284],[-154.9532212881172,58.03468283267383],[-155.59814926663282,57.89615973086719],[-155.90318771878125,57.71725805850391],[-156.36938950100782,57.56561239810352],[-156.68457504788282,57.400699220613284],[-156.45070358792188,57.17548330874805],[-156.49576279202344,57.100230775789065],[-156.99342819729688,56.91489752383594],[-157.39708420315625,56.84590109439258],[-157.74747177639844,56.77021750064258],[-157.98029037991407,56.653880678132815],[-158.52673813382032,56.44850882144336],[-158.6148423818672,56.366675935701174],[-158.738087621125,56.18962439151172],[-159.07692429104688,55.991962037996096],[-159.61395737210157,55.889110170320315],[-160.1694078115547,55.8066364154375],[-160.60742661038282,55.96186789126758],[-160.6066178945625,56.04336126895313],[-160.45729538479688,56.19991263003711],[-160.1138658193672,56.32299002261524],[-159.9760026601875,56.41848333926563],[-159.77594467678907,56.58230551333789],[-159.2487077383125,56.78096731753711],[-158.61729904690625,56.74808844180469],[-158.67104050198438,56.84346731753711],[-158.66209885159375,57.075580202058596],[-158.45070358792188,57.21266897769336],[-158.12465378323438,57.343211732820315],[-157.7851304678047,57.50813253970508],[-157.665333714875,57.6042438373125],[-157.66455551663282,57.93339117617969],[-157.55373093167188,58.27025564761524],[-157.24185654202344,58.49105032534961],[-157.15456100979688,58.67034109683399],[-157.13942429104688,58.85578878970508],[-157.42422958889844,58.800819002107424],[-157.9874009756172,58.716998659089846],[-158.29141708889844,58.730208955720705],[-158.51666733303907,58.99888189883594],[-158.6361589101875,58.97104986758594],[-158.91186996975782,58.873897157625],[-158.97314926663282,58.77028997989063],[-158.865529027375,58.611957155183596],[-158.85645004788282,58.45356711001758],[-158.93266769925,58.432777009919924],[-159.11009689846875,58.487506471589846],[-159.36554428616407,58.631671510652346],[-159.58441635647657,58.810523591951174],[-159.81358810940625,58.94118841739063],[-160.06520554104688,58.954513154939455],[-160.43053146878125,59.00216635318164],[-160.840138402375,58.95994146914844],[-160.8276109365547,58.89784201236133],[-161.11713120022657,58.745528779939455],[-161.64595505276563,58.682471834138674],[-161.93819138089063,58.72328146548633],[-161.96730515042188,58.77841147036914],[-162.00392624417188,58.826610170320315],[-162.0601091055,59.28933294864063],[-161.92517563382032,59.51803167910938],[-161.98914047757032,59.711932741121096],[-162.3781022695625,60.16311606021289],[-163.02179428616407,59.96670874209766],[-163.35376450100782,59.931373201326174],[-163.53639694729688,59.84078940005664],[-164.02740952053907,59.79824408145313],[-164.20760056057813,59.901996217683596],[-164.38472458401563,60.06167181582813],[-164.5942124990547,60.207774721101565],[-165.04755112210157,60.41646536441211],[-165.12799545803907,60.54220923037891],[-164.99634262600782,60.61944540591602],[-164.84467026272657,60.815894685701174],[-164.52809616604688,60.7534137591875],[-163.937794652375,60.614459596589846],[-163.62695786038282,60.601031862214846],[-163.51997849026563,60.70629080386524],[-163.688771214875,60.92328604312305],[-163.89488693753125,61.04222830386524],[-164.05811020413282,61.041915498689455],[-164.30165573635938,60.94316824527149],[-164.53925034085157,60.94973333926563],[-165.14317795315625,61.18035849185352],[-165.42334457913282,61.26419409366016],[-165.51204391995313,61.257003389314455],[-165.89809128323438,61.270335756257815],[-165.90916916409375,61.305492006257815],[-166.18953415432813,61.7489086017168],[-165.8340806631172,61.83428915591602],[-165.80214401760938,62.03929480166797],[-165.57922836819532,62.13877447696094],[-165.53346725979688,62.273395143464846],[-165.43123337307813,62.429542146638674],[-165.0296373037422,62.650367341951174],[-164.8778581289375,62.821246705964846],[-164.70445725003125,62.956763826326174],[-164.46703049221875,63.17097433658008],[-164.29176804104688,63.24977072329883],[-163.9679917959297,63.2004466876543],[-163.52701279202344,63.080081544832034],[-163.30862900296094,63.03774221988086],[-162.97005173245313,63.10251196475391],[-162.77811142483594,63.216937623933596],[-162.4744615224922,63.41023977847461],[-161.91075607815625,63.5256420001543],[-161.56256577053907,63.54058798404102],[-161.13301559964063,63.562842927888674],[-160.97394272366407,63.64181860537891],[-160.89000412503125,63.85677679629688],[-161.00630661526563,64.15789373965626],[-161.37294479885938,64.46636541934376],[-161.36099716702344,64.5095630511797],[-160.94391342678907,64.52476843448048],[-160.78966232815625,64.64031561465626],[-160.9021958974922,64.81319006533985],[-161.12569138089063,64.92829474063282],[-161.2906236318672,64.96410711856251],[-162.1366471914375,64.78921850772267],[-162.56151291409375,64.60096319766407],[-162.80194565335157,64.47088202090626],[-163.02521225491407,64.44165381045704],[-163.8833970693672,64.59127386660938],[-164.2651109365547,64.6049991473711],[-164.59991928616407,64.61876257510548],[-165.171193089875,64.54565008731251],[-165.74068161526563,64.55898626895313],[-166.34773727932813,64.6371036395586],[-166.5860337881172,64.73040350528126],[-166.66852280178907,65.08462103457813],[-166.60379501858594,65.15014990420704],[-166.31743332425,65.16522558780079],[-165.86377426663282,65.16608007998829],[-165.66328903714063,65.24648626895313],[-166.13866135159375,65.35480078311329],[-166.99905869046094,65.49169500918751],[-167.60156723538282,65.60000189395313],[-168.17979904690625,65.6938892230547],[-168.08133408108594,65.74522741885548],[-167.73000046292188,65.86296423526173],[-167.024220433625,65.95946844668751],[-166.4281968740547,66.1071964129961],[-165.9972428945625,66.20341833682423],[-165.52136704007032,66.36595495791798],[-165.09273239651563,66.46976049991017],[-164.46313950100782,66.59615667910938],[-163.7824449209297,66.53848608584767],[-163.85339829007032,66.30294378848438],[-163.84308334866407,66.17811163516407],[-163.3700456289375,66.10560186953907],[-162.75850388089063,66.06275518985157],[-162.2750749258125,66.07097967715626],[-161.97949692288282,66.11555060000782],[-161.62682053128125,66.22629126162892],[-161.37917038479688,66.35901220889454],[-161.26143356839063,66.39603003116017],[-160.92296310940625,66.36724432559376],[-160.5846910146797,66.31643255801563],[-160.12523361721875,66.33931311221485],[-160.03540512600782,66.48662909121876],[-160.03227707425,66.56761511416798],[-160.34265610257032,66.59653051944142],[-161.21837326565625,66.72757299991017],[-161.79561325589063,66.74863012881642],[-161.93573471585157,67.08837469668751],[-162.59874435940625,67.16118963809376],[-163.03088852444532,67.17517431826954],[-163.7387437490547,67.21832617373829],[-163.825978246125,67.44821508975392],[-164.04396530667188,67.58903845401173],[-164.5126695303047,67.79665716739063],[-164.742970433625,67.86329229922657],[-165.939991918,68.15981634707813],[-166.84352585354688,68.40520819278126],[-166.70106979885938,68.48049505801563],[-166.33539291897657,68.66138037295704],[-166.2968034414375,68.87961920352345],[-165.3355455068672,68.90401800723438],[-164.89020248928907,68.93497046084767],[-164.067189183625,69.06467779727345],[-163.71423813382032,69.22388800235157],[-163.51073166409375,69.50418432803517],[-163.15620895901563,69.76276739688282],[-162.8791246084297,69.9990650043047],[-162.511036839875,70.18374975772267],[-162.17723557034375,70.2842212543047],[-161.69739243069532,70.33124121280079],[-161.1875962881172,70.43989142032032],[-160.71655746975782,70.45616491885548],[-159.90466782132032,70.4269214496172],[-159.83911606350782,70.5117374286211],[-159.90958115139844,70.60412939639454],[-160.24831100979688,70.76563604922657],[-160.2403306631172,70.85846289248829],[-159.3693589834297,70.89876135440235],[-158.85516830960157,70.88426550479298],[-158.41685959378125,70.90831335635548],[-157.8119401601875,70.97140081973438],[-157.31787582913282,71.15849646182423],[-156.90474411526563,71.34585913272267],[-156.47401901760938,71.35444220157032],[-156.34712692776563,71.33133276553517],[-156.04321762600782,71.22303351016407],[-155.97292038479688,71.14548071475392],[-156.14545151272657,71.08307226748829],[-156.13797470608594,70.92808111758595],[-155.66579147854688,70.86703070254688],[-155.47481247464063,70.85190161319142],[-155.233693089875,70.98398169131642],[-155.09985825100782,71.07726629825001],[-154.46129318753125,70.99315985293751],[-153.77106186428907,70.97122534366017],[-153.2930650381172,70.94890173526173],[-152.9711656240547,70.93400915713673],[-152.65120407620313,70.81853064151173],[-152.48952194729688,70.69520147891407],[-152.13712021389844,70.53390081973438],[-151.9150132803047,70.49577673526173],[-151.72560593167188,70.53467138858204],[-151.14420029202344,70.4818302020586],[-150.63855454007032,70.47509344668751],[-149.93851181546094,70.49947699160938],[-149.28632065335157,70.53923376651173],[-148.74062058010938,70.49404486270313],[-148.1207780508125,70.37976416201954],[-147.72354599514844,70.32667120547657],[-146.18263718167188,70.26810034366017],[-145.6070298818672,70.1924243793047],[-145.27254196682813,70.11638220401173],[-144.36034103909375,70.13342627139454],[-143.30757614651563,70.19675024600392],[-142.80247971096875,70.09034308047657],[-141.70396896878125,69.73443945498829],[-141.1613511709297,69.59894140811329],[-141.0592546133125,69.59546240420704],[-141.01312729397657,69.37820013614063],[-141.01448532620313,68.0932803973711],[-140.9972428945625,67.07673987002735],[-140.97377487698438,66.0257984027422],[-140.91554733792188,64.76773413272267],[-140.92728134671094,63.785506807283205],[-140.94664475003125,61.83504828067188],[-140.9351091055,60.859698854402346],[-140.89491745510938,60.38881643863086],[-140.80695053616407,60.26297339053516],[-140.42879196682813,60.22991140933399],[-139.3378648428047,60.28469046206836],[-139.00514694729688,60.258380495027346],[-138.85570236721875,60.0839801654375],[-138.77801987210157,59.90964850039844],[-138.6214341787422,59.77806814761524],[-137.64856430569532,59.18515356631641],[-137.22333237210157,58.88222845645313],[-137.11632248440625,59.02834662051563],[-136.73489853421094,59.12053259463672],[-136.18375107327344,59.42203863711719],[-135.85481735745313,59.646319948152346],[-135.63216110745313,59.703143678621096],[-135.25772568264844,59.67031057925586],[-135.11548325100782,59.58059652896289],[-134.94852158108594,59.35898932071094],[-134.79105087796094,59.213992677644534],[-133.8693132070625,58.68511541934375],[-133.50284287014844,58.42426260562305],[-132.70697495022657,57.628734193757815],[-131.95544907132032,56.78187521548633],[-131.72487350979688,56.60519369693164],[-131.63983627835157,56.59196051211719],[-131.19881149807813,56.45077856631641],[-130.28743454495313,56.107493959382815],[-130.10638901272657,55.99258764834766],[-130.17960068264844,55.63821753116016],[-130.00269028225782,55.28853949160938],[-130.06500717678907,55.102122865632815],[-130.26733871975782,55.071841798738284],[-130.41287704983594,55.020736299470705],[-130.54572006741407,54.90974386783008],[-130.69032761135938,54.9716754779375],[-130.77339645901563,55.06621512027149],[-130.73390671292188,55.26570089908008],[-130.69536301175,55.46538122744922],[-130.89236923733594,55.76919897647266],[-131.10103317776563,55.91288336367969]]],[[[-74.220001,40.51166500000011],[-74.232498,40.508888],[-74.23555,40.51332900000011],[-74.236389,40.518326],[-74.233887,40.535553],[-74.23111,40.542221],[-74.184998,40.631660000000124],[-74.181671,40.63749700000011],[-74.176941,40.641937],[-74.170837,40.642769],[-74.082779,40.651382],[-74.073898,40.649162],[-74.068893,40.645828],[-74.062775,40.639435],[-74.056946,40.624435],[-74.053879,40.615273],[-74.053604,40.604439],[-74.057495,40.599716000000114],[-74.108612,40.559715],[-74.123322,40.549721],[-74.145004,40.538887],[-74.220001,40.51166500000011]]],[[[-72.262222,41.125267],[-72.27861,41.117210000000114],[-72.285004,41.115829],[-72.288895,41.119713],[-72.289444,41.124992],[-72.388336,41.084991],[-72.617767,40.92305],[-72.621658,40.918327],[-72.621109,40.91304800000012],[-72.615829,40.90971400000012],[-72.607224,40.907494],[-72.584732,40.906097],[-72.498047,40.904160000000104],[-72.484436,40.90499100000011],[-72.442215,40.917496],[-72.436386,40.919716],[-72.431946,40.923607],[-72.434433,40.928604],[-72.401947,40.964714],[-72.34584,40.999718],[-72.263626,41.01944],[-72.13501,41.035271],[-72.113892,41.007774],[-72.110001,41.003883],[-72.101944,41.002495000000124],[-72.053329,41.016106],[-72.025833,41.029434],[-72.020844,41.032494],[-72.012787,41.041939],[-72.003342,41.049438],[-71.998047,41.05249],[-71.923889,41.08194],[-71.916107,41.082214000000135],[-71.873322,41.078606],[-71.865555,41.07666],[-71.859161,41.073608],[-71.85611,41.06916],[-71.860275,41.064438],[-72.084167,40.981659],[-72.352783,40.887215],[-72.446655,40.855553],[-72.54277,40.825554],[-72.665833,40.794441],[-72.698608,40.789719000000105],[-72.819458,40.76998900000012],[-72.867767,40.756104],[-72.886948,40.773605],[-72.894165,40.77388],[-73.003067,40.754715],[-73.015839,40.75222],[-73.021667,40.75],[-73.095276,40.730545],[-73.140289,40.71888000000013],[-73.438599,40.665825],[-73.561111,40.645271],[-73.652786,40.619987],[-73.593338,40.607216],[-73.585831,40.604713],[-73.579727,40.601662],[-73.576675,40.597488],[-73.582779,40.5961],[-73.618057,40.594437],[-73.65361,40.59388],[-73.797226,40.592216],[-73.852936,40.578106],[-73.914085,40.563152000000116],[-73.929047,40.56422],[-73.933052,40.56715800000012],[-73.929314,40.571964],[-73.857742,40.584515],[-73.831032,40.597603],[-73.791779,40.608772],[-73.77478,40.614941],[-73.771454,40.616272],[-73.771118,40.619602],[-73.771286,40.626102],[-73.771782,40.629272],[-73.767502,40.641663],[-73.773895,40.644714],[-73.812775,40.65665400000012],[-73.828888,40.65915700000011],[-73.843887,40.659714],[-73.850555,40.65915700000011],[-73.868881,40.654434],[-73.899734,40.635826],[-73.887787,40.6188810000001],[-73.883621,40.61499800000013],[-73.875,40.613052],[-73.871933,40.608604],[-73.875549,40.60305000000011],[-73.88028,40.599998],[-73.888062,40.598045],[-73.939987,40.585548],[-73.946655,40.584991],[-74.001114,40.58055100000013],[-74.007782,40.58027600000014],[-74.032501,40.625824],[-74.035004,40.635826],[-74.033066,40.647491000000116],[-74.029999,40.653877],[-74.026108,40.6586],[-74.005005,40.679993],[-74.003891,40.69110100000012],[-74.001114,40.697769],[-73.979881,40.707226],[-73.96595,40.721527],[-73.939987,40.773048],[-73.922501,40.789719000000105],[-73.911392,40.794998],[-73.835556,40.804993],[-73.731674,40.851662],[-73.623047,40.90638000000013],[-73.612213,40.9116590000001],[-73.589447,40.92054700000011],[-73.490555,40.934158],[-73.354172,40.92582700000014],[-73.226669,40.91054500000013],[-73.207779,40.914711],[-73.189987,40.920273],[-73.155563,40.93499],[-73.146393,40.942764],[-73.144165,40.94860100000011],[-73.144455,40.95388],[-73.146118,40.95916],[-73.037216,40.9685970000001],[-72.893616,40.96998600000012],[-72.781387,40.965546],[-72.765564,40.963608000000136],[-72.751114,40.963882],[-72.647232,40.979713],[-72.628052,40.98360400000013],[-72.616104,40.98860200000013],[-72.611115,40.991661],[-72.577499,41.015549],[-72.527946,41.045216],[-72.453064,41.088882000000126],[-72.35083,41.140831],[-72.285278,41.161934],[-72.246109,41.16360500000013],[-72.239716,41.160545],[-72.238892,41.155266],[-72.241943,41.14888],[-72.253067,41.133049],[-72.262222,41.125267]]]]}},{"type":"Feature","properties":{"id":"mexico","name":"Mexico","color":"#90bca2","sourceId":"historical-basemaps","precision":"generalized","representation":"Source political boundary snapshot; local disputes not fully mapped","review":"source-snapshot","upstreamNames":["Mexico"]},"geometry":{"type":"MultiPolygon","coordinates":[[[[-97.2599610952461,25.811372362092776],[-97.42493149319532,25.442277513459963],[-97.65813919583204,25.073043428376955],[-97.7418946889961,24.72957571597461],[-97.82254501858594,24.20810469241504],[-97.81478592434766,23.37533339114551],[-97.87469193020704,22.841205202058596],[-97.88202377835157,22.33262213321094],[-97.62811752835157,21.55123671145801],[-97.50419327298047,21.189153276399416],[-97.22339340725782,20.763837419465823],[-96.88145157376172,20.357709489778323],[-96.79518600979688,20.15447386355762],[-96.57883926907422,19.919734559968752],[-96.34066483059766,19.481610856965823],[-96.01226517239454,18.929256044343752],[-95.84385391751172,18.796125017122073],[-95.53918167630079,18.764991365388674],[-95.34308334866407,18.77176245303516],[-95.08328720608594,18.702395997957034],[-94.81647202053907,18.49954756350879],[-94.58994003811719,18.271188341096682],[-94.24197098294141,18.240150056794924],[-93.78490158596875,18.349187456086916],[-93.08748337307813,18.554090105012698],[-92.45908829251172,18.688920579866213],[-92.09788223782422,18.75961645694141],[-92.10702225247266,18.515859209016604],[-91.72974106350782,18.41570433230762],[-91.61098953762891,18.544532381013674],[-91.47900101223829,18.633794389680666],[-91.52561661282422,18.744794450715823],[-91.70248123684766,18.823484025911135],[-91.21970078030469,19.102496705964846],[-90,19.38150557132129],[-90,19.75351484866504],[-90,19.94667585940723],[-90,20.161298356965823],[-90,20.6763931140459],[-90,20.991174303010744],[-90,21.141408525422854],[-90,21.160729967073244],[-89.86282822171094,21.249875627473635],[-89.54745956936719,21.2950511798418],[-89.05808731594922,21.397792421296877],[-88.60106369534375,21.564044557527346],[-88.33372208157422,21.59004171939258],[-88.10938736477735,21.565087877229494],[-87.59693619290235,21.483537279084963],[-87.37093063870313,21.570655427888674],[-87.20057388821485,21.528873048738284],[-86.92158981839063,21.30062635989551],[-86.90023514309766,21.167178712800784],[-86.93589493313672,20.97639998050098],[-87.06995865383985,20.80448492617969],[-87.3133058218086,20.581485353425784],[-87.50814529934766,20.390227876619143],[-87.65071579495313,20.189910493806643],[-87.65972610989454,19.87513693423633],[-87.773976293,19.741412721589846],[-87.85821243801954,19.58231123538379],[-87.78857895413282,19.512536607698244],[-87.63708969632032,19.574662767366213],[-87.68220993557813,19.281348787263674],[-87.80035873928907,18.74336203189258],[-87.84949204007032,18.488984666780276],[-87.87709518948438,18.380864702180666],[-88.03013321438672,18.62128408999805],[-88.10500809231641,18.824548326448244],[-88.13767715969922,18.894399248079104],[-88.31140610257032,18.74146994204883],[-88.32046219387891,18.49439962954883],[-88.5167970327461,18.487248979524416],[-88.59691330471875,18.28614767642383],[-88.86667343655469,17.90060766787891],[-89.04038712063672,18.02223166079883],[-89.16563126126172,17.979306779817385],[-89.15433975735547,17.831187807039065],[-90,17.834037385896487],[-91.00987717190625,17.836225114778323],[-91.02779099026563,17.278201662019534],[-91.47719284573438,17.263898454622073],[-91.29882523098829,17.16373785586719],[-91.0760011343086,16.92049940677051],[-90,16.816388688997073],[-90,16.505563341096682],[-90,16.40524633975391],[-90,16.097781740144534],[-91.28251358548047,16.10104712100391],[-91.75949570217969,16.097781740144534],[-92.24351212063672,15.282212816194338],[-92.10653397122266,15.103362642244143],[-92.19957443753125,14.996051393464846],[-92.17530533352735,14.747212968782229],[-92.15540024319532,14.542796693757815],[-92.47207352200391,14.792342744783205],[-92.90052506008985,15.19187506289844],[-93.33048721829297,15.534199319795412],[-93.81161209622266,15.920901857332034],[-94.05164047757032,16.07930716128711],[-94.0753907827461,16.11115988345508],[-94.36295029202344,16.22483404727344],[-94.83466049710157,16.31917341800098],[-95.13016983548047,16.299468599275393],[-95.49766251126172,16.12070807071094],[-95.99271103421094,15.86537417025928],[-96.3329362539375,15.750238977388186],[-96.7516603139961,15.781122766450686],[-97.07761856594922,15.875764451936526],[-97.29378983059766,15.964297853425784],[-97.88092514553907,16.052028261140627],[-98.14564987698438,16.172238908723635],[-98.43546005764844,16.362310014680666],[-98.85616013089063,16.596610628083987],[-99.20922562161329,16.716630540803713],[-99.97906967678907,16.892968736604494],[-100.41263290921094,17.057321153596682],[-100.73741623440625,17.221908174470705],[-101.2207765249336,17.41792257876758],[-101.48717972317579,17.57628210635547],[-101.9926042226875,18.02653082461719],[-102.08551498928907,18.0581127032793],[-102.3583268789375,18.0321117267168],[-102.66820236721875,18.09501799197559],[-103.49393936673047,18.353892885164065],[-103.74825760403516,18.594913087800784],[-103.97491165676954,18.880490861848635],[-104.19729324856641,19.05801161380176],[-104.66939255276563,19.31764753909473],[-104.94791122952344,19.43783911319141],[-105.17298599758985,19.659867845491213],[-105.50686356106641,20.10414846988086],[-105.67043015042188,20.351729951814455],[-105.68733688870313,20.402551256135744],[-105.61999222317579,20.472619615510744],[-105.39281937161329,20.51125296206836],[-105.31201645413282,20.587705217317385],[-105.29104324856641,20.67039068789844],[-105.43972488919141,20.835366807893557],[-105.23433395901563,21.14095076175098],[-105.21614548245313,21.3126235827959],[-105.29359909573438,21.522262178376955],[-105.62825485745313,21.953839860872073],[-105.57400986233594,22.08744963260059],[-105.50843521633985,22.163882814363284],[-105.53994461575391,22.284598909333987],[-105.83889481106641,22.563691698030276],[-106.5116471914375,23.36329611392383],[-106.75728317776563,23.58528669925098],[-107.1906251577461,24.06117209048633],[-107.40375229397657,24.295949541047854],[-107.77061935940625,24.555829606965823],[-107.91568466702344,24.644536577180666],[-107.98668381253125,24.765176378206057],[-108.01261612454297,24.981280885652346],[-108.07753464260938,25.06379660220508],[-108.2255143789375,25.152492128328127],[-108.49932571926954,25.24092634768848],[-108.68295761624219,25.380416475251955],[-108.84755417385938,25.615321718171877],[-108.96924301663282,25.627786241487307],[-109.15561386624219,25.57652624698047],[-109.26274582425,25.646236024812502],[-109.33612534085157,25.81138952823047],[-109.33828445950391,25.957625947908205],[-109.13188644925,26.288686357454104],[-109.1887941030586,26.441173158601565],[-109.52662369290235,26.720227800325198],[-109.72421738186719,26.605363450959963],[-109.89268967190625,26.884776674226565],[-109.94591995755079,27.043618761018557],[-110.10728165188672,27.13866575808887],[-110.38207718411329,27.214393220857424],[-110.52550217190625,27.34762343020801],[-110.58186813870313,27.46195562930469],[-110.55912491360547,27.633683763459963],[-110.52135178128125,27.754569612458987],[-110.6044435171211,27.856137834504885],[-110.85694595852735,27.95099028201465],[-111.0641603139961,27.99507101626758],[-111.27093979397657,28.10909231753711],[-111.69163223782422,28.496102891877932],[-111.90643021145704,28.813590608552737],[-112.03291794339063,29.061330400422854],[-112.32323166409375,29.435903154329104],[-112.65433212796094,29.91851194949512],[-112.73714920559766,30.109120927766604],[-112.90797897854688,30.41401632876758],[-113.01670548001172,30.566411577180666],[-113.08502670803907,30.7697769031084],[-113.0663346914375,30.998756013826174],[-113.0520753530586,31.13870009036426],[-113.30399033108594,31.24629744143848],[-113.66166397610547,31.334586702302737],[-113.68861862698438,31.538037858918948],[-113.74631973782422,31.607879243806643],[-113.95213791409375,31.690127931550784],[-114.08228012600782,31.5435863360918],[-114.195118871125,31.524274431184573],[-114.83865067044141,31.815496049836916],[-114.96706100979688,31.36367567630176],[-114.98750778714063,31.166480623201174],[-114.97266098538282,31.128356538728518],[-114.85349747219922,30.975968919709963],[-114.73472305813672,30.842668138459963],[-114.72235580960157,30.372075639680666],[-114.68277451077344,30.14322432132129],[-114.45304581204297,29.838450990632815],[-114.38871475735547,29.762277208284182],[-114.09960648098829,29.642058931306643],[-113.82907578030469,29.400966249421877],[-113.59289261380079,29.10258635135059],[-113.32190414944532,28.5562759265459],[-113.12408920803907,28.429513536409182],[-112.97636124173047,28.410745225862307],[-112.86987015286329,28.334659181550784],[-112.72362228909375,27.705453477815432],[-112.6778077749336,27.629241548494143],[-112.56714340725782,27.55953177066211],[-112.34384628811719,27.5345531329668],[-112.28406998196485,27.50925215335254],[-112.18733688870313,27.31233938784961],[-112.11509415188672,27.01999243350391],[-111.91486069241407,26.664350114778323],[-111.69413467923047,26.69659575076465],[-111.59381577053907,26.76039656253223],[-111.48350235501172,26.55715139956836],[-111.32870956936719,25.89621504397754],[-111.08983322659375,25.419850908235354],[-110.79756638089063,24.880048356965823],[-110.7664308218086,24.61308439822559],[-110.77242752591016,24.37784155459766],[-110.65569778958204,24.21915205569629],[-110.48522659817579,24.149579606965823],[-110.31049057522657,24.226239763215823],[-110.20493790188672,24.31546553225879],[-109.94029709378125,23.95364149661426],[-109.82423874417188,23.69323118777637],[-109.61520096341016,23.57923849673633],[-109.4885987905586,23.573146425203127],[-109.42892929592969,23.433415971711916],[-109.516896214875,23.19163092227344],[-109.57826706448438,23.13429983706836],[-109.889210668,22.866620622590823],[-110.00360580960157,22.885448060945315],[-110.11656662503125,23.0695815906084],[-110.22465988675,23.39993818850879],[-110.50243088284375,23.66000708194141],[-110.78369614163282,23.79927595706348],[-111.01585861721875,24.014943681672854],[-111.39151474514844,24.243024431184573],[-111.90574356594922,24.686976991609377],[-112.09280869046094,24.890025697664065],[-112.16581436673047,25.01066740603809],[-112.06849381008985,25.455945573762698],[-112.08434006253125,25.570357881501955],[-112.30381485501172,26.021325670198244],[-112.41098495999219,26.19277151675586],[-112.55796524563672,26.31963499637012],[-112.75584885159375,26.363725267366213],[-112.98117538967969,26.503144823030276],[-113.28500839749219,26.807702623323244],[-113.42209335842969,26.74382933230762],[-113.58534714260938,26.768930040315432],[-114.15325638333204,27.104739747957034],[-114.4778566030586,27.243947587922854],[-114.88133713284375,27.681853853181643],[-114.94397446194532,27.738952241853518],[-115.05460831204297,27.853173814729494],[-114.74889847317579,27.785588823274416],[-114.47916885891797,27.7797866687334],[-114.21439835110547,27.90751799197559],[-114.1046647695625,28.05399664492969],[-114.06274887600782,28.34024580569629],[-114.06728836575391,28.42289312930469],[-114.27322861233594,28.708621583894534],[-114.48294540921094,28.911672197297854],[-114.97781082669141,29.31125982852344],[-115.42139908352735,29.53289946170215],[-115.60230728665235,29.685151658967776],[-115.69373032132032,29.92025526614551],[-115.8160905508125,30.212537370637698],[-115.85713669339063,30.282409273103518],[-116.05837723294141,30.33921965213184],[-116.12582870999219,30.498076997712893],[-116.13782974758985,30.765149675325198],[-116.22926041165235,30.943025194124026],[-116.50948807278516,31.27315291018848],[-116.70472427883985,31.59074553103809],[-116.70605942288282,31.70522268863086],[-116.61071487942579,31.87714346499805],[-116.96032425442579,32.156261049226565],[-117.07459732571485,32.30230291934375],[-117.17368027249219,32.520553194001955],[-117.02061935940625,32.52801092715625],[-115.955616918,32.59777792544727],[-114.88409134426954,32.635718904451174],[-114.74173447171094,32.496348939851565],[-114.62180801907422,32.42695578189258],[-114.0880632070625,32.25158651919727],[-112.82337662258985,31.831933580354494],[-111.24121567288282,31.331315599397463],[-111.08886429348829,31.306699357942385],[-110.34122940579297,31.298226915315432],[-109.64614578762891,31.28944929690723],[-109.21127792874219,31.27281530948047],[-108.37103745022657,31.277612291291994],[-108.27520462551954,31.322745881990237],[-108.2321061758125,31.724301897004885],[-107.39565750637891,31.72269018741016],[-106.54451462307813,31.702058397249026],[-106.45022293606641,31.65163382144336],[-106.16615768948438,31.353877626375002],[-105.8214845327461,31.069226823762698],[-105.44466873684766,30.835719667390627],[-105.12630936184766,30.614627443269534],[-105.04580399075391,30.5131851062334],[-104.91793533841016,30.208209596589846],[-104.77479263821485,29.826934419587893],[-104.57434555569532,29.579730592683596],[-104.08302780667188,29.283261857942385],[-103.5860108999336,29.05687864871387],[-103.43450638333204,29.025905214265627],[-103.20896622219922,29.020839296296877],[-103.02206894436719,29.09195288272266],[-102.89478775540235,29.258239351228518],[-102.70673080960157,29.443980775789065],[-102.44769760647657,29.687442384675784],[-102.23721787014844,29.77779348941211],[-101.94799515286329,29.785810075715823],[-101.73417374173047,29.748836122468752],[-101.38175674954297,29.604394517854494],[-101.19659897366407,29.4908519610918],[-101.03329178372266,29.32622679324512],[-100.73521896878125,28.86313398929004],[-100.40047928372266,28.31113012881641],[-100.02048965969922,27.84218557925586],[-99.72489639798047,27.582875810579104],[-99.60426804104688,27.46897467227344],[-99.56924912014844,27.25909575076465],[-99.41984268704297,26.83981093020801],[-99.26846787014844,26.573321901277346],[-99.09998795071485,26.40879400821094],[-98.68534561673047,26.264781557039065],[-98.22223373928907,26.012847505525393],[-98.1034440664375,25.981713853791994],[-97.91639420071485,26.03371389956836],[-97.78328415432813,26.034476839021487],[-97.41586014309766,25.864755235627932],[-97.2599610952461,25.811372362092776]]]]}},{"type":"Feature","properties":{"id":"canada","name":"Canada","color":"#8db9c6","sourceId":"historical-basemaps","precision":"generalized","representation":"Source political boundary snapshot; local disputes not fully mapped","review":"source-snapshot","upstreamNames":["Canada"]},"geometry":{"type":"MultiPolygon","coordinates":[[[[-67.55923935452344,45.77224691958789],[-67.698536839875,47.0410114154375],[-67.77693649807813,47.16450461001758],[-67.9964112905586,47.29381140323047],[-68.34302231350782,47.305003725007815],[-68.52740952053907,47.22569616885547],[-68.6989030508125,47.263927064851565],[-68.92590805569532,47.42587622256641],[-69.04906937161329,47.46438177676563],[-69.33331772366407,47.22787054629688],[-69.56453415432813,46.94613989444141],[-70.07698532620313,45.94710501284961],[-70.5894288686836,45.294620119050784],[-71.11182877102735,45.35020788760547],[-71.2928971914375,45.3232494220293],[-71.45621964016797,45.127643190339846],[-71.53464981594922,44.95860632510547],[-72.02667709866407,45.00128134341602],[-72.86158463040235,45.00320395083789],[-73.99034592190625,45.01653250308399],[-74.78240677395704,45.012225709871096],[-75.21803757229688,44.776839815095705],[-75.45849319973829,44.63969763369922],[-76.13288973210052,44.32666667189697],[-76.357065225,44.2601069],[-76.46298705000001,44.243476325],[-76.44859455,44.277386775],[-76.5862093,44.23346285],[-76.8758313,44.11170455],[-77.03485635,44.058924425],[-77.06328445000001,44.075122475],[-77.029225675,44.1007872],[-76.932680025,44.1359186],[-76.884787225,44.15882875],[-76.885547275,44.16951765],[-76.89721895000001,44.17485835],[-76.91980224999999,44.17485085],[-76.93157104999999,44.181585625],[-76.93252535,44.195062675],[-76.966712625,44.1776418],[-77.034132875,44.129323],[-77.0371744,44.141380775],[-76.9758372,44.213815125],[-76.950951625,44.24654665],[-76.962517675,44.23957535],[-76.973807075,44.226885625],[-76.984819825,44.208477475],[-77.00181615,44.199459325],[-77.02479605,44.199831175],[-77.07485645,44.189339025],[-77.15199735,44.167982875],[-77.230864975,44.15916715],[-77.31145932499999,44.16289185],[-77.414444175,44.140022125],[-77.53981952500001,44.090557975],[-77.5300751,44.08654465],[-77.3852109,44.12798215],[-77.311789375,44.130016225],[-77.309810525,44.092646875],[-77.248359825,44.098923675],[-77.127437275,44.148846625],[-77.08436087499999,44.132538925],[-77.119130625,44.050000575],[-77.129760075,44.017243475],[-77.116249225,44.034267625],[-77.08042,44.041919975],[-77.0222724,44.040200525],[-76.9557191,44.057128475],[-76.8807601,44.092703825],[-76.895384325,44.062621575],[-76.999591775,43.966881725],[-77.049654025,43.916795075],[-77.045571075,43.912361625],[-77.040965275,43.911047725],[-77.035836625,43.912853375],[-77.02677317499999,43.92093665],[-77.013774925,43.93529755],[-76.970411475,43.940156],[-76.896682825,43.935512],[-76.932752175,43.90971585],[-77.078619525,43.86276755],[-77.17538845,43.84329695],[-77.22305895,43.85130405],[-77.269591325,43.87862835],[-77.314985575,43.92526985],[-77.326994625,43.948620725],[-77.305618475,43.948680975],[-77.3002672,43.9459044],[-77.3109408,43.940291],[-77.30569707500001,43.930771125],[-77.284536025,43.917344775],[-77.266940375,43.9230362],[-77.252910125,43.9478454],[-77.2599168,43.955013225],[-77.2879604,43.944539675],[-77.2992054,43.9411115],[-77.2936518,43.9447287],[-77.290423875,43.94968665],[-77.289521625,43.95598535],[-77.340504275,43.950900375],[-77.443371825,43.934431725],[-77.537468625,43.954212825],[-77.622794675,44.010243675],[-78.02309260000001,43.984726925],[-78.7383624,43.877662575],[-79.152904575,43.772410875],[-79.266719125,43.668971825],[-79.39243535,43.6014026],[-79.53005325,43.5697032],[-79.64690265,43.490836125],[-79.74298355,43.364801375],[-79.793673475,43.30057345],[-79.798972425,43.29815235],[-79.803346325,43.30131965],[-79.806795175,43.31007535],[-79.837723525,43.3037607],[-79.896131375,43.2823757],[-79.89108695,43.269496575],[-79.82259025,43.265123325],[-79.786586125,43.26439345],[-79.783074575,43.26730695],[-79.78568639999999,43.2757676],[-79.7944216,43.2897754],[-79.796695675,43.297869825],[-79.792508625,43.300050875],[-79.68611905,43.2656953],[-79.47752695,43.1948031],[-79.189094475,43.208888425],[-79.14004738860244,43.22208175207458],[-79.1378678945625,43.182986818269534],[-79.06566330471875,42.97131308169727],[-79.05015837548426,42.852258967447526],[-79.18252065,42.845607075],[-79.35684755,42.866077225],[-79.63698735,42.853085675],[-80.02294005,42.806632425],[-80.275599375,42.7411072],[-80.394965325,42.65651],[-80.351683725,42.597929725],[-80.145754575,42.565366375],[-80.05772545,42.547052675],[-80.08759634999998,42.542988625],[-80.40640939999999,42.568706075],[-81.0141646,42.624205025],[-81.439461875,42.5870946],[-81.682301225,42.4573748],[-81.81526980000001,42.358451475],[-81.8383676,42.290324625],[-81.864016975,42.257141275],[-81.89221792500001,42.258901425],[-81.89853385,42.278534275],[-81.88296475000001,42.316039825],[-81.88361905,42.3149617],[-81.90049675,42.2752999],[-82.034100075,42.21937925],[-82.284429025,42.14719975],[-82.4344676,42.06076505],[-82.48421580000002,41.96007515],[-82.53468512500001,41.94027135],[-82.585875575,42.00135365],[-82.68946095000001,42.019112175],[-82.84544125,41.993546925],[-82.9906584,42.00419175],[-83.05604489302539,42.02697781506355],[-83.06046005764844,42.145370088533205],[-83.04053207913282,42.243365846589846],[-82.72240921536329,42.479598604158205],[-82.53621384182813,42.612227998689455],[-82.41758438626172,42.80697592349414],[-82.29783905825836,43.02869867471761],[-82.23282502500001,43.043994325],[-82.137971975,43.100364275],[-82.06985012499999,43.184499425],[-81.95983122499999,43.2569172],[-81.807915275,43.3176176],[-81.73869027500001,43.529406],[-81.752156225,43.8922824],[-81.7186113,44.1385907],[-81.6380555,44.2683309],[-81.516713675,44.404199475],[-81.35458582500002,44.546196425],[-81.29700267500002,44.7130803],[-81.343964225,44.9048511],[-81.384835925,44.993429675],[-81.419617775,44.978816025],[-81.4722787,45.026538225],[-81.5428187,45.136596275],[-81.6151297,45.197320325],[-81.6892117,45.208710375],[-81.7168497,45.224970275],[-81.6980437,45.246100025],[-81.58923032499999,45.2537905],[-81.390409575,45.2480417],[-81.302271225,45.219479625],[-81.324815275,45.168104275],[-81.308185025,45.09669465],[-81.252380475,45.00525075],[-81.188776625,44.942563675],[-81.117373475,44.908633425],[-81.051338475,44.907934575],[-80.990671625,44.940467125],[-81.005177925,44.90421835],[-81.094857375,44.79918825],[-81.080714075,44.758051875],[-80.962748025,44.780809225],[-80.913936125,44.735963925],[-80.934278375,44.623515975],[-80.907242225,44.6015349],[-80.832827675,44.6700207],[-80.7582998,44.7086624],[-80.6836586,44.71746],[-80.63256064999999,44.692910575],[-80.60500595,44.635014125],[-80.46892525,44.5722467],[-80.22431855,44.5046083],[-80.07131275,44.520006125],[-80.00990785,44.618440175],[-80.01539084999999,44.703100725],[-80.08776175,44.773987775],[-80.080765875,44.8238307],[-79.99440322499999,44.8526295],[-79.950714925,44.8417129],[-79.949700975,44.7910809],[-79.946659175,44.767006075],[-79.94158952500001,44.769488425],[-79.937306775,44.78012285],[-79.933810925,44.79890935],[-79.92033575,44.80930895],[-79.89688125,44.81132165],[-79.886527225,44.797264675],[-79.889273675,44.767138025],[-79.831520925,44.747810025],[-79.713268975,44.739280675],[-79.6713068,44.749804575],[-79.7056344,44.779381725],[-79.7108719,44.799315975],[-79.6870193,44.809607325],[-79.675348075,44.83211125],[-79.675858225,44.86682775],[-79.693740675,44.882016375],[-79.728995425,44.877677125],[-79.743583475,44.871175275],[-79.737504825,44.862510825],[-79.726172075,44.85277045],[-79.70958522500001,44.84195415],[-79.7026564,44.836658975],[-79.7053856,44.836884925],[-79.70074775,44.83491705],[-79.68874285,44.83075535],[-79.69553785,44.82628065],[-79.72113275000001,44.82149295],[-79.7333226,44.812243275],[-79.7321074,44.798531625],[-79.7468371,44.796441825],[-79.7775117,44.805973875],[-79.799131025,44.8410799],[-79.81169507499999,44.9017599],[-79.85134614999998,44.9436775],[-79.91808425,44.9668327],[-79.932333725,44.988493425],[-79.894094575,45.008659675],[-79.930695825,45.0354616],[-80.042137475,45.0688992],[-80.054277625,45.09044245],[-79.967116275,45.10009135],[-79.978024075,45.1289717],[-80.087001025,45.1770835],[-80.112704475,45.238392075],[-80.055134425,45.312897425],[-80.0504299,45.3653246],[-80.0985909,45.3956736],[-80.1518711,45.4077494],[-80.2102705,45.401552],[-80.22168385,45.382070425],[-80.18611114999999,45.349304675],[-80.20142915,45.338852325],[-80.26763785,45.350713375],[-80.296662425,45.37337705],[-80.288502875,45.40684335],[-80.3126309,45.432946275],[-80.3690465,45.451685825],[-80.3831289,45.486068275],[-80.3548781,45.536093625],[-80.359631175,45.57718735],[-80.397388125,45.60934945],[-80.44081605,45.609930825],[-80.48991494999999,45.578931475],[-80.50892669999999,45.5782901],[-80.4978513,45.6080067],[-80.533433,45.6501858],[-80.6156718,45.7048274],[-80.6490978,45.740476075],[-80.633711,45.757131825],[-80.5945132,45.767651525],[-80.5315044,45.772035175],[-80.54088115,45.77471645],[-80.62264345,45.77569535],[-80.678861425,45.7909313],[-80.709535075,45.8204243],[-80.713258025,45.83452335],[-80.690030275,45.83322845],[-80.66116005,45.84027],[-80.62664735,45.855648],[-80.612727325,45.8642777],[-80.619399975,45.8661591],[-80.63741715,45.860661525],[-80.66677885,45.847784975],[-80.693524925,45.844339675],[-80.717655375,45.850325625],[-80.73147524999999,45.861657825],[-80.73498455,45.878336275],[-80.72790907500001,45.886109675],[-80.710248825,45.884978025],[-80.687216025,45.88539865],[-80.65881067500001,45.88737155],[-80.644909675,45.888640775],[-80.645513025,45.889206325],[-80.651302125,45.889653],[-80.662276975,45.8899808],[-80.677323225,45.8893567],[-80.696440875,45.8877807],[-80.715186075,45.8886757],[-80.733558825,45.8920417],[-80.74616305,45.912729425],[-80.75299874999999,45.950738875],[-80.75785364999999,45.96987385],[-80.76072775,45.97013435],[-80.768753025,45.952485975],[-80.781929475,45.916928725],[-80.79036975,45.902407925],[-80.79407385,45.908923575],[-80.796466025,45.907814125],[-80.797546275,45.899079575],[-80.79980485,45.896566825],[-80.80324175,45.900275875],[-80.8035673,45.904939725],[-80.8007815,45.910558375],[-80.80107025,45.912860125],[-80.80443355,45.911844975],[-80.80254385,45.919445975],[-80.79540115,45.935663125],[-80.7969135,45.947459325],[-80.8070809,45.954834575],[-80.908461725,45.951372075],[-81.101055975,45.937071825],[-81.186707075,45.94782605],[-81.165415025,45.98363475],[-81.186332725,45.98870865],[-81.249460175,45.96304775],[-81.309782225,45.95766965],[-81.367298875,45.97257435],[-81.3556446,45.983172575],[-81.27481940000001,45.989464325],[-81.23790345,45.99365955],[-81.24489675,45.99575825],[-81.276734575,45.99709435],[-81.333416925,45.99766785],[-81.37245067500001,45.995747575],[-81.393835825,45.991333525],[-81.409087075,45.990811075],[-81.418204425,45.994180225],[-81.44214485,45.988863],[-81.48090835,45.9748594],[-81.50382365,45.978424725],[-81.51089075,45.999558975],[-81.55436235,45.992581275],[-81.63423845,45.957491625],[-81.678107025,45.942147975],[-81.685968075,45.946550325],[-81.6564835,45.9613081],[-81.5896533,45.9864213],[-81.58502935,46.00163315],[-81.64261165,46.00694365],[-81.6221943,46.019105025],[-81.5237773,46.038117275],[-81.475856325,46.0483237],[-81.478431375,46.0497243],[-81.518906725,46.043655025],[-81.597282375,46.030115875],[-81.6470998,46.01967495],[-81.668359,46.01233225],[-81.688649725,46.0084685],[-81.707971975,46.0080837],[-81.6712267,46.020930325],[-81.5784139,46.047008375],[-81.56448985,46.0736905],[-81.62945455,46.1009767],[-81.698943875,46.0790417],[-81.772957825,46.0078855],[-81.84686627500001,45.990794825],[-81.920669225,46.027769675],[-81.912216175,46.03886625],[-81.82150712500001,46.02408455],[-81.780199475,46.028629625],[-81.788293225,46.052501475],[-81.77496485,46.075574175],[-81.74021435,46.097847725],[-81.968425975,46.123501975],[-82.459599725,46.152536925],[-82.685570975,46.17766725],[-82.646339725,46.19889295],[-82.743332125,46.19851445],[-82.976548175,46.17653175],[-83.266634675,46.19903885],[-83.613591625,46.26603575],[-83.793586075,46.2570047],[-83.806618025,46.1719457],[-83.82065216736616,46.15038273949706],[-83.86512466946485,46.184608064607424],[-84.27731796780469,46.265784822419924],[-84.36020370999219,46.398048006013674],[-84.44015213528516,46.45868643374805],[-84.72308823147657,46.44766195865039],[-84.7436376579549,46.4684444370234],[-84.60002215,46.45965225],[-84.4921557,46.47500475],[-84.5640479,46.52331825],[-84.5552388,46.5832602],[-84.4657284,46.6548306],[-84.43623995000002,46.708449375],[-84.46677345,46.744116525],[-84.503048625,46.743826525],[-84.545065475,46.707579375],[-84.564842925,46.7213837],[-84.562380975,46.7852395],[-84.521499125,46.817121225],[-84.442197375,46.817028875],[-84.392489675,46.8354436],[-84.372376025,46.8723654],[-84.4145603,46.904277825],[-84.5190425,46.93118087500001],[-84.582415675,46.930705525],[-84.604679825,46.902851775],[-84.65665815,46.910159875],[-84.73835065,46.952629825],[-84.769150725,47.0161366],[-84.749058375,47.1006802],[-84.7004794,47.182284525],[-84.6234138,47.260949575],[-84.697906225,47.37491465],[-84.923956675,47.52417975],[-84.9891703,47.6858392],[-84.8935471,47.859893],[-85.026610175,47.939546825],[-85.388359525,47.924800675],[-85.6452564,47.933711825],[-85.79730079999999,47.966280275],[-85.94119244999999,48.04818745],[-86.07693135,48.17943335],[-86.171410725,48.328433675],[-86.224630575,48.495188425],[-86.295484125,48.6274874],[-86.38397137499999,48.7253306],[-86.480198425,48.7632031],[-86.584165275,48.7411049],[-86.653022675,48.750329925],[-86.686770625,48.790878175],[-86.743666525,48.794568525],[-86.823710375,48.761400975],[-86.88723555,48.763302875],[-86.93424205,48.800274225],[-87.035680275,48.80378885],[-87.191550225,48.77384675],[-87.4621383,48.823827525],[-87.8474445,48.953731175],[-88.09495135,49.0046085],[-88.20465884999999,48.9764595],[-88.251699925,48.9320861],[-88.236074575,48.8714883],[-88.1941112,48.824951325],[-88.1258098,48.792475175],[-88.117601275,48.72961155],[-88.169485625,48.63636045],[-88.2310282,48.6039252],[-88.302229,48.6323058],[-88.3292134,48.626505125],[-88.3119814,48.586523175],[-88.334224575,48.566943325],[-88.395942925,48.567765575],[-88.46017302499999,48.528650625],[-88.52691487500002,48.449598475],[-88.558335475,48.44199715],[-88.55443482500002,48.50584665],[-88.489673525,48.5926154],[-88.364051575,48.7023034],[-88.34417489999998,48.7797561],[-88.43004350000001,48.8249735],[-88.54205005,48.722786825],[-88.68019455000001,48.473196075],[-88.796736125,48.337062475],[-88.89167477499998,48.314386025],[-88.898275975,48.371062425],[-88.81653972499998,48.507091675],[-88.888320825,48.534709325],[-89.113619275,48.453915375],[-89.236031925,48.35894055],[-89.255558775,48.24978485],[-89.344088725,48.148199375],[-89.501621775,48.054184125],[-89.5591541,48.006014575],[-89.5166857,48.003690725],[-89.62202966765464,47.96837637116081],[-89.87140366116407,47.994430147126955],[-90,47.97228964419727],[-90,48.0371051654375],[-90,48.06973608584766],[-90,48.088546358064455],[-90,48.10710486026172],[-90,48.121776185945315],[-90,48.248511873201174],[-91.14085098782422,48.21487768741016],[-91.32611557522657,48.12875326724414],[-91.42445847073438,48.1020465716875],[-91.68210312405469,48.03871878238086],[-91.909962621125,48.083011232332034],[-91.93884750882032,48.16607626529102],[-92.14981552639844,48.2048412189043],[-92.25805374661329,48.326705537751955],[-92.48405167141797,48.33224447818164],[-92.55614182034375,48.22145804019336],[-92.7080812124336,48.43753012271289],[-92.83005234280469,48.431991182283205],[-92.83900925198438,48.51513632388477],[-93.48024460354688,48.60846670718555],[-93.71323868313672,48.57442434878711],[-94.08768173733594,48.77750738711719],[-94.29830643216016,48.984420381501955],[-94.42395493069532,49.15129812808399],[-94.8273210195625,49.48759039492969],[-95.05278488675,49.471664033845705],[-94.9938249258125,49.315406404451174],[-94.81984421292188,49.05071219058399],[-95.12574478665235,49.05221518130664],[-96.33501907864454,49.039142213777346],[-97.59412857571485,49.05207785220508],[-98.20086380520704,49.048831544832034],[-99.14807602444532,49.050304017976565],[-100.45978256741407,49.043250642732424],[-101.71109482327344,49.056232057527346],[-102.6702394155586,49.05107458682422],[-103.99100967923047,49.05711706729297],[-104.26153275051954,49.05566366763477],[-106.43957993069532,49.06365927310352],[-108.06731888333204,49.06148871035938],[-108.460743871125,49.059363923982424],[-110.18009659329297,49.0698314532793],[-110.67026230374219,49.05406530948047],[-112.52904984036329,49.063792787507815],[-112.86183640042188,49.06856878848438],[-115.164601293,49.056190095857424],[-115.92358109036329,49.05868872256641],[-117.2151612905586,49.05831106753711],[-118.98721024075391,49.06193121524219],[-121.05180069485547,49.05083426089649],[-121.65236374417188,49.060741029695315],[-122.81287857571485,49.06107672305469],[-122.90025040188672,49.06718023867969],[-122.98425766507032,49.135230623201174],[-123.21332260647657,49.27238043399219],[-123.24522110501172,49.4689899310625],[-123.21204849758985,49.62469061465625],[-123.53099533596875,49.512569032625],[-123.69860550442579,49.52535208316211],[-123.84743973294141,49.66282232852344],[-123.92052933255079,49.88579519839649],[-123.97649857083204,49.97104986758594],[-124.14968582669141,49.93132361026172],[-124.2533464101875,49.83920248599414],[-124.47060867825391,49.81253393741016],[-124.79498764553907,50.03529318423633],[-124.84853073635938,50.226382814363284],[-124.93922134915235,50.595809541658205],[-125.41228958645704,50.54865988345508],[-125.86682602444532,50.67329367251758],[-126.08587357083204,50.712501131013674],[-126.1637468008125,50.75200995059375],[-126.22813889065625,50.930404268220705],[-126.42525955716016,51.088824830964846],[-126.69128891507032,50.989051423982424],[-127.24746414700391,50.968116365388674],[-127.45511337796094,51.02064474673633],[-127.62731644192579,51.13282736392383],[-127.6749772695625,51.24528082461719],[-127.5591554311836,51.53709753604297],[-127.35296341458204,51.636966310457034],[-127.4550294546211,51.76947744937305],[-128.01286026516797,51.80822714419727],[-127.7350587514961,52.041209779695315],[-127.55576798001172,52.167842470125],[-127.30971237698438,52.234805665925784],[-127.03732773342969,52.46355780215625],[-127.4306153921211,52.46078833194141],[-127.71019455471875,52.393680177644534],[-127.8729753164375,52.413333497957034],[-128.05962845364454,52.499515138582034],[-128.07719131985547,52.93924292178516],[-128.43214890042188,52.93853720279102],[-128.8887681631172,53.418319307283205],[-128.82948776760938,53.525394044832034],[-128.8140611318672,53.763927064851565],[-129.06042954007032,53.738971315339846],[-129.43387314358594,53.517535768464846],[-130.0036363271797,53.93796118350391],[-130.17645737210157,54.17214544864063],[-130.26825424710157,54.353030763582034],[-130.2989244131172,54.54758032412891],[-130.11050888577344,54.729293428376955],[-130.03790756741407,54.84368094058399],[-129.84171005764844,54.97854956241016],[-130.00269028225782,55.28853949160938],[-130.17960068264844,55.63821753116016],[-130.10638901272657,55.99258764834766],[-130.28743454495313,56.107493959382815],[-131.19881149807813,56.45077856631641],[-131.63983627835157,56.59196051211719],[-131.72487350979688,56.60519369693164],[-131.95544907132032,56.78187521548633],[-132.70697495022657,57.628734193757815],[-133.50284287014844,58.42426260562305],[-133.8693132070625,58.68511541934375],[-134.79105087796094,59.213992677644534],[-134.94852158108594,59.35898932071094],[-135.11548325100782,59.58059652896289],[-135.25772568264844,59.67031057925586],[-135.63216110745313,59.703143678621096],[-135.85481735745313,59.646319948152346],[-136.18375107327344,59.42203863711719],[-136.73489853421094,59.12053259463672],[-137.11632248440625,59.02834662051563],[-137.22333237210157,58.88222845645313],[-137.64856430569532,59.18515356631641],[-138.6214341787422,59.77806814761524],[-138.77801987210157,59.90964850039844],[-138.85570236721875,60.0839801654375],[-139.00514694729688,60.258380495027346],[-139.3378648428047,60.28469046206836],[-140.42879196682813,60.22991140933399],[-140.80695053616407,60.26297339053516],[-140.89491745510938,60.38881643863086],[-140.9351091055,60.859698854402346],[-140.94664475003125,61.83504828067188],[-140.92728134671094,63.785506807283205],[-140.91554733792188,64.76773413272267],[-140.97377487698438,66.0257984027422],[-140.9972428945625,67.07673987002735],[-141.01448532620313,68.0932803973711],[-141.01312729397657,69.37820013614063],[-141.0592546133125,69.59546240420704],[-140.73939987698438,69.58456762881642],[-140.3345689443672,69.62324102969532],[-139.90065475979688,69.57098730655079],[-138.9954576162422,69.36829718203907],[-138.2750749258125,69.13548620791798],[-137.72852036038282,69.01584204287892],[-137.26085373440625,68.96400030703907],[-136.9315690664375,68.94952734561329],[-136.20306870022657,68.87561377139454],[-135.80328842678907,68.77105291934376],[-135.61018845120313,68.7037769183672],[-135.4957780508125,68.71902807803517],[-135.69887253323438,68.98949774356251],[-135.85951706448438,69.07965429873829],[-136.014943089875,69.1472354754961],[-136.04396530667188,69.33598669619923],[-135.43919846096875,69.5262866839922],[-135.1039781240547,69.4966235980547],[-134.84383102932813,69.52739294619923],[-134.7759751943672,69.57298620791798],[-133.99483200589063,69.50625189395313],[-133.6476335195625,69.50691565127735],[-133.14131638089063,69.67456396670704],[-133.00215622464063,69.75827368350392],[-132.80313583889844,69.75862463565235],[-132.50795456448438,69.85788305850392],[-132.16646286526563,69.8889346942461],[-131.77655502835157,69.92763861270313],[-131.44623276272657,69.96627386660938],[-131.23550888577344,70.0737491473711],[-131.0590562490547,70.1583438739336],[-130.71191879788282,70.20500525088673],[-130.24182602444532,70.20590551944142],[-129.84947678128125,70.15069159121876],[-130.04979416409375,69.96887549014454],[-130.20801254788282,69.91536291690235],[-130.70325180569532,69.8536563739336],[-131.19461533108594,69.68578680606251],[-131.75438400784375,69.6089053973711],[-132.30321213284375,69.48670538516407],[-132.6178941396797,69.25174292178517],[-133.4131822256172,69.13702734561329],[-133.7195787099922,68.91787298770313],[-133.33893295803907,68.79822119326954],[-132.69037338772657,68.4615894183672],[-132.78897568264844,68.70905645938282],[-132.7133073476875,68.86709173770313],[-132.17496201077344,68.98101385684376],[-131.99942490139844,69.08687933535938],[-131.67297836819532,69.27615698428517],[-130.895802464875,69.30025824160938],[-130.46362778225782,69.46743353457813],[-129.942677464875,69.64258917422657],[-129.01314255276563,69.72018011660938],[-128.72375961819532,69.87253912539845],[-128.30908676663282,69.99500616641407],[-127.93980118313672,70.07992132754688],[-127.7255372671211,70.18759497256642],[-127.80552383938672,70.31023748965626],[-128.12115189114454,70.48648413272267],[-128.41585251370313,70.68630560489063],[-128.0110597280586,70.64079626651173],[-127.66734024563672,70.51815374942188],[-127.35170456448438,70.38026007266407],[-127.16631790676954,70.23468359561329],[-126.99711319485547,70.02043493838673],[-126.79519363919141,69.78502234073048],[-126.618458714875,69.67914923282032],[-126.05785080471875,69.46052130313282],[-125.97399612942579,69.43039282412892],[-125.45461746731641,69.33309515567188],[-125.27735611477735,69.3409610614336],[-125.18771072903516,69.4091983661211],[-125.41768356839063,69.69653662295704],[-125.38623520413282,69.81800421328907],[-125.13956924954297,69.83365210147267],[-124.98927780667188,69.89470251651173],[-124.70693680325391,69.9408145770586],[-124.53439041653516,69.78164251895313],[-124.50809952298047,69.59213598819142],[-124.60000320950391,69.46324499698048],[-124.22530075589063,69.40343054385548],[-123.80283829251172,69.43445929141407],[-123.29193588772657,69.63985022158985],[-123.05067917385938,69.86033209414845],[-122.8352784780586,69.89112433047657],[-122.32606216946485,69.88448675723438],[-121.63505264798047,69.764278017],[-120.84985825100782,69.5686450824297],[-120.22155472317579,69.41844519229298],[-119.27894302883985,69.2615161761797],[-118.81795212307813,69.16424139590626],[-118.53954788723829,69.13460119815235],[-117.83234116116407,69.00779303164845],[-117.32801529446485,68.97860296817188],[-116.8131837514961,68.91183050723438],[-116.32002731839063,68.89770849795704],[-115.68983170071485,68.93648871035938],[-115.2851075796211,68.89208563418751],[-114.83145615139844,68.76513250918751],[-114.38960739651563,68.60825689883595],[-114.1945085195625,68.49615057559376],[-114.10867020169141,68.34652289004688],[-114.34469315091016,68.28620489688282],[-114.76537033596875,68.30038794131642],[-115.0200929311836,68.27746924014454],[-115.40214249173047,68.2169376239336],[-115.56165787258985,67.89568670840626],[-114.06628891507032,67.73464544864063],[-113.28976151028516,67.69891699405079],[-112.50253006497266,67.69295843692188],[-112.11188217678907,67.72342260928517],[-111.779835668,67.74637182803517],[-111.35673233548047,67.82159002871876],[-110.95406052151563,67.87451513858204],[-110.53196426907422,67.92000921817188],[-110.13336655178907,67.90583380313282],[-109.48879715481641,67.69111975283985],[-108.83538528958204,67.61059912295704],[-108.64619919339063,67.55892523379688],[-108.095021214875,67.35959967227345],[-108.10113235989454,67.21882208438282],[-108.32774063626172,67.18139227481251],[-108.48516556301954,67.07013281436329],[-108.34801956692579,67.00387152285938],[-107.527638402375,66.56298407168751],[-107.60024735012891,66.73958929629688],[-107.61107346096875,66.87971838565235],[-107.40584274807813,66.9022403583086],[-107.12817856350782,66.96184118838673],[-107.15620895901563,67.04304083438282],[-107.59381577053907,67.33831366153126],[-107.65141006985547,67.42718084903126],[-107.71651932278516,67.627559267],[-107.66202255764844,67.96261938662892],[-107.50445267239454,67.97784002871876],[-106.62961288967969,68.03915747256642],[-106.21191879788282,68.1070972308672],[-106.11858841458204,68.24175604434376],[-105.91195389309766,68.33936651797657],[-105.63597580471875,68.35485418887501],[-105.14194199124219,68.22861822696095],[-104.45434280911329,68.10291632266407],[-104.01886459866407,68.0738941058672],[-103.58273788967969,68.11950262637501],[-103.30746170559766,67.9335132464922],[-103.1961183218086,67.89646490664845],[-102.76308914700391,67.80044897647267],[-102.21799179592969,67.74194677920704],[-101.91296860257032,67.70532568545704],[-101.39744278469922,67.70627935977345],[-101.00199600735547,67.7963062152422],[-100.21192642727735,67.80522497744923],[-99.36766525784375,67.79192694278126],[-98.88602921048047,67.81515081973438],[-98.35487839260938,67.93530615420704],[-97.92310806790235,67.72021826358204],[-97.49550339260938,67.58721502871876],[-97.26068588772657,67.59509619326954],[-97.15115829983594,67.73652227969532],[-97.15858933010938,67.96737249942188],[-97.4581803945625,68.07123144717579],[-97.78757950344922,68.13031347842579],[-98.40710922757032,68.15903051944142],[-98.36706253567579,68.36095007510548],[-97.83035751858594,68.39937170596485],[-97.57178970852735,68.3699146136797],[-97.21004959622266,68.2733569964922],[-96.81831833401563,68.18440588565235],[-96.43210312405469,68.16273077578907],[-96.20792862454297,68.07355078311329],[-96.16805740872266,67.99158819766407],[-96.21100327053907,67.93185003848438],[-96.34024521389844,67.54482611270313],[-96.25960251370313,67.31505163760548],[-96.1227540639961,67.24123724551563],[-96.04299637356641,67.21179541201954],[-95.68652054348829,67.16807135196095],[-95.25865646878125,67.02838476748829],[-95.29073044339063,67.27984198184376],[-95.50044724026563,67.72474249453907],[-95.4387941030586,67.94077643008595],[-95.32254501858594,68.06028326602345],[-95.00205704251172,68.05342444033985],[-94.63704391995313,68.06901892276173],[-94.08401199856641,68.4513126239336],[-93.86266037503125,68.47417791934376],[-93.6468019155586,68.47459753604298],[-93.41411301175,68.54245337100392],[-93.3992433218086,68.6024585589922],[-93.46689316311719,68.76744421573048],[-93.63582321682813,68.92499121280079],[-93.77388474026563,68.92471655459767],[-94.13840958157422,68.84133490176563],[-94.58306595364454,68.87808569522267],[-94.34251114407422,69.11190374942188],[-93.97977158108594,69.14272650332813],[-93.78439804592969,69.21850927920704],[-93.52708145657422,69.21897467227345],[-93.1942643789375,69.03869970889454],[-92.98549362698438,68.96380957217579],[-92.95613571682813,69.08434637637501],[-92.99247452298047,69.51457556338673],[-93.32716080227735,69.48372992129688],[-93.73071762600782,69.49808081241017],[-94.03673264065625,69.55047949405079],[-94.42320725003125,69.69365271182423],[-94.74957748928907,69.6551700458086],[-95.30957504788282,69.7374683246172],[-95.69698807278516,69.84295233340626],[-96.12698074856641,69.94084509463673],[-96.42262741604688,70.09300573916798],[-96.46397110501172,70.15418585391407],[-96.47408768216016,70.2998462543047],[-96.32550522366407,70.36152990908985],[-95.94667526760938,70.5698657855547],[-96.16534134426954,70.66958960147267],[-96.69965073147657,70.83835943789845],[-96.65924545803907,70.93118628116017],[-96.39831253567579,71.20278509707813],[-96.13158890286329,71.33528479190235],[-95.95746323147657,71.35116156192188],[-95.49297806301954,71.2355151996172],[-95.43042465725782,71.25116308780079],[-95.35268112698438,71.40671118350392],[-95.67177292385938,71.5696216449297],[-95.76205154934766,71.69424780459767],[-95.65868851223829,71.71004828067188],[-95.41064926663282,71.85898932071095],[-95.24577042141797,71.87495001407032],[-94.41721054592969,71.88431128116017],[-94.16578384915235,71.84570654483204],[-93.83813950100782,71.76034887881642],[-93.2711686758125,71.55854376407032],[-93.07691666165235,71.41099890323048],[-92.98890396633985,71.24022253604298],[-93.09945389309766,70.96879919619923],[-92.53204056301954,70.73039587588673],[-92.16814896145704,70.50767859073048],[-91.65772720852735,70.28584631533985],[-91.82776352444532,70.13225897403126],[-92.27079483548047,70.11611517520313],[-92.48423477688672,69.99328955264454],[-92.6712159780586,69.74241217227345],[-92.45926376858594,69.71245153994923],[-91.97731491604688,69.60731085391407],[-91.61507889309766,69.58525427432423],[-91.44098373928907,69.64616736026173],[-91.17245193997266,69.64666327090626],[-90,69.48896368594532],[-90,69.32998236270313],[-90,69.23138769717579],[-90,69.1635928973711],[-90,68.95337256045704],[-90,68.68316992373829],[-90,68.36909826846485],[-89.73558517971875,68.53431280703907],[-89.44108292141797,69.04570349307423],[-89.14040848294141,69.23469122500782],[-88.90501877346875,69.22760351748829],[-88.57613846341016,69.10004767032032],[-88.09737106839063,68.85258825869923],[-87.88440414944532,68.68025549502735],[-87.79025742092969,68.47801550479298],[-87.86149307766797,68.28335150332813],[-88.01305100003125,68.26810034366017],[-88.37113663235547,68.31228979678517],[-88.4619874624336,68.17760809512501],[-88.48145767727735,67.99102362246876],[-88.32388016262891,67.81254919619923],[-87.80835434475782,67.51626165957813],[-87.53399368801954,67.29434546084767],[-87.32540604153516,67.16891058535938],[-87.05794235745313,67.24338873477345],[-86.65454575100782,67.31820257754688],[-86.48843857327344,67.37778814883595],[-86.39503189602735,67.67486151309376],[-86.05096146145704,67.85401495547657],[-85.78174301663282,68.04082830996876],[-85.66953751126172,68.33979376407032],[-85.50632950344922,68.67721136660938],[-85.39984604397657,68.75995977969532],[-84.77272507229688,68.72358282657032],[-84.6245851186836,68.75390966983204],[-84.56435104885938,68.98704870791798],[-85.00759598294141,69.13682898135548],[-85.42065140286329,69.29444464297657],[-85.38107010403516,69.69533880801563],[-85.11336990872266,69.81714972110157],[-84.75945755520704,69.80261572451954],[-84.57021805325391,69.83332403750782],[-84.31351944485547,69.8262134418047],[-82.75667282620313,69.54878576846485],[-82.16050430813672,69.24770697207813],[-81.93275925198438,69.24814184756642],[-81.68396469632032,69.27876623721485],[-81.47992416897657,69.18864782901173],[-81.36990829983594,68.72242315860157],[-81.58302780667188,68.60200079532032],[-81.77710434475782,68.55667456241017],[-81.88645645657422,68.57896002383595],[-82.20959183255079,68.8185001239336],[-82.32784744778516,68.81827124209767],[-82.68726822415235,68.69747503848438],[-82.6317872671211,68.55508001895313],[-82.4929933218086,68.3232837543047],[-82.1782960561836,67.99535711856251],[-81.79372879544141,67.75780066104298],[-81.29496475735547,67.49872931094532],[-81.2843522695625,67.35788305850392],[-81.4992189077461,67.06891211123829],[-81.69673630276563,66.98728521914845],[-82.32999130764844,66.63962133975392],[-82.63348099270704,66.60227545352345],[-83.13871475735547,66.37349279971485],[-83.48195358792188,66.4977222308672],[-84.22640701809766,66.93088873477345],[-84.49036881008985,67.04853399844532],[-84.71385666409375,67.07027777285938],[-85.02158829251172,66.94414099307423],[-84.40770432034375,66.7093692645586],[-83.74045273342969,66.30630835147267],[-84.05871292630079,66.27637060733204],[-84.36998459378125,66.31246527285938],[-84.94954391995313,66.27470739932423],[-85.11850449124219,66.33306463809376],[-85.38676163235547,66.61182745547657],[-85.90318008938672,66.61822851748829],[-86.73898788967969,66.56513556094532],[-86.85313889065625,66.46201666446095],[-86.57687088528516,66.35237463565235],[-85.98714920559766,66.16278418155079],[-86.05865952053907,66.07476385684376],[-86.33370682278516,65.9278980121172],[-87.25401016751172,65.43011816592579],[-87.54983994046094,65.34953650088673],[-87.78694626370313,65.34908636660938],[-88.17352768460157,65.45750006289845],[-88.54085251370313,65.67544897647267],[-88.64201065579297,65.71173437686329],[-89.17739578762891,65.81294592471485],[-89.50872513333204,65.92924841494923],[-89.77756973782422,65.97996100039845],[-90,65.9735523089922],[-90,65.9715991839922],[-90,65.89311560244923],[-90,65.76792486758595],[-89.69237228909375,65.67328222842579],[-88.90442368069532,65.32516058535938],[-88.17144485989454,65.13038214297657],[-87.61630722561719,65.07339056582813],[-87.15728470364454,65.0595889911211],[-87.4352311758125,64.56887396426563],[-87.99178787747266,64.25168188662892],[-88.37706467190625,64.05732306094532],[-88.70445725003125,63.985065065339846],[-89.07741257229688,63.96287115664844],[-89.49484726467969,64.01940497012501],[-89.97269150296094,64.19054754825001],[-89.99451157132032,64.03280218692188],[-90,63.90385778994922],[-89.8615235952461,63.64665564151172],[-89.87039658108594,63.57521780581836],[-90,63.561351381257815],[-90,63.609088502839846],[-91.58617111721875,63.79354437442188],[-91.98384567776563,63.828563295320315],[-93.31687637844922,63.97362097354297],[-92.35104080716016,63.584834657625],[-91.64173599758985,63.514747224763674],[-91.02674576321485,63.39461477847461],[-90,63.302386842683596],[-90,63.18154486270313],[-90,63.09612616153125],[-90,62.94618948550586],[-91.41749283352735,62.852889619783205],[-92.0603761343086,62.8872142657793],[-92.29017349758985,62.91521032901172],[-92.45530411282422,62.794105134919924],[-91.89085861721875,62.603553377107424],[-92.10219284573438,62.411822877839846],[-92.57919022122266,62.26934012027149],[-93.23328873196485,61.971297822908205],[-93.42261978665235,61.85803183169727],[-93.32457443753125,61.541141115144534],[-93.46560379544141,61.435348115876955],[-93.87430283108594,61.34319265933399],[-94.01383682766797,61.21648748965625],[-94.25195023098829,60.92843588443164],[-94.37603470364454,60.79513510318164],[-94.4843034414375,60.49420889468555],[-94.60756393948438,60.249705873445315],[-94.75318619290235,59.94999273867969],[-94.72808548489454,59.76290472598438],[-94.80027481594922,59.51354940982227],[-94.74500748196485,59.11980398745899],[-94.68383499661329,58.87849386783008],[-94.41486069241407,58.71365316958789],[-94.30231186428907,58.70698507876758],[-94.18649765530469,58.665889345125],[-93.88757034817579,58.65957983584766],[-93.36378952542188,58.70186956973438],[-93.23948380032422,58.68147238345508],[-93.07417770901563,58.55101355166797],[-92.88842484036329,58.20769461245899],[-92.52271744290235,57.687274537996096],[-92.42361923733594,57.38646658511524],[-92.48305222073438,56.97671469302539],[-92.18014999905469,56.97045858950977],[-91.33692642727735,57.16312750430469],[-90,57.17785605044727],[-90,57.14434774966602],[-90,57.073951326326174],[-89.72552200833204,56.93423422427539],[-88.76747604885938,56.738467775300784],[-87.91419693508985,56.331946931794924],[-87.46717545071485,55.91202887149219],[-85.89243027249219,55.6102367267168],[-85.60286423245313,55.50931891055469],[-85.1609620718086,55.327640138582034],[-84.71716782132032,55.21365698428516],[-84.46836563626172,55.1668773517168],[-84.15240189114454,55.207992158845705],[-83.94863602200391,55.188148103669924],[-83.5760011343086,55.22261007876758],[-83.0160417226875,55.149425111726565],[-82.38272568264844,55.056163392976565],[-82.20208450833204,54.96887167544727],[-82.33566757717969,54.652965150789065],[-82.3993425039375,54.27056463809375],[-82.33005997219922,54.14342459292774],[-82.19209763089063,53.989696107820315],[-82.16040512600782,53.80242117495899],[-82.21217056790235,53.34127768130664],[-82.35113235989454,53.07412680240039],[-82.34120651760938,52.98082312198047],[-82.06906601467969,52.86138113589649],[-81.85244461575391,52.70861013980274],[-81.73378464260938,52.54909857364063],[-81.71294876614454,52.329669557527346],[-81.747364964875,52.17009695620899],[-81.3107194570625,52.1178050860918],[-80.87710281887891,51.90618475528125],[-80.57278915921094,51.64144857974414],[-80.39647385159375,51.37678488345508],[-80.36129471341016,51.304034791902346],[-80.07332321682813,51.29795416446094],[-79.74672409573438,51.11329611392383],[-79.33848282376172,50.84304770083789],[-79.49529739895704,51.14025839419727],[-79.59434982815625,51.265792451814455],[-79.53404709378125,51.41818197818164],[-79.27615067044141,51.60419424624805],[-79.11176010647657,51.52498587222461],[-78.94055649319532,51.32000692935352],[-78.82266708889844,51.16139944644336],[-78.74842545071485,51.320384584382815],[-78.70010086575391,51.565555177644534],[-78.79678055325391,51.770885072664065],[-78.5534181264961,52.01023443789844],[-78.49098679104688,52.25613745303516],[-78.57313248196485,52.48867758365039],[-78.72467514553907,52.694678865388674],[-78.84203049221875,53.03422888369922],[-78.84399124661329,53.281009279207034],[-78.93640610257032,53.54791983218555],[-79.03455826321485,53.74155005069141],[-78.75791641751172,53.74876745791797],[-78.80141922512891,53.96274145694141],[-78.93461319485547,54.076297365144534],[-79.23003860989454,54.14938315005664],[-79.39867874661329,54.276351533845705],[-79.5451173452461,54.69186361880664],[-78.98181625882032,54.813800416902346],[-78.58926865139844,54.92203100772266],[-78.30785843411329,55.04375799746875],[-77.5169191030586,55.470714174226565],[-77.2338380483711,55.60653647036914],[-76.76447006741407,56.027442537263674],[-76.56940170803907,56.27212103457813],[-76.46291061917188,56.57139166446094],[-76.43862625637891,56.80968817325],[-76.55453964749219,57.28005560489063],[-76.66497513333204,57.519046388582034],[-76.77238174954297,57.66250189395313],[-77.19423386135938,57.99050482364063],[-77.40435501614454,58.11357458682422],[-77.90158554592969,58.352916322664065],[-78.06480118313672,58.407577119783205],[-78.26871201077344,58.53095205874805],[-78.33678909817579,58.551471315339846],[-78.46879288235547,58.70949514956836],[-78.43261429348829,58.75773962588672],[-78.04195114651563,58.992774568513674],[-77.79320236721875,59.3867145404375],[-77.66153427639844,59.57363470645313],[-77.5486573843086,59.615359865144534],[-77.34766098538282,59.62266119571094],[-77.21478745022657,59.747516237214846],[-77.26242538967969,59.98302420230274],[-77.34337326565625,60.14297827334766],[-77.48544022122266,60.32394751162891],[-77.50717636624219,60.414630495027346],[-77.39095016995313,60.575458131746096],[-77.388478246125,60.69431646914844],[-78.17645737210157,60.74176748843555],[-77.68836685696485,61.15605887027149],[-77.46218582669141,61.47258337588672],[-77.45909592190625,61.528880678132815],[-77.60143753567579,61.620101533845705],[-77.87536331692579,61.73931845279102],[-77.98535629788282,61.858924470857424],[-78.00491806546094,62.09885748477344],[-77.86758896389844,62.29000052066211],[-77.61822220364454,62.43200644107227],[-77.36155411282422,62.517493806794924],[-76.98962112942579,62.48983725161914],[-76.18819138089063,62.321448884919924],[-75.69460007229688,62.21628912539844],[-75.35587021389844,62.181590639070315],[-74.70775314846875,62.17575415225391],[-74.22191330471875,62.24028357119922],[-73.83501144925,62.34003408999805],[-73.7401628164375,62.36142309756641],[-73.65973373928907,62.3898998126543],[-73.39458176175,62.354999147371096],[-72.9485597280586,62.171973787263674],[-72.83432480374219,62.11566885562305],[-72.49496933499219,61.91160162539844],[-72.08188339749219,61.74319799991016],[-71.72385880032422,61.54673346133594],[-71.85619827786329,61.370704256013674],[-71.67342087307813,61.26568564029102],[-70.90924545803907,61.04263647647266],[-70.02829453030469,60.88317068667774],[-69.70210739651563,60.89780005069141],[-69.5363282827461,60.98915060611133],[-69.38380142727735,60.85639151187305],[-69.389454808625,60.67446859927539],[-69.64902206936719,60.52024420352344],[-69.70431229153516,60.317760072664065],[-69.5072755483711,59.720538698152346],[-69.44611069241407,59.39558371158008],[-69.34257217923047,59.209334932283205],[-69.3646745351875,59.05059774966602],[-69.47604080716016,58.974532686189455],[-69.67648026028516,58.98103293033008],[-69.83239456692579,58.98765143008594],[-69.89423080960157,58.6844554767168],[-69.72581955471875,58.56093557925586],[-69.21422287503125,58.7476764545],[-69.0496339468086,58.76864203067188],[-68.69823166409375,58.78996618838672],[-68.56939407864454,58.78334768863086],[-68.26482864895704,58.63936575503711],[-68.09467026272657,58.48149450869922],[-68.0927247671211,58.36469992251758],[-68.12936874905469,58.30967291446094],[-68.00455185452344,58.16574057193164],[-67.77240463772657,58.2485423907793],[-67.63468643704297,58.26940878482227],[-67.10699173489454,58.30473669619922],[-66.8208741811836,58.38769491763477],[-66.62459274807813,58.559932313875],[-66.47463699856641,58.807960115388674],[-66.32811447659375,58.80135687442188],[-66.241017308625,58.746444307283205],[-65.92905136624219,58.423751436189455],[-65.91018387356641,58.451270662263674],[-65.86144730130079,58.79534109683399],[-65.71872421780469,59.05748327823047],[-65.50514694729688,59.1751781329668],[-65.26260849514844,59.34823187442188],[-65.5553712514961,59.57577093692188],[-65.5516862539375,59.71416433902149],[-65.42895218411329,59.776717744783205],[-64.98790451565625,59.819095216707034],[-64.90073868313672,59.8815875873125],[-64.67062088528516,60.180919252351565],[-64.37056442776563,60.01439245791797],[-64.09742828884961,59.744605623201174],[-63.744103398712895,59.51695974917774],[-63.47582336941602,59.15830572696094],[-63.00571533718946,58.814532838777346],[-62.886959996613285,58.656444154695315],[-63.042023625763676,58.52547415347461],[-62.99899765530469,58.37437780948047],[-62.74108215847852,58.38857992740039],[-62.576710668,58.038882814363284],[-62.4948129324043,57.95677527041797],[-62.34917542019727,57.902225099519534],[-62.01471802273633,57.84121283145313],[-61.888112035187504,57.72504385562305],[-61.82844635525586,57.55411871524219],[-61.99918457547071,57.512775026277346],[-62.18601700344922,57.437240205720705],[-62.00141235867383,57.294147096589846],[-61.82238098660352,57.192081056550784],[-61.476098027619145,57.10406454654102],[-61.35062881985547,57.001998506501955],[-61.33525177517774,56.811263643220705],[-61.36063477078321,56.777171693757815],[-61.54459854641797,56.72915991397266],[-61.84880920925977,56.74220236392383],[-62.18406006375196,56.79603537173633],[-62.32643219509961,56.768512330964846],[-62.28564545193555,56.69371374698047],[-62.16278931179883,56.6123004779375],[-62.07783981839063,56.5036693439043],[-61.92769333401563,56.2729564532793],[-61.74302383938672,56.171493135408205],[-61.45779892483594,56.15847738833789],[-61.24986359158399,56.077457033113284],[-60.8727540639961,55.854529939607424],[-60.46834274807813,55.65896566958789],[-60.357628789337895,55.51037558169727],[-60.37330719509961,55.422481142],[-60.57453247586133,55.07102545352344],[-60.34573837796094,55.04450186343555],[-60.04724213162305,55.11924322696094],[-59.69376083889844,55.15365942569141],[-59.33820053616407,55.08015402408008],[-59.07975479641797,54.992992006257815],[-58.55717178860547,54.772323213533205],[-58.11545273342969,54.712779603914065],[-57.43287369290235,54.579913698152346],[-57.515351262482426,54.46576651187305],[-57.83856674710157,54.37130697818164],[-58.16992279568555,54.276858888582034],[-58.468110051544926,54.25621756167774],[-58.84362122097852,54.14833792300586],[-59.106163945587895,53.96711691470508],[-59.39872452298047,53.86623343081836],[-59.862973180207035,53.838580690339846],[-59.99153229275586,53.80492361636524],[-60.137238469513676,53.68431814761524],[-60.12421127835157,53.517345033601565],[-60.24602600613477,53.276797853425784],[-59.71703430691602,53.431312166169924],[-59.472870793732426,53.47185476870899],[-59.180756535919926,53.519141756013674],[-58.64011093655469,53.86767538638477],[-58.07691666165235,54.08285864444141],[-57.56114288845899,54.13071020694141],[-57.26303955593946,54.024180971101565],[-57.105824437531254,53.87063177676563],[-57.28519913235547,53.66976126284961],[-57.268944707306645,53.61632498355274],[-57.13083359280469,53.483028017],[-56.85379883328321,53.583743654207034],[-56.64929291287305,53.657596193269534],[-56.354462590607426,53.57132299991016],[-55.88126083889844,53.351932130769534],[-55.77977081814649,53.23871573062305],[-55.76966568508985,53.1586986407793],[-55.904347386750004,52.965159975007815],[-55.92698761502149,52.805255495027346],[-56.10974213162305,52.605228029207034],[-55.65902420559766,52.18734701724414],[-55.82356735745313,52.021033845857424],[-56.181271520050785,51.894290529207034],[-56.66615387478711,51.614886842683596],[-56.96410461941602,51.488441072419924],[-57.45761581936719,51.46762045474414],[-57.82794662991407,51.413924776033205],[-58.52433868924024,51.37948568911914],[-58.719330754669926,51.19382055850391],[-59.131562199982426,50.83605536075],[-59.43996902981641,50.643966279939455],[-59.71551987210157,50.51146658511524],[-60.13784500637891,50.411700807527346],[-60.80984970608594,50.33399923892383],[-61.64020630398633,50.27692373843555],[-62.29355713406446,50.30863531680469],[-63.20739075222852,50.34640463443164],[-63.3673715261543,50.33290060611133],[-63.85007187405469,50.298995576814455],[-64.32591721096875,50.304671846345705],[-65.16869827786329,50.34915503116016],[-65.58150192776563,50.36156042666797],[-66.37273880520704,50.31387671084766],[-66.61907669583204,50.22109945865039],[-66.85474106350782,50.08888968081836],[-67.0963639883125,49.82562979312305],[-67.18860336819532,49.576304994539065],[-67.31770798245313,49.42533453555469],[-67.58378311673047,49.33966024966602],[-68.06532761135938,49.29287298770313],[-68.30696579495313,49.22692068667774],[-68.80112167874219,48.97719534488086],[-69.14960190335157,48.734481416658205],[-69.50712296048047,48.459212861970705],[-69.65325638333204,48.295604310945315],[-69.80172440091016,48.190806947664065],[-70.1923341421211,47.81147726626758],[-70.41080185452344,47.556720338777346],[-70.5988282827461,47.432506166414065],[-70.80607315579297,47.171512208894534],[-71.03921982327344,46.73586233706836],[-70.70225235501172,47.067523561433596],[-70.53371902981641,47.12645681949024],[-70.22405716458204,47.342017732576174],[-69.74747177639844,47.76669653506641],[-69.25392624417188,48.12005575747852],[-68.34129044094922,48.546458803132815],[-67.78133102932813,48.72406729312305],[-66.97269913235547,48.95458944888477],[-66.49335190335157,49.06023367495899],[-66.02990433255079,49.16588171573047],[-65.36736771145704,49.23263891787891],[-64.95240494290235,49.20725592227344],[-64.54969498196485,49.07711371035938],[-64.32045456448438,48.94668539615039],[-64.2592286733711,48.86175497622852],[-64.19431397000196,48.65261801333789],[-64.25091263333204,48.5544505939043],[-64.39767166653516,48.45612295718555],[-64.87422653714063,48.32453116031055],[-65.2130860952461,48.12142523379688],[-65.4744386343086,48.10134085269336],[-65.85462662258985,48.205062471345705],[-66.18143173733594,48.18482931704883],[-66.47154709378125,48.09939154239063],[-66.3456544546211,48.06365545840625],[-65.83716293850782,47.960513673738284],[-65.76066299954297,47.90591391177539],[-65.64544388333204,47.70579870791797],[-65.61233994046094,47.66335638614063],[-65.02792831936719,47.88165243716602],[-65.04041763821485,47.78462179751758],[-64.8251237539375,47.8513255939043],[-64.65790268460157,47.778548799470705],[-64.82006546536329,47.675479494050784],[-64.92393967190625,47.56031759829883],[-64.87363907376172,47.439132295564455],[-64.94693466702344,47.43307074160938],[-64.98009201565625,47.33010061831836],[-65.38958450833204,47.13028296084766],[-64.84222122708204,47.124225221589846],[-64.80747696438672,47.03948935122852],[-64.89159866848829,46.91241415591602],[-64.85052963772657,46.71886786075],[-64.79732224026563,46.75515326114063],[-64.6897706655586,46.69467505069141],[-64.71813675442579,46.634227357820315],[-64.6966066030586,46.54354818911914],[-64.53875443020704,46.33810766787891],[-64.53479477444532,46.27165945620899],[-64.1639032034004,46.247508607820315],[-64.09448334256055,46.20523413272266],[-64.07633682766797,46.23542746158008],[-63.74918076077344,46.16900595279102],[-63.89088913479688,46.10862310977344],[-64.05869766751172,46.11466559024219],[-64.08001419583204,46.05429419131641],[-63.84349152127149,45.987899385408205],[-63.74844070950391,45.87928732486133],[-63.49218842068555,45.91548117251758],[-63.431210484894535,45.855140291169924],[-63.335961308869145,45.86118658633594],[-63.27559372464063,45.78276403994922],[-63.08744904080274,45.80085714908008],[-63.12107178250196,45.8491168841875],[-62.7416391042793,45.818954072908205],[-62.633114781769535,45.770701967195315],[-62.72609039822461,45.68022879214649],[-62.61699005642774,45.728473268464846],[-62.49985977688672,45.71641119571094],[-62.38964172879102,45.72244604678516],[-62.07625290432813,45.885318361238284],[-61.93980118313672,45.9215160235918],[-61.89317413845899,45.75863226504688],[-61.72339340725782,45.68625982852344],[-61.48120972195508,45.740542970613284],[-61.26151367703321,45.55361136050586],[-61.443722691925785,45.439090333894534],[-61.40336700955274,45.39089163394336],[-61.03208633938672,45.37883337588672],[-60.95838638821485,45.30050619693164],[-61.19283005276563,45.246295534089846],[-61.26517578640821,45.30050619693164],[-61.40005203762891,45.240272127107424],[-61.3471078542793,45.19810827823047],[-61.57892319241407,45.19810827823047],[-61.68282791653516,45.21617468448047],[-61.63366028347852,45.143905244783205],[-61.83627029934766,45.12584265323047],[-61.81096741238477,45.07767065616016],[-62.01047989407422,45.07165487857227],[-62.06810089627149,45.00542791934375],[-62.27053543606641,44.98737295718555],[-62.436207738312504,44.8732868060625],[-62.47688385525586,44.921310029939455],[-62.79448029080274,44.795245729402346],[-62.81516739407422,44.7712360248125],[-63.05326935330274,44.71121557803516],[-63.10667511502149,44.83126410098438],[-63.22998520413282,44.78324469180469],[-63.30328842678907,44.66320379825],[-63.38769623318555,44.74722632022266],[-63.4185189870918,44.63320120425586],[-63.51650711575391,44.59719427676563],[-63.558861699494145,44.513187013582034],[-63.78971954861524,44.513187013582034],[-63.82587524929883,44.549190126375],[-63.90214630642774,44.57318838687305],[-63.88782974758985,44.72922094912891],[-63.99667068997266,44.56719168277149],[-64.0875978139961,44.513187013582034],[-64.14651581326368,44.627200685457034],[-64.30579849758985,44.61519583316211],[-64.28634354153516,44.507186494783205],[-64.39108749905469,44.48919256778125],[-64.25063034573438,44.453189454988284],[-64.23605057278516,44.35721167178516],[-64.28229233303907,44.3032298907793],[-64.36075302639844,44.33321341128711],[-64.70627304592969,44.12932165713672],[-64.64902969876172,44.05736502261524],[-64.75465866604688,44.0034137591875],[-64.84202286282422,43.97943838687305],[-64.83514114895704,43.883521638826174],[-64.90763565579297,43.93746908755664],[-64.87052628079297,43.85955008120899],[-64.96812149563672,43.823592744783205],[-65.03088089505079,43.871539674714846],[-64.98755356350782,43.757667146638674],[-65.08738419094922,43.72771032901172],[-65.15293594876172,43.76366385074024],[-65.2196550039375,43.76366385074024],[-65.24873825589063,43.703738771394534],[-65.31887527981641,43.75168188662891],[-65.4282960561836,43.649818025544924],[-65.46712204495313,43.518016420320315],[-65.55764481106641,43.619857393220705],[-65.7125749258125,43.55995138736133],[-65.78162857571485,43.64382132144336],[-65.93871780911329,43.85955008120899],[-66.00088974514844,43.75168188662891],[-66.18949600735547,44.141307435945315],[-65.98447891751172,44.48919256778125],[-65.85662552395704,44.56118353457813],[-65.84080215969922,44.61519583316211],[-65.99815079251172,44.56118353457813],[-66.15902420559766,44.44119223208789],[-66.19296738186719,44.48919256778125],[-65.7770280508125,44.71721609683399],[-65.72095963040235,44.651202760652346],[-65.63328262844922,44.69321020694141],[-65.749318089875,44.741221986726565],[-65.2531251577461,44.9753490314043],[-64.75375839749219,45.22821768374805],[-64.45788284817579,45.39089163394336],[-64.30675980130079,45.348704896882815],[-64.33691879788282,45.15595205874805],[-64.25649735012891,45.18003424258594],[-64.14059540310743,45.053592287019534],[-64.16034790554883,45.143905244783205],[-64.16806503811719,45.22220190616016],[-63.88350388089063,45.318580232576174],[-63.5548715261543,45.37883337588672],[-63.46848389187696,45.348704896882815],[-63.37751099148633,45.38486059756641],[-63.44608017483594,45.427039705232424],[-63.73991486111524,45.45114477725391],[-64.00769897976758,45.427039705232424],[-64.19676300564649,45.45114477725391],[-64.55859848538282,45.45717581363086],[-64.69618698635938,45.445113740876955],[-64.80934616604688,45.40896566958789],[-64.9200944570625,45.36678274722461],[-64.90547653714063,45.463199220613284],[-64.39771744290235,45.71641119571094],[-64.3732194570625,45.806888185457034],[-64.25983139553907,45.843089662507815],[-64.28317734280469,45.9215160235918],[-64.51857468167188,45.79482611270313],[-64.47478958645704,45.85515173526172],[-64.70088669339063,46.084476076082034],[-64.56178757229688,45.885318361238284],[-64.72378250637891,45.66816671939258],[-64.87137314358594,45.66213949771289],[-65.75974747219922,45.29448278994922],[-65.88757034817579,45.258338533357424],[-66.05067917385938,45.348704896882815],[-66.1525163320625,45.37883337588672],[-66.04915329495313,45.288463197664065],[-66.40353104153516,45.10778006167774],[-66.50201126614454,45.18606527896289],[-66.96033188382032,45.210155092195315],[-67.0159425405586,45.143905244783205],[-67.18675705471875,45.25231894107227],[-67.27174088040235,45.183658204988284],[-67.34384628811719,45.314559541658205],[-67.25745865383985,45.34921606631641],[-67.26611801663282,45.464759431794924],[-67.20206162014844,45.495582185701174],[-67.22073074856641,45.56493338199024],[-67.32132431546094,45.56493338199024],[-67.59396835842969,45.66897924991016],[-67.55923935452344,45.77224691958789]]],[[[-98.47739883938672,69.30786474795704],[-98.30434891262891,69.3912769183672],[-98.25264450589063,69.69410284610157],[-98.11539169827344,69.80051764102345],[-97.74158188382032,69.8315616473711],[-97.4073991445625,69.74872168155079],[-96.76149460354688,69.47729834170704],[-96.18220993557813,69.29704626651173],[-96.14881607571485,69.1688419208086],[-96.00719162503125,69.04100378604298],[-95.51456924954297,68.80868872256642],[-95.64428421536329,68.7558780536211],[-96.21271225491407,68.53721197696095],[-96.47281357327344,68.51425512881642],[-96.79360672512891,68.52864416690235],[-97.20869919339063,68.61033209414845],[-97.60563370266797,68.63960608096485],[-98.16822525540235,68.78120764346485],[-98.60599228421094,68.86307104678517],[-98.87789627591016,68.88511999698048],[-99.36504837551954,68.97447546573048],[-99.17148300686719,69.12549170108204],[-98.47739883938672,69.30786474795704]]],[[[-102.27919479885938,73.14715918155079],[-101.98523422757032,73.08414038272267],[-101.52065750637891,72.87084539981251],[-101.04201981106641,72.76880987735157],[-100.8348893789375,72.74547918887501],[-100.55804916897657,72.87264593692188],[-100.14954849758985,73.15112646670704],[-99.9629640249336,73.16739233584767],[-99.95504471341016,73.26287420840626],[-100.43335434475782,73.51711615176563],[-100.91383072415235,73.70812567325001],[-100.99365707913282,73.81210669131642],[-100.93396469632032,73.86034735293751],[-100.17654129544141,73.8216739520586],[-99.8566407827461,73.91852911563282],[-99.66770645657422,73.91888769717579],[-99.21940323391797,73.74333532901173],[-98.96750351467969,73.72777136416798],[-98.70653244534375,73.75229986758595],[-98.511036839875,73.86486395450001],[-97.95663162747266,73.92206152530079],[-97.34714218655469,73.89111670108204],[-96.93672653714063,73.78765448184376],[-97.08239456692579,73.66727026553517],[-97.34347244778516,73.61080511660938],[-97.48885818997266,73.45876654239063],[-98.18634506741407,73.29008825869923],[-98.36283585110547,73.21812780948048],[-98.39371201077344,73.13058050723438],[-98.27965256253125,73.01959570498829],[-98.05192276516797,72.97244604678517],[-97.74046036282422,73.01267584414845],[-97.25462814846875,72.93429907412892],[-96.86413284817579,72.82412298770313],[-96.68853470364454,72.81653936953907],[-96.43457504788282,72.69835241885548],[-96.35086533108594,72.50115545840626],[-96.65746780911329,72.34305151553517],[-96.72786423245313,72.18572577090626],[-96.84962173977735,71.87977179141407],[-97.05519577542188,71.71526678653126],[-97.2840089468086,71.65240057559376],[-97.58003708401563,71.64402350039845],[-97.84193131008985,71.69036444278126],[-98.18997665921094,71.84595068545704],[-98.48397537747266,71.89236029239063],[-98.47840591946485,71.79854162783985],[-98.00388046780469,71.54967840762501],[-98.371876683625,71.36996801944142],[-98.7180909780586,71.35375555606251],[-98.93899246731641,71.39222296328907],[-99.43434616604688,71.64056738467579],[-99.86262985745313,71.92893560977345],[-100.31894394436719,72.13972815127735],[-100.75919815579297,72.2410083636797],[-101.40628525296094,72.29484900088673],[-101.6537370351875,72.37307318301563],[-102.66872879544141,72.85284002871876],[-102.27919479885938,73.14715918155079]]],[[[-94.79846664944532,73.81568487735157],[-94.98547073880079,73.93563421817188],[-95.06853958645704,74.06405218692188],[-94.97359177151563,74.10442694278126],[-94.86817642727735,74.13680609317188],[-93.89901443997266,74.1627612933672],[-93.35233017483594,74.12356146426563],[-92.6933107046211,74.0122257098711],[-92.11629196682813,73.98919256778126],[-91.52423569241407,74.0546069964922],[-91.05135056057813,74.04741247744923],[-90,73.99981268496876],[-90,73.90397986026173],[-90,73.86387976260548],[-90,73.78354986758595],[-90,73.59081610293751],[-91.31957718411329,73.25516089053517],[-92.00058456936719,72.84113653750782],[-92.62426468411329,72.80831488223438],[-93.69485184231641,72.87755163760548],[-94.26578232327344,72.85271795840626],[-93.63932510891797,72.529903017],[-93.72375961819532,72.38791235537892],[-94.10856339016797,72.22202643008595],[-94.54240128079297,72.18979223819142],[-95.05836960354688,72.28313788028126],[-95.12389847317579,72.51922949405079],[-95.54762741604688,72.88200720401173],[-95.64077469387891,73.14367254825001],[-95.61453720608594,73.31877478213673],[-95.49306198635938,73.61426123233204],[-95.32336136380079,73.75862463565235],[-94.75804611721875,73.74365576358204],[-94.79846664944532,73.81568487735157]]],[[[-125.89224716702344,49.376826845125],[-126.1115235952461,49.527217470125],[-126.23254105130079,49.53353842349414],[-126.56312271633985,49.572249971345705],[-126.66481491604688,49.69015463443164],[-126.52219864407422,49.82167013736133],[-126.96117111721875,50.05743368716602],[-127.21158310452344,50.004230104402346],[-127.38545700589063,50.05001028628711],[-127.76865097561719,50.28005941958789],[-128.34309860745313,50.66847189517383],[-128.44160934964063,50.774024568513674],[-128.43282028714063,50.826915346101565],[-127.99969955960157,50.88066443057422],[-127.84801956692579,50.86110647769336],[-126.95737930813672,50.59188803286914],[-126.51589676419141,50.50029715152149],[-125.71859451809766,50.409427247957034],[-125.54543777981641,50.29098471255664],[-125.26749893704297,50.054149232820315],[-125.07566544094922,49.76541479678516],[-124.88077255764844,49.57552679629688],[-124.71793076077344,49.49057348819141],[-124.0036134389961,49.249427400544924],[-123.86136337796094,49.157970033601565],[-123.64536758938672,48.817855440095705],[-123.59341904202344,48.634723268464846],[-123.7190675405586,48.47748526187305],[-123.90202042141797,48.47059591861133],[-124.49255081692579,48.60025366397266],[-125.09776779690625,48.79537924380664],[-125.19605728665235,48.873736940339846],[-125.16861435452344,48.95890387149219],[-124.99902817288282,49.16885336490039],[-125.45960709133985,49.16794928164844],[-125.64537521878125,49.056224428132815],[-125.77978226223829,49.08870657534961],[-125.96683975735547,49.17351111026172],[-125.89224716702344,49.376826845125]]],[[[-131.89424606839063,53.89415320010547],[-131.99947067776563,53.79354437442188],[-132.07715317288282,53.53917654605274],[-132.08984848538282,53.39880331607227],[-132.351368871125,53.364871583894534],[-132.56876083889844,53.27950247378711],[-132.99696823635938,53.65111120791797],[-133.08598801175,53.804820619539065],[-133.09669968167188,54.01911123843555],[-133.0539292959297,54.066085420564455],[-132.87006088772657,54.046344362214846],[-132.72987839260938,54.06671103091602],[-132.37852951565625,53.98698767276172],[-132.08231064358594,54.021060548738284],[-131.95637985745313,53.96771200747852],[-131.89424606839063,53.89415320010547]]],[[[-110.8402833608711,72.47403296084767],[-110.5708741811836,72.53764685244923],[-110.22986313382032,72.53040655703907],[-110.079396214875,72.56222876162892],[-110.5246095327461,72.996699892],[-110.45457169094922,73.01272162051563],[-109.83352371731641,72.95041235537892],[-109.29004379788282,72.84044226260548],[-108.98631760159375,72.73019751162892],[-108.869679418,72.6197696551836],[-108.7821550039375,72.39120825381642],[-108.34788223782422,71.91302832217579],[-108.06052872219922,71.75712927432423],[-107.59039017239454,71.89877661319142],[-107.52726456204297,72.01640661807423],[-108.08660599270704,72.62913092227345],[-108.283986058625,73.22342260928517],[-108.18150803128125,73.38294561953907],[-107.32207962551954,73.26501806826954],[-106.52323624173047,73.19489630313282],[-105.60927292385938,72.87112005801563],[-105.4474610952461,72.79220923037892],[-105.31259628811719,72.65014227481251],[-105.24045273342969,72.33487280459767],[-105.01036545315625,72.04465063662892],[-104.85225388089063,71.9274097308672],[-104.467091527375,71.65454443545704],[-104.44525620022657,71.56880529971485],[-104.52512833157422,71.45958288760548],[-104.67538925686719,71.1872974261797],[-104.59457108059766,71.04790838809376],[-104.49381729641797,70.99388464541798],[-103.86364456692579,70.70147284121876],[-103.63448807278516,70.6247745379961],[-103.11633011380079,70.5102725848711],[-102.43571182766797,70.46538122744923],[-101.51055618801954,70.2060733661211],[-101.05518051663282,70.03077276797657],[-100.89127823391797,69.67402227969532],[-100.96714493313672,69.62841375918751],[-101.44928452053907,69.66540106387501],[-101.81390854397657,69.77085455508595],[-102.23950668850782,69.87630804629688],[-102.48753830471875,69.79996069522267],[-102.78670975247266,69.70836981387501],[-103.24611374417188,69.69237860293751],[-103.36132523098829,69.63911017032032],[-103.26754471341016,69.32912787051563],[-102.77837082425,69.36026342959767],[-102.50228592434766,69.42879828067188],[-102.19797989407422,69.48231085391407],[-101.80372330227735,69.24127539248829],[-101.80838486233594,69.13564642520313],[-102.04508682766797,69.06739386172657],[-102.27785202542188,68.9540210589922],[-102.54044052639844,68.90835150332813],[-103.17824265042188,68.85451849551563],[-103.65028091946485,68.86117132754688],[-104.18777176419141,68.89776190371876],[-104.90506454983594,69.00932653994923],[-105.93043991604688,69.23358496280079],[-106.17933365383985,69.33124884219532],[-106.37526413479688,69.4820743426836],[-106.59244247952344,69.49679907412892],[-106.8538331655586,69.45092352481251],[-107.03466507473829,69.28435095401173],[-107.53622910061719,69.05713995547657],[-108.01073166409375,69.04871710391407],[-108.64556595364454,69.00234564395313],[-109.2094239858711,68.81319006533985],[-110.44822403469922,68.65314062686329],[-111.08742233792188,68.64444311709767],[-111.62939163723829,68.60590704532032],[-112.52248093167188,68.63425787539845],[-112.73987289944532,68.58884008975392],[-113.15218063870313,68.59556921573048],[-113.60199448147657,68.72235449405079],[-113.62913986721875,68.93281897158985],[-113.5399903921211,68.97813757510548],[-113.53912827053907,69.11379583926563],[-113.71682449856641,69.20395239444142],[-113.92464920559766,69.24885138125782],[-115.34070297757032,69.29905279727345],[-115.90655228176954,69.35089453311329],[-116.29550644436719,69.42576941104298],[-116.6562013296211,69.51589544864063],[-116.99491592923047,69.74258764834767],[-117.56819626370313,69.99218329043751],[-117.43176743069532,70.02304419131642],[-117.19289871731641,70.12301977725392],[-116.48556229153516,70.14733465762501],[-116.21414658108594,70.2321964129961],[-115.96313950100782,70.22498663516407],[-115.5535401968086,70.23343237491017],[-115.14664932766797,70.27254828067188],[-114.37435623684766,70.25864752383595],[-113.95380112210157,70.25943335147267],[-112.99108597317579,70.23821600528126],[-112.50060745755079,70.23913153262501],[-111.73052689114454,70.25592382998829],[-111.54370590725782,70.32538183780079],[-111.8499269155586,70.42466314883595],[-112.89021774807813,70.64599188418751],[-113.76405045071485,70.73691900821095],[-115.59048172512891,70.76437719912892],[-116.29656693020704,70.77074774356251],[-117.0590333608711,70.74616583438282],[-117.488820043,70.7222095355547],[-117.76066299954297,70.72170599551563],[-118.50345322171094,70.95989569278126],[-118.49876877346875,71.05283697696095],[-118.37258621731641,71.08408697696095],[-118.00223251858594,71.108028017],[-117.41016098538282,71.20223578067188],[-116.9621095327461,71.18755682559376],[-116.16113754788282,71.25117071719532],[-115.74225327053907,71.29855688662892],[-115.5170411733711,71.42342718692188],[-115.69346329251172,71.57892187686329],[-116.60404678860547,71.54600866885548],[-117.31387802639844,71.47455175967579],[-117.49078079739454,71.49758490176563],[-117.74024673977735,71.58288153262501],[-118.04492661038282,71.73842962832813],[-118.33756729641797,71.82390173526173],[-118.64906784573438,71.79981573672657],[-118.96837326565625,71.908809267],[-118.98560806790235,72.03416784854298],[-118.3987550405586,72.47567328067188],[-117.21970840969922,72.85729559512501],[-116.81048294583204,72.92147406192188],[-116.6428956655586,73.00113257022267],[-116.05919357815625,73.12137182803517],[-115.46322342434766,73.19405706973438],[-115.14786240139844,73.31409033389454],[-114.64695450344922,73.35488470645313],[-114.18506332913282,73.24422796817188],[-114.21641251126172,73.14866980166798],[-114.46294113675,72.98932989688282],[-114.47271439114454,72.62509497256642],[-114.10439011135938,72.64158209414845],[-113.7534913686836,72.69756659121876],[-113.24133011380079,72.94402655215626],[-112.83889481106641,72.95272406192188],[-112.06347366848829,72.8431812152422],[-111.64081284085157,72.7252612933672],[-111.7255372671211,72.3305850848711],[-111.49362656155469,72.36252173037892],[-111.1966066030586,72.37095984073048],[-110.8402833608711,72.47403296084767]]],[[[-125.90372940579297,72.15463598819142],[-125.66236588040235,72.20223578067188],[-125.39703842678907,72.33649023623829],[-125.18065353909375,72.43140753360157],[-125.14468857327344,72.6051212176836],[-125.34129044094922,72.96895941348438],[-125.09274002591016,72.96944006533985],[-124.882130589875,73.04924353213673],[-124.74393936673047,73.21648748965626],[-124.24723526516797,73.45660742373829],[-124.01027390042188,73.7209888324297],[-124.06482407132032,73.86521490664845],[-124.18706985989454,73.9372745379961],[-124.74035355130079,74.24206884951954],[-124.90926071682813,74.44366034121876],[-124.51832291165235,74.44438513369923],[-124.14805313626172,74.469356142],[-123.49339005032422,74.44630011172657],[-123.05698105374219,74.43905218692188],[-122.37542435208204,74.48072393985157],[-121.79778763333204,74.54656561465626],[-121.23873611966016,74.58000525088673],[-121.01623245755079,74.52375372500782],[-119.55740067044141,74.16311224551563],[-119.1441163686836,74.12362249942188],[-118.82578751126172,74.14837225528126],[-118.23335739651563,74.20589026065235],[-117.68313309231641,74.19886358828907],[-117.33621689358594,74.1672778949297],[-116.72863480130079,73.99942358584767],[-115.65367600003125,73.63253363223438],[-115.76273056546094,73.56834753604298],[-115.95703598538282,73.55200537295704],[-116.07413193264844,73.51982458682423],[-116.79817673245313,73.3747745379961],[-117.28129288235547,73.3101001605547],[-118.10413071194532,73.11756476016407],[-118.58500381985547,72.97368963809376],[-119.30700394192579,72.64763220401173],[-119.76836868801954,72.39426764102345],[-120.01549240628125,72.35442694278126],[-120.45359512844922,72.29851111026173],[-120.42398544827344,71.88257940860157],[-120.54559799710157,71.65563543887501],[-120.84349533596875,71.53027685733204],[-121.39040085354688,71.47469671817188],[-121.9362306264961,71.50484045596485],[-122.17036911526563,71.28651007266407],[-122.57442184964063,71.14598425479298],[-122.9911393789375,71.1529956683672],[-123.46767136135938,71.19864233584767],[-123.63045975247266,71.40821417422657],[-123.87772842923047,71.6181827411211],[-124.07214066067579,71.73496588321095],[-124.57726761380079,71.89828070254688],[-125.18922897854688,71.92847784610157],[-125.61702438870313,71.99038275332813],[-125.8278321889961,72.07625158877735],[-125.90372940579297,72.15463598819142]]],[[[-113.54858871975782,76.13347204776173],[-112.85117813626172,76.2274585589922],[-112.57360550442579,76.16057165713673],[-111.84267899075391,75.81779821963673],[-111.38564011135938,75.65990789981251],[-110.98180862942579,75.64398535342579],[-110.54980179348829,75.66985663028126],[-109.91188522854688,75.62935217471485],[-109.64591690579297,75.63817175479298],[-109.14380356350782,75.71422155948048],[-109.10258957425,75.84810217471485],[-109.35303970852735,76.0993839129961],[-109.77642532864454,76.27548559756642],[-110.38248154202344,76.43488653750782],[-109.95056625882032,76.57979162783985],[-109.7145280508125,76.75022467227345],[-109.45846268216016,76.81887396426563],[-108.9650163320625,76.87095984073048],[-108.73676010647657,76.79466589541798],[-108.38873764553907,76.48948248477345],[-108.39633652249219,76.30341681094532],[-108.16327377835157,76.00918158145313],[-107.908741918,75.95932348819142],[-107.5036134389961,75.94330175967579],[-106.6914796499336,75.76065405459767],[-106.84192368069532,75.96972235293751],[-106.77398392239454,76.09585913272267],[-106.58995529690625,76.12985571475392],[-105.91720291653516,76.02183874698048],[-105.49804398098829,75.84656866641407],[-105.6294679311836,75.66247137637501],[-105.61217972317579,75.43771704287892],[-105.77345749417188,75.23006781192188],[-106.03122421780469,75.10556372256642],[-106.37100693264844,75.05539282412892],[-106.72284409085157,75.05475195498829],[-107.47962662258985,75.01208075137501],[-107.99983688870313,75.04409369082813],[-108.79049393216016,75.1251407489336],[-109.07034012356641,75.13287695498829],[-109.57822128811719,75.0080982074297],[-110.08770462551954,74.91732367129688],[-110.42956253567579,74.83542212100392],[-110.86916824856641,74.72097357364063],[-111.60055252591016,74.58991583438282],[-112.20279404202344,74.49975927920704],[-113.1061296133125,74.51426275821095],[-113.44279190579297,74.54597815127735],[-114.09329697171094,74.67438086123829],[-114.21727463284375,74.84457739444142],[-113.92581650296094,74.90203436465626],[-113.37738510647657,74.91930731387501],[-113.04501053372266,74.98504980655079],[-112.66200729885938,75.01877173037892],[-112.13744064846875,75.04448278994923],[-111.85770126858594,75.0367847308672],[-111.36728378811719,75.10374792666798],[-111.14969345608594,75.35251959414845],[-112.39542862454297,75.3916431293047],[-112.81146713772657,75.41577490420704],[-113.5153321889961,75.28998907657032],[-114.24673935452344,75.21405371280079],[-114.82800003567579,75.19640692325001],[-115.18592545071485,75.15434607119923],[-115.94211288967969,75.31025274844532],[-116.15804764309766,75.2352710589922],[-116.57205673733594,75.20137365908985],[-117.01242538967969,75.25847967715626],[-117.39662643948438,75.40709265323048],[-117.38604446926954,75.4569507464922],[-116.99784561673047,75.64924200625782],[-116.50357529202344,75.67523535342579],[-115.58224960842969,75.6853443011797],[-115.15033432522657,75.75680121035938],[-116.15000626126172,75.93451269717579],[-116.29640671292188,76.23778875918751],[-116.06982132473829,76.26353033633595],[-115.80212112942579,76.34003790469532],[-115.37674423733594,76.38309057803517],[-114.94804092923047,76.44312628360157],[-114.37239548245313,76.46963080020313],[-114.13768478909375,76.38546331973438],[-113.84507462063672,76.21712835879688],[-113.54858871975782,76.13347204776173]]],[[[-122.15077683010938,76.58204229922657],[-121.92444321194532,76.64194067569142],[-121.57771774807813,76.70210608096485],[-121.13805100003125,76.88191565127735],[-120.75637527981641,76.97665747256642],[-120.42987534085157,77.05430945010548],[-120.18304916897657,77.20914038272267],[-119.69557663479688,77.3132511004961],[-119.12110611477735,77.34878882022267],[-117.98157974758985,77.41988714785938],[-117.22555252591016,77.41268499942188],[-116.82597061673047,77.54295691104298],[-116.3590821889961,77.57839544864063],[-115.6824464468086,77.38117560000782],[-116.02256485501172,77.33745916934376],[-116.40591904202344,77.23350103946095],[-116.5047120718086,77.11317022891407],[-116.45067307034375,76.99339636416798],[-116.239552464875,76.78039892764454],[-116.58939072171094,76.77971228213673],[-116.99986740628125,76.72786291690235],[-117.4130372671211,76.42998846621876],[-117.86330124417188,76.43759497256642],[-118.253224339875,76.87889441104298],[-118.56545731106641,76.94660528750782],[-118.73600479641797,76.93774756045704],[-118.83890244046094,76.80952032657032],[-119.10330673733594,76.65579565616017],[-119.38677689114454,76.37546881289845],[-119.65475174466016,76.30734594912892],[-119.78256699124219,76.13846167178517],[-120.09985825100782,75.97814520450001],[-120.4540300039375,75.95227392764454],[-120.69237991848829,76.03579290957813],[-121.11997696438672,76.24549444766407],[-121.31075760403516,76.29576452823048],[-121.45937058010938,76.270137392],[-121.71133896389844,76.17692907901173],[-122.28210159817579,76.15056189151173],[-122.63580032864454,76.27636297793751],[-122.76305100003125,76.4198184833086],[-122.6593522695625,76.53863104434376],[-122.15077683010938,76.58204229922657]]],[[[-111.99119278469922,77.97737463565235],[-110.93312546292188,78.0229907855547],[-110.71011826077344,78.02342566104298],[-109.6612062124336,77.9498706683672],[-110.36876389065625,77.6590762958086],[-110.61967178860547,77.5374942645586],[-111.45208450833204,77.51861914248829],[-111.9103517202461,77.48321875186329],[-112.76443192044141,77.5507007464922],[-113.02425095120313,77.6020923480547],[-113.16021439114454,77.79247625918751],[-113.00970169583204,77.92320593448048],[-112.3957032827461,78.00277289004688],[-111.99119278469922,77.97737463565235]]],[[[-104.96614548245313,78.5338550433672],[-105.03872391262891,78.63947638125782],[-104.88800522366407,78.7015796527422],[-104.52705856839063,78.70228155703907],[-103.76779648342969,78.5978198871172],[-103.37756058255079,78.60736425967579],[-103.39164444485547,78.71326788516407],[-103.50526901760938,78.83688696475392],[-104.11021133938672,79.05759771914845],[-104.3707780508125,79.1016040668047],[-104.85461899319532,79.13631018252735],[-105.48097702542188,79.22424658389454],[-105.45151230374219,79.4031177386797],[-104.44108292141797,79.45878943057423],[-103.3647966055,79.38917120547657],[-103.01836868801954,79.22005041690235],[-102.56874558010938,79.01609381289845],[-101.67850967923047,78.92900427432423],[-100.69334885159375,78.87771948428517],[-100.16321274319532,78.77248724551563],[-99.89162155667188,78.65814550967579],[-99.38644882717969,78.3336368426836],[-99.12512680569532,78.13284643741017],[-99.0493898061836,77.94112738223438],[-99.26583572903516,77.85375555606251],[-99.67964645901563,77.79218634219532],[-100.1997804311836,77.81724127383595],[-100.47145554104688,77.8949161395586],[-100.8882341055,78.18188055606251],[-101.16788193264844,78.26887091250782],[-102.56360336819532,78.31003149600392],[-103.23246475735547,78.27368506045704],[-103.51249405423047,78.27315100283985],[-104.16248032132032,78.29821356387501],[-104.50756546536329,78.36770971866017],[-104.96614548245313,78.5338550433672]]],[[[-60.47882935086133,46.53463705630664],[-60.58390900174024,46.38494452090625],[-60.701649632843754,46.33273275943164],[-60.96255203762891,46.18930395694141],[-61.07202621975782,45.98780783267383],[-60.8369874624336,45.8779369220293],[-60.761254277619145,45.89105948062305],[-60.63574692288282,46.00814398379688],[-60.446495976837895,46.170840822175784],[-60.16898056546094,46.314288698152346],[-60.02992722073438,46.2885700091875],[-59.807160344513676,46.081195436433596],[-59.88658234158399,45.92523153872852],[-59.997216191681645,45.853622041658205],[-60.507443395050785,45.66449698062305],[-60.814118352326176,45.644427858308596],[-61.02502914944532,45.669959627107424],[-61.24845978299024,45.79276617617969],[-61.4087533620918,46.04556234927539],[-61.38057419339063,46.33138998599414],[-61.04663178006055,46.66355475039844],[-60.62712189236524,47.132892213777346],[-60.259755101593754,46.938312135652346],[-60.42846008816602,46.74282034488086],[-60.47882935086133,46.53463705630664]]],[[[-57.860138860138676,49.98790320010547],[-57.35559937039258,50.59522970767383],[-56.70151611843946,51.18450125308399],[-56.37553116360547,51.38363989444141],[-56.15243240872266,51.47014959903125],[-55.56076523342969,51.557410798982424],[-55.4716310171211,51.524459444001955],[-55.42203995266797,51.42521246524219],[-55.55651947537305,51.325660310701174],[-55.818478551300785,51.311927400544924],[-55.927426305207035,51.25215872378711],[-55.7703370718086,51.054061494783205],[-56.11002823391797,50.70324286075],[-56.66153427639844,50.05606039615039],[-56.78360840359571,49.81942709536914],[-56.73264023342969,49.68838842959766],[-56.68308350125196,49.68849142642383],[-56.49043747464063,49.76755102725391],[-56.27307602444532,50.01732214541797],[-56.06706329861524,50.10332068057422],[-55.56535049954297,49.96609076114063],[-55.96837708035352,49.65711935611133],[-55.85082336941602,49.56558188052539],[-55.747582402619145,49.53301580996875],[-55.10733887234571,49.27880819888477],[-54.76619049588086,49.29257162661914],[-54.61985107937696,49.47625311465625],[-54.481068578156254,49.50271948428516],[-54.15790649929883,49.47714193911914],[-53.78617569485547,49.38615759463672],[-53.50910278836133,49.281924806550784],[-53.64291855374219,49.15072592349414],[-53.81075760403516,49.04568441958789],[-54.1295785574043,48.83571585269336],[-53.97684189358594,48.68562277408008],[-53.762562718781254,48.522647462800784],[-53.64546295681836,48.51633032412891],[-53.457848515900395,48.58859213443164],[-53.24904343167188,48.647822938875],[-53.123932805451176,48.595782838777346],[-53.11499496975782,48.523910127595705],[-53.22929474392774,48.406077943757815],[-53.41130157986524,48.294688783601565],[-53.81251617947461,48.24819525332813],[-53.881710973175785,48.18930014224414],[-53.7587403921211,48.026343904451174],[-53.702877965363285,47.843768678621096],[-53.57676025906446,47.73966559024219],[-53.49431702175977,47.831134401277346],[-53.35560699978711,47.94882544131641],[-53.11841293850782,47.87753256411914],[-53.16281982937696,47.67528494449024],[-53.095814671906254,47.55154760928516],[-52.77368256131055,47.53914602847461],[-52.7351808218086,47.54574164004688],[-52.72859665432813,47.45452459903125],[-52.80421921292188,47.31755789370899],[-52.91651245633008,47.02434118838672],[-53.06955811062696,46.731273256257815],[-53.1696176199043,46.76358374209766],[-53.48929688015821,46.82150610537891],[-53.62491318264844,46.88628729434375],[-53.64374634304883,47.179156862214846],[-53.91421982327344,46.996341310457034],[-54.08243652859571,46.98951681704883],[-54.125058141144535,47.11310537906055],[-53.90126129666211,47.40660818667774],[-53.896332707794926,47.556502901033205],[-54.08567139187696,47.77127035708789],[-54.21135040799024,47.80363806338672],[-54.385827031525395,47.627242647126955],[-54.57618042508008,47.496505342439455],[-54.74048706570508,47.43102224917774],[-54.93616196194532,47.339435182527346],[-55.18451782742383,47.09800299258594],[-55.40785309353711,46.947852693513674],[-55.80424591580274,46.96660193057422],[-55.90387817898633,47.06403311343555],[-55.829613652619145,47.129275880769534],[-55.2766847280586,47.312701784089846],[-55.06697556057813,47.54769095034961],[-54.78262039700391,47.711227022126955],[-55.09711166897657,47.769290529207034],[-55.36751266995313,47.79486044497852],[-55.51267334500196,47.58592947574024],[-55.69772049466016,47.579051576570315],[-55.75613876858594,47.6506305560625],[-55.73852631131055,47.87240942569141],[-56.07894608059766,47.865218721345705],[-56.14558884182813,47.7346263751543],[-56.33007141629102,47.63647421450977],[-56.80369278469922,47.615977846101565],[-57.1229867605293,47.64144095034961],[-57.63544556179883,47.725204072908205],[-58.09052368679883,47.763438783601565],[-58.70043274441602,47.736156068757815],[-59.1565560964668,47.6700511798418],[-59.22169586697461,47.75470694156055],[-59.31852051297071,47.963252626375],[-59.234486546906254,48.04174002261524],[-58.981991734894535,48.19237478824024],[-58.6517953542793,48.375892244294924],[-58.42566391507032,48.44818075747852],[-58.13945099392774,48.59906729312305],[-58.68046661892774,48.70259817691211],[-58.39204498806836,49.036754213289065],[-58.23106094876172,49.10906179995899],[-58.10562607327344,49.08312185855274],[-57.97400375882032,49.08337362857227],[-57.81418701687696,49.201522432283205],[-58.12770172634961,49.49563940616016],[-58.09229370633008,49.59399374575977],[-57.860138860138676,49.98790320010547]]],[[[-86.19711777249219,64.35553320498829],[-86.24284073391797,64.54231604190235],[-86.1951417593086,64.7295337543047],[-86.0160417226875,65.10541876407032],[-85.82079025784375,65.36003454776173],[-85.70657059231641,65.65157660098438],[-85.5575456289375,65.86355169864063],[-85.05792709866407,65.60906561465626],[-85.19839951077344,65.3757511004961],[-84.842335668,65.20199164004688],[-84.60504623928907,65.18065222354298],[-84.42397781887891,65.39174994082813],[-84.12235733548047,65.34141119571095],[-83.75972458401563,65.21129187198048],[-83.34707352200391,64.9798999652422],[-83.08543106594922,64.86502417178517],[-82.10960861721875,64.6435733661211],[-81.91070267239454,64.52167852969532],[-81.83135696926954,64.40681036563282],[-81.87212845364454,63.9907184466875],[-81.62959763089063,63.96968802066211],[-81.37314316311719,63.998797975496096],[-80.95304581204297,63.97811850161914],[-80.63767715969922,63.91426809878711],[-80.17938705960157,63.722003541902346],[-80.36790176907422,63.678756319001955],[-80.48860641995313,63.62138708682422],[-80.69595047512891,63.4996295795],[-81.12308212796094,63.52020987124805],[-81.40321823635938,63.576827608064455],[-82.00050827542188,63.632823549226565],[-82.19765183010938,63.68960150332813],[-82.49345108548047,63.939429841951174],[-82.73103806057813,64.07508429141407],[-83.1885499624336,64.18176611514454],[-83.42594620266797,64.17413672061329],[-83.51739212551954,64.05209692569142],[-83.43925186673047,63.78738363833789],[-83.49581619778516,63.74437292666797],[-84.08714005032422,63.671790681794924],[-84.39013382473829,63.44987829776172],[-84.65469070950391,63.31390341372852],[-85.15679642239454,63.184730134919924],[-85.46279617825391,63.205516420320315],[-85.43207260647657,63.59783133120899],[-85.60072800198438,63.74755819888477],[-86.0320558218086,63.67527350039844],[-87.10120102444532,63.5446849689043],[-87.05285355130079,63.751990877107424],[-86.80083939114454,63.888370119050784],[-86.06107803860547,64.14051397891407],[-86.19711777249219,64.35553320498829]]],[[[-75.47483536282422,68.2541690692461],[-75.11950394192579,68.11297186465626],[-75.12882706204297,67.90422400088673],[-75.14626022854688,67.57702978701954],[-75.30917831936719,67.45801123233204],[-75.77039810696485,67.30152472110157],[-76.2692384389961,67.24877508731251],[-76.86277481594922,67.26248510928517],[-77.06481644192579,67.328731142],[-77.16953751126172,67.43970068545704],[-77.24754044094922,67.6548038348711],[-77.11246964016797,67.84839972110157],[-76.79418655911329,68.14715155215626],[-76.49629684964063,68.26720770450001],[-75.88468643704297,68.34309729190235],[-75.47483536282422,68.2541690692461]]],[[[-72.72998520413282,64.01499518008595],[-73.14795395413282,64.34406622500782],[-73.16355606594922,64.57397039981251],[-73.6656007436836,64.60179480166798],[-74.25550552883985,64.76624640078907],[-74.55905624905469,64.78008612246876],[-74.4312028555,64.43503912539845],[-74.50111862698438,64.39181860537892],[-74.68512436428907,64.39863928408985],[-75.45184799710157,64.5481143817461],[-75.59100815335157,64.5334659442461],[-75.73706528225782,64.39667852969532],[-75.93552872219922,64.26706274600392],[-76.52609726467969,64.23010595889454],[-77.13303085842969,64.3078800067461],[-77.73748489895704,64.39293249698048],[-78.10336777249219,64.50722845645313],[-78.12671371975782,64.65100439639454],[-78.03855606594922,64.83122595401173],[-77.86662003079297,64.99017675967579],[-77.38702103176954,65.06357153506642],[-77.30074783841016,65.14354284854298],[-77.35837265530469,65.37593420596485],[-77.265919652375,65.3906436786211],[-76.65509506741407,65.34089239688282],[-76.02154251614454,65.2621036395586],[-75.78904434719922,65.1971851214922],[-75.35587021389844,64.91551550479298],[-75.33303543606641,65.08917578311329],[-75.40231796780469,65.17612036319142],[-75.3676042226875,65.26336248965626],[-75.10431381741407,65.27838476748829],[-74.66482254544141,65.32281836123829],[-74.37125870266797,65.39608343692188],[-74.07912918606641,65.44756659121876],[-73.84737106839063,65.41888006778126],[-73.49424454251172,65.40500219912892],[-73.41992661038282,65.52888067813282],[-73.93200394192579,65.89995916934376],[-74.27988907376172,66.0602222308672],[-74.33333298245313,66.1626392230547],[-74.25811478176954,66.23606451602345],[-73.99428268948438,66.26588018985157],[-73.67012497464063,66.37652929873829],[-73.0359620718086,66.64232214541798],[-72.87354752102735,66.88572271914845],[-72.52695938626172,67.09307440371876],[-72.30491348782422,67.26360663028126],[-72.35401627102735,67.5303150043047],[-72.75854202786329,67.90864904971485],[-72.94171616116407,68.13196142764454],[-73.18491837063672,68.29580267520313],[-73.37102982083204,68.29544409366017],[-73.9370851186836,68.44398077578907],[-74.40533920803907,68.66039618106251],[-74.51526352444532,68.87041815371876],[-74.75226303616407,69.04297979922657],[-74.95113846341016,68.95230444522267],[-75.19905563870313,68.86163672061329],[-75.57037064114454,68.86846502871876],[-75.70226761380079,68.81561621280079],[-75.9815187124336,68.80757483096485],[-76.54644485989454,68.73144873233204],[-76.64257523098829,69.03191717715626],[-76.17831894436719,69.05538519473438],[-75.62469955960157,69.1016040668047],[-75.5516862539375,69.22233923526173],[-76.27321335354688,69.50035437198048],[-76.971486058625,69.80196722598438],[-77.36704727688672,69.80879553408985],[-77.62225052395704,69.89180334658985],[-77.69864365139844,70.13574560733204],[-78.00343796292188,70.28839453311329],[-78.20575424710157,70.31102331729298],[-78.61879440823438,70.44847448916798],[-78.92800613919141,70.60174139590626],[-79.10110184231641,70.65532263369923],[-79.37588974514844,70.58551367373829],[-79.74046799221875,70.66953619571095],[-80.27011581936719,70.77648504825001],[-80.48997208157422,70.81468542666798],[-80.66049667874219,70.7526050433672],[-80.4223146108711,70.61433752627735],[-80.21841141262891,70.59160955996876],[-78.94103714505079,70.27132757754688],[-78.74377914944532,70.14908178897267],[-78.71291824856641,70.01144751162892],[-78.94031998196485,69.91211279483204],[-79.24144455471875,69.88117560000782],[-79.48502060452344,69.89590033145313],[-79.82562729397657,69.91806372256642],[-80.19363113919141,70.03159674258595],[-80.71258255520704,70.15307196231251],[-81.01278397122266,70.18313177676563],[-81.15784927883985,70.10628088565235],[-81.13795181790235,70.01452215762501],[-80.94608780423047,69.90837439151173],[-80.82937332669141,69.71139105410938],[-81.59563919583204,69.96033819766407],[-81.8072023061836,69.98272284121876],[-81.9857682851875,69.92922552676563],[-82.26922318020704,69.86035498233204],[-82.61401840725782,69.95842321963673],[-82.9261979726875,70.01121100039845],[-83.31288620510938,69.95712622256642],[-83.97604843655469,70.03979834170704],[-84.87373825589063,70.11462744326954],[-85.46806046048047,70.09821661563282],[-85.98391434231641,70.11257513614063],[-86.37189194241407,70.19607122989063],[-86.37334915676954,70.46471747012501],[-86.5369386343086,70.5336109027422],[-86.94351669827344,70.5559497699297],[-87.12148758450391,70.40182837100392],[-87.40170761624219,70.36290320010548],[-87.94801041165235,70.38491400332813],[-88.432179418,70.4608341083086],[-89.0185060171211,70.67528112979298],[-89.20502182522657,70.84467657657032],[-89.14980789700391,70.96847113223438],[-88.75948807278516,71.0001407489336],[-88.25040146389844,70.9701343402422],[-87.70470902005079,70.92475470157032],[-87.30907150784375,70.93323095889454],[-87.16879745999219,71.0185962543047],[-87.58923813382032,71.22703131289845],[-87.94921585598829,71.35059698672657],[-88.35641953030469,71.39648779483204],[-88.85416885891797,71.45000036807423],[-89.19248673001172,71.43380316348438],[-89.43504807034375,71.44115027041798],[-89.99718185940625,71.54128607364063],[-89.94577499905469,71.72854956241017],[-89.8140382436836,71.97903784366017],[-89.66103073635938,72.04202612491017],[-89.37052628079297,72.06609686465626],[-89.33408829251172,72.16812475772267],[-89.82086655178907,72.34799536319142],[-89.84069534817579,72.4266544208086],[-89.63864609280469,72.78225287051563],[-89.10018631497266,73.19565161319142],[-88.84568497219922,73.32347448916798],[-88.43248459378125,73.46773108096485],[-88.09924789944532,73.63606604190235],[-87.90911575833204,73.65243109317188],[-87.74258896389844,73.73274572940235],[-87.42840286770704,73.73333319278126],[-87.21197220364454,73.78979834170704],[-86.89243790188672,73.83047064395313],[-86.24622818508985,73.87976416201954],[-85.63981339016797,73.86487921328907],[-85.25420853176954,73.77745398135548],[-85.66801926175,73.60064276309376],[-86.03497787991407,73.38448675723438],[-86.66202255764844,73.09690435977345],[-86.85536667385938,72.85866888614063],[-86.77941605130079,72.69270666690235],[-86.21417709866407,72.44921454043751],[-86.41395279446485,72.31502112002735],[-86.44830795803907,72.13428076358204],[-86.33253952542188,71.99340399356251],[-85.94468399563672,71.74386938662892],[-85.24308487454297,71.46454962344532],[-85.28621384182813,71.41001471133595],[-85.85851761380079,71.26132544131642],[-85.8910417226875,71.12166937442188],[-85.45937820950391,71.1069751605547],[-84.78257462063672,71.06174810977345],[-84.48840805569532,71.34930761905079],[-84.53479477444532,71.53593786807423],[-84.68887039700391,71.66037329287892],[-85.01463791409375,71.7065845355547],[-85.20471664944532,71.76867254825001],[-85.60245987454297,72.01044806094532],[-85.55708786526563,72.08105810733204],[-85.32933517971875,72.1913257464922],[-85.11649033108594,72.27814825625782],[-84.66581436673047,72.22400244326954],[-84.28931900540235,72.25612982364063],[-84.8311280874336,72.46757849307423],[-85.1472901968086,72.48272284121876],[-85.50441452542188,72.60823401065235],[-85.52945419827344,72.69505652041798],[-85.50572678128125,72.94040258975392],[-85.10701462307813,73.08395727725392],[-84.56403061428907,73.04527624698048],[-83.88481613675,73.07036169619923],[-84.30760666409375,73.19668158145313],[-84.86234756985547,73.35480841250782],[-84.50545975247266,73.49106176944142],[-83.92613693753125,73.57995184512501],[-83.45605942288282,73.6367603168047],[-82.69679733792188,73.78223761172657],[-82.19520279446485,73.77515753360157],[-81.9064454702461,73.75168188662892],[-81.53178116360547,73.68835791201954],[-81.1798829702461,73.47333105655079],[-80.48866745510938,73.0370059833086],[-80.46250626126172,72.97363623233204],[-80.72470566311719,72.66456183047657],[-81.0436296133125,72.38013800235157],[-81.02679916897657,72.05034216494923],[-80.86314865628125,72.01147039981251],[-80.57043167630079,71.99636419864063],[-80.08084579983594,72.13838537783985],[-79.95325180569532,72.34285315127735],[-79.68542954007032,72.38270147891407],[-79.32958694973829,72.36761053653126],[-79.12538620510938,72.28935583682423],[-79.1281022695625,72.1715503558672],[-79.05625626126172,71.96002539248829],[-78.66254135647657,71.87471350283985],[-78.57442947903516,71.92962225528126],[-78.66637131253125,72.31380804629688],[-78.56825729885938,72.36905249209767],[-78.3633546499336,72.58214148135548],[-77.89602371731641,72.70142706485157],[-77.45512100735547,72.7259708270586],[-77.11871048489454,72.71080359073048],[-76.67750259915235,72.63264044375782],[-76.14996811428907,72.57049902530079],[-75.63189407864454,72.61091192813282],[-75.32202621975782,72.54841955752735],[-75.17511459866407,72.43048437686329],[-74.89579483548047,72.28155096621876],[-74.63760849514844,72.19563635440235],[-74.31274887600782,72.03939398379688],[-74.31251999417188,71.95327337832813],[-74.55149551907422,71.91369970889454],[-74.7694825796211,71.78821142764454],[-75.13748642483594,71.67045935244923],[-75.20393845120313,71.56898077578907],[-75.0015382436836,71.45260962100392],[-74.80947586575391,71.42185553164845],[-74.40550705471875,71.60943945498829],[-74.11193558255079,71.68795355410938],[-73.88599869290235,71.66498907657032],[-73.67181870022657,71.55626257510548],[-73.50741287747266,71.3465762958086],[-73.27524277249219,71.16077002139454],[-73.12122818508985,71.26964911075001],[-72.53455826321485,71.62851294131642],[-71.66396805325391,71.51330145450001],[-71.2525148061836,71.35079535098438],[-71.2754640249336,71.31968268008595],[-71.56268021145704,71.16398962588673],[-71.8815202383125,70.93118628116017],[-71.3563737539375,70.95534857364063],[-71.15183731594922,71.03308447451954],[-70.66658493557813,71.08045538516407],[-70.65164658108594,70.76364477725392],[-70.2928971914375,70.61790808291798],[-70.05768295803907,70.64914282412892],[-69.68381973782422,70.74232061953907],[-69.09158798733594,70.78199347110157],[-68.72420212307813,70.68246039004688],[-68.46938797512891,70.55974157901173],[-68.54205795803907,70.4903980121172],[-68.74963089505079,70.39014776797657],[-69.59112259426954,70.19687231631642],[-69.69810196438672,70.07418402285938],[-69.46268173733594,69.96011694522267],[-69.2578858999336,69.99093969912892],[-68.92173477688672,70.06799658389454],[-68.36594101467969,70.12256964297657],[-68.18324753323438,70.25313147158985],[-68.020802464875,70.29944952578907],[-67.80499741116407,70.26916082950001],[-67.57548233548047,70.18530615420704],[-67.33066269436719,70.0327335223711],[-67.04430100003125,69.79770239444142],[-67.50281998196485,69.79684027285938],[-68.04297348538282,69.7730899676836],[-68.2338380483711,69.71212347598438],[-68.20718094387891,69.59102972598438],[-68.03990646878125,69.53081091494923],[-67.43982407132032,69.50169714541798],[-67.01748367825391,69.4193530902422],[-66.77281662503125,69.3216739520586],[-66.6681413320625,69.18608435244923],[-66.83469864407422,69.17071112246876],[-67.171193089875,69.17010840030079],[-67.62610336819532,69.20692022891407],[-68.0199479726875,69.30424841494923],[-68.39073654690625,69.33374365420704],[-68.5331544546211,69.25049170108204],[-67.9796876577461,68.98788031192188],[-68.07704636135938,68.89747198672657],[-68.77549454251172,68.84355505557423],[-68.66534897366407,68.71612890811329],[-68.46889969387891,68.64146765323048],[-68.22118851223829,68.62696417422657],[-67.62220474758985,68.46326788516407],[-67.03155991116407,68.30730017276173],[-66.92033096829297,68.22531469912892],[-66.90283676663282,68.09846075625782],[-66.74474045315625,67.92732580752735],[-66.40713974514844,68.02482946963673],[-66.16580673733594,68.00291021914845],[-65.5299806264961,67.87005194278126],[-65.39576431790235,67.90005835147267],[-65.10330673733594,67.96766241641407],[-64.82885452786329,67.95325811953907],[-64.49024673977735,67.78271063418751],[-64.1021127370918,67.56798895450001],[-63.93301102200391,67.41257055850392],[-64.24091049710157,67.36752661319142],[-64.60143753567579,67.31503637881642],[-64.61375137844922,67.11526831241017],[-64.25592514553907,67.11595495791798],[-63.62352081814649,67.13930853457813],[-63.39402863064649,67.19887884707813],[-62.991383519562504,67.17744787783985],[-63.16489120999219,66.92600592227345],[-62.75194641629102,66.84569128604298],[-62.52050873318555,66.8461109027422],[-62.0961312917793,67.01658209414845],[-61.78801056424024,66.86221655459767],[-61.297848668488285,66.67901190371876],[-61.21058365383985,66.63500555606251],[-61.33414169827344,66.53183325381642],[-61.4488038686836,66.48754461856251],[-61.49476334133985,66.34064062686329],[-61.8635987905586,66.31794317813282],[-62.18677612820508,66.412715517],[-62.297665563019535,66.43455084414845],[-62.655121770294926,66.33845099063282],[-62.21956345120313,66.1340518817461],[-62.093983617218754,66.06109961123829],[-62.06825348416211,65.93681677432423],[-62.54404160061719,65.848262392],[-62.7042855886543,65.74577673526173],[-62.84475418606641,65.61426123233204],[-63.01228806057813,65.66497381778126],[-63.38090607205274,65.9270435199297],[-63.51127716580274,65.43099554629688],[-63.35199829617383,65.02465399356251],[-63.540646520050785,64.99533423037892],[-63.84556290188672,65.11074408145313],[-64.18360992947461,65.18993719668751],[-64.2758073476875,65.26961859317188],[-64.28371140042188,65.37862738223438],[-64.42532059231641,65.50203283877735],[-64.84370895901563,65.3775821551836],[-65.1778077749336,65.65362890811329],[-65.15501877346875,65.78496130557423],[-65.03384872952344,65.95320471377735],[-65.17034622708204,66.01143988223438],[-65.27105423489454,66.01856573672657],[-65.71737381497266,66.05430945010548],[-66.04065414944532,66.18549688907032],[-66.56691452542188,66.46326788516407],[-66.91284653225782,66.59490545840626],[-67.25594803372266,66.61633642764454],[-67.45918747464063,66.51303442569142],[-67.74914261380079,66.47574194522267],[-67.75987717190625,66.37292059512501],[-67.63354965725782,66.29246100039845],[-67.16103073635938,65.9857593402422],[-67.3054933218086,65.93429907412892],[-67.61417099514844,65.91180761905079],[-67.77575394192579,66.02852209658985],[-68.08504196682813,66.18897589297657],[-68.37565323391797,66.28372534366017],[-68.25179001370313,66.06418951602345],[-67.86520859280469,65.62672003360157],[-67.59349533596875,65.61992987246876],[-67.32944199124219,65.5840030536211],[-67.10421463528516,65.32244452090626],[-66.82871719876172,64.96029242129688],[-66.5977296499336,64.76616247744923],[-66.32095810452344,64.91077002139454],[-66.19254013577344,64.88936956973438],[-65.92605301419141,64.70982702823048],[-65.66280075589063,64.58800848575001],[-65.04182907620313,64.40951880069142],[-65.3270768789375,64.35872229190235],[-65.42321487942579,64.26522406192188],[-65.30860611477735,64.17939337344532],[-65.05298325100782,64.05087622256642],[-64.61976334133985,63.85126455874805],[-64.47394272366407,63.74430426211719],[-64.36485764065625,63.43754156680469],[-64.41539475003125,63.245040498689455],[-65.00145432034375,63.76474341006641],[-65.25071426907422,63.87155111880664],[-65.26278397122266,63.76427038760547],[-65.209523168,63.64290579409961],[-64.73497482815625,63.06652411075],[-64.7393312124336,62.93145330996875],[-65.15610977688672,62.98751410098438],[-65.1324968008125,62.89520987124805],[-64.93792435208204,62.711001954988284],[-64.76775833645704,62.47744711490039],[-65.02100845852735,62.554889284089846],[-65.29797836819532,62.69613607974414],[-65.69803329983594,63.0078197345293],[-65.76305100003125,63.021930299714846],[-66.08679672757032,62.99288138003711],[-66.49595352688672,63.07743414492969],[-67.14419266262891,63.37527807803516],[-67.28792282620313,63.50336416812305],[-67.76573654690625,63.80247076602344],[-67.68161484280469,63.45271261783008],[-68.23077103176954,63.66579779239063],[-68.48602768460157,63.73677023501758],[-68.87863632717969,63.75033148379688],[-68.8360108999336,63.65038260074024],[-68.47648331204297,63.337142549470705],[-68.09262558499219,63.14558371158008],[-67.2638444570625,62.855689607576174],[-66.68069168606641,62.565921388582034],[-66.33225723782422,62.31878241153125],[-66.13322159329297,62.100040040925784],[-65.94033524075391,61.789996705964846],[-66.76501938382032,61.94356878848438],[-67.45084091702344,62.13288076968555],[-68.013966527375,62.25903280825977],[-68.66357895413282,62.307330690339846],[-69.15526291409375,62.419620119050784],[-69.55949112454297,62.70941885562305],[-70.07523819485547,62.77230032534961],[-70.3622331289375,62.86407431216602],[-70.64810654202344,62.927447877839846],[-70.67387100735547,62.862247072175784],[-70.77940079251172,62.955630861238284],[-71.3189210561836,63.06125982852344],[-71.62173935452344,63.21014364810352],[-71.69125076809766,63.33111151309375],[-71.53545853176954,63.359908662751955],[-71.25812241116407,63.567279420808596],[-71.87857529202344,63.80190237613086],[-72.38791367092969,63.858172975496096],[-72.72998520413282,64.01499518008595]]],[[[-89.04219528714063,75.46079596133595],[-88.76273056546094,75.41980322451954],[-88.66658493557813,75.45320471377735],[-88.64735123196485,75.5946460589922],[-88.51881119290235,75.61986883731251],[-88.03487106839063,75.62077673526173],[-87.63766953030469,75.70489843936329],[-87.2928971914375,75.65550573916798],[-86.91690537014844,75.54795416446095],[-86.6179933218086,75.43215521426563],[-86.17895981350782,75.40808447451954],[-85.83033463040235,75.6166187152422],[-85.20330521145704,75.74293097110157],[-84.43665787258985,75.79451330752735],[-83.55868240872266,75.9049259051836],[-82.86867996731641,75.8811221942461],[-81.70312210598829,75.87495001407032],[-81.53155991116407,75.8585391864336],[-81.17606064358594,75.71718939395313],[-80.76611038723829,75.60955389590626],[-80.12798019925,75.54416998477345],[-79.83384415188672,75.48652990908985],[-79.73917862454297,75.47008856387501],[-79.57664963284375,75.39566382022267],[-79.49518295803907,75.27981146426563],[-79.67513748684766,75.21329077334767],[-80.49992081204297,75.03009375186329],[-80.56049057522657,74.91556128116017],[-80.34932419339063,74.61590155215626],[-81.46825119534375,74.58144720645313],[-81.7345475820625,74.57284124942188],[-82.0274171499336,74.53186377139454],[-82.37299057522657,74.55549963565235],[-82.75358292141797,74.62758978457813],[-82.93595596829297,74.68396338076954],[-83.07375046292188,74.9840503558672],[-83.44872757473829,75.08227118106251],[-83.6135987905586,75.02420385928517],[-83.58102890530469,74.69896277041798],[-83.82236191311719,74.64179571719532],[-84.15853592434766,74.66548498721485],[-84.56786819973829,74.61612280459767],[-84.89556595364454,74.62362249942188],[-85.11821457425,74.6232105121172],[-85.72237106839063,74.71926458926563],[-85.98914810696485,74.80799444766407],[-86.21156021633985,74.8156925067461],[-86.30568405667188,74.62095984073048],[-87.11603256741407,74.57089575381642],[-87.48978134671094,74.53784521670704],[-88.14364334622266,74.56897314639454],[-88.3257341055,74.68200262637501],[-88.39015671292188,74.99047430606251],[-88.94714066067579,74.93242987246876],[-89.12196060696485,74.85086401553517],[-89.26858231106641,74.70455511660938],[-89.69807907620313,74.61462744326954],[-90,74.62996252627735],[-90,74.64215429873829],[-90,74.71844061465626],[-91.054005589875,74.97726782412892],[-91.35767075100782,74.75738104434376],[-91.86679550686719,74.78889807315235],[-92.16646286526563,75.0987964496172],[-92.36552139798047,75.4212833270586],[-92.10123154202344,75.63806494326954],[-92.09277817288282,75.80506476016407],[-92.22411819973829,75.94715460391407],[-92.78617569485547,76.24028357119923],[-93.06393906155469,76.37475927920704],[-93.08487412014844,76.52703436465626],[-92.7989015249336,76.58692511172657],[-92.24705215969922,76.62192114444142],[-91.13463303128125,76.63252600283985],[-90,76.59077032657032],[-90,76.47307165713673],[-90,76.45518072696095],[-89.81152817288282,76.37251623721485],[-90,76.28754767032032],[-90,76.2816577777422],[-90,76.26127966494923],[-90,76.18470343203907],[-91.15639969387891,75.97433813662892],[-90,75.95013006778126],[-90,75.96699865908985],[-90,75.96777685733204],[-89.80173965969922,75.91820105166798],[-89.59354874173047,75.85998877139454],[-89.36940475979688,75.65158423037892],[-89.04219528714063,75.46079596133595]]],[[[-86.68182846585157,81.99372442813282],[-86.50296494046094,82.03618200869923],[-86.32437607327344,82.2058292254961],[-85.7382325796211,82.3349796161211],[-84.94662949124219,82.37948950381642],[-84.05814072171094,82.28525122256642],[-83.72272202053907,82.28599127383595],[-82.56995102444532,82.22458227725392],[-81.39061447659375,82.07884558291798],[-80.74976822415235,82.03807409854298],[-80.09238144436719,81.96588476748829],[-79.8905763296211,82.03991278262501],[-80.53531357327344,82.22901495547657],[-81.28701492825391,82.3874927386797],[-81.65429398098829,82.58049353213673],[-81.52257248440625,82.68929632754688],[-80.90990158596875,82.75599249453907],[-80.41457840481641,82.86655005069142],[-79.7706803945625,82.91192968936329],[-78.69849106350782,83.00252112002735],[-77.9487809805,82.94900854678517],[-77.07408615628125,82.86298712344532],[-76.61991592923047,82.74363287539845],[-76.08424088040235,82.5387149676836],[-75.92493912258985,82.51744421573048],[-75.80209824124219,82.68012579532032],[-76.23399826565625,82.90875586123829],[-76.60654923001172,83.04038580508595],[-76.38208481350782,83.15191229434376],[-75.72928329983594,83.09775885196095],[-74.90498825589063,83.02203711123829],[-74.16105362454297,82.99055060000782],[-73.42364212551954,82.78347357364063],[-73.25343796292188,82.77292212100392],[-73.225880589875,82.86053045840626],[-73.36116501370313,83.10303839297657],[-72.55953690091016,83.10483893008595],[-71.92592331448438,83.08405645938282],[-71.55182358303907,82.96325262637501],[-71.17767044583204,82.81030615420704],[-70.89964005032422,82.81091650576954],[-70.91941544094922,82.93159063907032],[-71.06805130520704,83.1415210589922],[-70.5843019155586,83.1760440692461],[-68.92305466214063,83.00220068545704],[-67.69633194485547,82.87279852481251],[-66.82488724270704,82.90768774600392],[-65.48093124905469,82.89966162295704],[-65.04576584378125,82.8787036761797],[-64.70528885403516,82.82465704532032],[-64.64852615872266,82.82477148623829],[-64.00984283963086,82.78243597598438],[-63.51987167874219,82.69630011172657],[-63.18510529080274,82.65362127871876],[-62.42710205593946,82.63357122989063],[-61.816342320832035,82.47298010440235],[-61.989376988800785,82.31192358584767],[-62.546357121857426,82.25741919131642],[-63.08870026150586,82.09728582950001],[-63.9206056264961,82.01119574160938],[-64.36049362698438,82.0312915668047],[-65.34669205227735,82.1029468402422],[-66.37450119534375,82.10073431582813],[-66.72359940091016,82.03673895450001],[-67.58518692532422,81.9613223895586],[-67.85378738919141,81.75201757998829],[-67.5164308218086,81.58725317569142],[-67.17384048977735,81.56735571475392],[-66.71056839505079,81.58894690127735],[-65.94338699856641,81.71458014102345],[-65.58789536038282,81.7049976214922],[-65.22433945217969,81.50983770938282],[-65.29983231106641,81.45840796084767],[-65.86057755032422,81.39586218448048],[-66.48169418850782,81.30288275332813],[-67.0099382070625,81.17003973575001],[-67.95411392727735,80.93699225039845],[-68.54623886624219,80.83604773135548],[-69.08180710354688,80.67632635684376],[-69.49747177639844,80.54748877139454],[-70.5110597280586,80.54539068789845],[-70.21854111233594,80.13744696231251],[-70.42052170315625,80.05044897647267],[-71.45447250882032,79.84579046817188],[-71.79983994046094,79.85417517276173],[-72.5138444570625,79.87084539981251],[-73.17184921780469,79.9690128192461],[-74.24547287503125,80.04267462344532],[-74.54227158108594,79.89406927676563],[-73.37603470364454,79.58111914248829],[-73.6739015249336,79.51774939151173],[-74.10912796536329,79.53486212344532],[-74.69301315823438,79.52475317569142],[-75.17368027249219,79.51486548037892],[-76.33468338528516,79.6113468036211],[-77.23877426663282,79.58269079776173],[-77.29916092434766,79.2855640277422],[-76.73341080227735,79.33287390323048],[-76.25381180325391,79.3248477801836],[-75.21375748196485,79.19302710147267],[-74.96309372464063,79.12227209658985],[-74.9088639883125,78.82077368350392],[-75.0574464468086,78.73212774844532],[-75.52126785794141,78.67827185244923],[-75.75304123440625,78.3612476214922],[-76.23600479641797,78.35155066104298],[-76.43763443508985,78.37747534366017],[-76.61846634426954,78.29825171084767],[-76.48483749905469,78.18409308047657],[-76.14319321194532,78.07197149844532],[-76.29063889065625,78.01065405459767],[-77.01714798489454,77.97446783633595],[-77.40726944485547,77.99114569278126],[-78.17676254788282,78.06809576602345],[-78.36676498928907,78.03287085147267],[-78.1824464468086,77.67718084903126],[-78.21856400051954,77.57334478946095],[-78.51054092923047,77.44339331241017],[-78.85540482083204,77.37382849307423],[-79.53947159329297,77.4242130145586],[-80.45711990872266,77.4741626605547],[-81.10028549710157,77.57650335879688],[-81.55392929592969,77.54110296817188],[-82.10242935696485,77.31605108828907],[-81.63841721096875,77.2653995379961],[-81.47284409085157,77.23994024844532],[-80.50338455716016,77.1903262958086],[-79.71194931546094,77.13182409854298],[-79.02187820950391,77.05609472842579],[-78.12142654934766,77.04070623965626],[-77.82433792630079,76.88757666201954],[-77.80406662503125,76.72584112735157],[-78.21225449124219,76.54684790225392],[-79.42032333889844,76.4260440692461],[-79.8374757436836,76.3745532855547],[-80.31186386624219,76.27240332217579],[-80.81350418606641,76.2377124652422],[-81.02364059964063,76.36385687442188],[-81.38230606594922,76.65105780215626],[-81.63404556790235,76.63363226504688],[-81.91791245022657,76.63306006045704],[-82.5718507436836,76.77632483096485],[-82.57236191311719,76.6997485980547],[-82.42357346096875,76.47110327334767],[-83.08795639553907,76.4782901629961],[-83.76330277005079,76.53631170840626],[-84.1571778921211,76.67975958438282],[-84.62186905423047,76.89168127627735],[-84.79639908352735,76.86577185244923],[-84.55935379544141,76.54324682803517],[-84.66750809231641,76.46683081241017],[-85.03705307522657,76.40692480655079],[-85.81091019192579,76.45618017764454],[-86.83530899563672,76.47118719668751],[-87.27270981350782,76.50420721621876],[-87.89473434964063,76.68114813418751],[-88.18344589749219,76.74010046573048],[-88.31023880520704,76.53611334414845],[-88.58884140530469,76.46783026309376],[-89.41812607327344,76.61032446475392],[-89.3456544546211,76.87417944522267],[-89.24700638333204,76.97679480166798],[-88.56066605130079,77.02938421817188],[-88.28634354153516,77.14117773623829],[-87.85390183010938,77.21921881289845],[-87.32338425198438,77.20305212588673],[-87.09915634671094,77.28074225039845],[-87.581837621125,77.46057470889454],[-88.05123611966016,77.75362738223438],[-88.027638402375,77.82307776065235],[-87.81246658841016,77.875606142],[-87.21999832669141,77.85935553164845],[-86.43570419827344,77.81746252627735],[-86.0360841421211,77.7228198871172],[-85.53758713284375,77.49034460635548],[-84.92994400540235,77.34507330508595],[-84.44173904934766,77.3030200824297],[-83.69173904934766,77.3130298480547],[-83.31881424466016,77.37395819278126],[-83.27977463284375,77.49463995547657],[-83.04858109036329,77.63122137637501],[-84.40709396878125,77.63070257754688],[-84.86829849758985,77.70772894473438],[-84.93851181546094,78.09006079287892],[-84.84344193020704,78.15964087100392],[-85.62624069729688,78.2285343036211],[-86.50986954251172,78.29687841983204],[-86.63319107571485,78.29664190860157],[-86.9171876577461,78.24524267764454],[-86.82543655911329,78.58613928408985],[-86.30379196682813,78.8343692645586],[-85.8068132070625,78.90618475528126],[-84.97996994534375,78.90774878116017],[-84.45631119290235,78.89104803653126],[-83.83996292630079,78.85679205508595],[-82.92934128323438,78.71704443545704],[-82.32560440579297,78.66527899356251],[-82.10682388821485,78.73631628604298],[-81.59718033352735,78.75461920352345],[-83.1269044546211,79.11556585879688],[-83.91087814846875,79.2566333636797],[-85.51047989407422,79.82787664981251],[-85.69302078762891,79.7191577777422],[-86.32239243069532,80.11429174991017],[-86.31092545071485,80.23020514102345],[-86.17014786282422,80.27897986026173],[-85.3841066030586,80.2320743426836],[-84.52676865139844,80.23385199160938],[-83.61837479153516,80.20665320010548],[-82.89854141751172,80.03467138858204],[-81.758107152375,79.6819034442461],[-81.1062745718086,79.70112951846485],[-80.73164841214063,79.65851935000782],[-81.35573288479688,79.90811499209767],[-82.26256271878125,80.05098303408985],[-81.71874710598829,80.38537939639454],[-81.06368729153516,80.53345068545704],[-80.28473373928907,80.54488714785938],[-79.59666153469922,80.64473303408985],[-78.67793747464063,80.67624243350392],[-78.1571550039375,80.72676428408985],[-77.52088638821485,80.74994238467579],[-78.32092758694532,80.96535833926563],[-78.96227737942579,81.03420599551563],[-80.08788773098829,81.02182348819142],[-80.64737412014844,80.91053351016407],[-81.23448654690625,80.8394962176836],[-81.87591263333204,80.74875219912892],[-82.52704330960157,80.72762640567188],[-82.79073807278516,80.69738348575001],[-83.48032852688672,80.89461096377735],[-83.57651993313672,80.84459265323048],[-83.82089706936719,80.77450140567188],[-84.79298111477735,80.78239782901173],[-85.5038346914375,80.6180606708086],[-85.36411758938672,80.99073370547657],[-84.9230470327461,81.1223560199297],[-84.91956802883985,81.21333654971485],[-85.19237228909375,81.3244815692461],[-85.81104752102735,81.39453466983204],[-86.43675705471875,81.3932300433672],[-88.3217286733711,81.16573675723438],[-89.23553940335157,80.86361273379688],[-89.41893478909375,80.91309698672657],[-89.67523666897657,81.02620276065235],[-89.49739548245313,81.08578070254688],[-89.19254776516797,81.09640844912892],[-89.24526688137891,81.2385669574297],[-89.55920883694532,81.41771277041798],[-90,81.44271429629688],[-90,81.44431646914845],[-90,81.45074041934376],[-91.07986923733594,81.5384937152422],[-91.21858688870313,81.8373218402422],[-90,81.97420843692188],[-90,82.00650366397267],[-90,82.01732977481251],[-88.63977524319532,82.0737720355547],[-88.07137772122266,82.12784155459767],[-87.45332809964063,82.13975103946095],[-86.68182846585157,81.99372442813282]]],[[[-102.14959427395704,75.64403875918751],[-102.53358170071485,75.76855810733204],[-102.51604935208204,75.91925390811329],[-102.18336197415235,75.92824896426563],[-101.93975540676954,76.03777655215626],[-101.67547318020704,76.06351049991017],[-101.88489243069532,76.33266790957813],[-101.8056153921211,76.44272955508595],[-101.74630447903516,76.54449041934376],[-101.5259523061836,76.5364185199297],[-101.13950058499219,76.43551977725392],[-100.26542374173047,76.09980352969532],[-100.0737809805,76.0161548480547],[-99.86651321926954,76.05853613467579],[-99.91217514553907,76.16777380557423],[-100.34354874173047,76.38631018252735],[-100.51054092923047,76.44520147891407],[-100.69371506253125,76.60588415713673],[-100.4976091055,76.64870794864063],[-100.06742569485547,76.67499884219532],[-99.74658676663282,76.61616095157032],[-99.28160568753125,76.4983325824297],[-99.02444931546094,76.42261847110157],[-98.90289780178907,76.41439398379688],[-98.82989975491407,76.61788519473438],[-98.61478134671094,76.67779120059376],[-98.28622910061719,76.62742193789845],[-97.96370407620313,76.5516773089922],[-97.81654068508985,76.47571142764454],[-97.65134140530469,76.13839300723438],[-97.6666993764961,75.86142309756642],[-97.77784439602735,75.75249060244923],[-98.15150162258985,75.60161169619923],[-98.15904709378125,75.4435001239336],[-98.00159164944532,75.16206701846485],[-98.16380783596875,75.09569128604298],[-98.90576645413282,75.13558539004688],[-99.293507543,75.08530768008595],[-99.94418808499219,75.08407171817188],[-100.38708206692579,75.18238409610157],[-100.47400375882032,75.31466253848438],[-100.13029190579297,75.4896427020586],[-99.93551346341016,75.53994330020313],[-99.89571854153516,75.61497839541798],[-100.09701248684766,75.7648120746172],[-100.61935898342969,75.78890570254688],[-101.57794662991407,75.68686255069142],[-102.00087448635938,75.65265997500782],[-102.14959427395704,75.64403875918751]]],[[[-94.27181717434766,76.8989444598711],[-94.19506546536329,76.8990665301836],[-93.79452988186719,76.73796423526173],[-93.87482162991407,76.6273380145586],[-93.81957718411329,76.48328741641407],[-93.93760391751172,76.39846380801563],[-94.50722977200391,76.42276342959767],[-95.53256699124219,76.49697455020313],[-95.72408005276563,76.47120245547657],[-95.87341782132032,76.51327856631642],[-96.2765397695625,76.73324164004688],[-96.80946823635938,76.9196964129961],[-96.72310349026563,77.02238806338673],[-95.62853714505079,77.04159887881642],[-94.93447586575391,76.92328222842579],[-94.27181717434766,76.8989444598711]]],[[[-95.11810013333204,78.28045233340626],[-95.23254105130079,78.13151892276173],[-95.42885300198438,78.11369665713673],[-96.13238998928907,78.0338321551836],[-96.60195633450391,77.99805792422657],[-97.08681198635938,78.0145450458086],[-97.45977493801954,78.10106237979298],[-97.92270370999219,78.31891211123829],[-98.43719955960157,78.66092260928517],[-98.4508561758125,78.75806768985157],[-98.34324356594922,78.80250128360157],[-97.30984207669141,78.8221851214922],[-96.49246689358594,78.68230017276173],[-95.09702774563672,78.43840368838673],[-95.11810013333204,78.28045233340626]]],[[[-87.82733627835157,80.37283667178517],[-87.5041017202461,80.22775610537892],[-87.33572861233594,80.09295996280079],[-87.36558243313672,80.0160327777422],[-87.34057327786329,79.64422186465626],[-86.99668594876172,79.44534643741017],[-86.56811234036329,79.45285376162892],[-85.99371048489454,79.48603399844532],[-85.25317093411329,79.2591739520586],[-85.75851151028516,79.3781925067461],[-86.446095433625,79.2250171527422],[-87.16541763821485,79.12562140078907],[-87.53909012356641,78.95608099551563],[-87.66830154934766,78.86718329043751],[-87.78725906887891,78.72545202823048],[-87.98873611966016,78.7162280902422],[-88.66073318997266,78.90074499698048],[-88.95589157620313,78.74972113223438],[-88.74637314358594,78.5560718402422],[-88.75938889065625,78.45051153750782],[-88.9446534780586,78.36235388369923],[-89.1208009389961,78.34447821231251],[-89.60958572903516,78.48401983828907],[-90,78.62409552188282],[-90,78.33374365420704],[-90,78.30295141787892],[-90,78.28097876162892],[-90,78.26269873233204],[-91.42383286038282,78.30503424258595],[-92.07972427883985,78.37388952823048],[-92.47908493557813,78.44339331241017],[-92.70153519192579,78.43416937442188],[-94.10336014309766,79.02344854922657],[-94.18932053128125,79.14778479190235],[-93.3025636343086,79.2564884051836],[-91.80849930325391,79.2147403583086],[-91.40871902981641,79.17095526309376],[-90,79.12607153506642],[-91.8190431264961,79.43819769473438],[-93.17762466946485,79.53420599551563],[-93.67397018948438,79.4794116839922],[-94.31747147122266,79.48716314883595],[-94.58588120022657,79.40600927920704],[-95.03941055813672,79.39621313662892],[-95.31237503567579,79.4852710589922],[-95.79211136380079,79.71801336856251],[-96.43336960354688,79.93342169375782],[-96.58690353909375,80.09338720889454],[-95.70009323635938,80.03748663516407],[-94.67504593411329,80.11653479190235],[-95.24010941067579,80.22835119815235],[-95.58040329495313,80.38618048282032],[-95.40914627591016,80.52350958438282],[-95.08131882229688,80.58317907901173],[-94.73533340969922,80.59372290225392],[-94.3207292226875,80.57490881533985],[-94.25027176419141,80.67363318057423],[-95.05991837063672,81.0306583270586],[-94.58589645901563,81.08194311709767],[-94.04014298001172,81.16380652041798],[-93.53174301663282,81.12448462100392],[-93.2686280874336,81.14520605655079],[-93.20341202298047,81.22631414981251],[-93.43470474758985,81.43978460879688],[-92.82201096096875,81.37971838565235],[-92.39832779446485,81.35003241153126],[-92.02487656155469,81.25921972842579],[-91.31003281155469,80.86835821719532],[-91.01617905178907,80.74964483828907],[-90,80.64155920596485],[-90,80.64220007510548],[-90,80.65948065371876],[-89.79909225979688,80.7026553973711],[-89.42468735257032,80.61453589053517],[-89.27208420315625,80.38938482852345],[-89.04198166409375,80.16660650821095],[-88.84984299221875,80.13804968448048],[-88.33642288723829,80.11980780215626],[-88.37289139309766,80.2259937152422],[-88.34770676175,80.41079290957813],[-88.15041824856641,80.46007879825001],[-87.82733627835157,80.37283667178517]]]]}}]}