{"type":"FeatureCollection","features":[{"type":"Feature","properties":{"id":"canada","name":"Canada","color":"#8db9c6","sourceId":"nrcan","precision":"generalized","representation":"Official 1880 territorial evolution snapshot","review":"official-source","upstreamNames":["British Columbia","New Brunswick","Prince Edward Island","Nova Scotia","Manitoba","Ontario","Quebec","District of Keewatin","Northwest Territories"]},"geometry":{"type":"MultiPolygon","coordinates":[[[[-141.003,69.663],[-141.002,60.305],[-140.499,60.219],[-140.397,60.299],[-139.96,60.176],[-139.679,60.309],[-139.076,60.331],[-139.178,60.117],[-139.015,60],[-138.725,59.888],[-138.646,59.772],[-137.683,59.266],[-137.457,58.879],[-137.044,59.071],[-136.548,59.189],[-136.451,59.323],[-136.432,59.443],[-136.233,59.489],[-136.302,59.58],[-136.266,59.602],[-135.492,59.771],[-135.033,59.539],[-135.009,59.5],[-135.094,59.448],[-135.003,59.345],[-134.504,59.114],[-134.415,59.05],[-134.463,58.993],[-134.149,58.797],[-133.421,58.444],[-133.433,58.342],[-133.328,58.286],[-133.094,58.006],[-132.259,57.243],[-132.358,57.095],[-132.06,57.007],[-132.114,56.867],[-131.892,56.776],[-131.879,56.656],[-131.821,56.589],[-131.539,56.572],[-131.221,56.437],[-130.76,56.354],[-130.619,56.249],[-130.434,56.228],[-130.465,56.188],[-130.434,56.149],[-130.118,56.125],[-130.046,56.08],[-129.977,55.895],[-130.121,55.725],[-130.079,55.498],[-129.955,55.269],[-130.087,55.166],[-130.136,55.007],[-130.056,54.987],[-129.822,55.313],[-129.812,55.599],[-129.763,55.578],[-129.707,55.42],[-129.487,55.426],[-129.653,55.393],[-129.991,55.032],[-129.926,54.974],[-129.636,54.958],[-129.898,54.912],[-129.997,54.945],[-130.158,54.838],[-130.054,54.832],[-130.174,54.723],[-129.912,54.575],[-130.012,54.581],[-130.156,54.67],[-130.337,54.654],[-130.137,54.421],[-130.003,54.465],[-130.069,54.403],[-129.978,54.291],[-130.059,54.306],[-130.429,54.6],[-130.42,54.443],[-130.466,54.36],[-130.389,54.311],[-130.264,54.375],[-130.188,54.233],[-130.256,54.196],[-130.137,54.143],[-129.813,54.21],[-129.589,54.182],[-129.611,54.144],[-129.819,54.166],[-130.055,54.1],[-130.073,53.916],[-129.311,53.365],[-129.222,53.529],[-129.266,53.619],[-129.087,53.715],[-129.091,53.775],[-128.985,53.761],[-128.99,53.849],[-128.907,53.796],[-128.805,53.836],[-128.64,54.007],[-128.6,53.991],[-128.673,53.868],[-128.477,53.8],[-128.676,53.818],[-128.784,53.758],[-128.764,53.553],[-128.533,53.437],[-128.095,53.457],[-127.903,53.308],[-127.845,53.228],[-127.91,53.227],[-128.191,53.426],[-128.535,53.381],[-128.812,53.52],[-128.961,53.499],[-128.87,53.422],[-128.831,53.251],[-128.535,53.07],[-128.425,52.832],[-128.238,52.79],[-128.134,52.885],[-128.049,52.895],[-128.113,52.839],[-128.104,52.779],[-127.84,52.72],[-128.081,52.728],[-128.141,52.692],[-128.226,52.563],[-128.22,52.404],[-128.33,52.262],[-128.256,52.259],[-128.076,52.5],[-128.004,52.517],[-127.961,52.495],[-128.041,52.449],[-127.995,52.316],[-127.92,52.352],[-127.911,52.473],[-127.835,52.498],[-127.751,52.453],[-127.875,52.441],[-127.817,52.341],[-127.881,52.307],[-127.853,52.201],[-127.691,52.344],[-127.708,52.269],[-127.662,52.264],[-127.41,52.396],[-127.594,52.56],[-127.341,52.412],[-127.201,52.56],[-126.999,52.661],[-126.972,52.758],[-127.055,52.871],[-126.925,52.791],[-126.901,52.684],[-127.185,52.507],[-127.199,52.449],[-127.113,52.326],[-126.739,52.377],[-126.928,52.284],[-126.64,51.962],[-126.984,52.265],[-127.084,52.295],[-127.409,52.176],[-127.362,52.077],[-127.587,52.041],[-127.463,52.114],[-127.598,52.091],[-127.665,51.926],[-127.849,51.871],[-127.85,51.677],[-127.787,51.609],[-127.705,51.605],[-127.766,51.53],[-127.642,51.553],[-127.452,51.669],[-127.653,51.699],[-127.506,51.71],[-127.337,51.865],[-127.418,51.69],[-127.29,51.663],[-127.456,51.614],[-127.53,51.489],[-127.271,51.422],[-127.57,51.446],[-127.767,51.35],[-127.18,51.31],[-127.46,51.241],[-127.707,51.246],[-127.774,51.22],[-127.776,51.171],[-127.654,51.095],[-127.577,51.102],[-127.593,51.144],[-127.557,51.149],[-126.979,51.112],[-127.477,51.108],[-127.327,51.044],[-126.792,51.084],[-126.67,51.157],[-126.729,51.073],[-126.679,51.011],[-126.81,51.052],[-127.323,51.018],[-127.464,51.056],[-127.495,51.018],[-127.375,50.928],[-127.043,50.827],[-126.911,50.872],[-127.169,50.921],[-126.925,50.906],[-126.771,50.986],[-126.71,50.934],[-126.762,50.902],[-126.667,50.877],[-126.528,50.939],[-126.523,51.026],[-126.417,50.935],[-126.161,50.935],[-126.222,50.899],[-126.493,50.912],[-126.561,50.85],[-126.441,50.813],[-126.16,50.855],[-126.143,50.782],[-126.014,50.769],[-126.12,50.743],[-126.132,50.66],[-125.715,50.719],[-125.675,50.857],[-125.557,50.923],[-125.627,51.047],[-125.587,51.086],[-125.5,50.898],[-125.645,50.846],[-125.625,50.768],[-125.708,50.671],[-126.258,50.631],[-126.194,50.587],[-125.94,50.616],[-126.166,50.558],[-126.259,50.486],[-125.941,50.466],[-125.782,50.52],[-125.682,50.425],[-125.617,50.459],[-125.475,50.703],[-125.438,50.687],[-125.535,50.461],[-125.395,50.47],[-125.365,50.543],[-125.327,50.467],[-125.227,50.503],[-125.245,50.458],[-125.123,50.415],[-124.939,50.616],[-124.919,50.71],[-124.973,50.815],[-124.814,50.908],[-124.9,50.77],[-124.854,50.72],[-124.865,50.581],[-125.02,50.454],[-125.068,50.328],[-125.005,50.336],[-124.984,50.42],[-124.95,50.337],[-124.856,50.305],[-124.687,50.396],[-124.348,50.482],[-124.402,50.418],[-124.674,50.349],[-124.603,50.18],[-124.771,50.064],[-124.702,50.051],[-124.682,49.985],[-124.822,50.042],[-124.78,49.993],[-124.451,49.769],[-124.143,49.786],[-124.037,49.899],[-123.952,49.813],[-123.918,49.854],[-124.002,49.971],[-123.821,50.094],[-123.952,50.189],[-123.909,50.198],[-123.731,50.085],[-123.945,49.974],[-123.863,49.9],[-123.908,49.767],[-123.785,49.629],[-123.574,49.672],[-123.756,49.593],[-123.774,49.526],[-123.971,49.739],[-124.06,49.639],[-123.945,49.499],[-123.518,49.376],[-123.456,49.514],[-123.237,49.564],[-123.152,49.676],[-123.237,49.498],[-123.248,49.324],[-122.951,49.307],[-122.838,49.442],[-122.824,49.376],[-122.884,49.32],[-122.872,49.256],[-123.117,49.283],[-123.206,49.244],[-122.985,49.203],[-122.752,49.228],[-122.672,49.184],[-122.804,49.194],[-123.14,49.059],[-123.08,48.999],[-122.78,49.001],[-114.199,49.001],[-98.957,49],[-95.98,49],[-95.134,49.001],[-95.137,49.36],[-94.82,49.305],[-94.833,49.2],[-94.722,48.831],[-94.529,48.687],[-93.913,48.612],[-93.739,48.498],[-93.517,48.517],[-93.415,48.595],[-93.296,48.614],[-92.953,48.616],[-92.598,48.515],[-92.698,48.443],[-92.496,48.42],[-92.36,48.222],[-92.305,48.227],[-92.24,48.346],[-92.112,48.349],[-91.869,48.189],[-91.751,48.184],[-91.688,48.11],[-91.546,48.068],[-91.25,48.069],[-90.977,48.218],[-91.019,57.249],[-91.255,57.236],[-92.147,57.018],[-92.357,57.049],[-92.613,56.981],[-92.669,57.03],[-92.49,57.293],[-92.525,57.487],[-92.766,57.802],[-92.832,58.067],[-93.165,58.519],[-93.138,58.662],[-93.192,58.727],[-93.337,58.743],[-93.469,58.691],[-93.556,58.761],[-93.876,58.738],[-94.281,58.781],[-94.392,58.689],[-94.488,58.727],[-94.777,59.047],[-95.059,59.024],[-94.794,59.125],[-94.838,59.223],[-94.74,59.322],[-94.943,59.374],[-94.872,59.401],[-94.726,59.362],[-94.845,59.673],[-94.842,59.958],[-94.725,60.085],[-94.626,60.372],[-94.689,60.464],[-95.016,60.521],[-94.527,60.542],[-94.412,60.701],[-94.393,60.808],[-94.304,60.853],[-94.169,61.032],[-94.011,61.078],[-94.089,61.104],[-94.004,61.191],[-94.06,61.265],[-93.919,61.277],[-93.852,61.337],[-94.017,61.399],[-93.887,61.51],[-93.348,61.691],[-93.445,61.741],[-93.247,61.751],[-93.595,61.82],[-93.62,61.853],[-93.527,61.877],[-93.628,61.914],[-93.35,61.88],[-93.363,61.911],[-93.271,61.922],[-93.34,62.02],[-93.206,61.967],[-92.974,62.077],[-93.256,62.148],[-92.8,62.187],[-92.808,62.237],[-93.046,62.306],[-92.765,62.266],[-92.621,62.153],[-92.578,62.18],[-92.63,62.236],[-92.601,62.272],[-92.724,62.333],[-92.724,62.43],[-92.59,62.426],[-92.613,62.368],[-92.241,62.342],[-92.16,62.375],[-92.512,62.418],[-92.597,62.574],[-92.46,62.501],[-92.222,62.562],[-92.081,62.501],[-91.869,62.59],[-91.94,62.64],[-92.354,62.695],[-92.458,62.809],[-92.099,62.798],[-92.147,62.852],[-92.085,62.86],[-91.429,62.781],[-91.108,62.915],[-90.774,62.934],[-90.664,63.037],[-90.69,63.095],[-90.656,63.151],[-90.749,63.227],[-90.715,63.325],[-90.933,63.376],[-90.905,63.41],[-91.383,63.469],[-91.678,63.575],[-91.612,63.61],[-91.736,63.689],[-91.903,63.7],[-92.255,63.531],[-92.547,63.529],[-92.235,63.621],[-92.053,63.769],[-91.713,63.758],[-91.655,63.71],[-91.418,63.698],[-91.377,63.648],[-90.879,63.569],[-90.555,63.598],[-90.594,63.653],[-90.689,63.64],[-90.643,63.693],[-90.516,63.672],[-90.482,63.615],[-90.234,63.604],[-90.002,63.798],[-90.211,63.987],[-89.999,63.953],[-90.05,63.904],[-90.01,63.877],[-89.8,63.946],[-89.889,63.999],[-89.823,64.034],[-89.948,64.105],[-90.087,64.11],[-90.018,64.142],[-89.822,64.128],[-89.739,64.023],[-89.682,64.08],[-89.532,63.941],[-89.538,64.058],[-89.279,63.957],[-89.038,63.945],[-88.999,63.963],[-89.21,64.063],[-88.738,63.978],[-88.113,64.148],[-88.021,64.181],[-88.01,64.274],[-87.888,64.345],[-87.848,64.457],[-87.519,64.6],[-87.518,64.706],[-87.345,64.75],[-87.234,64.917],[-87.058,64.969],[-87.113,65.009],[-86.948,65.137],[-87.066,65.229],[-87.362,65.262],[-88.03,65.246],[-89.09,65.335],[-89.426,65.516],[-89.504,65.608],[-89.871,65.758],[-90.959,65.918],[-90.299,65.921],[-90.213,65.903],[-90.362,65.876],[-89.861,65.829],[-89.752,65.875],[-90.026,65.934],[-89.861,65.935],[-89.867,65.98],[-89.803,65.981],[-89.557,65.85],[-89.447,65.852],[-89.132,65.732],[-88.58,65.645],[-88.807,65.628],[-88.435,65.536],[-88.051,65.355],[-87.579,65.317],[-87.114,65.382],[-87.11,65.436],[-86.987,65.523],[-86.535,65.675],[-86.447,65.892],[-86.007,66.035],[-86.027,66.093],[-85.881,66.167],[-86.104,66.249],[-86.666,66.329],[-86.846,66.447],[-86.708,66.446],[-86.782,66.49],[-86.765,66.535],[-86.545,66.565],[-86.445,66.516],[-86.297,66.564],[-85.986,66.498],[-85.557,66.587],[-85.392,66.516],[-85.275,66.269],[-85.176,66.327],[-84.387,66.189],[-84.645,66.347],[-84.538,66.417],[-84.375,66.284],[-84.234,66.32],[-84.025,66.213],[-83.845,66.212],[-83.879,66.17],[-83.824,66.163],[-83.736,66.216],[-83.889,66.339],[-83.92,66.423],[-84.237,66.593],[-84.199,66.684],[-84.428,66.725],[-84.429,66.796],[-84.721,66.892],[-84.622,66.933],[-84.867,66.95],[-85.004,66.866],[-85.205,66.878],[-85.064,66.968],[-84.695,66.994],[-84.737,67.039],[-84.518,66.993],[-84.555,66.957],[-84.332,66.844],[-84.454,66.83],[-84.188,66.718],[-83.975,66.842],[-83.979,66.932],[-83.912,66.89],[-83.9,66.821],[-83.96,66.784],[-83.956,66.734],[-84.036,66.707],[-84.043,66.648],[-83.667,66.506],[-83.552,66.417],[-83.684,66.412],[-83.48,66.369],[-83.06,66.5],[-83.019,66.563],[-82.622,66.593],[-82.372,66.747],[-82.163,66.737],[-82.207,66.789],[-81.986,66.982],[-81.552,67.02],[-81.421,67.173],[-81.403,67.338],[-81.256,67.488],[-82.128,67.923],[-82.188,67.989],[-82.182,68.061],[-82.003,68.212],[-82.281,68.157],[-82.369,68.191],[-82.268,68.271],[-82.543,68.332],[-82.114,68.333],[-82.075,68.368],[-82.697,68.443],[-82.555,68.462],[-82.647,68.506],[-82.605,68.539],[-82.208,68.484],[-82.296,68.524],[-82.271,68.544],[-82.106,68.522],[-82.086,68.46],[-82.005,68.447],[-81.81,68.498],[-81.815,68.543],[-81.321,68.644],[-81.265,68.786],[-81.393,68.881],[-81.5,68.894],[-81.592,68.847],[-81.663,68.913],[-82.096,68.9],[-81.611,69.001],[-81.52,69.086],[-81.282,69.099],[-81.365,69.201],[-81.86,69.293],[-82.279,69.256],[-82.242,69.33],[-82.415,69.395],[-82.342,69.41],[-82.364,69.436],[-83.15,69.525],[-82.596,69.526],[-82.564,69.549],[-82.68,69.578],[-82.617,69.61],[-82.646,69.646],[-82.386,69.633],[-82.285,69.67],[-82.31,69.686],[-82.44,69.67],[-82.644,69.725],[-83.599,69.704],[-84.415,69.862],[-84.867,69.858],[-85.152,69.804],[-85.584,69.859],[-85.356,69.813],[-85.505,69.788],[-85.456,69.716],[-85.569,69.696],[-85.425,69.591],[-85.557,69.504],[-85.409,69.444],[-85.515,69.424],[-85.393,69.323],[-85.548,69.331],[-85.424,69.216],[-85.328,69.202],[-85.316,69.154],[-85.166,69.185],[-85.152,69.147],[-85.02,69.154],[-84.612,69.022],[-84.977,69.034],[-85.008,69.021],[-84.893,68.965],[-85.102,68.98],[-85.133,68.97],[-85.048,68.897],[-85.202,68.871],[-84.822,68.818],[-84.809,68.757],[-85.372,68.762],[-85.459,68.817],[-85.721,68.724],[-85.769,68.434],[-85.87,68.344],[-85.89,68.259],[-85.842,68.229],[-85.944,68.196],[-85.973,68.075],[-86.181,67.999],[-86.541,67.71],[-86.497,67.599],[-86.589,67.39],[-86.873,67.448],[-87.105,67.364],[-87.022,67.273],[-87.239,67.235],[-87.366,67.127],[-87.421,67.188],[-87.539,67.144],[-87.54,67.207],[-87.429,67.285],[-88.162,67.688],[-88.398,67.988],[-88.396,68.065],[-88.306,68.161],[-88.42,68.293],[-88.231,68.381],[-88.233,68.277],[-88.188,68.247],[-87.992,68.238],[-87.858,68.315],[-87.985,68.698],[-88.099,68.831],[-88.297,68.949],[-88.865,69.111],[-89.065,69.263],[-89.261,69.292],[-89.756,68.988],[-89.688,68.848],[-89.715,68.665],[-89.805,68.661],[-89.807,68.715],[-89.906,68.695],[-89.96,68.636],[-89.851,68.531],[-90.022,68.442],[-90.139,68.327],[-90.143,68.26],[-90.274,68.26],[-90.312,68.354],[-90.409,68.365],[-90.361,68.42],[-90.525,68.426],[-90.604,68.485],[-90.51,68.531],[-90.564,68.624],[-90.494,68.695],[-90.525,68.734],[-90.462,68.815],[-90.503,68.849],[-90.472,68.887],[-90.706,69.029],[-90.682,69.082],[-91.392,69.353],[-91.134,69.317],[-90.979,69.365],[-90.927,69.356],[-91.069,69.293],[-90.878,69.27],[-90.832,69.279],[-90.853,69.356],[-90.678,69.452],[-90.389,69.469],[-90.665,69.55],[-90.833,69.497],[-91.238,69.557],[-91.528,69.535],[-91.25,69.635],[-91.388,69.672],[-91.525,69.652],[-91.638,69.556],[-91.867,69.511],[-92.227,69.596],[-92.258,69.626],[-92.192,69.636],[-92.224,69.662],[-92.438,69.703],[-92.659,69.68],[-92.569,69.734],[-92.755,69.72],[-92.336,69.864],[-91.992,70.043],[-92.268,70.104],[-92.544,70.075],[-92.449,70.162],[-92.482,70.183],[-92.333,70.203],[-92.343,70.247],[-92.02,70.142],[-91.53,70.191],[-91.728,70.267],[-91.755,70.364],[-92.054,70.317],[-92.062,70.413],[-92.268,70.495],[-92.247,70.537],[-92.296,70.563],[-92.207,70.61],[-92.681,70.695],[-92.77,70.799],[-93.037,70.866],[-92.866,70.89],[-92.924,70.956],[-92.917,71.147],[-92.992,71.323],[-93.2,71.402],[-93.26,71.469],[-93.787,71.637],[-93.728,71.716],[-93.754,71.742],[-94.224,71.792],[-94.397,71.67],[-94.445,71.7],[-94.405,71.791],[-94.636,71.752],[-94.619,71.827],[-94.475,71.892],[-94.502,71.959],[-94.867,71.971],[-95.22,71.911],[-94.685,71.836],[-95.196,71.828],[-95.288,71.73],[-95.846,71.617],[-95.864,71.551],[-95.808,71.514],[-95.293,71.523],[-95.566,71.439],[-95.467,71.371],[-95.579,71.352],[-95.599,71.304],[-96.067,71.42],[-96.28,71.307],[-96.449,71.279],[-96.448,71.195],[-96.381,71.156],[-96.51,71.109],[-96.338,71.084],[-96.536,70.981],[-96.594,70.8],[-96.244,70.648],[-95.832,70.73],[-96.045,70.627],[-95.824,70.554],[-96.304,70.553],[-96.368,70.432],[-96.547,70.356],[-96.54,70.148],[-96.398,70.016],[-96.126,69.925],[-96.166,69.861],[-95.832,69.769],[-95.673,69.799],[-95.461,69.698],[-94.898,69.57],[-94.765,69.603],[-94.68,69.685],[-94.371,69.478],[-93.989,69.447],[-93.705,69.527],[-93.49,69.484],[-93.536,69.374],[-93.384,69.386],[-93.573,69.331],[-93.799,69.189],[-93.852,69.196],[-93.833,69.289],[-93.587,69.433],[-94.291,69.341],[-94.329,69.179],[-94.092,69.137],[-94.225,69.049],[-94.379,69.046],[-94.424,68.988],[-94.607,68.978],[-94.569,68.903],[-94.646,68.828],[-94.523,68.753],[-94.199,68.763],[-93.914,68.86],[-93.941,68.898],[-94.071,68.874],[-94.08,68.912],[-93.908,69.02],[-93.831,69.017],[-93.639,68.893],[-93.757,68.731],[-93.75,68.667],[-93.586,68.633],[-93.583,68.593],[-94.123,68.429],[-94.263,68.258],[-94.781,68.058],[-95.133,68.093],[-95.271,68.035],[-95.415,68.059],[-95.555,67.839],[-95.695,67.755],[-95.343,67.54],[-95.399,67.461],[-95.302,67.342],[-95.194,67.295],[-95.278,67.278],[-95.255,67.233],[-95.334,67.175],[-95.262,67.148],[-95.319,67.075],[-95.233,66.989],[-95.311,66.931],[-95.589,66.909],[-96.068,66.955],[-95.771,66.706],[-95.645,66.727],[-95.797,66.597],[-95.779,66.472],[-95.862,66.489],[-95.85,66.707],[-96.337,66.951],[-96.448,67.086],[-96.343,67.112],[-96.285,67.04],[-96.136,66.987],[-95.375,66.997],[-95.367,67.052],[-95.426,67.104],[-95.374,67.16],[-95.481,67.156],[-95.63,67.226],[-95.843,67.176],[-95.588,67.304],[-95.545,67.37],[-95.779,67.374],[-96.136,67.24],[-96.287,67.282],[-96.144,67.47],[-96.278,67.438],[-96.476,67.497],[-96.327,67.635],[-96.331,67.709],[-96.223,67.653],[-96.137,67.664],[-96.217,67.71],[-96.22,67.836],[-96.077,68.071],[-96.082,68.163],[-95.929,68.264],[-95.935,68.305],[-96.444,68.156],[-96.489,68.067],[-96.642,68.078],[-96.78,68.006],[-96.764,68.089],[-96.417,68.312],[-96.632,68.248],[-96.7,68.281],[-96.984,68.266],[-97.029,68.347],[-97.35,68.496],[-97.567,68.5],[-97.597,68.472],[-97.517,68.433],[-97.577,68.422],[-97.665,68.448],[-97.674,68.524],[-97.867,68.555],[-97.979,68.512],[-97.875,68.399],[-98.058,68.329],[-98.225,68.32],[-98.464,68.409],[-98.538,68.369],[-98.705,68.386],[-98.332,68.16],[-98.377,68.118],[-98.466,68.185],[-98.56,68.156],[-98.135,67.853],[-98.075,67.85],[-98.003,67.999],[-97.934,67.96],[-97.679,68.027],[-97.391,67.888],[-97.226,67.941],[-97.258,67.892],[-97.162,67.807],[-97.236,67.73],[-97.032,67.784],[-97.104,67.728],[-97.081,67.675],[-97.263,67.625],[-97.308,67.666],[-97.498,67.62],[-97.756,67.642],[-98.189,67.781],[-98.242,67.861],[-98.607,68.104],[-98.767,68.057],[-98.753,68.002],[-98.612,67.872],[-98.436,67.895],[-98.371,67.801],[-98.677,67.794],[-98.779,67.742],[-98.881,67.753],[-98.866,67.717],[-98.923,67.703],[-99.678,67.822],[-100,67.808],[-100.2,67.856],[-100.5,67.798],[-100.651,67.833],[-100.995,67.74],[-101.138,67.759],[-101.676,67.681],[-101.664,67.719],[-101.779,67.704],[-101.884,67.782],[-102.233,67.719],[-102.704,67.795],[-102.905,67.901],[-103.291,67.993],[-103.354,68.077],[-103.305,68.111],[-103.408,68.162],[-103.488,68.139],[-103.508,68.077],[-103.799,68.03],[-104.427,68.035],[-104.618,68.158],[-104.572,68.241],[-104.871,68.244],[-104.817,68.282],[-104.834,68.334],[-105.045,68.264],[-105.356,68.418],[-105.484,68.407],[-105.391,68.474],[-105.271,68.483],[-105.459,68.641],[-105.431,68.737],[-105.766,68.871],[-106.104,68.934],[-107.451,68.675],[-108.335,68.596],[-108.786,68.255],[-108.632,68.238],[-108.42,68.299],[-108.364,68.27],[-108.415,68.225],[-108.391,68.185],[-108.293,68.221],[-108.233,68.192],[-108.364,68.13],[-108.323,68.125],[-108.023,68.173],[-107.615,68.166],[-107.56,68.186],[-107.861,68.308],[-107.535,68.35],[-107.22,68.278],[-106.949,68.37],[-106.781,68.349],[-106.723,68.404],[-106.512,68.299],[-106.535,68.345],[-106.446,68.395],[-106.55,68.44],[-106.454,68.466],[-106.499,68.5],[-106.403,68.508],[-106.403,68.547],[-105.614,68.633],[-105.75,68.546],[-105.638,68.491],[-105.699,68.428],[-105.846,68.436],[-106.148,68.33],[-106.195,68.35],[-106.15,68.374],[-106.177,68.39],[-106.373,68.343],[-106.451,68.252],[-106.382,68.181],[-106.541,68.233],[-106.619,68.181],[-106.734,68.222],[-106.71,68.146],[-106.766,68.126],[-107.049,68.099],[-107.084,68.138],[-107.288,68.069],[-107.631,68.048],[-107.691,67.977],[-107.633,67.923],[-107.989,67.794],[-108.015,67.757],[-107.972,67.704],[-107.65,67.582],[-107.577,67.489],[-107.597,67.405],[-107.66,67.377],[-107.551,67.256],[-107.225,67.119],[-107.34,67.034],[-107.188,66.976],[-107.056,66.838],[-107.114,66.819],[-107.407,66.953],[-107.363,66.902],[-107.439,66.868],[-107.377,66.816],[-107.54,66.837],[-107.625,66.922],[-107.46,66.926],[-107.541,67.029],[-107.61,67.041],[-107.579,66.973],[-107.611,66.964],[-107.719,66.982],[-107.661,66.827],[-107.717,66.727],[-107.579,66.676],[-107.514,66.576],[-107.166,66.349],[-107.216,66.343],[-107.58,66.531],[-107.783,66.718],[-107.88,66.68],[-107.898,66.765],[-108.131,66.849],[-108.107,66.937],[-108.369,67.027],[-108.474,67.013],[-108.561,67.11],[-108.214,67.017],[-107.914,67.051],[-107.85,67.167],[-107.969,67.269],[-108.365,67.429],[-108.395,67.409],[-108.352,67.358],[-108.445,67.35],[-108.541,67.576],[-108.608,67.62],[-108.702,67.582],[-108.729,67.365],[-108.791,67.36],[-108.96,67.474],[-108.901,67.524],[-108.943,67.62],[-108.91,67.649],[-109.015,67.723],[-109.383,67.752],[-109.627,67.7],[-109.653,67.719],[-109.596,67.74],[-109.682,67.78],[-109.67,67.813],[-109.802,67.879],[-109.931,67.882],[-109.942,67.965],[-110.044,68.012],[-110.941,67.767],[-111.161,67.798],[-111.111,67.821],[-111.186,67.841],[-111.295,67.826],[-111.372,67.734],[-111.892,67.754],[-111.787,67.701],[-111.844,67.68],[-111.95,67.691],[-112.009,67.751],[-112.682,67.663],[-113.833,67.7],[-115.04,67.817],[-115.575,67.919],[-115.092,68.009],[-115.224,68.066],[-115.128,68.133],[-115.179,68.168],[-115.151,68.186],[-114.9,68.146],[-114.693,68.195],[-114.811,68.24],[-114.775,68.266],[-114.024,68.246],[-113.879,68.406],[-114.05,68.404],[-114.102,68.518],[-114.345,68.588],[-114.579,68.735],[-115.513,68.963],[-115.838,69.011],[-115.779,68.966],[-116.314,68.956],[-115.897,68.829],[-115.941,68.811],[-116.852,68.887],[-116.94,68.928],[-117.083,68.893],[-118.424,69.119],[-118.727,69.242],[-120.202,69.4],[-120.48,69.462],[-120.863,69.63],[-121.863,69.811],[-123.013,69.794],[-123.116,69.749],[-123.081,69.699],[-123.157,69.61],[-123.08,69.554],[-123.138,69.493],[-123.349,69.467],[-123.46,69.385],[-123.616,69.352],[-123.983,69.397],[-124.032,69.377],[-123.973,69.343],[-124.008,69.325],[-124.312,69.343],[-124.503,69.4],[-124.406,69.421],[-124.237,69.595],[-124.035,69.678],[-124.096,69.721],[-124.486,69.733],[-124.39,69.844],[-124.456,69.893],[-124.411,69.939],[-124.463,69.963],[-124.317,70.028],[-124.346,70.125],[-124.63,70.133],[-124.521,70.194],[-124.687,70.19],[-124.727,70.11],[-124.538,70.091],[-124.452,70.028],[-124.585,70.007],[-124.683,70.066],[-124.95,70.013],[-125.017,70.062],[-125.177,69.995],[-125.163,69.925],[-125.012,69.983],[-124.605,69.971],[-124.875,69.906],[-125.026,69.796],[-125.209,69.836],[-125.265,69.787],[-124.823,69.708],[-124.886,69.649],[-125,69.725],[-125.375,69.673],[-125.487,69.599],[-125.299,69.596],[-125.144,69.488],[-125.53,69.497],[-125.601,69.434],[-125.122,69.44],[-125.21,69.379],[-125.507,69.404],[-125.394,69.339],[-125.53,69.33],[-125.955,69.411],[-126.576,69.689],[-126.798,69.944],[-126.932,70.031],[-127.076,70.232],[-127.867,70.535],[-128.107,70.505],[-128.235,70.349],[-127.916,70.373],[-128.086,70.31],[-127.881,70.249],[-127.543,70.233],[-127.436,70.14],[-127.517,70.137],[-127.601,70.208],[-128.35,70.121],[-128.338,69.994],[-128.211,69.919],[-128.976,69.708],[-128.873,69.672],[-128.913,69.651],[-129.158,69.713],[-129.134,69.796],[-128.921,69.828],[-128.969,69.872],[-128.828,69.929],[-128.845,69.956],[-129.091,69.869],[-130.325,69.665],[-130.454,69.541],[-130.725,69.43],[-130.632,69.404],[-130.733,69.389],[-130.895,69.257],[-130.925,69.168],[-130.89,69.114],[-130.93,69.1],[-131.026,69.147],[-130.909,69.336],[-131.039,69.314],[-130.918,69.434],[-130.954,69.508],[-131.121,69.577],[-131.026,69.41],[-131.123,69.316],[-131.21,69.306],[-131.104,69.392],[-131.167,69.532],[-131.246,69.549],[-131.18,69.389],[-131.281,69.317],[-131.358,69.314],[-131.243,69.426],[-131.269,69.459],[-131.393,69.46],[-131.397,69.354],[-131.466,69.322],[-131.514,69.336],[-131.478,69.424],[-131.52,69.443],[-131.837,69.405],[-131.935,69.383],[-131.71,69.362],[-132.06,69.196],[-132.317,69.212],[-132.317,69.143],[-132.405,69.104],[-132.366,69.188],[-132.416,69.205],[-132.53,69.105],[-132.824,69.044],[-132.839,68.963],[-132.707,68.924],[-132.826,68.91],[-132.732,68.872],[-132.794,68.853],[-132.533,68.89],[-132.409,68.857],[-132.493,68.797],[-133.38,68.829],[-133.354,68.785],[-133.158,68.767],[-133.243,68.742],[-132.978,68.684],[-133.412,68.758],[-133.494,68.807],[-133.501,68.876],[-133.326,68.861],[-133.202,68.964],[-133.302,68.977],[-133.275,68.996],[-133.028,69.065],[-132.97,69.044],[-132.983,68.999],[-132.923,69.007],[-132.867,69.094],[-132.9,69.124],[-132.834,69.163],[-132.878,69.192],[-132.772,69.244],[-132.596,69.26],[-132.522,69.171],[-132.43,69.274],[-132.293,69.261],[-132.282,69.305],[-132.091,69.363],[-132.1,69.421],[-132.006,69.498],[-131.087,69.619],[-130.918,69.559],[-130.559,69.687],[-130.565,69.733],[-129.649,69.953],[-129.339,70.094],[-129.484,70.096],[-129.477,70.132],[-129.709,70.241],[-129.827,70.194],[-129.761,70.158],[-129.85,70.078],[-129.992,70.049],[-130.302,70.072],[-130.337,70.146],[-130.515,70.1],[-130.543,70.112],[-130.491,70.136],[-130.539,70.146],[-130.683,70.062],[-130.748,70.103],[-130.921,70.073],[-130.99,70.04],[-130.915,70.003],[-131.011,69.974],[-131.044,69.899],[-131.181,69.82],[-131.39,69.95],[-131.463,69.872],[-131.987,69.695],[-132.036,69.73],[-132.149,69.695],[-132.558,69.737],[-132.615,69.667],[-132.406,69.689],[-132.358,69.68],[-132.417,69.658],[-132.349,69.638],[-132.914,69.636],[-132.973,69.62],[-132.994,69.515],[-132.902,69.434],[-132.925,69.412],[-133.002,69.44],[-133.607,69.374],[-133.688,69.31],[-134.122,69.231],[-134.342,69.088],[-134.545,69.053],[-134.598,68.967],[-134.326,68.748],[-134.41,68.76],[-134.685,68.957],[-134.928,68.866],[-135.514,68.87],[-135.364,68.829],[-135.512,68.809],[-135.321,68.727],[-134.742,68.641],[-135.257,68.643],[-136.078,68.873],[-136.795,68.864],[-137.918,69.095],[-138.368,69.304],[-138.408,69.296],[-138.362,69.203],[-138.393,69.203],[-138.608,69.265],[-138.74,69.365],[-138.903,69.392],[-138.95,69.468],[-139.045,69.503],[-139.872,69.62],[-140.67,69.614],[-141.003,69.663]],[[-99.83968421052631,51.77200657894737],[-99.741,51.735],[-99.837,51.754],[-99.83968421052631,51.77200657894737]],[[-99.75,52.811],[-99.675,52.532],[-99.68343278387897,52.51472900994019],[-99.75,52.811]],[[-99.73084936629961,52.89866590484105],[-99.714,52.907],[-99.71974945054946,52.89166813186813],[-99.73084936629961,52.89866590484105]]],[[[-139.214,69.581],[-139.089,69.524],[-138.847,69.578],[-139.048,69.628],[-139.214,69.581]]],[[[-136.222,69.09],[-136.113,69.076],[-136.161,69.104],[-136.222,69.09]]],[[[-136.203,69.158],[-136.181,69.133],[-136.142,69.146],[-136.203,69.158]]],[[[-136.103,69.174],[-136.102,69.159],[-136.052,69.164],[-136.103,69.174]]],[[[-136.101,68.973],[-136.016,68.973],[-136.016,68.99],[-136.101,68.973]]],[[[-135.993,68.888],[-135.849,68.873],[-135.873,68.89],[-135.993,68.888]]],[[[-135.966,69.012],[-135.937,68.99],[-135.874,69.011],[-135.966,69.012]]],[[[-135.954,69.184],[-135.906,69.078],[-135.646,69.012],[-135.393,69.015],[-135.397,68.932],[-134.952,68.889],[-134.587,69.083],[-134.334,69.143],[-134.039,69.36],[-133.804,69.467],[-133.746,69.546],[-133.898,69.484],[-134.291,69.576],[-134.221,69.598],[-134.249,69.65],[-134.518,69.683],[-134.449,69.558],[-134.615,69.488],[-134.422,69.486],[-134.484,69.445],[-135.164,69.442],[-135.275,69.411],[-135.164,69.27],[-135.19,69.251],[-135.574,69.315],[-135.561,69.237],[-135.489,69.185],[-135.843,69.281],[-135.824,69.232],[-135.501,69.104],[-135.645,69.109],[-135.886,69.224],[-135.945,69.225],[-135.954,69.184]]],[[[-135.95,68.93],[-135.86,68.922],[-135.889,68.935],[-135.95,68.93]]],[[[-135.878,68.964],[-135.753,68.907],[-135.699,68.922],[-135.878,68.964]]],[[[-135.77,69.488],[-135.622,69.453],[-135.576,69.472],[-135.77,69.488]]],[[[-135.738,69.306],[-135.639,69.294],[-135.701,69.32],[-135.738,69.306]]],[[[-135.716,68.973],[-135.597,68.904],[-135.543,68.936],[-135.482,68.985],[-135.716,68.973]]],[[[-135.558,69.573],[-135.435,69.582],[-135.402,69.627],[-135.558,69.573]]],[[[-135.518,69.433],[-135.479,69.426],[-135.385,69.457],[-135.518,69.433]]],[[[-135.506,69.361],[-135.437,69.351],[-135.436,69.371],[-135.506,69.361]]],[[[-135.367,69.361],[-135.298,69.317],[-135.298,69.358],[-135.367,69.361]]],[[[-135.334,69.488],[-135.197,69.478],[-135.219,69.5],[-135.334,69.488]]],[[[-135.318,69.616],[-135.292,69.602],[-135.237,69.622],[-135.318,69.616]]],[[[-134.939,69.688],[-134.73,69.685],[-134.818,69.703],[-134.939,69.688]]],[[[-134.448,69.717],[-134.416,69.702],[-134.364,69.715],[-134.448,69.717]]],[[[-134.419,69.765],[-134.274,69.776],[-134.336,69.788],[-134.419,69.765]]],[[[-134.241,69.688],[-134.188,69.659],[-134.154,69.67],[-134.241,69.688]]],[[[-134.13,69.601],[-134.048,69.573],[-134.014,69.586],[-134.13,69.601]]],[[[-133.975,69.564],[-133.888,69.554],[-133.833,69.571],[-133.975,69.564]]],[[[-133.147,53.873],[-133.068,53.751],[-132.961,53.689],[-133.015,53.651],[-132.859,53.567],[-132.984,53.558],[-132.86,53.467],[-132.758,53.476],[-132.424,53.332],[-132.423,53.289],[-132.538,53.354],[-132.736,53.346],[-132.726,53.307],[-132.564,53.311],[-132.715,53.252],[-132.429,53.141],[-132.17,53.148],[-132.151,53.193],[-132.312,53.211],[-131.967,53.246],[-131.902,53.37],[-131.944,53.476],[-131.914,53.623],[-131.851,53.787],[-131.658,54.028],[-131.663,54.132],[-131.829,54.05],[-132.157,54.022],[-132.083,53.889],[-132.131,53.714],[-132.195,53.645],[-132.282,53.661],[-132.451,53.562],[-132.499,53.586],[-132.418,53.65],[-132.625,53.67],[-132.445,53.694],[-132.143,53.843],[-132.213,54.019],[-132.361,54.084],[-132.65,53.945],[-132.589,54.041],[-132.627,54.117],[-133.053,54.165],[-133.06,54.004],[-133.147,53.873]]],[[[-133.055,54.23],[-132.995,54.188],[-132.954,54.229],[-133.055,54.23]]],[[[-132.987,68.952],[-132.965,68.934],[-132.872,68.934],[-132.987,68.952]]],[[[-132.609,68.838],[-132.509,68.837],[-132.564,68.851],[-132.609,68.838]]],[[[-132.6,53.137],[-132.522,53.087],[-132.435,53.097],[-132.6,53.137]]],[[[-132.508,53.049],[-132.142,52.983],[-132.343,52.904],[-132.142,52.743],[-132.068,52.839],[-131.944,52.741],[-132.084,52.706],[-131.653,52.431],[-131.533,52.4],[-131.588,52.349],[-131.378,52.179],[-131.314,52.19],[-131.251,52.108],[-131.245,52.2],[-131.153,52.1],[-131.12,52.16],[-131.015,52.173],[-131.184,52.297],[-131.257,52.237],[-131.334,52.276],[-131.422,52.434],[-131.635,52.514],[-131.8,52.705],[-131.728,52.772],[-131.863,52.794],[-131.947,53.026],[-131.615,53.045],[-131.772,53.145],[-131.8,53.23],[-132.508,53.049]]],[[[-132.339,52.971],[-132.252,52.957],[-132.23,52.968],[-132.339,52.971]]],[[[-132.212,53.731],[-132.176,53.727],[-132.173,53.78],[-132.212,53.731]]],[[[-132.087,53.206],[-132.084,53.178],[-132.051,53.204],[-132.087,53.206]]],[[[-131.916,53.004],[-131.807,52.87],[-131.671,52.869],[-131.625,52.907],[-131.649,52.961],[-131.916,53.004]]],[[[-131.889,69.813],[-131.718,69.833],[-131.757,69.853],[-131.889,69.813]]],[[[-131.793,52.832],[-131.689,52.817],[-131.716,52.836],[-131.793,52.832]]],[[[-131.771,52.719],[-131.745,52.71],[-131.739,52.729],[-131.771,52.719]]],[[[-131.707,52.746],[-131.633,52.737],[-131.615,52.746],[-131.707,52.746]]],[[[-131.705,52.698],[-131.602,52.58],[-131.555,52.627],[-131.461,52.599],[-131.463,52.7],[-131.705,52.698]]],[[[-131.408,52.543],[-131.372,52.525],[-131.355,52.546],[-131.408,52.543]]],[[[-131.341,52.401],[-131.279,52.324],[-131.247,52.403],[-131.341,52.401]]],[[[-131.119,52.083],[-131.036,51.94],[-131.002,51.996],[-131.041,52.046],[-130.972,52.071],[-131.066,52.127],[-131.119,52.083]]],[[[-131.107,54.583],[-131.082,54.57],[-131.046,54.598],[-131.107,54.583]]],[[[-130.928,54.589],[-130.922,54.463],[-130.761,54.59],[-130.928,54.589]]],[[[-130.878,69.441],[-130.825,69.447],[-130.823,69.494],[-130.878,69.441]]],[[[-130.843,54.464],[-130.838,54.434],[-130.781,54.475],[-130.843,54.464]]],[[[-130.791,54.167],[-130.689,54.108],[-130.666,54.128],[-130.791,54.167]]],[[[-130.791,54.423],[-130.756,54.401],[-130.757,54.433],[-130.791,54.423]]],[[[-130.769,69.567],[-130.641,69.577],[-130.704,69.608],[-130.769,69.567]]],[[[-130.768,54.37],[-130.737,54.345],[-130.715,54.375],[-130.768,54.37]]],[[[-130.75,53.874],[-130.653,53.821],[-130.676,53.91],[-130.511,53.88],[-130.404,53.96],[-130.479,53.831],[-130.386,53.818],[-130.254,53.939],[-130.388,54.071],[-130.685,53.992],[-130.75,53.874]]],[[[-130.649,54.084],[-130.594,54.052],[-130.579,54.069],[-130.649,54.084]]],[[[-130.643,53.896],[-130.632,53.869],[-130.606,53.879],[-130.643,53.896]]],[[[-130.629,53.802],[-130.548,53.774],[-130.535,53.81],[-130.629,53.802]]],[[[-130.622,54.732],[-130.48,54.693],[-130.451,54.724],[-130.502,54.78],[-130.622,54.732]]],[[[-130.547,53.529],[-130.397,53.493],[-130.414,53.442],[-129.972,53.168],[-129.795,53.165],[-129.788,53.246],[-130.064,53.475],[-130.411,53.6],[-130.519,53.596],[-130.547,53.529]]],[[[-130.467,53.759],[-130.408,53.755],[-130.434,53.773],[-130.467,53.759]]],[[[-130.447,54.294],[-130.418,54.232],[-130.398,54.255],[-130.447,54.294]]],[[[-130.443,54.803],[-130.371,54.769],[-130.152,54.916],[-130.187,54.999],[-130.443,54.803]]],[[[-130.376,53.676],[-130.316,53.606],[-130.108,53.553],[-130.152,53.67],[-130.246,53.752],[-130.3,53.759],[-130.376,53.676]]],[[[-130.371,53.752],[-130.369,53.727],[-130.338,53.746],[-130.371,53.752]]],[[[-130.352,54.25],[-130.305,54.223],[-130.274,54.281],[-130.308,54.3],[-130.352,54.25]]],[[[-130.346,54.717],[-130.319,54.689],[-130.219,54.765],[-130.346,54.717]]],[[[-130.276,53.83],[-130.012,53.613],[-130.039,53.559],[-129.934,53.561],[-129.872,53.502],[-129.838,53.37],[-129.639,53.307],[-129.653,53.271],[-129.54,53.186],[-129.544,53.285],[-129.479,53.287],[-129.474,53.401],[-130.108,53.851],[-130.202,53.879],[-130.276,53.83]]],[[[-130.275,54.117],[-130.22,54.094],[-130.207,54.154],[-130.258,54.165],[-130.275,54.117]]],[[[-130.206,54.051],[-130.186,53.968],[-130.152,53.994],[-130.206,54.051]]],[[[-129.999,53.507],[-129.966,53.455],[-129.928,53.483],[-129.999,53.507]]],[[[-129.778,55.381],[-129.761,55.355],[-129.736,55.404],[-129.778,55.381]]],[[[-129.751,53.115],[-129.716,53.054],[-129.641,53.046],[-129.622,53.083],[-129.751,53.115]]],[[[-129.701,52.984],[-129.579,52.939],[-129.592,52.982],[-129.701,52.984]]],[[[-129.579,53.024],[-129.549,52.991],[-129.521,53.02],[-129.579,53.024]]],[[[-129.571,53.157],[-129.398,52.959],[-129.339,52.947],[-129.306,53.026],[-129.502,53.165],[-129.571,53.157]]],[[[-129.428,53.369],[-129.387,53.288],[-129.348,53.352],[-129.428,53.369]]],[[[-129.371,53.26],[-129.344,53.226],[-129.316,53.248],[-129.371,53.26]]],[[[-129.355,52.831],[-129.347,52.786],[-129.311,52.833],[-129.355,52.831]]],[[[-129.319,53.131],[-129.277,53.077],[-129.196,53.072],[-129.145,53.101],[-129.152,53.188],[-129.197,53.279],[-129.262,53.3],[-129.319,53.131]]],[[[-129.271,52.796],[-129.198,52.64],[-129.077,52.507],[-128.979,52.503],[-128.967,52.447],[-128.908,52.497],[-128.919,52.558],[-129.271,52.796]]],[[[-129.258,53.373],[-129.224,53.345],[-129.218,53.373],[-129.258,53.373]]],[[[-129.18,52.933],[-129.097,52.893],[-128.978,52.982],[-128.94,52.964],[-129.111,52.86],[-129.125,52.801],[-128.879,52.64],[-128.789,52.673],[-128.795,52.738],[-128.637,52.953],[-128.623,52.908],[-128.745,52.734],[-128.736,52.614],[-128.613,52.615],[-128.551,52.831],[-128.577,53.036],[-128.914,53.251],[-129.044,53.272],[-129.081,53.086],[-129.164,53.016],[-129.18,52.933]]],[[[-129.164,53.372],[-129.025,53.526],[-128.874,53.556],[-128.907,53.596],[-128.847,53.666],[-129.143,53.613],[-129.164,53.372]]],[[[-129.141,53.319],[-128.943,53.3],[-129.009,53.5],[-129.141,53.319]]],[[[-129.05,53.674],[-128.923,53.701],[-128.892,53.728],[-129.05,53.674]]],[[[-128.853,53.712],[-128.823,53.733],[-128.853,53.74],[-128.853,53.712]]],[[[-128.795,52.514],[-128.54,52.422],[-128.469,52.455],[-128.537,52.62],[-128.728,52.562],[-128.698,52.508],[-128.795,52.514]]],[[[-128.771,53.808],[-128.715,53.836],[-128.745,53.839],[-128.771,53.808]]],[[[-128.764,52.375],[-128.673,52.263],[-128.624,52.307],[-128.639,52.42],[-128.735,52.449],[-128.764,52.375]]],[[[-128.685,50.807],[-128.665,50.785],[-128.642,50.797],[-128.685,50.807]]],[[[-128.618,50.775],[-128.583,50.76],[-128.552,50.793],[-128.618,50.775]]],[[[-128.501,52.651],[-128.468,52.7],[-128.488,52.84],[-128.501,52.651]]],[[[-128.464,52.157],[-128.423,52.136],[-128.392,52.212],[-128.464,52.157]]],[[[-128.444,52.381],[-128.392,52.351],[-128.281,52.451],[-128.444,52.381]]],[[[-128.443,52.316],[-128.43,52.299],[-128.398,52.327],[-128.443,52.316]]],[[[-128.442,51.971],[-128.441,51.923],[-128.409,51.977],[-128.442,51.971]]],[[[-128.421,52.747],[-128.418,52.558],[-128.313,52.519],[-128.349,52.766],[-128.421,52.747]]],[[[-128.4,50.753],[-128.287,50.644],[-128.31,50.612],[-128.053,50.433],[-128.022,50.521],[-127.893,50.466],[-127.583,50.558],[-127.977,50.617],[-128.011,50.642],[-127.978,50.66],[-127.458,50.596],[-127.575,50.512],[-127.486,50.376],[-127.622,50.475],[-127.923,50.446],[-127.964,50.331],[-127.808,50.3],[-127.841,50.269],[-127.753,50.225],[-127.872,50.146],[-127.874,50.101],[-127.792,50.088],[-127.658,50.162],[-127.61,50.104],[-127.467,50.175],[-127.474,50.097],[-127.375,50.026],[-127.272,50.081],[-127.314,50.163],[-127.2,50.095],[-127.077,50.12],[-127.225,49.974],[-127.144,49.86],[-127.021,49.832],[-126.984,49.879],[-126.932,49.864],[-126.965,49.941],[-126.933,49.962],[-126.897,49.882],[-126.839,49.874],[-126.835,49.953],[-126.726,49.864],[-126.65,49.908],[-126.637,49.794],[-126.561,49.697],[-126.46,49.779],[-126.381,49.759],[-126.464,49.691],[-126.423,49.663],[-126.077,49.664],[-126.453,49.622],[-126.53,49.572],[-126.559,49.465],[-126.497,49.359],[-126.413,49.454],[-126.289,49.35],[-126.253,49.356],[-126.27,49.441],[-126.16,49.393],[-126.025,49.417],[-126.007,49.317],[-125.9,49.394],[-125.998,49.291],[-125.984,49.221],[-125.852,49.248],[-125.783,49.318],[-125.722,49.211],[-125.743,49.132],[-125.62,49.174],[-125.726,49.082],[-125.898,49.137],[-125.856,49.063],[-125.753,49.058],[-125.498,48.917],[-125.295,49.025],[-125.286,48.958],[-125.233,48.942],[-125.17,49.056],[-125.152,48.994],[-125.015,48.951],[-124.865,49.032],[-124.832,49.238],[-124.787,49.132],[-124.824,49.012],[-125.17,48.76],[-124.884,48.668],[-124.69,48.802],[-124.801,48.623],[-124.541,48.541],[-124.449,48.569],[-124.441,48.51],[-123.657,48.298],[-123.554,48.298],[-123.456,48.398],[-123.311,48.389],[-123.268,48.438],[-123.363,48.522],[-123.401,48.679],[-123.457,48.675],[-123.471,48.558],[-123.541,48.535],[-123.513,48.651],[-123.627,48.76],[-123.573,48.763],[-123.583,48.816],[-123.747,48.93],[-123.738,49.024],[-123.946,49.222],[-124.583,49.38],[-124.844,49.502],[-124.97,49.655],[-124.88,49.7],[-125.19,49.92],[-125.369,50.116],[-125.387,50.215],[-125.487,50.334],[-126.573,50.464],[-126.972,50.568],[-127.206,50.601],[-127.415,50.731],[-127.482,50.72],[-127.49,50.76],[-127.909,50.863],[-128.4,50.753]]],[[[-128.394,52.515],[-128.383,52.456],[-128.3,52.488],[-128.394,52.515]]],[[[-128.365,52.082],[-128.333,52.076],[-128.325,52.1],[-128.365,52.082]]],[[[-128.359,52.204],[-128.338,52.172],[-128.273,52.206],[-128.359,52.204]]],[[[-128.343,70.535],[-128.101,70.602],[-128.264,70.63],[-128.343,70.535]]],[[[-128.31,52.743],[-128.246,52.591],[-128.143,52.738],[-128.153,52.794],[-128.31,52.743]]],[[[-128.286,52.128],[-128.208,52.197],[-128.285,52.178],[-128.286,52.128]]],[[[-128.242,52.128],[-128.206,51.991],[-128.129,52.158],[-128.242,52.128]]],[[[-128.181,51.904],[-128.179,51.844],[-128.093,51.843],[-128.063,51.777],[-127.971,51.883],[-127.945,51.978],[-127.98,52.043],[-128.132,52.022],[-128.181,51.904]]],[[[-128.18,52.298],[-128.156,52.261],[-128.072,52.312],[-128.089,52.395],[-128.18,52.298]]],[[[-128.163,52.221],[-128.071,52.209],[-128.009,52.276],[-128.163,52.221]]],[[[-128.125,51.643],[-128.07,51.475],[-127.894,51.41],[-127.914,51.589],[-128.125,51.643]]],[[[-128.116,51.725],[-128.071,51.735],[-128.088,51.753],[-128.116,51.725]]],[[[-128.091,52.103],[-127.943,52.075],[-127.902,52.134],[-128.091,52.103]]],[[[-128.048,51.669],[-127.996,51.654],[-127.986,51.691],[-128.048,51.669]]],[[[-128.035,52.201],[-127.934,52.178],[-127.902,52.199],[-127.941,52.264],[-128.035,52.201]]],[[[-128.032,51.741],[-128.009,51.726],[-127.989,51.762],[-128.032,51.741]]],[[[-127.963,50.926],[-127.869,50.901],[-127.858,50.93],[-127.963,50.926]]],[[[-127.882,52.003],[-127.867,51.935],[-127.762,51.945],[-127.626,52.104],[-127.249,52.27],[-127.203,52.331],[-127.25,52.406],[-127.784,52.172],[-127.882,52.003]]],[[[-127.823,50.88],[-127.653,50.836],[-127.714,50.896],[-127.823,50.88]]],[[[-127.729,51.504],[-127.718,51.475],[-127.702,51.498],[-127.729,51.504]]],[[[-127.672,51.462],[-127.644,51.452],[-127.637,51.475],[-127.672,51.462]]],[[[-127.655,51.501],[-127.607,51.487],[-127.564,51.547],[-127.655,51.501]]],[[[-127.59,51.065],[-127.568,51.044],[-127.522,51.065],[-127.59,51.065]]],[[[-127.587,51.299],[-127.486,51.27],[-127.465,51.299],[-127.587,51.299]]],[[[-127.306,50.009],[-127.298,49.978],[-127.271,50.013],[-127.306,50.009]]],[[[-127.24,50.079],[-127.229,50.056],[-127.21,50.064],[-127.24,50.079]]],[[[-127.232,50.035],[-127.216,50.006],[-127.195,50.023],[-127.232,50.035]]],[[[-127.136,50.657],[-126.859,50.613],[-126.915,50.656],[-127.136,50.657]]],[[[-126.95,49.808],[-126.775,49.799],[-126.941,49.707],[-126.806,49.6],[-126.66,49.572],[-126.615,49.617],[-126.69,49.825],[-126.802,49.855],[-126.95,49.808]]],[[[-126.891,50.807],[-126.582,50.779],[-126.653,50.836],[-126.891,50.807]]],[[[-126.878,50.845],[-126.768,50.848],[-126.779,50.875],[-126.878,50.845]]],[[[-126.794,50.584],[-126.728,50.56],[-126.719,50.577],[-126.794,50.584]]],[[[-126.699,50.745],[-126.661,50.725],[-126.652,50.747],[-126.699,50.745]]],[[[-126.664,50.697],[-126.633,50.675],[-126.635,50.709],[-126.664,50.697]]],[[[-126.647,50.571],[-126.57,50.563],[-126.572,50.586],[-126.647,50.571]]],[[[-126.605,50.522],[-126.324,50.506],[-126.293,50.518],[-126.343,50.567],[-126.605,50.522]]],[[[-126.568,50.67],[-126.536,50.637],[-126.285,50.656],[-126.185,50.738],[-126.299,50.804],[-126.568,50.67]]],[[[-126.558,49.619],[-126.517,49.609],[-126.482,49.664],[-126.558,49.619]]],[[[-126.529,50.61],[-126.41,50.582],[-126.388,50.617],[-126.529,50.61]]],[[[-126.297,50.602],[-126.224,50.537],[-126.211,50.554],[-126.297,50.602]]],[[[-126.22,49.33],[-126.161,49.247],[-126.077,49.238],[-126.113,49.35],[-126.22,49.33]]],[[[-126.107,49.393],[-126.078,49.378],[-126.06,49.403],[-126.107,49.393]]],[[[-126.007,49.202],[-125.953,49.146],[-125.946,49.185],[-126.007,49.202]]],[[[-125.941,50.43],[-125.783,50.406],[-125.803,50.451],[-125.941,50.43]]],[[[-125.939,71.973],[-125.922,71.945],[-125.094,71.973],[-125.188,71.925],[-124.008,71.675],[-123.789,71.543],[-123.635,71.513],[-123.356,71.211],[-123.126,71.096],[-122.735,71.089],[-121.951,71.308],[-121.719,71.432],[-121.75,71.475],[-121.325,71.374],[-120.567,71.487],[-120.382,71.616],[-120.408,71.745],[-120.334,71.858],[-120.355,71.961],[-120.095,72.11],[-120.211,72.225],[-120.179,72.269],[-119.973,72.208],[-119.669,72.23],[-119.324,72.348],[-119.099,72.597],[-118.806,72.706],[-118.501,72.732],[-118.334,72.818],[-116.551,73.223],[-115.744,73.346],[-115.343,73.465],[-115.288,73.526],[-116.655,74.006],[-117.408,74.219],[-118.095,74.265],[-118.751,74.197],[-118.825,74.174],[-118.749,74.089],[-118.868,74.019],[-119.12,73.986],[-119.127,74.037],[-119.006,74.096],[-119.097,74.194],[-119.457,74.219],[-119.645,74.115],[-119.66,74.027],[-119.726,74.021],[-119.824,74.091],[-119.591,74.2],[-119.634,74.228],[-120.678,74.373],[-121.252,74.534],[-122.835,74.431],[-124.681,74.339],[-124.426,74.229],[-124.417,74.076],[-124.202,73.888],[-123.821,73.832],[-123.762,73.787],[-124.002,73.657],[-123.953,73.544],[-124.325,73.446],[-124.615,73.167],[-124.866,73.115],[-124.811,73.023],[-124.478,72.952],[-124.597,72.9],[-125.067,72.877],[-124.978,72.796],[-124.997,72.684],[-125.084,72.655],[-125.003,72.56],[-125.297,72.462],[-125.498,72.271],[-125.621,72.229],[-125.603,72.144],[-125.734,72.125],[-125.659,72.044],[-125.939,71.973]]],[[[-125.91,49.213],[-125.792,49.124],[-125.783,49.221],[-125.91,49.213]]],[[[-125.763,50.378],[-125.558,50.381],[-125.52,50.403],[-125.763,50.378]]],[[[-125.499,50.362],[-125.427,50.337],[-125.338,50.418],[-125.418,50.435],[-125.499,50.362]]],[[[-125.379,50.307],[-125.186,50.312],[-125.16,50.361],[-125.269,50.422],[-125.379,50.307]]],[[[-125.362,69.724],[-125.258,69.73],[-125.319,69.744],[-125.362,69.724]]],[[[-125.344,50.214],[-125.32,50.136],[-125.151,49.985],[-125.201,50.092],[-125.159,50.193],[-125.233,50.271],[-125.334,50.274],[-125.281,50.227],[-125.344,50.214]]],[[[-125.183,50.283],[-125.123,50.23],[-125.117,50.297],[-125.183,50.283]]],[[[-125.118,50.394],[-125.096,50.367],[-125.088,50.383],[-125.118,50.394]]],[[[-125.116,48.889],[-125.044,48.908],[-125.045,48.934],[-125.116,48.889]]],[[[-125.099,50.12],[-125.042,50.226],[-125.09,50.212],[-125.099,50.12]]],[[[-125.096,70.121],[-124.938,70.134],[-124.984,70.149],[-125.096,70.121]]],[[[-125.069,70.182],[-124.994,70.182],[-125.015,70.196],[-125.069,70.182]]],[[[-125.066,50.06],[-125.045,50.037],[-125.032,50.055],[-125.066,50.06]]],[[[-125.037,50.101],[-124.963,50.013],[-124.887,50.061],[-124.994,50.21],[-124.963,50.15],[-125.037,50.101]]],[[[-125.015,50.292],[-124.981,50.268],[-124.968,50.289],[-125.015,50.292]]],[[[-124.932,49.977],[-124.907,49.953],[-124.895,49.993],[-124.932,49.977]]],[[[-124.93,50.219],[-124.812,50.108],[-124.758,50.152],[-124.811,50.264],[-124.916,50.294],[-124.93,50.219]]],[[[-124.849,49.936],[-124.786,49.923],[-124.785,49.948],[-124.849,49.936]]],[[[-124.823,49.579],[-124.733,49.476],[-124.717,49.496],[-124.823,49.579]]],[[[-124.772,50.226],[-124.685,50.153],[-124.659,50.228],[-124.737,50.279],[-124.772,50.226]]],[[[-124.692,73.694],[-124.534,73.674],[-124.605,73.702],[-124.692,73.694]]],[[[-124.681,49.857],[-124.654,49.834],[-124.627,49.856],[-124.681,49.857]]],[[[-124.671,49.542],[-124.653,49.489],[-124.594,49.518],[-124.671,49.542]]],[[[-124.631,49.763],[-124.304,49.534],[-124.156,49.484],[-124.144,49.525],[-124.372,49.685],[-124.631,49.763]]],[[[-124.509,73.899],[-124.426,73.865],[-124.44,73.907],[-124.509,73.899]]],[[[-124.359,49.495],[-124.178,49.429],[-124.177,49.466],[-124.359,49.495]]],[[[-124.333,73.565],[-124.114,73.586],[-124.292,73.641],[-124.333,73.565]]],[[[-124.19,49.695],[-124.115,49.65],[-124.009,49.763],[-124.19,49.695]]],[[[-123.838,49.189],[-123.813,49.137],[-123.741,49.125],[-123.838,49.189]]],[[[-123.697,48.985],[-123.678,48.967],[-123.662,48.987],[-123.697,48.985]]],[[[-123.694,49.1],[-123.624,49.021],[-123.644,49.087],[-123.694,49.1]]],[[[-123.653,48.945],[-123.634,48.915],[-123.627,48.944],[-123.653,48.945]]],[[[-123.579,48.922],[-123.536,48.732],[-123.455,48.703],[-123.371,48.758],[-123.579,48.922]]],[[[-123.556,48.991],[-123.327,48.849],[-123.356,48.909],[-123.556,48.991]]],[[[-123.466,49.387],[-123.449,49.357],[-123.428,49.374],[-123.466,49.387]]],[[[-123.445,49.48],[-123.416,49.433],[-123.313,49.441],[-123.356,49.515],[-123.445,49.48]]],[[[-123.411,49.344],[-123.349,49.334],[-123.327,49.397],[-123.411,49.344]]],[[[-123.401,48.818],[-123.35,48.799],[-123.383,48.829],[-123.401,48.818]]],[[[-123.326,48.707],[-123.307,48.685],[-123.297,48.703],[-123.326,48.707]]],[[[-123.308,48.614],[-123.286,48.571],[-123.27,48.592],[-123.308,48.614]]],[[[-123.306,48.773],[-123.256,48.74],[-123.29,48.799],[-123.306,48.773]]],[[[-123.306,49.529],[-123.288,49.505],[-123.273,49.519],[-123.306,49.529]]],[[[-123.289,48.827],[-123.241,48.809],[-123.25,48.849],[-123.289,48.827]]],[[[-123.19,48.765],[-123.091,48.742],[-123.062,48.764],[-123.127,48.792],[-123.19,48.765]]],[[[-123.172,49.178],[-123.076,49.113],[-122.958,49.166],[-123.172,49.178]]],[[[-122.99,76.106],[-122.895,76.077],[-122.514,76.169],[-122.484,76.153],[-122.589,76.116],[-122.426,76.084],[-122.606,75.989],[-122.496,75.944],[-121.735,76.028],[-121.24,75.925],[-120.882,75.953],[-120.969,76.069],[-120.959,76.157],[-120.789,76.182],[-120.593,76.145],[-120.699,76.11],[-120.669,76.025],[-120.367,75.992],[-120.459,75.911],[-120.45,75.824],[-120.286,75.812],[-120.07,75.878],[-119.803,75.858],[-119.608,75.919],[-119.607,75.972],[-119.488,75.955],[-119.387,75.998],[-119.462,76.056],[-119.689,76.096],[-119.506,76.108],[-119.565,76.139],[-119.51,76.173],[-119.651,76.26],[-119.426,76.329],[-119.423,76.278],[-119.205,76.11],[-119.02,76.09],[-118.86,76.167],[-118.861,76.236],[-118.617,76.282],[-118.545,76.354],[-118.893,76.501],[-118.746,76.547],[-118.506,76.497],[-118.321,76.539],[-118.299,76.624],[-118.419,76.668],[-118.392,76.702],[-118.24,76.71],[-118.226,76.753],[-117.935,76.748],[-117.775,76.809],[-117.709,76.788],[-117.899,76.627],[-117.899,76.523],[-117.986,76.439],[-117.947,76.401],[-117.597,76.278],[-117.316,76.243],[-116.971,76.304],[-116.915,76.371],[-116.962,76.525],[-115.997,76.608],[-115.848,76.673],[-115.971,76.74],[-115.959,76.794],[-116.307,76.904],[-115.736,76.925],[-116.2,77.028],[-116.337,77.115],[-115.451,77.292],[-115.74,77.416],[-116.258,77.521],[-116.88,77.519],[-116.922,77.5],[-116.858,77.476],[-117.029,77.455],[-116.909,77.388],[-116.638,77.347],[-116.774,77.312],[-117.061,77.342],[-117.088,77.33],[-117,77.287],[-117.055,77.28],[-118.062,77.364],[-119.106,77.296],[-120.329,76.876],[-120.45,76.757],[-121.146,76.673],[-121.477,76.447],[-122.293,76.405],[-122.99,76.106]]],[[[-122.892,76.005],[-122.772,76.019],[-122.615,76.049],[-122.892,76.005]]],[[[-122.536,75.893],[-122.285,75.869],[-122.305,75.911],[-122.536,75.893]]],[[[-121.149,75.774],[-121.112,75.728],[-120.985,75.732],[-120.815,75.848],[-120.868,75.916],[-120.939,75.922],[-120.969,75.837],[-121.149,75.774]]],[[[-121.079,76.725],[-120.89,76.719],[-120.846,76.738],[-121.079,76.725]]],[[[-119.386,75.608],[-118.684,75.512],[-118.453,75.545],[-117.922,75.73],[-117.49,76.05],[-117.447,76.08],[-117.831,76.091],[-118.195,75.962],[-118.554,75.92],[-119.386,75.608]]],[[[-119.094,71.765],[-118.891,71.578],[-118.817,71.589],[-118.853,71.636],[-118.797,71.653],[-118.399,71.634],[-118.417,71.582],[-118.351,71.566],[-117.851,71.663],[-117.799,71.658],[-117.958,71.606],[-117.637,71.571],[-117.78,71.527],[-118.115,71.554],[-118.274,71.456],[-118.212,71.395],[-118.025,71.368],[-117.535,71.367],[-117.502,71.413],[-117.633,71.471],[-117.562,71.488],[-117.33,71.443],[-117.366,71.385],[-115.731,71.537],[-115.128,71.486],[-116.028,71.458],[-116.122,71.435],[-115.692,71.389],[-116.64,71.314],[-117.796,71.146],[-118.347,71.012],[-118.369,70.959],[-118.197,70.852],[-117.664,70.69],[-117.592,70.617],[-117.328,70.583],[-116.198,70.629],[-116.079,70.588],[-115.553,70.571],[-113.904,70.705],[-112.427,70.529],[-112.139,70.48],[-111.971,70.386],[-111.382,70.328],[-111.592,70.305],[-111.46,70.272],[-111.498,70.267],[-112.159,70.286],[-112.565,70.19],[-112.828,70.243],[-113.88,70.271],[-114.197,70.319],[-115.561,70.258],[-116.89,70.125],[-117.249,70.053],[-117.313,70.003],[-117.297,69.889],[-117.17,69.74],[-116.838,69.655],[-116.807,69.63],[-116.874,69.588],[-116.579,69.541],[-116.516,69.485],[-116.579,69.47],[-116.554,69.44],[-116.285,69.364],[-115.646,69.27],[-114.278,69.284],[-113.679,69.205],[-113.626,69.186],[-113.534,68.988],[-113.623,68.803],[-113.417,68.699],[-113.343,68.592],[-113.007,68.499],[-113.191,68.484],[-113.157,68.454],[-111.888,68.529],[-111.204,68.524],[-111.128,68.54],[-111.314,68.588],[-110.841,68.617],[-110.74,68.607],[-110.961,68.559],[-110.495,68.626],[-110.265,68.576],[-110.138,68.641],[-109.841,68.619],[-109.045,68.715],[-108.44,68.927],[-107.911,68.937],[-107.29,69.02],[-106.929,69.188],[-106.889,69.261],[-106.913,69.359],[-106.759,69.361],[-106.539,69.481],[-106.279,69.396],[-106.229,69.289],[-106.362,69.229],[-106.351,69.19],[-106.028,69.145],[-105.744,69.179],[-105.074,69.049],[-105.017,69.063],[-105.094,69.115],[-104.874,69.071],[-105.194,68.937],[-105.024,68.874],[-104.601,68.861],[-104.365,68.932],[-103.39,68.794],[-103.266,68.835],[-102.837,68.808],[-102.671,68.844],[-102.684,68.897],[-102.439,68.871],[-102.361,68.956],[-101.745,68.999],[-101.832,69.046],[-101.715,69.171],[-101.89,69.261],[-102.12,69.213],[-102.194,69.275],[-102.041,69.272],[-102.076,69.335],[-101.913,69.442],[-102.277,69.511],[-102.76,69.39],[-103.098,69.171],[-103.104,69.118],[-103.19,69.1],[-103.159,69.215],[-103.003,69.271],[-103.011,69.373],[-102.959,69.421],[-103,69.506],[-103.125,69.441],[-103.192,69.593],[-103.341,69.603],[-103.415,69.64],[-103.404,69.687],[-103.21,69.691],[-103.101,69.616],[-102.783,69.538],[-102.581,69.542],[-102.479,69.562],[-102.448,69.617],[-102.464,69.679],[-102.612,69.77],[-102.319,69.766],[-102.237,69.806],[-102.271,69.831],[-102.2,69.858],[-102.206,69.92],[-102.117,69.835],[-101.961,69.852],[-101.926,69.759],[-101.684,69.71],[-101.632,69.654],[-101.386,69.899],[-101.378,69.787],[-101.269,69.675],[-100.882,69.681],[-100.802,69.845],[-101.001,70.193],[-101.377,70.17],[-101.488,70.1],[-101.514,70.151],[-101.632,70.185],[-101.557,70.269],[-101.718,70.293],[-101.86,70.256],[-102.168,70.331],[-102.262,70.393],[-102.802,70.508],[-102.777,70.594],[-102.969,70.659],[-103.064,70.66],[-103.066,70.558],[-102.9,70.494],[-103.063,70.497],[-103.209,70.59],[-103.537,70.599],[-103.688,70.698],[-103.989,70.785],[-104.028,70.884],[-104.155,70.954],[-104.503,71.071],[-104.554,71.12],[-104.419,71.198],[-104.413,71.322],[-104.224,71.361],[-104.316,71.554],[-104.282,71.575],[-104.522,71.763],[-104.752,71.846],[-104.794,72.026],[-104.961,72.087],[-104.948,72.161],[-105.023,72.28],[-105.208,72.401],[-105.161,72.452],[-105.194,72.522],[-105.443,72.77],[-105.308,72.769],[-105.431,72.841],[-105.291,72.833],[-105.701,72.941],[-105.825,73.04],[-106.161,73.073],[-106.455,73.226],[-106.949,73.288],[-107.024,73.247],[-106.889,73.181],[-106.933,73.165],[-107.594,73.319],[-107.863,73.338],[-108.058,73.28],[-107.815,73.187],[-108.056,73.195],[-108.169,73.151],[-108.142,73.008],[-108.089,72.985],[-107.874,72.598],[-107.823,72.584],[-107.893,72.51],[-107.758,72.439],[-107.799,72.39],[-107.669,72.326],[-107.79,72.292],[-107.713,72.143],[-107.613,72.106],[-107.598,72.023],[-107.252,71.899],[-107.452,71.885],[-107.3,71.842],[-107.305,71.796],[-107.819,71.711],[-107.712,71.632],[-107.814,71.609],[-107.988,71.712],[-108.177,71.719],[-108.155,71.745],[-108.262,71.802],[-108.28,71.868],[-108.17,71.947],[-108.361,72.01],[-108.366,72.146],[-108.476,72.156],[-108.631,72.339],[-108.545,72.476],[-108.578,72.521],[-108.736,72.585],[-108.994,72.562],[-108.992,72.629],[-108.9,72.677],[-109.57,72.838],[-109.629,72.868],[-109.612,72.92],[-110.431,73.009],[-110.635,72.98],[-110.66,72.939],[-110.454,72.847],[-110.076,72.787],[-110.159,72.737],[-109.974,72.764],[-109.758,72.711],[-109.774,72.664],[-110.063,72.714],[-110.171,72.665],[-109.905,72.607],[-109.768,72.51],[-110.162,72.555],[-109.985,72.488],[-110.016,72.447],[-110.294,72.529],[-110.424,72.509],[-110.267,72.439],[-110.31,72.427],[-110.565,72.502],[-110.439,72.541],[-110.665,72.558],[-110.772,72.51],[-110.712,72.467],[-110.891,72.471],[-111.017,72.385],[-110.969,72.302],[-111.012,72.285],[-111.26,72.355],[-111.242,72.415],[-111.158,72.454],[-111.243,72.463],[-111.528,72.36],[-111.354,72.316],[-111.624,72.278],[-111.655,72.293],[-111.594,72.33],[-111.657,72.341],[-112.032,72.277],[-111.866,72.359],[-111.459,72.435],[-111.185,72.584],[-111.173,72.699],[-111.492,72.789],[-112.737,72.976],[-113.243,72.946],[-113.549,72.76],[-113.39,72.733],[-113.358,72.684],[-113.557,72.62],[-113.625,72.633],[-113.431,72.685],[-113.908,72.652],[-114.375,72.554],[-114.538,72.589],[-114.188,72.678],[-114.161,72.693],[-114.273,72.724],[-114.172,72.789],[-113.923,72.823],[-113.999,72.941],[-113.943,73.136],[-114.214,73.312],[-114.451,73.362],[-117.23,72.921],[-117.544,72.757],[-118.378,72.53],[-118.497,72.433],[-118.484,72.367],[-118.128,72.335],[-118.067,72.234],[-118.551,72.169],[-118.639,72.083],[-119.07,71.875],[-119.094,71.765]]],[[[-117.614,75.253],[-117.292,75.168],[-116.757,75.108],[-116.552,75.168],[-116.168,75.185],[-116.221,75.121],[-116.191,75.104],[-115.953,75.114],[-116.123,75.049],[-115.62,74.952],[-115.48,75.025],[-115.6,75.1],[-115.574,75.128],[-115.335,75.089],[-115.172,75.157],[-115.125,75.109],[-115.182,75.008],[-115.041,74.957],[-114.405,75.066],[-114.251,75.166],[-114.586,75.272],[-114.295,75.269],[-114.256,75.22],[-114.153,75.222],[-114.018,75.31],[-114.039,75.429],[-113.96,75.451],[-113.812,75.366],[-113.244,75.418],[-113.746,75.305],[-113.831,75.231],[-113.807,75.189],[-113.622,75.173],[-113.863,75.126],[-113.892,75.052],[-113.854,75.043],[-113.263,75.061],[-113.078,75.109],[-112.858,75.085],[-112.692,75.145],[-112.711,75.235],[-112.635,75.253],[-112.565,75.228],[-112.595,75.2],[-112.564,75.172],[-112.28,75.201],[-112.373,75.124],[-112.332,75.099],[-111.737,75.157],[-111.467,75.136],[-111.11,75.254],[-110.872,75.216],[-111.094,75.112],[-111.472,75.055],[-111.533,74.996],[-112.836,74.963],[-113.151,74.88],[-113.107,74.841],[-114.055,74.771],[-114.4,74.659],[-113.737,74.47],[-112.74,74.388],[-111.413,74.531],[-110.58,74.701],[-110.536,74.78],[-109.466,74.857],[-109.214,74.955],[-108.709,75.055],[-108.507,75.038],[-108.491,74.94],[-108.337,74.9],[-107.964,74.925],[-107.922,74.939],[-107.959,74.985],[-107.807,74.987],[-107.671,75.077],[-107.605,75.053],[-107.623,75],[-107.586,74.978],[-107.093,74.908],[-106.032,75.034],[-105.963,75.051],[-106.018,75.091],[-105.845,75.161],[-105.783,75.277],[-105.622,75.34],[-105.59,75.502],[-105.322,75.646],[-105.406,75.728],[-105.394,75.843],[-106.065,76.022],[-106.55,76.044],[-106.764,75.981],[-106.855,75.844],[-106.618,75.783],[-106.779,75.748],[-106.873,75.652],[-107.083,75.83],[-107.026,75.865],[-107.076,75.901],[-107.387,75.901],[-107.982,75.787],[-107.971,75.839],[-107.599,75.977],[-107.951,76.063],[-108.36,76.04],[-108.369,76.105],[-107.998,76.207],[-108.122,76.24],[-108.005,76.272],[-108.201,76.369],[-108.517,76.417],[-108.46,76.435],[-108.499,76.476],[-108.462,76.485],[-108.525,76.52],[-108.454,76.539],[-108.634,76.604],[-108.356,76.712],[-108.66,76.756],[-108.611,76.806],[-108.642,76.815],[-109.16,76.782],[-109.497,76.662],[-109.528,76.589],[-109.684,76.574],[-109.735,76.536],[-109.692,76.473],[-110.263,76.425],[-110.312,76.38],[-110.284,76.29],[-109.331,76.124],[-109.311,76.06],[-109.242,76.032],[-109.949,75.877],[-109.672,75.864],[-109.563,75.795],[-109.08,75.74],[-108.861,75.669],[-108.843,75.58],[-109.024,75.557],[-108.871,75.511],[-108.969,75.481],[-110.469,75.565],[-111.201,75.521],[-111.316,75.596],[-111.344,75.715],[-111.392,75.733],[-111.365,75.747],[-111.494,75.794],[-111.42,75.824],[-112.173,75.806],[-111.709,75.904],[-112.359,76.048],[-112.443,76.169],[-113.153,76.249],[-113.94,76.199],[-114.118,76.329],[-114.028,76.362],[-114.059,76.42],[-114.655,76.503],[-115.362,76.445],[-115.812,76.322],[-115.719,76.242],[-115.237,76.229],[-114.667,76.134],[-116.055,76.195],[-116.545,76.097],[-116.654,76.039],[-116.45,75.987],[-116.703,75.927],[-116.359,75.878],[-114.805,75.875],[-116.695,75.791],[-117.131,75.666],[-117.175,75.603],[-116.992,75.562],[-116.198,75.561],[-115,75.69],[-115.228,75.639],[-115.221,75.608],[-116.067,75.472],[-117.101,75.464],[-117.478,75.364],[-117.614,75.253]]],[[[-117.272,70.542],[-116.868,70.525],[-117.092,70.57],[-117.272,70.542]]],[[[-116.737,70.547],[-116.302,70.498],[-116.603,70.565],[-116.737,70.547]]],[[[-116.635,70.477],[-116.536,70.466],[-116.59,70.486],[-116.635,70.477]]],[[[-116.238,70.525],[-116.128,70.525],[-116.229,70.548],[-116.238,70.525]]],[[[-116.058,77.615],[-115.954,77.618],[-115.985,77.637],[-116.058,77.615]]],[[[-116,70.549],[-115.872,70.537],[-115.786,70.554],[-116,70.549]]],[[[-115.779,77.699],[-115.676,77.718],[-115.766,77.738],[-115.779,77.699]]],[[[-115.601,70.522],[-115.529,70.532],[-115.601,70.544],[-115.601,70.522]]],[[[-115.096,77.958],[-114.184,77.688],[-113.723,77.727],[-113.557,77.801],[-113.603,77.873],[-113.996,77.924],[-113.973,77.977],[-114.308,77.976],[-114.317,78.015],[-114.272,78.036],[-115.096,77.958]]],[[[-114.869,76.78],[-114.046,76.687],[-113.596,76.705],[-113.436,76.799],[-113.609,76.876],[-114.37,76.872],[-114.869,76.78]]],[[[-114.459,68.894],[-114.356,68.874],[-114.361,68.908],[-114.459,68.894]]],[[[-114.373,67.792],[-114.29,67.778],[-114.319,67.802],[-114.373,67.792]]],[[[-114.231,67.956],[-114.109,67.943],[-114.112,67.957],[-114.231,67.956]]],[[[-114.211,67.887],[-114.173,67.863],[-113.912,67.868],[-114.211,67.887]]],[[[-114.18,68.656],[-114.031,68.609],[-114.03,68.637],[-114.18,68.656]]],[[[-113.977,67.964],[-113.779,67.963],[-113.719,67.985],[-113.977,67.964]]],[[[-113.942,78.282],[-113.838,78.264],[-113.821,78.276],[-113.942,78.282]]],[[[-113.925,68.607],[-113.91,68.589],[-113.75,68.581],[-113.925,68.607]]],[[[-113.85,77.116],[-113.658,77.108],[-113.709,77.14],[-113.85,77.116]]],[[[-113.817,67.868],[-113.72,67.879],[-113.812,67.885],[-113.817,67.868]]],[[[-113.716,78.303],[-113.54,78.3],[-113.632,78.316],[-113.716,78.303]]],[[[-113.483,67.912],[-113.277,67.889],[-113.241,67.916],[-113.483,67.912]]],[[[-113.388,77.077],[-113.301,77.076],[-113.216,77.101],[-113.388,77.077]]],[[[-113.353,68.237],[-113.278,68.222],[-113.28,68.244],[-113.353,68.237]]],[[[-113.265,77.799],[-113.193,77.742],[-113.184,77.671],[-113.08,77.613],[-113.138,77.555],[-113.102,77.535],[-112.899,77.517],[-112.848,77.46],[-112.487,77.448],[-112.343,77.356],[-112.035,77.333],[-110.256,77.499],[-110.115,77.572],[-110.146,77.641],[-110.106,77.774],[-110.638,77.756],[-110.847,77.835],[-109.989,77.906],[-109.51,78.019],[-109.785,78.1],[-111.084,78.079],[-113.114,77.897],[-113.265,77.799]]],[[[-113.228,78.304],[-113.068,78.247],[-112.159,78.347],[-111.397,78.25],[-111.333,78.265],[-111.385,78.299],[-111.177,78.315],[-111.21,78.367],[-111.16,78.367],[-110.536,78.271],[-109.475,78.288],[-109.303,78.321],[-109.22,78.448],[-109.463,78.575],[-109.706,78.584],[-109.83,78.65],[-110.594,78.743],[-111.51,78.559],[-112.144,78.535],[-113.074,78.398],[-113.228,78.304]]],[[[-113.138,70.306],[-112.923,70.286],[-112.958,70.308],[-113.138,70.306]]],[[[-112.898,68.154],[-112.717,68.132],[-112.864,68.172],[-112.898,68.154]]],[[[-112.691,70.294],[-112.592,70.272],[-112.64,70.303],[-112.691,70.294]]],[[[-112.253,70.354],[-112.028,70.295],[-111.76,70.297],[-112.253,70.354]]],[[[-111.821,68.18],[-111.75,68.174],[-111.757,68.19],[-111.821,68.18]]],[[[-111.718,68.249],[-111.613,68.231],[-111.479,68.293],[-111.718,68.249]]],[[[-111.6,68.333],[-111.515,68.322],[-111.514,68.341],[-111.6,68.333]]],[[[-111.452,68.262],[-111.433,68.242],[-111.361,68.256],[-111.452,68.262]]],[[[-111.104,72.681],[-111.036,72.672],[-111.034,72.69],[-111.104,72.681]]],[[[-111.079,68.418],[-111.011,68.431],[-111.064,68.444],[-111.079,68.418]]],[[[-111.026,67.862],[-110.879,67.883],[-110.792,67.958],[-111.026,67.862]]],[[[-111.006,68.478],[-110.841,68.458],[-110.676,68.515],[-111.006,68.478]]],[[[-110.678,68.552],[-110.49,68.527],[-110.57,68.573],[-110.678,68.552]]],[[[-110.51,72.569],[-110.432,72.575],[-110.502,72.581],[-110.51,72.569]]],[[[-110.497,68.58],[-110.4,68.574],[-110.42,68.589],[-110.497,68.58]]],[[[-110.431,72.609],[-110.323,72.599],[-110.383,72.621],[-110.431,72.609]]],[[[-110.406,68.012],[-110.319,67.996],[-110.291,68.034],[-110.406,68.012]]],[[[-110.292,72.64],[-110.216,72.627],[-110.224,72.644],[-110.292,72.64]]],[[[-110.201,68.055],[-110.143,68.04],[-110.025,68.092],[-110.201,68.055]]],[[[-109.957,68.12],[-109.842,68.127],[-109.914,68.141],[-109.957,68.12]]],[[[-109.754,68.168],[-109.684,68.155],[-109.535,68.221],[-109.754,68.168]]],[[[-109.496,68.031],[-109.309,67.984],[-109.294,68.035],[-109.365,68.073],[-109.438,68.082],[-109.496,68.031]]],[[[-109.327,68.172],[-109.238,68.151],[-109.284,68.179],[-109.327,68.172]]],[[[-109.324,72.806],[-109.168,72.789],[-109.27,72.82],[-109.324,72.806]]],[[[-109.139,67.782],[-109.062,67.764],[-109.059,67.79],[-109.139,67.782]]],[[[-109.12,68.2],[-109.028,68.175],[-109.074,68.211],[-109.12,68.2]]],[[[-109.108,67.971],[-108.983,67.898],[-109.006,67.873],[-108.885,67.836],[-108.833,67.875],[-108.892,67.957],[-109.108,67.971]]],[[[-109.076,67.841],[-109.004,67.824],[-109.068,67.852],[-109.076,67.841]]],[[[-108.562,72.628],[-108.466,72.608],[-108.469,72.636],[-108.562,72.628]]],[[[-108.523,67.931],[-108.459,67.903],[-108.428,67.914],[-108.523,67.931]]],[[[-108.51,68.039],[-108.474,68.042],[-108.432,68.077],[-108.51,68.039]]],[[[-108.485,72.57],[-108.4,72.566],[-108.446,72.581],[-108.485,72.57]]],[[[-108.448,67.543],[-108.352,67.464],[-108.304,67.493],[-108.268,67.552],[-108.448,67.543]]],[[[-108.409,67.638],[-108.395,67.597],[-108.333,67.609],[-108.409,67.638]]],[[[-108.376,68.078],[-108.301,68.072],[-108.292,68.088],[-108.376,68.078]]],[[[-108.232,67.463],[-108.159,67.457],[-108.175,67.535],[-108.232,67.463]]],[[[-108.2,67.919],[-108.075,67.897],[-108.07,67.964],[-108.2,67.919]]],[[[-108.162,72.058],[-108.093,72],[-108.11,72.049],[-108.162,72.058]]],[[[-108.107,67.604],[-108.051,67.563],[-108.105,67.493],[-108.02,67.481],[-107.907,67.56],[-108.012,67.651],[-108.097,67.653],[-108.107,67.604]]],[[[-108.096,67.402],[-107.911,67.307],[-107.889,67.427],[-107.893,67.484],[-108.003,67.432],[-107.977,67.403],[-108.096,67.402]]],[[[-108.094,66.981],[-107.966,66.894],[-108.007,66.995],[-108.094,66.981]]],[[[-107.956,73.59],[-107.819,73.546],[-107.549,73.598],[-107.956,73.59]]],[[[-107.925,67.957],[-107.92,67.923],[-107.868,67.956],[-107.925,67.957]]],[[[-107.867,68.09],[-107.855,68.001],[-107.783,67.991],[-107.703,68.076],[-107.867,68.09]]],[[[-107.863,66.903],[-107.807,66.891],[-107.791,66.979],[-107.84,66.979],[-107.863,66.903]]],[[[-107.82,67.044],[-107.776,67.046],[-107.749,67.133],[-107.817,67.106],[-107.82,67.044]]],[[[-107.668,67.288],[-107.666,67.233],[-107.617,67.253],[-107.668,67.288]]],[[[-107.614,67.177],[-107.532,67.099],[-107.363,67.07],[-107.473,67.151],[-107.614,67.177]]],[[[-107.503,68.169],[-107.5,68.153],[-107.398,68.159],[-107.503,68.169]]],[[[-107.383,68.201],[-107.31,68.189],[-107.242,68.213],[-107.383,68.201]]],[[[-107.329,66.968],[-107.263,66.936],[-107.244,66.961],[-107.329,66.968]]],[[[-107.02,68.305],[-106.864,68.279],[-106.972,68.314],[-107.02,68.305]]],[[[-106.988,73.499],[-106.148,73.292],[-106.081,73.263],[-106.08,73.202],[-105.226,72.864],[-104.56,73.274],[-104.477,73.377],[-104.503,73.447],[-104.426,73.554],[-105.234,73.767],[-106.425,73.705],[-106.646,73.665],[-106.792,73.553],[-106.988,73.499]]],[[[-106.181,68.456],[-106.05,68.444],[-106.036,68.454],[-106.181,68.456]]],[[[-106.049,77.711],[-105.813,77.607],[-105.864,77.555],[-105.665,77.513],[-105.668,77.447],[-105.228,77.188],[-104.679,77.115],[-104.38,77.146],[-104.355,77.188],[-104.415,77.286],[-104.708,77.394],[-104.953,77.41],[-104.964,77.499],[-105.377,77.657],[-105.726,77.745],[-106.049,77.711]]],[[[-106.014,69.108],[-105.932,69.09],[-105.96,69.118],[-106.014,69.108]]],[[[-105.833,69.039],[-105.752,69.014],[-105.77,69.041],[-105.833,69.039]]],[[[-105.617,79.163],[-105.53,79.028],[-105.465,79.015],[-104.781,79.04],[-104.667,79.008],[-104.917,78.866],[-104.953,78.794],[-104.675,78.815],[-104.112,78.962],[-103.866,78.89],[-104.11,78.799],[-104.057,78.764],[-103.775,78.802],[-103.73,78.8],[-103.723,78.743],[-103.356,78.758],[-103.514,78.665],[-103.944,78.646],[-103.35,78.614],[-103.396,78.521],[-103.486,78.503],[-103.999,78.502],[-104.563,78.576],[-104.845,78.547],[-104.954,78.493],[-104.773,78.361],[-104.401,78.254],[-104.033,78.227],[-103.668,78.307],[-102.699,78.376],[-102.629,78.343],[-102.772,78.28],[-102.742,78.258],[-101.977,78.276],[-101.446,78.223],[-101.243,78.16],[-100.967,78.182],[-100.952,78.132],[-100.745,78.071],[-100.821,78.026],[-100.535,77.851],[-99.961,77.787],[-99.142,77.854],[-98.956,78.047],[-99.465,78.254],[-99.717,78.288],[-99.817,78.42],[-99.537,78.605],[-99.959,78.646],[-99.977,78.709],[-100.275,78.768],[-100.299,78.821],[-100.97,78.755],[-101.155,78.813],[-100.997,78.927],[-101.796,79.079],[-102.28,79.008],[-102.415,78.888],[-102.575,78.881],[-102.6,78.921],[-102.516,78.953],[-102.788,78.941],[-102.68,79.004],[-102.705,79.149],[-103.466,79.317],[-104.013,79.359],[-105.116,79.296],[-105.377,79.325],[-105.437,79.301],[-105.436,79.251],[-105.599,79.222],[-105.617,79.163]]],[[[-105.4,68.65],[-105.342,68.629],[-105.348,68.651],[-105.4,68.65]]],[[[-105.24,68.572],[-105.157,68.526],[-105.144,68.552],[-105.24,68.572]]],[[[-105.125,68.327],[-105.08,68.323],[-105.085,68.343],[-105.125,68.327]]],[[[-105.046,68.428],[-104.973,68.413],[-104.973,68.436],[-105.046,68.428]]],[[[-104.997,68.554],[-104.845,68.436],[-104.542,68.394],[-104.414,68.463],[-104.432,68.507],[-104.803,68.581],[-104.997,68.554]]],[[[-104.848,75.146],[-104.53,75.05],[-104.012,75.027],[-103.668,75.126],[-103.612,75.194],[-103.734,75.247],[-103.828,75.354],[-104.338,75.426],[-104.706,75.285],[-104.681,75.243],[-104.848,75.146]]],[[[-104.609,76.577],[-104.381,76.43],[-104.434,76.377],[-104.162,76.302],[-103.387,76.318],[-103.011,76.419],[-103.465,76.49],[-103.719,76.596],[-104.045,76.566],[-103.938,76.607],[-104.157,76.663],[-104.609,76.577]]],[[[-104.485,68.121],[-104.406,68.112],[-104.384,68.185],[-104.479,68.164],[-104.485,68.121]]],[[[-104.44,76.13],[-104.159,76.067],[-103.58,76.034],[-102.959,76.073],[-102.537,76.189],[-102.751,76.285],[-103.105,76.289],[-104.175,76.22],[-104.44,76.13]]],[[[-104.418,77.101],[-104.059,77.087],[-103.926,77.127],[-104.186,77.164],[-104.418,77.101]]],[[[-103.928,77.061],[-103.813,77.058],[-103.792,77.072],[-103.928,77.061]]],[[[-103.859,75.908],[-103.214,75.908],[-102.259,76.029],[-102.411,76.079],[-102.727,76.061],[-103.859,75.908]]],[[[-103.798,75.841],[-103.329,75.862],[-103.734,75.863],[-103.798,75.841]]],[[[-103.722,77.022],[-103.594,77.022],[-103.67,77.047],[-103.722,77.022]]],[[[-103.62,75.993],[-103.505,75.989],[-103.552,76.009],[-103.62,75.993]]],[[[-103.454,70.651],[-103.384,70.623],[-103.383,70.658],[-103.454,70.651]]],[[[-103.361,70.72],[-103.288,70.695],[-103.31,70.724],[-103.361,70.72]]],[[[-103.297,75.767],[-102.992,75.728],[-102.521,75.766],[-102.372,75.873],[-102.034,75.94],[-102.149,75.976],[-102.95,75.898],[-103.079,75.814],[-103.297,75.767]]],[[[-103.279,78.158],[-103.07,78.126],[-102.73,78.213],[-103.03,78.243],[-103.279,78.158]]],[[[-103.238,70.661],[-103.154,70.637],[-103.19,70.674],[-103.238,70.661]]],[[[-102.776,75.533],[-102.637,75.475],[-102.198,75.539],[-101.08,75.572],[-99.528,75.692],[-99.721,75.631],[-99.748,75.609],[-99.713,75.582],[-100.235,75.495],[-99.781,75.518],[-99.696,75.484],[-100.543,75.427],[-100.394,75.368],[-100.662,75.348],[-100.525,75.283],[-100.238,75.305],[-100.184,75.284],[-100.309,75.259],[-99.97,75.224],[-100.463,75.184],[-100.329,75.122],[-100.35,75.047],[-100.173,74.99],[-99.519,74.956],[-99.464,74.969],[-99.44,75.047],[-99.301,75.094],[-99.238,75.082],[-99.323,75.007],[-99.216,74.975],[-98.959,74.995],[-98.919,75.046],[-98.667,74.981],[-97.937,75.04],[-98.154,75.17],[-98.037,75.214],[-97.798,75.108],[-97.57,75.123],[-97.733,75.187],[-97.795,75.271],[-97.914,75.265],[-97.889,75.307],[-98.05,75.277],[-98.132,75.32],[-97.855,75.342],[-98.004,75.381],[-97.788,75.412],[-98.041,75.463],[-97.925,75.495],[-97.762,75.451],[-97.757,75.538],[-97.712,75.55],[-97.469,75.475],[-97.449,75.397],[-97.232,75.382],[-97.374,75.433],[-97.387,75.676],[-97.8,75.728],[-97.584,75.822],[-97.63,75.965],[-97.536,76.021],[-97.462,76.16],[-97.661,76.278],[-97.689,76.35],[-97.638,76.384],[-97.649,76.44],[-97.879,76.511],[-98.343,76.544],[-98.153,76.57],[-98.328,76.605],[-98.4,76.66],[-98.801,76.658],[-98.528,76.619],[-98.964,76.588],[-99,76.538],[-98.817,76.423],[-99.065,76.434],[-99.015,76.388],[-99.076,76.374],[-99.239,76.438],[-99.145,76.487],[-99.334,76.493],[-99.626,76.612],[-100.368,76.607],[-100.943,76.481],[-100.717,76.386],[-100.152,76.373],[-99.814,76.266],[-100.08,76.291],[-100.417,76.219],[-99.452,76.154],[-99.629,76.111],[-100.124,76.115],[-100.04,76.013],[-99.853,75.956],[-99.522,75.947],[-99.875,75.876],[-100.471,76.06],[-100.397,76.107],[-100.646,76.095],[-100.615,76.125],[-101.049,76.252],[-101.069,76.318],[-101.36,76.409],[-101.834,76.449],[-101.957,76.39],[-101.905,76.356],[-102.123,76.274],[-102.037,76.244],[-102.083,76.205],[-101.357,76.238],[-101.874,76.094],[-101.837,76.029],[-101.695,75.98],[-101.307,75.973],[-101.566,75.908],[-101.292,75.773],[-100.867,75.798],[-101.293,75.725],[-101.759,75.874],[-102.096,75.865],[-102.297,75.776],[-102.099,75.753],[-102.145,75.718],[-102.026,75.683],[-102.47,75.706],[-102.767,75.612],[-102.776,75.533]]],[[[-102.752,72.771],[-102.468,72.602],[-101.797,72.426],[-101.893,72.36],[-101.732,72.293],[-101.573,72.309],[-101.428,72.25],[-101.172,72.33],[-100.97,72.178],[-100.659,72.19],[-100.371,71.992],[-99.868,71.855],[-99.837,71.796],[-99.669,71.741],[-99.589,71.636],[-99.403,71.589],[-99.251,71.372],[-98.954,71.396],[-98.667,71.304],[-98.195,71.434],[-98.116,71.546],[-98.416,71.675],[-98.516,71.771],[-98.266,71.88],[-98.381,71.751],[-98.256,71.665],[-97.557,71.626],[-97.209,71.681],[-96.918,71.821],[-96.666,71.836],[-96.746,71.806],[-96.713,71.803],[-96.579,71.842],[-96.543,71.933],[-96.746,71.914],[-96.468,72.035],[-96.843,72.052],[-96.465,72.122],[-96.607,72.27],[-96.837,72.321],[-96.624,72.33],[-96.315,72.427],[-96.357,72.521],[-96.548,72.671],[-96.56,72.747],[-97.166,72.609],[-97.199,72.638],[-97.071,72.723],[-97.077,72.768],[-97.346,72.881],[-97.273,72.899],[-97.292,72.957],[-97.719,73.035],[-98.179,73.017],[-98.482,72.89],[-98.454,72.952],[-98.491,73.02],[-97.913,73.214],[-97.707,73.331],[-97.207,73.378],[-97.232,73.475],[-97.681,73.47],[-97.696,73.524],[-97.144,73.587],[-97.018,73.638],[-96.969,73.737],[-97.074,73.748],[-97.228,73.846],[-97.864,73.872],[-97.734,73.905],[-97.822,73.917],[-98.103,73.836],[-99.101,73.755],[-99.227,73.696],[-99.289,73.722],[-99.281,73.767],[-99.815,73.901],[-99.784,73.924],[-100.159,73.938],[-100.307,73.878],[-100.24,73.84],[-99.905,73.872],[-100.065,73.789],[-100.576,73.871],[-100.983,73.819],[-101.103,73.742],[-101.06,73.69],[-100.572,73.56],[-100.606,73.514],[-100.5,73.447],[-100.515,73.419],[-100.946,73.608],[-101.217,73.6],[-101.616,73.486],[-100.93,73.277],[-100.437,73.321],[-100.382,73.414],[-100.027,73.244],[-99.812,73.22],[-100.059,73.19],[-100.35,73.291],[-100.539,73.23],[-100.583,73.16],[-100.537,73.087],[-100.388,73.141],[-100.194,73.106],[-100.225,73.071],[-100.181,73.002],[-100.081,72.938],[-100.116,72.899],[-100.324,72.892],[-100.248,72.951],[-100.401,72.971],[-100.35,73.056],[-100.433,73.039],[-100.494,72.968],[-100.481,72.909],[-100.359,72.812],[-100.421,72.749],[-100.742,72.756],[-100.878,72.692],[-101.32,72.716],[-101.352,72.724],[-101.269,72.754],[-101.304,72.804],[-101.417,72.779],[-101.547,72.912],[-101.682,72.915],[-101.768,73.003],[-102.101,73.085],[-102.528,73.017],[-102.752,72.771]]],[[[-102.446,77.815],[-102.364,77.741],[-102.043,77.675],[-100.94,77.744],[-101.612,77.882],[-102.171,77.88],[-102.446,77.815]]],[[[-102.248,68.685],[-101.854,68.569],[-101.801,68.566],[-101.777,68.63],[-101.682,68.661],[-101.679,68.734],[-101.824,68.815],[-101.981,68.811],[-102.248,68.685]]],[[[-101.819,78.169],[-101.684,78.145],[-101.583,78.186],[-101.691,78.219],[-101.819,78.169]]],[[[-101.667,69.205],[-101.596,69.147],[-101.666,69.089],[-101.602,69.086],[-101.478,69.129],[-101.512,69.177],[-101.474,69.214],[-101.667,69.205]]],[[[-101.592,76.586],[-101.256,76.552],[-100.257,76.72],[-100.736,76.741],[-101.592,76.586]]],[[[-101.424,79.043],[-101.411,79.018],[-101.311,79.027],[-101.424,79.043]]],[[[-101.415,75.525],[-101.288,75.515],[-101.256,75.536],[-101.415,75.525]]],[[[-101.323,69.553],[-101.171,69.473],[-101.243,69.433],[-101.224,69.383],[-100.937,69.466],[-101.038,69.546],[-101.221,69.562],[-101.323,69.553]]],[[[-101.127,72.745],[-101.028,72.727],[-101.053,72.75],[-101.127,72.745]]],[[[-100.903,75.539],[-100.155,75.58],[-100.346,75.618],[-100.903,75.539]]],[[[-100.871,72.901],[-100.789,72.902],[-100.765,72.918],[-100.871,72.901]]],[[[-100.805,70.314],[-100.788,70.269],[-100.692,70.258],[-100.7,70.303],[-100.805,70.314]]],[[[-100.794,68.441],[-100.688,68.413],[-100.75,68.452],[-100.794,68.441]]],[[[-100.66,70.666],[-100.595,70.541],[-100.452,70.494],[-100.247,70.479],[-100.272,70.515],[-100.23,70.533],[-100.313,70.574],[-100.137,70.579],[-100.325,70.601],[-100.571,70.68],[-100.66,70.666]]],[[[-100.65,72.813],[-100.479,72.785],[-100.57,72.817],[-100.65,72.813]]],[[[-100.603,68.794],[-100.402,68.794],[-100.403,68.719],[-100.325,68.713],[-100.19,68.811],[-100.148,68.899],[-100.388,69.03],[-100.555,68.983],[-100.534,68.938],[-100.603,68.794]]],[[[-100.408,69.074],[-100.322,69.058],[-100.376,69.082],[-100.408,69.074]]],[[[-100.234,80.054],[-100.131,79.934],[-100.165,79.907],[-99.318,79.863],[-99.257,79.758],[-98.77,79.693],[-98.703,79.82],[-98.725,79.964],[-98.925,80.087],[-99.74,80.163],[-100.209,80.099],[-100.234,80.054]]],[[[-100.22,69.059],[-100.17,68.99],[-100.014,68.943],[-99.952,68.989],[-100.096,69.15],[-100.22,69.059]]],[[[-100.165,70.4],[-100.092,70.376],[-100.056,70.417],[-100.165,70.4]]],[[[-100.138,76.696],[-100.019,76.691],[-100.078,76.712],[-100.138,76.696]]],[[[-100.132,68.315],[-100.042,68.286],[-100.069,68.345],[-100.132,68.315]]],[[[-100.053,76.746],[-99.927,76.742],[-99.993,76.763],[-100.053,76.746]]],[[[-100.021,75.607],[-99.931,75.603],[-99.884,75.628],[-100.021,75.607]]],[[[-99.889,69.095],[-99.83,69.09],[-99.846,69.121],[-99.889,69.095]]],[[[-99.839,76.722],[-99.59,76.657],[-99.435,76.676],[-99.592,76.731],[-99.839,76.722]]],[[[-99.576,69.04],[-99.444,68.912],[-99.272,68.869],[-99.078,68.885],[-99.089,68.943],[-98.948,68.96],[-98.857,68.937],[-98.844,68.862],[-98.674,68.799],[-98.399,68.784],[-98.396,68.851],[-98.33,68.863],[-98.235,68.836],[-98.268,68.766],[-98.125,68.704],[-97.197,68.521],[-97.128,68.539],[-97.134,68.601],[-97.053,68.601],[-96.963,68.543],[-96.579,68.473],[-96.128,68.562],[-96.009,68.638],[-95.843,68.638],[-95.777,68.757],[-95.568,68.783],[-95.534,68.757],[-95.58,68.714],[-95.508,68.705],[-95.259,68.853],[-95.299,68.917],[-95.623,68.85],[-95.697,68.908],[-95.836,68.909],[-95.869,69.013],[-95.983,69.065],[-95.992,69.236],[-96.093,69.222],[-96.109,69.077],[-96.157,69.061],[-96.197,69.09],[-96.159,69.252],[-96.221,69.31],[-96.976,69.543],[-97.25,69.693],[-97.318,69.685],[-97.387,69.596],[-97.486,69.672],[-97.413,69.725],[-97.711,69.869],[-97.977,69.91],[-98.359,69.696],[-98.317,69.615],[-98.02,69.451],[-98.575,69.593],[-98.598,69.553],[-98.511,69.503],[-98.592,69.487],[-98.613,69.437],[-98.459,69.395],[-98.498,69.366],[-98.428,69.326],[-98.679,69.305],[-98.72,69.289],[-98.701,69.238],[-98.796,69.194],[-99.446,69.157],[-99.576,69.04]]],[[[-99.448,73.912],[-98.823,73.823],[-98.738,73.881],[-98.485,73.846],[-97.838,73.971],[-97.717,74.023],[-97.705,74.099],[-98.768,74.039],[-99.012,73.996],[-99.079,73.94],[-99.448,73.912]]],[[[-99.372,76.615],[-99.254,76.61],[-99.207,76.623],[-99.372,76.615]]],[[[-99.225,80.185],[-99.092,80.15],[-98.841,80.178],[-99,80.221],[-99.225,80.185]]],[[[-99.147,73.819],[-98.936,73.806],[-99.002,73.827],[-99.147,73.819]]],[[[-99.142,68.46],[-99.037,68.427],[-99.062,68.464],[-99.142,68.46]]],[[[-99.094,76.662],[-99.089,76.645],[-98.965,76.645],[-99.094,76.662]]],[[[-99.075,68.379],[-99.007,68.369],[-99.04,68.392],[-99.075,68.379]]],[[[-99.06,68.066],[-99.048,68.023],[-98.96,68.025],[-98.97,68.082],[-99.06,68.066]]],[[[-99.016,71.329],[-98.93,71.305],[-98.962,71.356],[-99.016,71.329]]],[[[-98.854,68.405],[-98.778,68.402],[-98.786,68.422],[-98.854,68.405]]],[[[-98.769,74.317],[-98.547,74.309],[-98.588,74.327],[-98.769,74.317]]],[[[-98.71,68.22],[-98.654,68.193],[-98.664,68.222],[-98.71,68.22]]],[[[-98.49,78.773],[-98.456,78.685],[-98.18,78.545],[-98.458,78.52],[-98.422,78.454],[-98.177,78.409],[-98.192,78.372],[-98.109,78.338],[-98.137,78.317],[-97.901,78.261],[-98.068,78.243],[-98.04,78.228],[-96.954,78.136],[-97.035,78.087],[-97.73,78.086],[-97.862,78.03],[-97.125,77.914],[-97.2,77.844],[-97.147,77.814],[-96.653,77.846],[-96.622,77.853],[-96.683,77.889],[-96.59,77.911],[-96.346,77.868],[-95.556,77.966],[-95.244,77.955],[-94.982,78.102],[-95.458,78.234],[-94.928,78.375],[-95.648,78.517],[-96.107,78.507],[-96.347,78.559],[-96.313,78.626],[-96.591,78.686],[-97.601,78.803],[-98.229,78.817],[-98.49,78.773]]],[[[-98.385,74.74],[-98.259,74.725],[-98.192,74.747],[-98.385,74.74]]],[[[-98.031,76.545],[-97.791,76.539],[-98.006,76.564],[-98.031,76.545]]],[[[-97.999,67.826],[-97.924,67.819],[-97.907,67.828],[-97.999,67.826]]],[[[-97.95,67.873],[-97.886,67.882],[-97.941,67.91],[-97.95,67.873]]],[[[-97.873,67.794],[-97.833,67.777],[-97.835,67.802],[-97.873,67.794]]],[[[-97.784,74.527],[-97.617,74.478],[-97.413,74.516],[-97.28,74.608],[-97.519,74.621],[-97.784,74.527]]],[[[-97.637,75.432],[-97.535,75.427],[-97.581,75.46],[-97.637,75.432]]],[[[-97.619,75.334],[-97.496,75.319],[-97.478,75.329],[-97.619,75.334]]],[[[-97.551,67.685],[-97.506,67.649],[-97.333,67.692],[-97.374,67.738],[-97.551,67.685]]],[[[-97.511,76.988],[-97.359,76.971],[-97.241,77.024],[-97.451,77.027],[-97.511,76.988]]],[[[-97.495,69.952],[-97.379,69.909],[-97.386,69.967],[-97.495,69.952]]],[[[-97.321,69.882],[-97.24,69.876],[-97.288,69.901],[-97.321,69.882]]],[[[-97.3,76.588],[-97.165,76.606],[-97.219,76.626],[-97.3,76.588]]],[[[-97.276,73.93],[-97.171,73.926],[-97.254,73.944],[-97.276,73.93]]],[[[-97.27,73.888],[-97.171,73.877],[-97.223,73.9],[-97.27,73.888]]],[[[-97.263,76.842],[-97.102,76.81],[-97.115,76.844],[-97.263,76.842]]],[[[-97.256,73.297],[-97.16,73.293],[-97.187,73.315],[-97.256,73.297]]],[[[-97.236,75.509],[-97.166,75.503],[-97.13,75.53],[-97.236,75.509]]],[[[-97.202,75.317],[-97.196,75.234],[-97.054,75.262],[-97.097,75.333],[-97.202,75.317]]],[[[-97.118,76.956],[-97.012,76.949],[-96.948,76.961],[-97.118,76.956]]],[[[-97.111,73.048],[-96.947,72.945],[-96.645,72.963],[-96.567,73.06],[-96.622,73.141],[-96.792,73.136],[-96.778,73.166],[-97.045,73.131],[-97.111,73.048]]],[[[-97.102,73.26],[-96.927,73.231],[-96.881,73.242],[-97.102,73.26]]],[[[-97.091,71.268],[-97.01,71.26],[-96.989,71.269],[-97.091,71.268]]],[[[-97.052,75.487],[-97.022,75.418],[-96.841,75.372],[-96.582,75.462],[-96.621,75.506],[-96.554,75.566],[-96.293,75.468],[-96.053,75.506],[-95.97,75.578],[-96.477,75.673],[-96.517,75.602],[-97.052,75.487]]],[[[-97.051,75.626],[-96.941,75.619],[-96.771,75.676],[-97.051,75.626]]],[[[-97.039,71.725],[-96.923,71.716],[-96.851,71.762],[-97.039,71.725]]],[[[-97.002,76.735],[-96.654,76.707],[-96.012,76.558],[-95.718,76.611],[-95.681,76.599],[-95.808,76.545],[-96.138,76.51],[-95.82,76.395],[-94.931,76.342],[-95.429,76.294],[-95.384,76.237],[-95.122,76.232],[-94.795,76.296],[-93.774,76.255],[-93.736,76.281],[-93.847,76.325],[-93.16,76.352],[-92.903,76.18],[-92.714,76.116],[-92.751,76.047],[-92.2,75.826],[-92.249,75.737],[-92.113,75.688],[-92.133,75.612],[-92.387,75.508],[-92.488,75.419],[-92.47,75.356],[-92.567,75.288],[-92.398,75.169],[-92.172,75.172],[-92.166,75.126],[-92.046,75.096],[-92.296,75.051],[-92.091,74.899],[-92.16,74.79],[-91.812,74.747],[-91.661,74.656],[-91.45,74.65],[-91.362,74.703],[-91.3,74.692],[-91.316,74.643],[-91.163,74.641],[-91.234,74.759],[-91.048,74.78],[-90.817,74.882],[-90.775,74.864],[-90.897,74.761],[-91.044,74.712],[-90.826,74.734],[-90.586,74.609],[-90.182,74.561],[-89.645,74.554],[-89.167,74.61],[-89.156,74.676],[-89.248,74.754],[-89.099,74.756],[-89.035,74.843],[-88.951,74.831],[-88.931,74.703],[-88.834,74.68],[-88.724,74.858],[-88.62,74.853],[-88.593,74.91],[-88.534,74.914],[-88.427,74.769],[-88.629,74.601],[-88.566,74.528],[-88.42,74.504],[-87.815,74.517],[-87.645,74.483],[-87.358,74.563],[-87.358,74.501],[-87.314,74.489],[-86.73,74.478],[-86.659,74.491],[-86.824,74.601],[-86.421,74.506],[-86.25,74.54],[-86.263,74.581],[-86.206,74.616],[-86.131,74.565],[-86.158,74.518],[-86.041,74.493],[-85.541,74.541],[-85.515,74.576],[-85.606,74.668],[-85.545,74.686],[-85.394,74.539],[-85.26,74.513],[-85.071,74.558],[-85.121,74.652],[-85.022,74.688],[-84.941,74.676],[-84.972,74.57],[-84.924,74.53],[-84.272,74.53],[-83.525,74.588],[-83.34,74.763],[-83.54,74.888],[-83.486,74.913],[-83.13,74.843],[-83.082,74.796],[-83.133,74.778],[-83.14,74.702],[-82.981,74.601],[-82.635,74.546],[-82.418,74.61],[-82.411,74.543],[-81.792,74.491],[-81.074,74.616],[-80.614,74.58],[-80.2,74.658],[-80.275,74.688],[-80.226,74.709],[-80.258,74.76],[-80.224,74.825],[-80.423,74.885],[-80.44,74.929],[-79.917,74.836],[-79.413,74.927],[-79.61,75.046],[-80.273,74.971],[-80.363,75.041],[-79.471,75.299],[-79.553,75.32],[-79.534,75.399],[-79.658,75.443],[-79.627,75.473],[-80.398,75.485],[-79.951,75.565],[-80.295,75.65],[-81.257,75.669],[-81.269,75.7],[-81.109,75.744],[-81.591,75.823],[-82.406,75.852],[-83.379,75.75],[-83.896,75.837],[-84.655,75.694],[-84.491,75.641],[-84.528,75.633],[-85.018,75.695],[-85.359,75.58],[-85.64,75.605],[-86.038,75.551],[-86.134,75.506],[-85.728,75.432],[-86.547,75.364],[-86.618,75.38],[-86.466,75.413],[-86.446,75.455],[-86.931,75.519],[-87.272,75.627],[-87.503,75.558],[-87.429,75.474],[-87.593,75.453],[-87.646,75.462],[-87.556,75.492],[-87.719,75.577],[-88.286,75.49],[-88.319,75.512],[-88.223,75.542],[-88.724,75.681],[-88.922,75.629],[-88.813,75.573],[-88.793,75.465],[-88.834,75.438],[-89.124,75.504],[-89.242,75.603],[-89.676,75.563],[-89.616,75.594],[-89.678,75.611],[-89.624,75.626],[-89.312,75.654],[-89.171,75.793],[-89.533,75.878],[-89.813,75.808],[-89.696,75.935],[-89.987,76.025],[-90.206,75.954],[-90.332,75.976],[-90.563,75.924],[-90.615,75.939],[-90.483,75.986],[-90.851,75.997],[-91.242,75.843],[-91.197,75.919],[-91.071,75.952],[-91.097,76.019],[-90.3,76.062],[-90.522,76.098],[-90.839,76.069],[-90.769,76.122],[-91.129,76.178],[-91.43,76.16],[-91.37,76.207],[-91.636,76.255],[-90.145,76.132],[-90.101,76.138],[-90.42,76.184],[-89.667,76.185],[-89.288,76.257],[-89.404,76.319],[-91.507,76.487],[-91.588,76.515],[-90.686,76.455],[-90.57,76.484],[-90.593,76.555],[-90.674,76.576],[-91.613,76.704],[-92.42,76.597],[-93.145,76.611],[-93.595,76.455],[-93.57,76.404],[-93.649,76.395],[-93.716,76.464],[-93.363,76.614],[-93.272,76.728],[-93.838,76.925],[-94.277,76.891],[-94.61,76.932],[-94.661,76.986],[-95.154,76.986],[-95.628,77.067],[-96.333,77.061],[-96.531,76.965],[-96.823,76.977],[-96.803,76.942],[-96.953,76.9],[-96.41,76.82],[-96.592,76.797],[-96.425,76.759],[-96.78,76.772],[-96.92,76.825],[-97.002,76.735]]],[[[-96.955,72.762],[-96.762,72.745],[-96.622,72.791],[-96.708,72.836],[-96.713,72.886],[-96.955,72.762]]],[[[-96.928,71.66],[-96.874,71.66],[-96.816,71.683],[-96.928,71.66]]],[[[-96.868,69.599],[-96.812,69.581],[-96.83,69.617],[-96.868,69.599]]],[[[-96.763,75.774],[-96.664,75.751],[-96.527,75.818],[-96.763,75.774]]],[[[-96.757,80.108],[-96.722,80.072],[-96.493,80.071],[-96.606,80.006],[-96.245,79.926],[-96.676,79.914],[-96.65,79.873],[-95.925,79.647],[-94.925,79.677],[-94.471,79.785],[-94.36,79.774],[-94.622,79.662],[-95.653,79.572],[-95.794,79.51],[-95.795,79.418],[-95.362,79.404],[-95.304,79.313],[-94.796,79.32],[-94.536,79.371],[-94.5,79.394],[-94.562,79.424],[-94.508,79.431],[-93.916,79.392],[-94.262,79.292],[-94.103,79.275],[-93.38,79.445],[-93.309,79.434],[-93.434,79.367],[-93.136,79.387],[-93.141,79.476],[-92.939,79.439],[-92.367,79.455],[-92.328,79.427],[-92.626,79.38],[-92.336,79.348],[-91.185,79.394],[-92.696,79.286],[-92.303,79.21],[-91.163,79.261],[-90.468,79.241],[-92.083,79.164],[-93.341,79.175],[-94.371,78.992],[-93.92,78.856],[-93.442,78.837],[-93.092,78.756],[-93.882,78.787],[-93.307,78.601],[-92.982,78.641],[-91.713,78.545],[-93.014,78.473],[-92.622,78.331],[-92.269,78.323],[-92.366,78.292],[-92.07,78.211],[-91.828,78.236],[-90.444,78.138],[-90.337,78.166],[-90.424,78.223],[-90.387,78.261],[-90.729,78.32],[-90.366,78.344],[-89.756,78.233],[-89.653,78.165],[-89.483,78.177],[-89.759,78.396],[-90.101,78.505],[-90.179,78.589],[-90.072,78.633],[-89.988,78.632],[-89.134,78.207],[-88.914,78.166],[-88.8,78.209],[-88.591,78.442],[-88.74,78.6],[-88.605,78.607],[-88.248,78.485],[-88.03,78.506],[-87.931,78.609],[-88.037,78.661],[-88.341,78.685],[-88.204,78.714],[-88.272,78.892],[-88.223,79],[-87.728,79.098],[-87.963,78.993],[-88.043,78.835],[-87.964,78.734],[-87.664,78.67],[-87.118,78.89],[-87.033,78.937],[-87.016,79.052],[-86.961,79.066],[-86.91,79.061],[-86.901,79.008],[-86.72,78.999],[-86.423,79.091],[-85.4,79.206],[-84.914,79.31],[-85.434,79.457],[-85.517,79.515],[-85.514,79.588],[-85.667,79.632],[-85.831,79.601],[-85.897,79.486],[-85.994,79.46],[-86.152,79.48],[-86.051,79.523],[-86.139,79.536],[-86.082,79.585],[-86.154,79.627],[-86.39,79.681],[-86.761,79.669],[-86.79,79.659],[-86.692,79.596],[-86.76,79.573],[-86.98,79.624],[-87.412,79.54],[-87.481,79.57],[-87.145,79.687],[-86.969,79.914],[-87.456,79.855],[-87.492,79.863],[-87.093,79.965],[-87.126,79.997],[-87.084,80.079],[-87.987,80.123],[-87.431,80.205],[-87.573,80.307],[-87.49,80.35],[-87.578,80.432],[-88.485,80.442],[-88.466,80.411],[-88.606,80.326],[-88.317,80.247],[-88.319,80.188],[-88.178,80.145],[-88.715,80.147],[-89.141,80.285],[-89.026,80.339],[-89.186,80.444],[-88.939,80.51],[-89.37,80.576],[-89.658,80.548],[-89.535,80.494],[-89.633,80.483],[-90.058,80.565],[-90.724,80.611],[-90.661,80.667],[-90.678,80.699],[-91.613,80.983],[-91.878,81.217],[-92.745,81.35],[-93.44,81.4],[-93.562,81.384],[-93.456,81.36],[-93.653,81.346],[-94.178,81.392],[-94.387,81.352],[-94.421,81.287],[-93.933,81.221],[-93.333,81.244],[-93.02,81.207],[-93.236,81.122],[-94.279,81.129],[-94.322,81.11],[-93.896,81.053],[-94.474,81.001],[-94.63,81.006],[-94.661,81.067],[-94.744,81.085],[-95.007,81.089],[-95.511,80.938],[-95.127,80.909],[-95.484,80.842],[-94.94,80.862],[-94.848,80.831],[-95.011,80.787],[-94.126,80.741],[-94.675,80.699],[-94.515,80.642],[-93.808,80.565],[-95.83,80.619],[-96.059,80.524],[-95.268,80.388],[-96.678,80.369],[-96.639,80.315],[-96.11,80.219],[-95.262,80.255],[-95.732,80.2],[-95.516,80.148],[-95.094,80.157],[-94.632,80.249],[-94.131,80.197],[-94.681,80.168],[-94.825,80.113],[-94.531,80.006],[-95.092,80.07],[-95.853,80.059],[-96.564,80.158],[-96.757,80.108]]],[[[-96.719,75.027],[-96.406,74.913],[-96.251,74.929],[-96.202,74.97],[-96.245,75.009],[-96.18,75.021],[-96.097,74.97],[-96.125,74.908],[-95.638,74.818],[-95.662,74.781],[-95.615,74.752],[-95.353,74.815],[-95.072,74.68],[-94.763,74.645],[-93.625,74.684],[-93.502,74.779],[-93.464,74.924],[-93.471,75.008],[-93.644,75.063],[-93.527,75.13],[-93.613,75.215],[-93.562,75.276],[-93.793,75.312],[-93.75,75.361],[-93.887,75.418],[-94.313,75.576],[-94.598,75.629],[-95.36,75.6],[-95.85,75.507],[-95.867,75.451],[-95.791,75.421],[-96.26,75.407],[-95.908,75.37],[-96.218,75.305],[-96.137,75.292],[-96.201,75.262],[-96.086,75.247],[-96.481,75.209],[-96.719,75.027]]],[[[-96.703,69.574],[-96.546,69.475],[-96.23,69.379],[-96.137,69.384],[-96.111,69.437],[-96.146,69.451],[-96.128,69.556],[-96.179,69.59],[-96.33,69.553],[-96.645,69.595],[-96.703,69.574]]],[[[-96.691,76.601],[-96.568,76.599],[-96.556,76.619],[-96.691,76.601]]],[[[-96.654,71.24],[-96.563,71.237],[-96.605,71.288],[-96.654,71.24]]],[[[-96.536,76.575],[-96.441,76.571],[-96.414,76.594],[-96.536,76.575]]],[[[-96.499,74.81],[-96.434,74.804],[-96.385,74.833],[-96.499,74.81]]],[[[-96.444,68.218],[-96.333,68.244],[-96.367,68.259],[-96.444,68.218]]],[[[-96.339,77.605],[-96.221,77.519],[-95.961,77.471],[-94.927,77.5],[-93.978,77.456],[-93.707,77.465],[-93.509,77.611],[-93.155,77.695],[-93.658,77.782],[-94.063,77.755],[-94.891,77.801],[-95.498,77.764],[-95.476,77.802],[-95.643,77.807],[-96.242,77.716],[-96.326,77.697],[-96.339,77.605]]],[[[-96.293,67.606],[-96.247,67.599],[-96.225,67.618],[-96.293,67.606]]],[[[-96.285,74.728],[-96.187,74.719],[-96.215,74.747],[-96.285,74.728]]],[[[-96.164,67.819],[-96.104,67.81],[-96.06,67.843],[-96.164,67.819]]],[[[-96.1,80.69],[-95.199,80.637],[-95.059,80.668],[-95.07,80.702],[-96.1,80.69]]],[[[-95.995,69.378],[-95.881,69.356],[-95.769,69.476],[-95.825,69.59],[-95.669,69.554],[-95.629,69.43],[-95.768,69.346],[-95.475,69.367],[-95.501,69.392],[-95.423,69.419],[-95.376,69.5],[-95.542,69.598],[-95.89,69.627],[-95.951,69.583],[-95.995,69.378]]],[[[-95.943,77.156],[-95.829,77.148],[-95.807,77.157],[-95.943,77.156]]],[[[-95.937,75.966],[-95.906,75.921],[-95.809,75.92],[-95.813,75.977],[-95.937,75.966]]],[[[-95.927,74.583],[-95.387,74.505],[-95.344,74.561],[-95.662,74.663],[-95.927,74.583]]],[[[-95.895,73.11],[-95.752,73.077],[-95.725,73.12],[-95.773,73.145],[-95.895,73.11]]],[[[-95.855,72.827],[-95.752,72.841],[-95.823,72.866],[-95.855,72.827]]],[[[-95.852,72.981],[-95.843,72.927],[-95.766,72.897],[-95.805,73],[-95.852,72.981]]],[[[-95.707,73.003],[-95.623,72.937],[-95.664,72.826],[-95.569,72.763],[-95.624,72.715],[-95.38,72.64],[-95.194,72.5],[-95.163,72.38],[-95.209,72.175],[-95.124,72.115],[-95.207,72.084],[-95.205,71.984],[-94.562,72.031],[-94.029,72.004],[-94.227,72.054],[-94.076,72.08],[-93.882,72.302],[-93.642,72.348],[-93.493,72.473],[-93.627,72.597],[-93.796,72.657],[-93.793,72.709],[-94.298,72.758],[-93.435,72.804],[-92.427,72.72],[-92.076,72.754],[-91.497,73.09],[-91.4,73.17],[-91.475,73.248],[-91.284,73.285],[-90.949,73.491],[-90.945,73.537],[-90.757,73.572],[-90.421,73.76],[-90.379,73.853],[-90.177,73.919],[-91.668,74.03],[-92.3,73.942],[-92.353,73.96],[-92.319,74.029],[-92.455,74.075],[-93.41,74.169],[-93.767,74.147],[-93.771,74.081],[-93.998,74.131],[-94.646,74.094],[-95.35,73.972],[-95.261,73.877],[-95.003,73.852],[-95.107,73.806],[-94.917,73.712],[-94.644,73.666],[-94.965,73.657],[-95.307,73.775],[-95.611,73.734],[-95.699,73.683],[-95.599,73.603],[-95.707,73.471],[-95.568,73.32],[-95.593,73.202],[-95.556,73.159],[-95.707,73.003]]],[[[-95.691,77.236],[-95.347,77.168],[-95.303,77.208],[-95.594,77.263],[-95.691,77.236]]],[[[-95.596,75.702],[-95.487,75.704],[-95.447,75.718],[-95.596,75.702]]],[[[-95.524,67.261],[-95.367,67.225],[-95.345,67.264],[-95.524,67.261]]],[[[-95.469,71.766],[-95.381,71.756],[-95.318,71.83],[-95.406,71.833],[-95.469,71.766]]],[[[-95.403,69.589],[-95.358,69.569],[-95.358,69.59],[-95.403,69.589]]],[[[-95.175,76.087],[-95.055,76.057],[-94.901,76.117],[-94.929,76.138],[-95.14,76.131],[-95.175,76.087]]],[[[-94.92,75.917],[-94.844,75.773],[-94.487,75.749],[-94.334,75.776],[-94.532,75.883],[-94.552,75.979],[-94.92,75.917]]],[[[-94.907,76.053],[-94.816,76.048],[-94.782,76.057],[-94.907,76.053]]],[[[-94.779,78.267],[-94.592,78.178],[-94.446,78.172],[-94.405,78.19],[-94.509,78.255],[-94.779,78.267]]],[[[-94.741,60.509],[-94.643,60.498],[-94.689,60.517],[-94.741,60.509]]],[[[-94.654,79.243],[-94.477,79.249],[-94.574,79.266],[-94.654,79.243]]],[[[-94.453,76.96],[-94.327,76.94],[-94.304,76.963],[-94.453,76.96]]],[[[-93.258,61.891],[-93.022,61.831],[-92.988,61.856],[-93.076,61.913],[-93.258,61.891]]],[[[-92.006,74.705],[-91.924,74.699],[-91.889,74.712],[-92.006,74.705]]],[[[-91.991,81.526],[-91.811,81.504],[-91.775,81.513],[-91.991,81.526]]],[[[-91.983,81.664],[-91.385,81.617],[-91.481,81.568],[-91.189,81.548],[-90.97,81.572],[-90.621,81.708],[-90.312,81.672],[-90.312,81.719],[-90.215,81.731],[-90.096,81.68],[-90.16,81.663],[-89.476,81.65],[-90.105,81.602],[-90.896,81.457],[-90.414,81.388],[-88.463,81.599],[-87.197,81.544],[-88.498,81.562],[-89.631,81.386],[-89.999,81.379],[-89.312,81.284],[-88.947,81.281],[-89.235,81.242],[-90.116,81.279],[-90.324,81.234],[-90.365,81.166],[-90.363,81.123],[-90.119,81.081],[-87.025,81.126],[-85.429,81.309],[-84.854,81.345],[-84.629,81.315],[-85.713,81.163],[-85.597,81.13],[-85.722,81.103],[-87.232,81.016],[-88.074,81.07],[-89.172,80.954],[-89.284,80.908],[-88.211,80.727],[-87.219,80.65],[-87.005,80.665],[-86.987,80.711],[-85.745,81.061],[-83.054,81.205],[-82.228,81.209],[-82.593,81.157],[-85.399,81.032],[-85.683,80.963],[-86.04,80.799],[-86.651,80.67],[-85.927,80.551],[-85.477,80.649],[-85.341,80.631],[-85.62,80.578],[-83.803,80.563],[-83.401,80.681],[-83.636,80.737],[-83.102,80.854],[-82.913,80.841],[-83.368,80.743],[-83.074,80.704],[-82.088,80.826],[-81.782,80.821],[-82.362,80.705],[-83.004,80.647],[-83.099,80.586],[-82.887,80.57],[-80.491,80.712],[-79.06,80.966],[-79.166,81.029],[-79.027,81.127],[-79.301,81.174],[-79.321,81.219],[-78.599,81.147],[-78.547,81.156],[-78.524,81.228],[-77.996,81.332],[-76.732,81.464],[-78.135,81.218],[-78.296,81.179],[-78.274,81.131],[-78.343,81.106],[-78.732,81.04],[-78.888,80.97],[-78.719,80.939],[-78.779,80.911],[-78.707,80.88],[-77.42,80.946],[-76.338,80.908],[-76.642,80.858],[-78.077,80.835],[-79.977,80.644],[-77.857,80.626],[-77.915,80.62],[-79.98,80.582],[-80.511,80.486],[-80.923,80.497],[-82.993,80.346],[-82.61,80.228],[-82.481,80.135],[-81.917,80.004],[-81.505,79.965],[-81.697,79.919],[-81.579,79.839],[-81.61,79.79],[-81.536,79.732],[-80.893,79.68],[-79.743,79.712],[-79.921,79.675],[-80.633,79.602],[-81.418,79.656],[-81.719,79.619],[-81.766,79.632],[-81.641,79.699],[-82.033,79.757],[-82.166,79.862],[-82.645,80.032],[-83.73,80.285],[-85.315,80.293],[-85.99,80.358],[-86.483,80.3],[-86.468,80.235],[-86.667,80.208],[-86.567,80.087],[-86.429,80.021],[-85.271,79.929],[-86.336,79.971],[-86.426,79.947],[-86.475,79.805],[-85.276,79.678],[-84.84,79.502],[-84.415,79.424],[-84.467,79.356],[-84.453,79.3],[-84.32,79.252],[-84.379,79.211],[-84.349,79.197],[-83.993,79.244],[-83.922,79.223],[-83.977,79.154],[-83.375,79.06],[-83.951,79.066],[-84.435,79.157],[-84.705,79.116],[-84.718,79.078],[-84.653,79.039],[-84.212,78.981],[-82.445,78.912],[-81.574,79.064],[-81.767,78.975],[-81.784,78.945],[-81.668,78.891],[-81.8,78.857],[-83.059,78.878],[-83.193,78.832],[-82.775,78.755],[-82.178,78.75],[-82.558,78.726],[-82.252,78.627],[-82.301,78.598],[-82.585,78.622],[-82.809,78.702],[-83.193,78.72],[-83.698,78.857],[-84.691,78.878],[-85.02,78.928],[-86.703,78.798],[-87.056,78.605],[-86.841,78.581],[-87.103,78.567],[-87.504,78.428],[-87.526,78.296],[-87.466,78.246],[-87.164,78.233],[-87.492,78.148],[-86.787,78.137],[-86.536,78.224],[-86.18,78.246],[-85.821,78.381],[-85.967,78.246],[-86.26,78.172],[-86.286,78.127],[-86.151,78.069],[-85.435,78.119],[-85.064,78.281],[-84.886,78.512],[-84.657,78.598],[-84.633,78.568],[-84.786,78.511],[-84.828,78.377],[-84.629,78.352],[-84.83,78.32],[-85,78.217],[-84.025,78.2],[-84.965,78.171],[-85.027,78.099],[-84.33,78.098],[-84.768,78.045],[-85.119,78.06],[-85.609,77.942],[-85.422,77.888],[-84.793,77.937],[-84.33,77.909],[-84.872,77.861],[-84.955,77.877],[-84.883,77.903],[-85.281,77.881],[-85.4,77.819],[-85.021,77.843],[-84.996,77.819],[-85.177,77.794],[-85.286,77.71],[-84.957,77.622],[-84.434,77.763],[-84.487,77.698],[-84.849,77.566],[-84.049,77.513],[-83.828,77.523],[-83.44,77.637],[-82.812,77.957],[-82.819,78.03],[-82.558,78.085],[-82.387,78.07],[-82.607,78.034],[-82.568,77.979],[-82.604,77.903],[-83.408,77.523],[-84.256,77.37],[-84.709,77.412],[-84.925,77.358],[-85.612,77.466],[-85.846,77.455],[-86.054,77.727],[-86.221,77.8],[-86.667,77.883],[-88.197,77.856],[-88.23,77.836],[-88.197,77.676],[-87.721,77.554],[-87.701,77.517],[-87.79,77.469],[-87.734,77.393],[-87.462,77.35],[-86.847,77.368],[-87.182,77.327],[-87.231,77.297],[-86.912,77.29],[-87.427,77.167],[-87.363,77.133],[-87.394,77.127],[-88.486,77.118],[-88.547,77.098],[-88.503,77.075],[-88.721,77.013],[-88.982,76.999],[-89.426,76.893],[-89.514,76.868],[-89.519,76.817],[-89.427,76.728],[-89.485,76.713],[-89.497,76.656],[-89.634,76.624],[-89.616,76.57],[-89.486,76.568],[-89.432,76.498],[-89.02,76.421],[-88.826,76.471],[-88.848,76.566],[-88.717,76.599],[-88.674,76.577],[-88.719,76.409],[-88.647,76.407],[-88.521,76.579],[-88.63,76.614],[-88.65,76.682],[-88.731,76.722],[-88.523,76.828],[-88.487,76.819],[-88.569,76.757],[-88.349,76.525],[-88.453,76.417],[-88.389,76.393],[-87.924,76.374],[-87.864,76.419],[-87.705,76.349],[-87.424,76.363],[-87.482,76.436],[-87.588,76.458],[-87.556,76.502],[-87.634,76.61],[-87.566,76.633],[-87.38,76.525],[-87.393,76.469],[-87.122,76.447],[-87.191,76.402],[-87.15,76.388],[-86.722,76.372],[-86.662,76.491],[-86.386,76.543],[-86.57,76.62],[-86.517,76.631],[-86.262,76.552],[-86.423,76.45],[-86.445,76.405],[-86.397,76.389],[-84.866,76.297],[-84.479,76.35],[-84.894,76.432],[-85.061,76.514],[-85.099,76.59],[-84.954,76.59],[-84.836,76.541],[-84.821,76.49],[-84.54,76.439],[-84.21,76.502],[-84.259,76.556],[-84.19,76.635],[-84.377,76.667],[-84.243,76.677],[-84.052,76.633],[-84.043,76.547],[-83.686,76.447],[-83.277,76.422],[-83.303,76.468],[-83.241,76.555],[-83.559,76.703],[-83.375,76.784],[-83.334,76.775],[-83.404,76.705],[-83.063,76.583],[-83.035,76.525],[-83.082,76.498],[-83.008,76.464],[-82.659,76.399],[-82.261,76.42],[-82.172,76.489],[-82.235,76.527],[-82.24,76.599],[-82.522,76.654],[-82.787,76.811],[-82.661,76.828],[-82.374,76.658],[-81.869,76.657],[-82.056,76.616],[-82.035,76.519],[-81.445,76.493],[-81.209,76.556],[-80.814,76.45],[-80.804,76.402],[-81.026,76.283],[-81.053,76.229],[-80.961,76.201],[-81.061,76.172],[-80.974,76.149],[-79.287,76.342],[-78.925,76.472],[-78.771,76.581],[-78.64,76.579],[-78.593,76.509],[-78.42,76.475],[-78.17,76.547],[-78.136,76.614],[-77.798,76.7],[-77.778,76.766],[-77.818,76.791],[-77.749,76.823],[-77.908,76.899],[-77.896,76.963],[-78.145,77.034],[-78.42,77.012],[-78.763,76.838],[-78.921,76.859],[-78.89,76.924],[-78.993,76.95],[-79.442,76.953],[-79.054,77.134],[-79.048,77.176],[-79.344,77.247],[-79.792,77.243],[-80.343,77.082],[-80.449,77.094],[-80.152,77.218],[-81.188,77.284],[-81.856,77.189],[-81.895,77.249],[-82.17,77.313],[-81.17,77.357],[-81.736,77.426],[-81.753,77.544],[-81.974,77.634],[-81.978,77.671],[-81.848,77.679],[-81.282,77.435],[-80.48,77.311],[-79.219,77.305],[-78.828,77.387],[-78.738,77.382],[-78.819,77.346],[-78.728,77.343],[-78.269,77.396],[-78.232,77.403],[-78.25,77.441],[-78.001,77.49],[-77.727,77.632],[-77.851,77.685],[-78.105,77.696],[-78.025,77.716],[-78.023,77.827],[-78.382,77.943],[-78.009,77.982],[-76.903,77.908],[-76.326,78.019],[-75.813,77.999],[-75.673,78.04],[-75.646,78.123],[-76.791,78.208],[-76.502,78.257],[-75.492,78.232],[-75.059,78.354],[-75.128,78.4],[-76.097,78.521],[-76.632,78.532],[-76.296,78.578],[-75.58,78.51],[-74.882,78.583],[-74.673,78.646],[-74.812,78.676],[-74.746,78.741],[-74.876,78.855],[-75.539,78.916],[-76.431,78.88],[-75.749,78.975],[-76.583,79.049],[-77.635,79.008],[-78.286,78.789],[-78.344,78.812],[-77.803,79.027],[-78.849,79.085],[-78.39,79.113],[-77.429,79.048],[-76.135,79.12],[-76.449,79.163],[-78.167,79.183],[-77.743,79.225],[-75.845,79.197],[-75.772,79.181],[-75.772,79.108],[-74.996,79.042],[-74.414,79.08],[-74.528,79.157],[-74.784,79.2],[-74.494,79.237],[-74.539,79.252],[-76.571,79.304],[-77.453,79.255],[-77.499,79.264],[-77.413,79.296],[-77.988,79.369],[-77.195,79.351],[-77.12,79.372],[-77.297,79.45],[-77.119,79.471],[-76.97,79.456],[-76.897,79.376],[-76.789,79.365],[-75.905,79.372],[-76.275,79.477],[-77.171,79.538],[-77.112,79.56],[-76.172,79.52],[-75.749,79.437],[-75.071,79.395],[-74.851,79.431],[-74.92,79.512],[-74.29,79.459],[-73.913,79.492],[-73.976,79.557],[-73.615,79.506],[-73.072,79.587],[-73.344,79.772],[-74.736,79.848],[-74.348,79.894],[-72.982,79.831],[-72.949,79.821],[-73.012,79.81],[-72.782,79.704],[-72.451,79.67],[-71.523,79.739],[-71.174,79.796],[-70.891,79.898],[-71.036,79.934],[-71.497,79.921],[-71.454,79.948],[-70.616,80.021],[-70.416,80.096],[-70.453,80.161],[-70.549,80.17],[-72.151,80.092],[-72.213,80.103],[-71.793,80.137],[-72.205,80.236],[-72.043,80.249],[-71.466,80.142],[-70.515,80.23],[-70.064,80.222],[-69.8,80.284],[-70.436,80.378],[-70.319,80.432],[-70.764,80.577],[-70.202,80.508],[-69.994,80.368],[-69.643,80.358],[-68.619,80.67],[-67.449,80.888],[-67.536,80.932],[-67.469,80.953],[-67.122,80.951],[-65.946,81.225],[-64.674,81.402],[-64.494,81.456],[-64.468,81.526],[-64.729,81.583],[-65.242,81.578],[-66.52,81.422],[-69.119,81.22],[-69.721,81.116],[-69.883,81.129],[-69.499,81.188],[-69.998,81.199],[-69.296,81.243],[-69.33,81.275],[-69.183,81.302],[-68.663,81.287],[-66.435,81.551],[-66.93,81.598],[-68.392,81.543],[-68.472,81.559],[-68.396,81.603],[-68.452,81.62],[-69.116,81.748],[-67.904,81.603],[-66.887,81.668],[-66.081,81.644],[-65.366,81.684],[-65.312,81.695],[-65.902,81.717],[-64.992,81.804],[-64.297,81.76],[-64.006,81.806],[-64.077,81.854],[-63.653,81.843],[-62.546,81.973],[-62.24,82.065],[-61.729,82.127],[-61.676,82.143],[-61.764,82.175],[-61.671,82.207],[-61.003,82.261],[-60.872,82.4],[-61.327,82.507],[-62.375,82.588],[-62.801,82.57],[-62.984,82.495],[-63.153,82.492],[-63.249,82.52],[-63.098,82.578],[-63.164,82.599],[-62.971,82.628],[-63.367,82.673],[-63.192,82.705],[-64.079,82.773],[-63.518,82.78],[-63.568,82.798],[-63.439,82.836],[-63.927,82.886],[-64.54,82.826],[-64.804,82.851],[-64.769,82.918],[-65.059,82.94],[-65.356,82.917],[-65.25,82.885],[-65.403,82.858],[-65.268,82.817],[-65.329,82.806],[-65.849,82.887],[-67.4,82.703],[-68.694,82.697],[-66.376,82.964],[-68.289,83.016],[-68.347,83.035],[-68.276,83.061],[-68.447,83.075],[-68.857,83.005],[-69.087,83.033],[-69.045,83.08],[-69.762,83.049],[-69.775,83.097],[-69.873,83.108],[-69.805,83.145],[-69.914,83.162],[-70.806,83.151],[-71.438,83.107],[-71.516,83.061],[-70.751,82.964],[-70.848,82.945],[-71.635,82.998],[-71.915,83.066],[-71.751,83.12],[-72.078,83.152],[-73.47,83.066],[-73.763,82.966],[-73.659,82.904],[-73.33,82.85],[-72.45,82.752],[-72.7,82.739],[-73.73,82.828],[-74.209,82.965],[-74.148,83.01],[-74.336,83.039],[-77.329,83.101],[-77.511,83.069],[-77.443,83.016],[-76.282,82.821],[-76.486,82.782],[-76.409,82.766],[-75.566,82.666],[-76.002,82.586],[-76.118,82.649],[-76.788,82.73],[-76.936,82.853],[-77.669,82.943],[-78.456,82.887],[-78.552,82.903],[-78.528,82.961],[-78.668,82.985],[-78.994,82.906],[-79.182,82.912],[-79.114,82.987],[-79.191,83],[-80.165,82.98],[-80.428,82.92],[-79.762,82.841],[-81.497,82.837],[-80.931,82.745],[-80.894,82.731],[-81.028,82.685],[-80.586,82.597],[-80.875,82.558],[-81.301,82.65],[-82.174,82.692],[-82.3,82.676],[-82.319,82.622],[-81.489,82.541],[-82.405,82.513],[-82.633,82.423],[-82.633,82.39],[-82.106,82.303],[-81.036,82.218],[-80.952,82.153],[-80.438,82.083],[-80.473,82.07],[-81.203,82.098],[-81.378,82.169],[-82.762,82.329],[-83.035,82.302],[-82.606,82.196],[-82.647,82.156],[-81.775,82.105],[-82.989,82.088],[-83.055,82.095],[-83.046,82.126],[-82.838,82.188],[-83.189,82.233],[-83.431,82.342],[-84.898,82.464],[-84.719,82.505],[-84.751,82.513],[-85.624,82.519],[-85.941,82.494],[-85.619,82.468],[-85.627,82.417],[-85.455,82.388],[-85.506,82.353],[-85.334,82.331],[-86.818,82.224],[-86.515,82.155],[-84.628,82.05],[-84.425,81.989],[-84.896,81.974],[-84.586,81.92],[-84.738,81.916],[-85.003,81.941],[-85.127,82.031],[-85.417,82.003],[-85.239,81.929],[-85.354,81.897],[-85.877,82.053],[-86.957,82.076],[-86.85,82.034],[-86.948,82.009],[-86.916,81.997],[-86.58,81.95],[-86.803,81.937],[-87.197,81.984],[-87.229,82],[-87.171,82.058],[-87.214,82.079],[-88.064,82.13],[-88.956,82.03],[-88.725,81.934],[-88.92,81.866],[-89.046,81.869],[-88.932,81.922],[-89.059,81.959],[-89.243,81.95],[-89.115,81.896],[-89.263,81.887],[-89.216,81.843],[-89.261,81.833],[-89.806,81.929],[-90.503,81.911],[-91.137,81.823],[-90.966,81.797],[-91.004,81.787],[-91.341,81.795],[-91.983,81.664]]],[[[-91.861,69.85],[-91.758,69.839],[-91.683,69.869],[-91.861,69.85]]],[[[-91.815,81.595],[-91.645,81.572],[-91.596,81.586],[-91.815,81.595]]],[[[-91.718,69.804],[-91.54,69.786],[-91.619,69.829],[-91.718,69.804]]],[[[-91.636,69.746],[-91.522,69.74],[-91.501,69.747],[-91.636,69.746]]],[[[-91.55,63.637],[-91.494,63.646],[-91.5,63.667],[-91.55,63.637]]],[[[-91.524,63.594],[-91.4,63.553],[-91.339,63.573],[-91.524,63.594]]],[[[-91.511,69.847],[-91.458,69.836],[-91.464,69.859],[-91.511,69.847]]],[[[-91.384,69.828],[-91.29,69.821],[-91.351,69.848],[-91.384,69.828]]],[[[-91.332,77.206],[-90.888,77.142],[-90.784,77.186],[-91.115,77.254],[-91.332,77.206]]],[[[-91.291,63.521],[-91.216,63.498],[-91.228,63.521],[-91.291,63.521]]],[[[-91.291,77.432],[-91.062,77.341],[-90.366,77.215],[-90.035,77.228],[-89.675,77.354],[-89.831,77.501],[-90.373,77.626],[-90.724,77.656],[-91.269,77.61],[-91.291,77.432]]],[[[-91.255,62.681],[-91.041,62.672],[-91.215,62.698],[-91.255,62.681]]],[[[-91.115,63.499],[-91.044,63.475],[-91.052,63.499],[-91.115,63.499]]],[[[-91.019,57.249],[-90.988,50.952],[-90.977,48.218],[-90.834,48.25],[-90.627,48.113],[-90.083,48.089],[-89.882,47.985],[-89.607,47.991],[-89.338,48.126],[-89.24,48.318],[-89.266,48.407],[-89.231,48.441],[-88.795,48.551],[-88.959,48.308],[-88.778,48.354],[-88.648,48.603],[-88.538,48.693],[-88.568,48.742],[-88.509,48.848],[-88.379,48.816],[-88.355,48.709],[-88.605,48.5],[-88.591,48.429],[-88.453,48.545],[-88.349,48.558],[-88.361,48.624],[-88.247,48.591],[-88.152,48.786],[-88.258,48.862],[-88.29,48.948],[-88.064,48.997],[-87.92,48.913],[-87.573,48.867],[-87.559,48.823],[-87.302,48.745],[-86.721,48.781],[-86.451,48.733],[-86.329,48.6],[-86.155,48.211],[-85.917,47.979],[-85.481,47.907],[-85.205,47.954],[-84.886,47.936],[-85.064,47.614],[-84.644,47.334],[-84.647,47.255],[-84.807,47.044],[-84.777,46.969],[-84.652,46.897],[-84.551,46.934],[-84.422,46.871],[-84.449,46.828],[-84.564,46.817],[-84.613,46.699],[-84.493,46.73],[-84.491,46.675],[-84.611,46.56],[-84.53,46.476],[-84.198,46.54],[-84.119,46.492],[-84.152,46.382],[-84.046,46.309],[-83.084,46.167],[-82.733,46.197],[-82.704,46.162],[-82.525,46.163],[-82.466,46.201],[-82.151,46.101],[-81.769,46.109],[-81.763,46.023],[-81.733,46.073],[-81.587,46.098],[-81.603,46.047],[-81.722,46.027],[-81.643,46.009],[-81.674,45.949],[-81.543,46.016],[-81.518,45.977],[-81.444,46.004],[-81.295,45.957],[-81.189,46],[-81.198,45.919],[-80.92464108108108,46.0050854054054],[-80.983,45.937],[-80.879,45.997],[-80.90846213999619,46.01018043105093],[-80.836,46.033],[-80.823,45.997],[-80.9,45.933],[-80.765,45.909],[-80.745,45.822],[-80.534,45.561],[-80.464,45.568],[-80.444,45.623],[-80.41,45.471],[-80.33,45.381],[-80.098,45.376],[-80.081,45.34],[-80.235,45.318],[-80.211,45.246],[-80.084,45.297],[-80.136,45.215],[-80.006,45.144],[-80.093,45.07],[-79.954,45.023],[-79.981,44.967],[-79.917,44.959],[-79.841,44.817],[-79.758,44.764],[-80.003,44.798],[-79.982,44.855],[-80.135,44.808],[-80.018,44.675],[-80.024,44.56],[-80.123,44.481],[-80.613,44.607],[-80.646,44.697],[-80.713,44.729],[-80.814,44.725],[-80.973,44.609],[-80.926,44.732],[-80.954,44.798],[-81.046,44.82],[-81.162,44.758],[-80.996,44.96],[-81.161,44.916],[-81.295,45.018],[-81.303,45.109],[-81.365,45.163],[-81.318,45.245],[-81.658,45.263],[-81.745,45.224],[-81.635,45.188],[-81.484,44.987],[-81.4,44.965],[-81.411,44.913],[-81.314,44.803],[-81.345,44.687],[-81.306,44.613],[-81.45,44.446],[-81.629,44.346],[-81.673,44.183],[-81.753,44.113],[-81.771,43.393],[-82.202,43.06],[-82.43,42.98],[-82.523,42.626],[-82.599,42.526],[-82.452,42.438],[-82.484,42.354],[-82.727,42.295],[-82.944,42.345],[-83.098,42.301],[-83.125,42.042],[-83.037,42.005],[-82.896,41.975],[-82.648,42.02],[-82.551,41.917],[-82.516,42.033],[-82.4,42.12],[-81.963,42.258],[-81.934,42.317],[-81.892,42.244],[-81.851,42.356],[-81.647,42.512],[-81.283,42.667],[-80.89,42.658],[-80.176,42.542],[-80.131,42.57],[-80.494,42.631],[-80.366,42.69],[-80.264,42.806],[-79.258,42.911],[-78.943,42.892],[-78.939,42.956],[-79.025,43],[-79.085,43.113],[-79.111,43.279],[-79.381,43.196],[-79.918,43.298],[-79.736,43.414],[-79.508,43.649],[-79.38,43.657],[-78.995,43.854],[-77.75,43.994],[-77.727,44.033],[-77.644,44.029],[-77.517,43.932],[-77.325,43.955],[-77.355,43.912],[-77.218,43.864],[-76.938,43.926],[-76.94,43.962],[-77.095,43.948],[-76.897,44.107],[-77.176,44.039],[-77.144,44.161],[-77.331,44.109],[-77.46,44.142],[-77.652,44.063],[-77.425,44.168],[-77.099,44.202],[-77.087,44.14],[-76.937,44.194],[-77.109,44.091],[-77.083,44.065],[-76.746,44.218],[-76.594,44.21],[-76.008,44.392],[-75.362,44.857],[-75.025,45.027],[-74.646,45.063],[-74.413,45.211],[-74.062,45.361],[-74.092,45.443],[-74.387,45.543],[-74.28,45.551],[-74.166,45.483],[-74.032,45.5],[-73.799,45.683],[-73.513,45.747],[-73.277,45.96],[-73.251,46.034],[-73.036,46.136],[-72.995,46.228],[-72.65,46.308],[-72.337,46.468],[-72.233,46.582],[-71.907,46.694],[-71.762,46.681],[-71.34,46.775],[-70.997,47.037],[-70.759,47.129],[-70.632,47.241],[-70.532,47.422],[-70.29,47.504],[-70.232,47.599],[-70.023,47.723],[-69.767,48.074],[-69.976,48.189],[-70.242,48.231],[-70.458,48.335],[-70.901,48.313],[-70.82,48.355],[-71.015,48.433],[-70.425,48.35],[-69.995,48.224],[-69.844,48.134],[-69.715,48.14],[-69.446,48.303],[-69.274,48.538],[-69.191,48.556],[-69.097,48.727],[-68.67,48.887],[-68.731,48.9],[-68.636,49.035],[-68.501,49.061],[-68.476,49.027],[-68.264,49.087],[-68.225,49.116],[-68.32,49.169],[-68.206,49.194],[-68.178,49.245],[-67.394,49.333],[-67.295,49.46],[-67.162,49.792],[-67.037,49.847],[-66.968,49.971],[-66.694,50.116],[-66.494,50.129],[-66.581,50.187],[-66.489,50.256],[-66.424,50.186],[-66.162,50.173],[-65.983,50.267],[-65.765,50.243],[-65.364,50.295],[-64.682,50.262],[-64.493,50.304],[-63.866,50.284],[-63.443,50.195],[-63.041,50.295],[-62.006,50.216],[-61.802,50.127],[-61.63,50.162],[-61.801,50.092],[-61.785,50.061],[-61.107,50.179],[-61.11,50.223],[-60.971,50.181],[-60.221,50.254],[-60.179,50.198],[-59.885,50.298],[-59.863,50.327],[-59.922,50.366],[-59.892,50.389],[-59.62,50.473],[-59.477,50.623],[-59.171,50.78],[-59.108,50.881],[-59.065,50.856],[-59.088,50.77],[-59.042,50.757],[-58.981,50.972],[-59.081,50.972],[-58.959,51.052],[-58.905,50.999],[-58.85,51.075],[-58.655,51.151],[-58.688,51.207],[-58.653,51.242],[-58.512208212785815,51.25251367242184],[-58.549,51.22],[-58.424,51.25],[-58.47683816091954,51.25515494252873],[-58.345,51.265],[-58.315,51.333],[-58.247,51.257],[-58.051,51.287],[-57.801,51.42],[-57.762,51.549],[-57.693,51.424],[-57.281,51.482],[-57.259,51.425],[-57.156,51.407],[-57.138,52],[-57.119279069767444,52.019255813953485],[-57.14,51.931],[-56.735,52.106],[-56.625,52.218],[-56.602,52.371],[-56.71,52.858],[-56.699,53.021],[-56.774,53.1],[-57.047,53.196],[-57.698,53.317],[-57.826,53.407],[-58.348,53.594],[-59.015,53.517],[-59.752,53.161],[-60.308,53.051],[-60.694,53.06],[-61.048,53.223],[-61.16,53.449],[-61.125,53.638],[-60.898,53.861],[-60.737,53.926],[-59.374,54.153],[-59.116,54.229],[-59.056,54.268],[-59.05,54.346],[-59.089,54.401],[-59.354,54.463],[-60.051,54.481],[-60.692,54.717],[-61.24,55.037],[-61.912,55.514],[-62.325,55.927],[-63.648,57.646],[-63.593,57.739],[-63.705,57.72],[-64.157,58.384],[-64.039,58.392],[-64.052,58.449],[-63.84,58.444],[-63.832,58.522],[-63.9,58.572],[-64.053,58.517],[-64.142,58.57],[-64.152,58.605],[-64.034,58.698],[-63.534,58.737],[-63.526,58.805],[-63.728,58.883],[-64.135,58.75],[-64.227,58.77],[-64.257,58.867],[-64.454,58.884],[-64.55,59.021],[-64.38,58.98],[-64.284,59.022],[-64.319,59.068],[-64.515,59.101],[-64.531,59.336],[-64.407,59.499],[-64.474,59.528],[-64.617,59.47],[-64.74,59.488],[-64.899,59.601],[-64.922,59.644],[-64.814,59.738],[-64.819,59.846],[-64.656,59.937],[-64.89,60.015],[-64.631,60.17],[-64.854,60.245],[-64.751,60.324],[-64.875,60.334],[-64.85,60.29],[-64.971,60.246],[-64.986,60.208],[-64.925,60.196],[-65.029,60.116],[-65.005,60.089],[-65.079,60.091],[-65.145,60.025],[-65.125,59.941],[-65.04,59.893],[-65.188,59.917],[-65.27,59.821],[-65.135,59.767],[-65.388,59.811],[-65.566,59.718],[-65.485,59.52],[-65.281,59.486],[-65.059,59.367],[-65.343,59.466],[-65.379,59.453],[-65.359,59.403],[-65.533,59.448],[-65.44,59.396],[-65.477,59.339],[-65.373,59.246],[-65.574,59.345],[-65.591,59.278],[-65.511,59.153],[-65.548,59.132],[-65.635,59.214],[-65.619,59.129],[-65.777,59.242],[-65.768,59.166],[-65.665,59.057],[-65.543,59.081],[-65.367,59.037],[-65.584,59.036],[-65.425,58.911],[-65.602,58.919],[-65.557,58.962],[-65.709,59.042],[-65.82,59.008],[-65.728,59.006],[-65.78,58.974],[-65.695,58.924],[-65.894,58.971],[-66.032,58.885],[-65.782,58.816],[-65.598,58.701],[-65.848,58.814],[-65.895,58.778],[-66.052,58.837],[-66.304,58.775],[-66.416,58.826],[-66.502,58.794],[-66.526,58.7],[-66.684,58.57],[-66.695,58.472],[-66.816,58.481],[-66.937,58.426],[-66.986,58.489],[-67.147,58.348],[-67.574,58.231],[-67.755,58.274],[-67.729,58.422],[-67.939,58.461],[-68.019,58.562],[-68.104,58.5],[-68.322,58.524],[-68.422,58.789],[-68.678,58.884],[-69.381,58.86],[-69.665,58.741],[-69.867,58.584],[-69.911,58.596],[-69.848,58.693],[-69.983,58.687],[-69.934,58.765],[-70.238,58.757],[-70.346,58.726],[-70.484,58.587],[-70.559,58.588],[-70.365,58.758],[-69.846,58.83],[-69.859,58.908],[-69.926,58.95],[-69.902,59.025],[-69.865,58.982],[-69.746,58.975],[-69.716,58.797],[-69.659,58.787],[-69.515,58.898],[-69.54,59.042],[-69.37,59.09],[-69.33,59.035],[-69.379,58.938],[-69.259,58.967],[-69.185,59.047],[-69.244,59.14],[-69.571,59.119],[-69.513,59.202],[-69.411,59.179],[-69.294,59.219],[-69.305,59.321],[-69.378,59.284],[-69.474,59.336],[-69.648,59.277],[-69.79,59.306],[-69.677,59.363],[-69.778,59.496],[-69.568,59.612],[-69.651,59.703],[-69.582,59.839],[-69.777,59.884],[-69.752,59.936],[-69.902,60.052],[-69.865,60.135],[-69.784,60.15],[-69.844,60.075],[-69.726,60.061],[-69.638,60.167],[-69.793,60.305],[-69.756,60.359],[-69.832,60.412],[-69.794,60.468],[-69.854,60.488],[-69.69,60.581],[-69.76,60.686],[-69.433,60.792],[-69.412,60.887],[-69.625,61.068],[-69.717,61.012],[-69.687,60.884],[-69.806,60.902],[-69.986,60.845],[-69.938,60.827],[-69.984,60.796],[-70.158,60.874],[-70.122,60.92],[-70.187,61.013],[-70.143,61.071],[-70.416,61.089],[-70.458,61.045],[-70.434,61.012],[-70.547,61.047],[-70.572,61.005],[-70.757,61.08],[-70.777,61.006],[-71.02,61.123],[-71.454,61.145],[-71.42,61.165],[-71.499,61.221],[-71.616,61.168],[-71.599,61.224],[-71.651,61.23],[-71.618,61.255],[-71.842,61.281],[-71.732,61.342],[-71.92,61.387],[-71.65,61.407],[-71.821,61.422],[-71.796,61.473],[-71.847,61.515],[-71.553,61.568],[-71.602,61.625],[-71.947,61.697],[-71.96,61.622],[-72.027,61.584],[-72.319,61.553],[-72.303,61.601],[-72.089,61.62],[-72.041,61.677],[-72.154,61.753],[-72.252,61.733],[-72.247,61.79],[-72.198,61.801],[-72.263,61.854],[-72.548,61.924],[-72.63,61.927],[-72.632,61.82],[-72.706,61.857],[-72.794,61.822],[-72.634,61.974],[-72.657,62.091],[-72.907,62.102],[-72.947,62.162],[-73.114,62.2],[-73.273,62.326],[-73.582,62.396],[-73.766,62.479],[-74.31,62.286],[-74.739,62.237],[-74.566,62.116],[-74.982,62.262],[-75.162,62.253],[-75.369,62.316],[-75.9,62.166],[-75.658,62.283],[-76.642,62.449],[-76.813,62.516],[-77.44,62.544],[-77.492,62.587],[-77.923,62.435],[-78.176,62.274],[-78.202,62.129],[-78.063,61.739],[-77.537,61.528],[-77.695,61.529],[-77.623,61.484],[-77.71,61.45],[-77.669,61.383],[-77.823,61.422],[-77.762,61.178],[-77.93,61.016],[-78.237,60.841],[-78.263,60.776],[-77.881,60.758],[-77.595,60.831],[-77.754,60.76],[-77.669,60.735],[-77.876,60.649],[-77.724,60.536],[-77.516,60.537],[-77.641,60.516],[-77.795,60.406],[-77.58,60.224],[-77.546,60.131],[-77.641,60.062],[-77.253,60.015],[-77.476,59.903],[-77.373,59.781],[-77.605,59.748],[-77.521,59.622],[-77.811,59.687],[-77.831,59.64],[-77.78,59.556],[-77.903,59.509],[-77.973,59.385],[-77.756,59.385],[-77.826,59.353],[-77.825,59.304],[-78.046,59.2],[-78.166,59.199],[-78.187,59.083],[-78.347,59.041],[-78.418,58.905],[-78.617,58.909],[-78.592,58.783],[-78.427,58.706],[-78.595,58.731],[-78.575,58.697],[-78.644,58.649],[-78.554,58.613],[-78.536,58.531],[-78.446,58.529],[-78.496,58.573],[-78.452,58.587],[-78.353,58.498],[-78.176,58.442],[-78.11,58.357],[-77.568,58.195],[-77.51,58.11],[-77.215,57.994],[-76.919,57.694],[-76.71,57.355],[-76.6,57.062],[-76.575,56.403],[-76.766,56.009],[-77.2,55.699],[-77.13,55.667],[-77.445,55.485],[-78.38,55.044],[-79.812,54.628],[-79.564,54.569],[-79.601,54.527],[-79.534,54.38],[-79.464,54.261],[-79.344,54.231],[-79.38,54.183],[-79.117,54.147],[-79.123,54.092],[-79.19,54.074],[-79.07,54.013],[-79.127,53.94],[-79.031,53.905],[-79.127,53.898],[-79.074,53.829],[-79.177,53.702],[-79.099,53.69],[-79.054,53.637],[-79.088,53.598],[-79.004,53.606],[-78.955,53.548],[-79.06,53.56],[-79.136,53.49],[-78.937,53.385],[-78.997,53.334],[-78.967,53.194],[-79.018,53.085],[-78.998,53.018],[-78.943,52.99],[-78.906,53.031],[-78.817,52.966],[-78.919,52.925],[-78.903,52.856],[-78.736,52.871],[-78.874,52.736],[-78.814,52.725],[-78.84,52.681],[-78.73,52.613],[-78.759,52.535],[-78.608,52.517],[-78.556,52.361],[-78.597,52.282],[-78.432,52.247],[-78.597,52.227],[-78.614,52.123],[-78.882,51.931],[-78.903,51.802],[-79.056,51.769],[-78.981,51.658],[-78.674,51.56],[-78.848,51.581],[-78.83,51.456],[-78.921,51.392],[-78.881,51.364],[-79.001,51.355],[-79.104,51.51],[-79.282,51.529],[-79.313,51.569],[-79.265,51.641],[-79.353,51.666],[-79.542,51.57],[-79.558,51.468],[-79.722,51.399],[-79.701,51.301],[-79.757,51.167],[-79.909,51.17],[-80.06,51.266],[-80.409,51.347],[-80.5,51.395],[-80.51,51.502],[-80.682,51.761],[-81.075,52.025],[-81.182,52.019],[-81.41,52.122],[-81.582,52.46],[-81.932,52.671],[-82.084,52.849],[-82.321,52.959],[-82.282,53.2],[-82.131,53.311],[-82.282,53.585],[-82.181,53.761],[-82.194,53.905],[-82.463,54.209],[-82.437,54.409],[-82.227,54.824],[-82.281,54.905],[-82.259,55.062],[-82.317,55.143],[-82.364,55.15],[-82.337,55.064],[-82.371,55.057],[-82.484,55.134],[-82.919,55.129],[-82.947,55.194],[-83.029,55.214],[-83.638,55.257],[-83.702,55.254],[-83.664,55.22],[-83.7,55.206],[-83.913,55.28],[-84.642,55.234],[-84.996,55.278],[-85.392,55.399],[-85.589,55.534],[-85.928,55.655],[-87.461,55.993],[-87.727,56.144],[-88.02,56.427],[-88.478,56.595],[-88.907,56.845],[-89.928,56.976],[-90.533,57.195],[-91.019,57.249]],[[-90.988,50.952],[-83.634,50.962],[-82.83759205214977,50.95128773853466],[-90.988,50.952]],[[-78.95947582417583,46.50115805064501],[-78.723,46.346],[-78.954,46.491],[-78.95947582417583,46.50115805064501]],[[-78.60348461108002,48.60664129826525],[-78.601,48.616],[-78.58126666666666,48.62067368421052],[-78.60348461108002,48.60664129826525]],[[-78.544,48.6295],[-78.525,48.634],[-78.45883703703704,48.586918518518516],[-78.544,48.6295]],[[-78.351,48.16],[-78.206,48.407],[-78.34739240506329,48.13835443037975],[-78.351,48.16]],[[-78.31841717791411,47.964503067484664],[-78.3007481804949,47.94849053857351],[-78.317,47.956],[-78.31841717791411,47.964503067484664]],[[-78.19910461744368,47.90152420254294],[-78.15489795918367,47.89129728906488],[-78.172,47.889],[-78.19910461744368,47.90152420254294]],[[-77.971,47.916],[-77.88993215339234,47.82335103244838],[-77.901,47.816],[-77.971,47.916]],[[-76.99,45.812],[-76.963,45.905],[-76.94679994098554,45.9029958689879],[-76.99,45.812]],[[-76.88799628252788,45.89572118959108],[-76.866,45.893],[-76.85001604278075,45.885171122994656],[-76.88799628252788,45.89572118959108]],[[-76.875,48.054],[-76.605,48.132],[-76.60134213547646,48.13001607347876],[-76.875,48.054]],[[-76.83317475728155,45.87692233009709],[-76.817,45.869],[-76.81925990626331,45.845835960801026],[-76.83317475728155,45.87692233009709]],[[-75.00484439973172,49.02371780684105],[-74.997,49.041],[-74.88789097352512,49.033685428392744],[-75.00484439973172,49.02371780684105]],[[-74.84326717144403,49.030693888588424],[-74.818,49.029],[-74.759,48.938],[-74.84326717144403,49.030693888588424]],[[-74.759,48.938],[-74.4638889583985,48.904017516421646],[-74.507,48.887],[-74.759,48.938]],[[-74.41834621250635,48.921994916115914],[-74.305,49.156],[-74.393,48.932],[-74.41834621250635,48.921994916115914]],[[-73.414,50.488],[-73.301,50.676],[-73.28940462427745,50.67904624277457],[-73.414,50.488]],[[-69.91502724156594,53.02744217932528],[-69.904,53.036],[-69.722,53.012],[-69.91502724156594,53.02744217932528]],[[-69.722,53.012],[-69.656,53.111],[-69.64220029913997,53.106475507914745],[-69.722,53.012]],[[-69.472,52.887],[-69.43803921568627,52.84709607843137],[-69.449,52.846],[-69.472,52.887]],[[-69.472,52.887],[-69.36426236276625,53.015348315661065],[-69.351,53.011],[-69.472,52.887]],[[-69.40669230769231,52.85023076923077],[-69.338,52.878],[-69.31052582159624,52.85984741784038],[-69.40669230769231,52.85023076923077]],[[-69.377,52.719],[-69.2961640625,52.8503583984375],[-69.282,52.841],[-69.377,52.719]],[[-67.15690810810811,52.86705513513513],[-67.132,52.882],[-67.12321232347477,52.86700034524142],[-67.15690810810811,52.86705513513513]],[[-63.77486508409877,52.8936999880711],[-63.768,52.911],[-63.74946111366774,52.91311872986655],[-63.77486508409877,52.8936999880711]],[[-63.71411111111111,52.91715873015873],[-63.523,52.939],[-63.51306624665573,52.93035472512298],[-63.71411111111111,52.91715873015873]],[[-58.624,52.631],[-58.61628915843067,52.6325351901767],[-58.61966592261905,52.62649255952381],[-58.624,52.631]],[[-58.492340425531914,52.657212765957446],[-58.403,52.675],[-58.3947118039029,52.669729255909886],[-58.492340425531914,52.657212765957446]],[[-57.50235568274734,52.15021586263287],[-57.4366783919598,52.11493467336683],[-57.475,52.124],[-57.50235568274734,52.15021586263287]],[[-57.160222384998534,52.049536478171696],[-57.113,52.046],[-57.114698113207545,52.03876729559749],[-57.160222384998534,52.049536478171696]]],[[[-90.962,63.535],[-90.82,63.491],[-90.732,63.536],[-90.962,63.535]]],[[[-90.858,69.243],[-90.787,69.228],[-90.812,69.254],[-90.858,69.243]]],[[[-90.784,69.193],[-90.732,69.185],[-90.729,69.199],[-90.784,69.193]]],[[[-90.775,69.326],[-90.656,69.306],[-90.599,69.218],[-90.472,69.243],[-90.541,69.321],[-90.679,69.366],[-90.775,69.326]]],[[[-90.77,69.162],[-90.691,69.144],[-90.67,69.153],[-90.77,69.162]]],[[[-90.749,63.468],[-90.647,63.448],[-90.709,63.479],[-90.749,63.468]]],[[[-90.665,63.515],[-90.586,63.497],[-90.589,63.526],[-90.665,63.515]]],[[[-90.624,76.754],[-90.4,76.641],[-90.243,76.489],[-89.822,76.505],[-89.787,76.519],[-89.924,76.606],[-89.756,76.712],[-89.765,76.749],[-89.994,76.853],[-90.624,76.754]]],[[[-90.491,69.377],[-90.322,69.264],[-90.175,69.383],[-90.272,69.441],[-90.491,69.377]]],[[[-90.322,69.115],[-90.17,69.076],[-90.191,69.139],[-90.322,69.115]]],[[[-90.241,69.229],[-90.143,69.185],[-90.112,69.194],[-90.241,69.229]]],[[[-90.212,74.026],[-90.016,74.01],[-89.852,74.055],[-90.212,74.026]]],[[[-90.115,68.898],[-90.064,68.887],[-90.033,68.922],[-90.115,68.898]]],[[[-90.114,71.924],[-89.966,71.875],[-89.946,71.807],[-89.85,71.768],[-90.029,71.628],[-90.031,71.581],[-89.935,71.408],[-89.829,71.349],[-88.119,71.231],[-87.931,71.271],[-87.845,71.163],[-87.069,71.02],[-87.422,70.961],[-88.171,70.947],[-88.571,71.034],[-89.137,71.038],[-89.525,71.095],[-89.205,70.986],[-89.357,70.939],[-89.392,70.877],[-89.306,70.786],[-89.002,70.68],[-88.944,70.586],[-88.707,70.474],[-88.418,70.464],[-87.919,70.337],[-88.241,70.347],[-87.964,70.253],[-87.701,70.303],[-87.781,70.336],[-86.985,70.299],[-87.07,70.384],[-87.234,70.387],[-87.011,70.475],[-86.9,70.396],[-86.786,70.409],[-86.879,70.341],[-86.662,70.314],[-86.696,70.385],[-86.371,70.526],[-86.308,70.496],[-86.56,70.399],[-86.493,70.216],[-85.854,70.013],[-85.304,70.009],[-85.637,70.084],[-85.897,70.069],[-85.825,70.115],[-85.003,70.082],[-84.83,70.118],[-84.862,70.052],[-84.572,70.005],[-83.675,69.972],[-83.094,70.012],[-82.524,69.881],[-82.274,69.874],[-82.231,69.85],[-82.343,69.829],[-82.194,69.805],[-82.08,69.884],[-81.824,69.88],[-81.77,69.952],[-82.189,70.087],[-82.882,70.229],[-83.023,70.295],[-82.993,70.31],[-81.779,69.987],[-81.611,69.988],[-81.61,69.946],[-80.934,69.73],[-80.823,69.788],[-81.255,70.022],[-81.772,70.119],[-81.193,70.11],[-80.515,70.014],[-80.031,70.028],[-79.682,69.865],[-79.498,69.905],[-78.866,69.899],[-78.717,70.022],[-78.837,70.205],[-79.055,70.358],[-79.292,70.328],[-79.459,70.384],[-79.649,70.376],[-79.691,70.338],[-79.594,70.241],[-79.653,70.235],[-79.793,70.377],[-79.664,70.401],[-79.638,70.472],[-79.757,70.546],[-80.237,70.649],[-80.437,70.583],[-80.53,70.597],[-80.511,70.645],[-80.851,70.675],[-80.89,70.654],[-80.857,70.632],[-80.938,70.623],[-81.087,70.675],[-81.05,70.73],[-80.831,70.713],[-80.414,70.769],[-80.331,70.727],[-80.476,70.682],[-80.045,70.695],[-79.95,70.621],[-79.729,70.599],[-79.514,70.447],[-79.457,70.457],[-79.541,70.539],[-79.477,70.614],[-79.431,70.598],[-79.435,70.518],[-79.271,70.559],[-79.34,70.475],[-79.263,70.426],[-79.049,70.607],[-79.15,70.638],[-79.045,70.673],[-78.926,70.646],[-78.945,70.694],[-78.9,70.71],[-78.726,70.57],[-78.906,70.589],[-79.069,70.521],[-79.077,70.469],[-78.928,70.43],[-78.892,70.475],[-78.674,70.353],[-78.441,70.405],[-78.499,70.359],[-78.406,70.338],[-78.542,70.314],[-78.399,70.216],[-78.216,70.209],[-78.208,70.266],[-77.744,70.213],[-77.661,70.134],[-77.727,69.979],[-77.672,69.758],[-77.554,69.772],[-77.551,69.835],[-77.478,69.869],[-77.018,69.983],[-77.049,69.935],[-77.343,69.845],[-76.776,69.829],[-76.898,69.793],[-76.858,69.717],[-77.167,69.688],[-77.176,69.634],[-76.887,69.627],[-76.858,69.617],[-76.895,69.586],[-76.761,69.563],[-76.603,69.64],[-76.599,69.691],[-76.213,69.667],[-76.179,69.647],[-76.219,69.534],[-76.317,69.557],[-76.287,69.618],[-76.477,69.647],[-76.634,69.558],[-76.396,69.425],[-76.187,69.423],[-75.82,69.315],[-75.653,69.252],[-75.599,69.175],[-75.631,69.096],[-76.022,69.018],[-76.237,69.055],[-76.614,69.014],[-76.637,68.907],[-76.52,68.872],[-76.669,68.767],[-76.686,68.717],[-76.645,68.693],[-76.224,68.719],[-75.581,68.897],[-75.526,68.94],[-75.587,68.985],[-75.553,69.018],[-75.438,69.013],[-75.202,68.897],[-75.048,69.021],[-74.862,69.085],[-74.717,69.044],[-74.97,69.012],[-75.011,68.978],[-74.932,68.945],[-75.083,68.9],[-74.749,68.916],[-74.771,68.856],[-74.969,68.806],[-74.84,68.769],[-74.708,68.801],[-74.716,68.835],[-74.603,68.824],[-74.753,68.745],[-74.427,68.549],[-74.047,68.522],[-73.978,68.576],[-74.215,68.73],[-73.72,68.671],[-73.853,68.565],[-73.746,68.522],[-74.022,68.425],[-73.736,68.486],[-73.449,68.472],[-73.901,68.388],[-73.863,68.328],[-73.696,68.26],[-73.485,68.317],[-73.433,68.257],[-73.319,68.284],[-73.09,68.211],[-73.044,68.242],[-72.963,68.038],[-72.782,68.099],[-73.012,67.966],[-72.922,67.938],[-72.895,67.866],[-72.772,67.879],[-72.604,67.751],[-72.689,67.703],[-72.66,67.635],[-72.554,67.632],[-72.394,67.308],[-72.26,67.238],[-72.419,67.101],[-72.692,67.071],[-72.857,67.002],[-73.047,66.773],[-72.853,66.715],[-72.266,66.678],[-72.669,66.664],[-73.169,66.722],[-73.351,66.663],[-73.537,66.523],[-74.465,66.184],[-74.487,66.115],[-74.387,66.02],[-73.768,65.757],[-73.664,65.654],[-73.679,65.577],[-73.552,65.455],[-73.871,65.536],[-74.17,65.531],[-74.563,65.341],[-74.677,65.327],[-74.659,65.375],[-74.751,65.395],[-75.09,65.375],[-75.134,65.292],[-75.309,65.265],[-75.637,65.303],[-75.655,65.344],[-75.994,65.336],[-76.012,65.307],[-75.956,65.283],[-76.064,65.269],[-76.854,65.435],[-77.421,65.458],[-77.447,65.418],[-77.337,65.369],[-77.561,65.359],[-77.424,65.257],[-77.398,65.171],[-77.654,65.141],[-78.185,64.954],[-78.195,64.867],[-78.131,64.812],[-78.293,64.712],[-78.214,64.622],[-78.23,64.571],[-78.03,64.475],[-78.084,64.454],[-78.04,64.42],[-77.906,64.439],[-77.922,64.37],[-77.724,64.336],[-77.725,64.373],[-77.65,64.387],[-77.414,64.29],[-77.403,64.249],[-77.161,64.283],[-76.73,64.201],[-76.793,64.288],[-76.378,64.27],[-76.229,64.3],[-76.408,64.356],[-76.013,64.405],[-75.78,64.37],[-75.853,64.474],[-75.694,64.461],[-75.827,64.535],[-75.84,64.619],[-75.569,64.574],[-75.232,64.433],[-75.162,64.44],[-75.196,64.47],[-75.164,64.485],[-74.742,64.378],[-74.542,64.446],[-74.66,64.541],[-74.557,64.595],[-75.048,64.785],[-75.139,64.893],[-75.116,64.945],[-74.98,64.796],[-74.882,64.769],[-74.72,64.766],[-74.716,64.853],[-74.554,64.881],[-74.688,64.725],[-74.413,64.57],[-74.371,64.587],[-74.415,64.652],[-74.23,64.595],[-74.236,64.645],[-74.154,64.673],[-74.155,64.739],[-74.056,64.677],[-73.944,64.707],[-73.996,64.649],[-74.088,64.641],[-74.07,64.591],[-74.17,64.576],[-74.077,64.556],[-74.134,64.528],[-74.079,64.462],[-74.198,64.365],[-74.146,64.338],[-74.001,64.4],[-74.003,64.465],[-73.872,64.478],[-73.937,64.585],[-73.799,64.549],[-73.708,64.577],[-73.681,64.64],[-73.451,64.584],[-73.714,64.529],[-73.652,64.493],[-73.712,64.422],[-73.678,64.322],[-73.615,64.331],[-73.573,64.355],[-73.547,64.524],[-73.327,64.546],[-73.344,64.617],[-73.3,64.65],[-73.287,64.6],[-73.196,64.599],[-73.271,64.522],[-73.471,64.461],[-73.488,64.38],[-73.371,64.377],[-73.437,64.325],[-73.427,64.263],[-73.163,64.356],[-73.231,64.29],[-73.133,64.281],[-73.091,64.184],[-72.885,64.177],[-72.986,64.081],[-72.72,63.963],[-72.637,64.014],[-72.588,63.993],[-72.661,63.856],[-72.483,63.807],[-72.552,63.766],[-72.396,63.777],[-72.388,63.83],[-72.266,63.871],[-72.296,63.928],[-72.237,63.937],[-72.188,63.858],[-72.308,63.712],[-72.273,63.663],[-72.161,63.722],[-72.029,63.692],[-71.946,63.847],[-71.792,63.701],[-71.664,63.73],[-71.699,63.675],[-71.656,63.646],[-71.605,63.701],[-71.527,63.697],[-71.588,63.573],[-71.426,63.625],[-71.36,63.608],[-71.426,63.567],[-71.281,63.572],[-71.488,63.539],[-71.439,63.49],[-71.692,63.406],[-72.08,63.435],[-71.773,63.385],[-71.777,63.267],[-71.686,63.247],[-71.744,63.211],[-71.696,63.165],[-71.524,63.108],[-71.408,63.127],[-71.441,63.075],[-71.244,63.002],[-71.218,63.068],[-71.04,63.08],[-70.984,63.155],[-70.923,63.156],[-70.882,63.102],[-71.123,62.998],[-70.907,63.039],[-70.983,62.944],[-70.523,62.87],[-70.291,62.764],[-70.041,62.771],[-70.06,62.819],[-69.98,62.844],[-69.941,62.766],[-69.8,62.728],[-69.763,62.743],[-69.891,62.835],[-69.688,62.748],[-69.444,62.768],[-69.581,62.724],[-69.481,62.697],[-69.613,62.654],[-69.539,62.629],[-69.511,62.554],[-69.46,62.623],[-69.358,62.541],[-69.267,62.633],[-69.297,62.521],[-69.226,62.452],[-68.925,62.366],[-68.866,62.455],[-68.797,62.47],[-68.824,62.358],[-68.77,62.335],[-68.67,62.382],[-68.658,62.276],[-67.351,62.141],[-67.32,62.077],[-67.217,62.11],[-67.125,62.051],[-66.825,62.032],[-66.577,61.921],[-66.27,61.867],[-65.986,61.89],[-66.174,62.089],[-66.039,62.055],[-66.058,62.136],[-65.925,62.192],[-65.994,62.239],[-66.236,62.244],[-66.133,62.269],[-66.218,62.343],[-66.341,62.338],[-66.311,62.285],[-66.388,62.289],[-66.437,62.327],[-66.335,62.391],[-66.397,62.438],[-66.492,62.429],[-66.486,62.517],[-66.61,62.543],[-66.629,62.615],[-66.787,62.683],[-67.039,62.701],[-67.034,62.779],[-67.234,62.817],[-67.198,62.837],[-67.317,62.86],[-67.275,62.9],[-67.36,62.941],[-67.53,62.977],[-67.703,62.925],[-67.526,63.035],[-67.728,62.977],[-67.792,63],[-67.602,63.089],[-67.851,63.13],[-67.989,63.06],[-67.973,63.162],[-68.225,63.21],[-68.432,63.435],[-68.618,63.471],[-68.705,63.559],[-68.804,63.575],[-68.994,63.765],[-68.512,63.752],[-68.306,63.637],[-68.267,63.699],[-68.214,63.671],[-68.239,63.627],[-68.107,63.605],[-68.086,63.553],[-67.961,63.554],[-67.797,63.399],[-67.681,63.395],[-67.674,63.431],[-67.836,63.552],[-67.941,63.742],[-67.882,63.749],[-67.784,63.661],[-67.682,63.654],[-67.624,63.585],[-67.648,63.545],[-67.549,63.539],[-67.558,63.49],[-67.468,63.421],[-67.376,63.471],[-67.205,63.276],[-67.031,63.278],[-67.051,63.372],[-66.98,63.404],[-66.951,63.282],[-66.999,63.242],[-66.862,63.168],[-66.831,63.191],[-66.887,63.27],[-66.83,63.273],[-66.752,63.192],[-66.749,63.094],[-66.605,63.024],[-66.55,63.043],[-66.614,63.079],[-66.608,63.183],[-66.737,63.282],[-66.567,63.219],[-66.428,63.017],[-66.098,62.958],[-66.284,63.129],[-66.3,63.175],[-66.257,63.203],[-66.034,63.006],[-65.828,63.037],[-65.942,62.935],[-65.769,62.912],[-65.772,63.041],[-65.728,63.05],[-65.692,62.995],[-65.715,62.929],[-65.62,62.916],[-65.576,62.823],[-65.398,62.845],[-65.315,62.929],[-65.259,62.822],[-65.335,62.799],[-65.207,62.787],[-65.295,62.77],[-65.343,62.679],[-65.121,62.584],[-64.919,62.653],[-65.304,62.976],[-65.27,63.001],[-65.137,62.955],[-65.081,62.986],[-65.045,62.933],[-64.787,62.844],[-64.632,62.924],[-64.788,62.956],[-64.781,63.02],[-64.828,63.047],[-64.761,63.076],[-64.946,63.1],[-64.755,63.12],[-65.057,63.181],[-64.995,63.219],[-65.137,63.255],[-65.03,63.264],[-65.029,63.303],[-64.893,63.251],[-64.968,63.363],[-65.099,63.394],[-65.032,63.429],[-65.143,63.444],[-65.08,63.463],[-65.101,63.545],[-65.04,63.624],[-65.306,63.799],[-65.204,63.8],[-64.918,63.61],[-64.719,63.293],[-64.63,63.243],[-64.523,63.252],[-64.607,63.316],[-64.513,63.338],[-64.548,63.391],[-64.653,63.404],[-64.473,63.437],[-64.566,63.581],[-64.669,63.648],[-64.536,63.619],[-64.523,63.661],[-64.955,63.786],[-64.883,63.904],[-64.65,63.992],[-65.201,64.004],[-65.062,64.045],[-65.168,64.075],[-65.148,64.101],[-65.234,64.162],[-65.399,64.149],[-65.288,64.222],[-65.538,64.249],[-65.493,64.295],[-65.614,64.323],[-65.241,64.312],[-65.215,64.341],[-65.268,64.388],[-65.115,64.405],[-65.055,64.476],[-65.237,64.533],[-65.39,64.464],[-65.344,64.519],[-65.51,64.475],[-65.723,64.506],[-65.719,64.589],[-65.606,64.637],[-65.553,64.731],[-65.66,64.767],[-65.73,64.732],[-65.671,64.813],[-65.838,64.885],[-65.964,64.851],[-65.844,64.643],[-65.964,64.747],[-66.074,64.731],[-66.049,64.829],[-66.208,64.707],[-66.25,64.723],[-66.231,64.76],[-66.353,64.754],[-66.357,64.669],[-66.41,64.648],[-66.407,64.762],[-66.161,64.86],[-66.476,64.928],[-66.621,65.034],[-66.709,65.023],[-66.653,64.95],[-66.661,64.795],[-66.759,64.771],[-66.769,64.916],[-66.828,64.955],[-66.763,64.995],[-66.81,65.048],[-66.915,65.053],[-66.808,65.153],[-67.12,65.064],[-66.942,65.216],[-67.18,65.214],[-67.116,65.26],[-67.183,65.331],[-67.375,65.333],[-67.112,65.388],[-67.111,65.462],[-67.393,65.479],[-67.399,65.535],[-67.291,65.626],[-67.69,65.654],[-67.765,65.623],[-67.743,65.579],[-67.896,65.577],[-68.081,65.464],[-68.018,65.558],[-68.064,65.577],[-67.891,65.648],[-67.955,65.747],[-67.83,65.806],[-68.114,65.798],[-68.193,65.87],[-68.143,65.93],[-68.354,65.936],[-68.277,65.969],[-68.306,66.022],[-68.151,65.975],[-68.217,66.032],[-68.205,66.1],[-68.347,66.092],[-68.518,66.181],[-69.001,66.175],[-68.49,66.237],[-68.41,66.192],[-68.289,66.217],[-68.232,66.144],[-67.966,66.094],[-68.007,65.97],[-67.934,65.907],[-67.805,65.905],[-67.778,65.944],[-67.298,65.91],[-67.265,65.933],[-67.306,65.979],[-67.225,66.03],[-67.341,66.111],[-67.748,66.24],[-67.716,66.298],[-67.765,66.38],[-68.009,66.507],[-67.843,66.503],[-67.515,66.367],[-67.424,66.283],[-67.214,66.308],[-67.351,66.383],[-67.179,66.39],[-67.388,66.544],[-67.917,66.582],[-67.601,66.57],[-67.534,66.62],[-67.174,66.484],[-67.13,66.491],[-67.152,66.524],[-66.92,66.561],[-66.982,66.616],[-66.81,66.591],[-66.764,66.57],[-66.829,66.544],[-66.8,66.464],[-66.723,66.427],[-66.755,66.386],[-66.549,66.38],[-66.568,66.349],[-66.485,66.309],[-66.523,66.226],[-66.422,66.208],[-66.441,66.272],[-66.338,66.264],[-66.19,66.151],[-66.02,66.112],[-65.617,66.234],[-65.473,66.366],[-65.576,66.2],[-65.903,66.076],[-65.915,65.95],[-65.001,66.066],[-64.731,66.252],[-64.408,66.335],[-64.679,66.235],[-64.862,66.025],[-64.819,65.979],[-64.974,65.995],[-65.294,65.923],[-65.427,65.864],[-65.509,65.762],[-65.42,65.746],[-65.444,65.687],[-65.34,65.663],[-64.868,65.717],[-65.293,65.627],[-65.372,65.562],[-65.039,65.547],[-64.831,65.666],[-64.926,65.544],[-65.147,65.481],[-65.072,65.379],[-64.639,65.453],[-64.49,65.436],[-64.827,65.369],[-64.752,65.33],[-64.896,65.287],[-64.831,65.243],[-64.642,65.245],[-64.731,65.17],[-64.607,65.089],[-64.518,65.151],[-64.497,65.302],[-64.297,65.407],[-64.415,65.281],[-64.392,65.18],[-64.15,65.195],[-64.273,65.118],[-64.172,65.049],[-64.088,65.066],[-64.099,65.128],[-63.881,65.118],[-63.86,65.032],[-63.692,65.057],[-63.832,64.978],[-63.685,64.978],[-63.618,64.893],[-63.56,64.93],[-63.573,65.011],[-63.469,65.027],[-63.371,65.137],[-63.488,65.164],[-63.356,65.197],[-63.412,65.225],[-63.391,65.269],[-63.48,65.279],[-63.441,65.3],[-63.493,65.4],[-63.662,65.461],[-63.347,65.429],[-63.643,65.529],[-63.575,65.574],[-63.424,65.534],[-63.379,65.615],[-63.748,65.651],[-63.418,65.671],[-63.415,65.736],[-63.522,65.832],[-63.529,65.91],[-63.469,65.924],[-63.226,65.635],[-62.996,65.593],[-62.881,65.663],[-62.83,65.603],[-62.674,65.599],[-62.677,65.674],[-62.843,65.726],[-62.63,65.714],[-62.605,65.759],[-62.858,65.868],[-62.477,65.779],[-62.352,65.81],[-62.455,65.908],[-62.412,65.944],[-62.824,66.014],[-62.925,66.129],[-62.692,66.02],[-62.328,65.978],[-62.004,66.014],[-62.115,66.049],[-62.093,66.099],[-62.204,66.096],[-62.173,66.132],[-62.207,66.144],[-62.79,66.195],[-62.852,66.241],[-62.862,66.328],[-62.691,66.217],[-62.513,66.225],[-62.376,66.286],[-62.508,66.389],[-62.689,66.396],[-62.57,66.432],[-62.261,66.415],[-62.202,66.319],[-61.954,66.292],[-61.53,66.344],[-61.495,66.387],[-61.944,66.398],[-61.636,66.489],[-61.839,66.613],[-62.113,66.624],[-61.99,66.696],[-61.718,66.631],[-61.524,66.52],[-61.306,66.642],[-61.479,66.788],[-61.666,66.818],[-61.643,66.864],[-62.026,66.884],[-61.74,66.934],[-61.89,66.969],[-62.084,66.91],[-62.096,66.946],[-61.979,67.039],[-62.02,67.054],[-62.23,67.032],[-62.286,66.949],[-62.395,66.981],[-62.467,66.952],[-62.307,66.772],[-62.341,66.746],[-62.412,66.768],[-62.533,66.927],[-62.759,66.932],[-62.771,66.804],[-62.877,66.663],[-62.933,66.669],[-62.852,66.791],[-62.849,66.951],[-63.332,66.878],[-63.327,66.811],[-63.424,66.716],[-63.466,66.731],[-63.443,66.891],[-63.537,66.825],[-63.697,66.809],[-63.545,66.911],[-63.278,66.972],[-63.286,67.12],[-63.016,67.198],[-62.98,67.292],[-63.071,67.328],[-63.179,67.319],[-63.207,67.267],[-63.326,67.296],[-63.488,67.103],[-63.768,66.995],[-63.807,67.003],[-63.523,67.133],[-63.472,67.221],[-63.815,67.244],[-64.264,67.172],[-64.584,67.114],[-64.715,67.004],[-64.683,67.12],[-63.991,67.256],[-64.822,67.208],[-64.302,67.282],[-64.807,67.364],[-63.976,67.352],[-64.073,67.448],[-64.298,67.461],[-64.125,67.518],[-64.143,67.56],[-64.099,67.602],[-64.259,67.618],[-64.252,67.706],[-64.601,67.693],[-64.396,67.747],[-64.508,67.804],[-64.757,67.821],[-64.853,67.696],[-64.94,67.688],[-64.866,67.759],[-64.959,67.778],[-65.131,67.726],[-65.228,67.631],[-65.28,67.642],[-65.041,67.804],[-65.169,67.808],[-65.152,67.848],[-64.807,67.942],[-64.789,67.991],[-65.084,68.027],[-65.419,67.909],[-65.567,67.773],[-65.396,67.681],[-65.395,67.601],[-65.657,67.777],[-65.473,67.958],[-65.724,67.992],[-65.95,67.806],[-65.982,67.666],[-66.06,67.626],[-66.05,67.785],[-65.986,67.869],[-66.064,67.953],[-65.995,68.003],[-66.262,67.966],[-66.364,67.874],[-66.373,67.784],[-66.62,67.8],[-66.693,67.856],[-66.453,67.867],[-66.271,68.008],[-66.283,68.071],[-66.502,68.059],[-66.373,68.1],[-66.573,68.127],[-66.689,67.998],[-66.773,67.981],[-66.695,68.103],[-66.772,68.116],[-67.045,68.005],[-66.822,68.227],[-67.106,68.292],[-67.209,68.273],[-67.336,68.165],[-67.504,68.137],[-67.384,68.239],[-67.134,68.34],[-67.415,68.342],[-67.697,68.243],[-67.743,68.267],[-67.587,68.324],[-67.924,68.296],[-67.848,68.341],[-67.327,68.404],[-67.04,68.376],[-66.758,68.456],[-67.109,68.48],[-67.258,68.419],[-67.327,68.424],[-67.281,68.473],[-67.514,68.496],[-67.66,68.394],[-67.663,68.491],[-67.527,68.529],[-67.705,68.573],[-67.874,68.532],[-67.92,68.445],[-68.016,68.422],[-67.972,68.55],[-68.3,68.6],[-68.731,68.57],[-68.528,68.624],[-68.886,68.625],[-68.146,68.659],[-68.198,68.706],[-68.997,68.759],[-69.42,68.819],[-69.257,68.839],[-69.439,68.867],[-69.119,68.864],[-68.702,68.792],[-68.573,68.8],[-68.639,68.839],[-68.607,68.846],[-67.839,68.793],[-68.489,68.892],[-68.043,68.887],[-68.128,68.949],[-68.563,68.983],[-67.798,69.023],[-68.25,69.155],[-68.806,69.111],[-69.024,68.982],[-69.043,69.012],[-68.975,69.082],[-69.101,69.105],[-68.605,69.191],[-69.008,69.23],[-68.139,69.224],[-68.203,69.264],[-68.926,69.332],[-69.313,69.278],[-69.115,69.35],[-68.252,69.315],[-67.776,69.189],[-67.032,69.197],[-66.812,69.159],[-66.685,69.238],[-66.795,69.354],[-67.304,69.474],[-68.035,69.466],[-68.678,69.589],[-69.406,69.508],[-70.051,69.525],[-69.706,69.571],[-69.336,69.54],[-68.808,69.633],[-68.39,69.639],[-68.024,69.778],[-67.306,69.727],[-67.177,69.775],[-67.228,69.897],[-67.831,70.255],[-68.161,70.308],[-68.352,70.207],[-68.37,70.157],[-68.237,70.123],[-68.282,70.105],[-68.579,70.057],[-68.699,69.96],[-68.997,69.94],[-69.407,69.799],[-69.752,69.805],[-70.027,69.624],[-70.069,69.635],[-69.787,69.836],[-69.458,69.841],[-69.17,69.97],[-68.882,70.029],[-68.693,70.177],[-69.125,70.222],[-69.161,70.206],[-69.075,70.19],[-69.472,70.182],[-69.8,70.085],[-69.75,70.029],[-69.807,69.977],[-70.462,69.866],[-70.088,69.987],[-69.884,70.004],[-70,70.045],[-70.226,70.034],[-69.92,70.099],[-69.788,70.174],[-68.785,70.314],[-68.689,70.374],[-68.687,70.47],[-68.616,70.471],[-68.527,70.38],[-68.311,70.499],[-68.384,70.572],[-69.343,70.783],[-70.402,70.599],[-70.35,70.512],[-70.532,70.495],[-70.441,70.543],[-70.53,70.57],[-70.528,70.609],[-70.237,70.661],[-69.811,70.822],[-69.915,70.868],[-71.031,70.602],[-71.314,70.18],[-71.55,70.054],[-71.327,70.28],[-71.364,70.324],[-71.233,70.543],[-71.488,70.59],[-71.763,70.317],[-71.86,70.321],[-71.759,70.426],[-71.981,70.421],[-71.661,70.544],[-71.608,70.614],[-71.247,70.601],[-70.805,70.749],[-70.557,70.917],[-70.643,71.035],[-70.777,71.125],[-70.911,71.111],[-71.179,71.039],[-71.306,70.906],[-71.237,70.865],[-71.501,70.888],[-72.059,70.794],[-72.529,70.632],[-72.615,70.645],[-72.362,70.707],[-72.214,70.829],[-72.299,70.858],[-72.774,70.82],[-72.375,70.898],[-72.031,71.11],[-71.579,71.067],[-71.174,71.276],[-71.502,71.481],[-71.946,71.586],[-72.588,71.659],[-72.674,71.542],[-72.822,71.49],[-72.796,71.44],[-72.994,71.387],[-72.966,71.263],[-73.157,71.237],[-73.228,71.117],[-73.435,71.026],[-73.464,71.044],[-73.305,71.152],[-73.268,71.236],[-73.102,71.286],[-73.425,71.332],[-73.717,71.086],[-73.898,71.07],[-73.737,71.139],[-73.633,71.277],[-73.443,71.402],[-73.509,71.439],[-73.596,71.377],[-73.681,71.382],[-73.651,71.427],[-73.703,71.461],[-73.617,71.566],[-73.647,71.593],[-73.785,71.581],[-73.913,71.5],[-73.906,71.45],[-74.024,71.307],[-74.248,71.211],[-74.128,71.292],[-74.039,71.436],[-74.292,71.439],[-74.03,71.477],[-73.905,71.615],[-73.651,71.74],[-73.676,71.774],[-73.952,71.766],[-74.175,71.621],[-74.11,71.565],[-74.134,71.54],[-74.306,71.593],[-74.128,71.712],[-74.153,71.739],[-74.546,71.648],[-74.729,71.548],[-74.731,71.492],[-74.629,71.425],[-74.667,71.371],[-75.056,71.198],[-75.091,71.227],[-74.747,71.421],[-74.899,71.472],[-74.818,71.533],[-75.12,71.474],[-75.188,71.487],[-75.17,71.514],[-74.727,71.606],[-74.666,71.676],[-74.82,71.68],[-75.183,71.559],[-75.411,71.534],[-74.973,71.676],[-75.338,71.707],[-74.909,71.712],[-74.536,71.823],[-74.205,71.843],[-74.159,71.889],[-74.162,72.013],[-74.221,72.07],[-75.072,72.11],[-75.219,72.024],[-75.493,71.982],[-75.76,71.745],[-75.971,71.696],[-76.039,71.704],[-75.835,71.759],[-75.572,71.998],[-75.24,72.067],[-75.61,72.118],[-75.901,72.075],[-76.343,71.849],[-76.437,71.851],[-76.068,72.08],[-75.503,72.165],[-75.197,72.127],[-74.987,72.229],[-74.965,72.259],[-75.214,72.507],[-75.905,72.595],[-76.031,72.582],[-76.011,72.492],[-76.075,72.483],[-76.16,72.52],[-76.132,72.597],[-76.645,72.66],[-76.755,72.735],[-77.59,72.77],[-78.392,72.626],[-78.49,72.565],[-78.531,72.468],[-78.164,72.331],[-77.03,72.151],[-77.553,72.182],[-77.666,72.104],[-77.71,72.126],[-77.699,72.204],[-77.802,72.242],[-78.412,72.328],[-78.472,72.322],[-78.469,72.286],[-78.392,72.197],[-78.468,72.192],[-78.554,72.276],[-78.537,72.35],[-78.589,72.372],[-78.767,72.337],[-78.736,72.288],[-78.879,72.243],[-78.84,72.198],[-78.393,72.099],[-78.292,72.004],[-78.059,71.988],[-77.72,71.822],[-77.737,71.763],[-78.144,71.966],[-78.289,71.937],[-77.928,71.779],[-78.311,71.866],[-78.491,72.085],[-78.853,72.173],[-78.91,72.162],[-78.922,72.016],[-78.549,71.871],[-78.854,71.951],[-79.194,71.967],[-79.235,71.984],[-79.063,72.072],[-79.001,72.227],[-79.029,72.284],[-79.345,72.406],[-79.514,72.316],[-79.45,72.261],[-79.473,72.214],[-79.586,72.287],[-79.788,72.244],[-79.644,72.332],[-79.781,72.441],[-79.725,72.475],[-79.748,72.498],[-79.84,72.523],[-79.925,72.428],[-80.155,72.349],[-79.787,72.148],[-79.961,72.165],[-80.262,72.3],[-80.292,72.284],[-80.257,72.224],[-80.499,72.187],[-80.36,72.091],[-80.982,71.888],[-80.833,72.008],[-81.053,72.062],[-81.032,72.085],[-80.572,72.071],[-80.995,72.191],[-80.89,72.213],[-80.771,72.334],[-80.549,72.4],[-80.515,72.506],[-80.861,72.461],[-81.25,72.261],[-81.337,72.271],[-80.946,72.491],[-80.593,72.578],[-80.299,72.768],[-80.506,72.828],[-80.661,72.94],[-80.609,73.098],[-80.661,73.153],[-81.166,73.253],[-81.244,73.482],[-81.328,73.587],[-81.544,73.711],[-82.86,73.727],[-83.948,73.526],[-83.727,73.474],[-83.628,73.378],[-83.64,73.317],[-83.715,73.325],[-83.775,73.433],[-84.177,73.481],[-84.59,73.412],[-84.568,73.33],[-84.347,73.234],[-84.867,73.382],[-85.09,73.312],[-85.153,73.239],[-84.567,73.105],[-83.927,73.069],[-83.663,73.003],[-85.067,73.138],[-85.216,73.127],[-85.163,73.068],[-85.397,73.137],[-85.528,73.069],[-85.51,73.034],[-85.104,73.014],[-85.071,72.974],[-83.94,72.776],[-85.451,72.974],[-85.691,72.904],[-85.682,72.753],[-85.755,72.654],[-85.511,72.575],[-85.602,72.544],[-85.575,72.466],[-85.166,72.372],[-84.803,72.455],[-84.774,72.432],[-84.89,72.395],[-84.437,72.411],[-84.493,72.366],[-84.871,72.348],[-84.953,72.303],[-84.731,72.261],[-84.717,72.22],[-84.184,72.002],[-84.223,71.955],[-84.551,72.13],[-84.763,72.16],[-84.947,72.251],[-85.451,72.267],[-85.433,72.243],[-85.565,72.224],[-85.413,72.162],[-85.521,72.121],[-85.523,72.08],[-85.785,72.042],[-85.749,72.023],[-86.033,72.02],[-85.563,71.907],[-85.5,71.82],[-85.626,71.791],[-85.32,71.686],[-84.972,71.647],[-84.763,71.706],[-84.621,71.679],[-84.672,71.593],[-84.575,71.561],[-84.556,71.496],[-84.722,71.427],[-84.78,71.352],[-84.789,71.309],[-84.705,71.244],[-84.839,71.107],[-84.783,70.959],[-84.899,70.932],[-84.978,70.936],[-84.906,71.007],[-85.037,71.102],[-84.917,71.119],[-84.895,71.175],[-84.94,71.195],[-85.786,71.141],[-86.222,71.02],[-86.802,70.993],[-86.345,71.053],[-85.934,71.187],[-85.55,71.184],[-85.2,71.293],[-84.855,71.3],[-84.985,71.434],[-85.39,71.505],[-86.204,71.868],[-86.459,72.135],[-86.46,72.266],[-86.299,72.417],[-86.756,72.752],[-86.743,72.872],[-86.441,73.004],[-85.861,73.411],[-84.898,73.705],[-84.876,73.749],[-84.989,73.792],[-86.689,73.849],[-87.53,73.75],[-88.401,73.535],[-88.829,73.349],[-88.704,73.298],[-89.001,73.282],[-89.031,73.265],[-88.977,73.216],[-89.16,73.192],[-89.293,73.096],[-89.415,72.849],[-89.268,72.783],[-89.587,72.782],[-89.507,72.664],[-89.781,72.617],[-89.803,72.504],[-89.965,72.343],[-89.929,72.207],[-89.624,72.163],[-89.946,72.104],[-90.114,71.924]]],[[[-90.089,69.092],[-90.017,69.091],[-90.055,69.117],[-90.089,69.092]]],[[[-90.033,68.845],[-90.021,68.712],[-89.926,68.722],[-89.877,68.799],[-90.033,68.845]]],[[[-90.027,69.012],[-90.024,68.959],[-89.943,68.966],[-89.935,69.009],[-90.027,69.012]]],[[[-89.985,69.139],[-89.926,69.125],[-89.893,69.144],[-89.985,69.139]]],[[[-89.632,76.46],[-89.481,76.455],[-89.597,76.48],[-89.632,76.46]]],[[[-89.204,48.236],[-89.135,48.205],[-89.075,48.246],[-89.204,48.236]]],[[[-88.707,48.364],[-88.636,48.407],[-88.697,48.397],[-88.707,48.364]]],[[[-88.471,78.292],[-88.357,78.25],[-88.043,78.445],[-88.201,78.438],[-88.471,78.292]]],[[[-88.129,48.937],[-88.076,48.893],[-88.063,48.926],[-88.129,48.937]]],[[[-88.114,48.787],[-88.067,48.684],[-87.808,48.774],[-87.802,48.829],[-88.065,48.837],[-88.114,48.787]]],[[[-87.764,48.807],[-87.743,48.729],[-87.651,48.757],[-87.712,48.827],[-87.764,48.807]]],[[[-87.665,71.041],[-87.549,71.032],[-87.643,71.067],[-87.665,71.041]]],[[[-87.634,48.787],[-87.592,48.768],[-87.576,48.781],[-87.634,48.787]]],[[[-87.536,48.762],[-87.497,48.772],[-87.532,48.779],[-87.536,48.762]]],[[[-87.465,48.754],[-87.401,48.745],[-87.418,48.762],[-87.465,48.754]]],[[[-87.418,70.179],[-87.292,70.159],[-87.341,70.185],[-87.418,70.179]]],[[[-87.342,70.097],[-87.121,70.014],[-86.715,69.979],[-86.485,70.014],[-86.67,70.13],[-87.021,70.12],[-87.094,70.152],[-87.342,70.097]]],[[[-87.211,63.674],[-87.146,63.573],[-86.898,63.55],[-86.604,63.673],[-86.337,63.641],[-85.653,63.677],[-85.604,63.629],[-85.662,63.325],[-85.591,63.167],[-85.41,63.098],[-85.067,63.14],[-84.495,63.342],[-84.443,63.499],[-84.306,63.578],[-84.305,63.632],[-84.052,63.601],[-83.78,63.769],[-83.602,63.792],[-83.671,63.995],[-83.64,64.034],[-83.499,64.105],[-83.166,64.119],[-83.101,64.181],[-82.945,64.126],[-83.147,63.994],[-83.129,63.968],[-82.842,63.992],[-82.484,63.96],[-82.386,63.901],[-82.361,63.841],[-82.515,63.754],[-82.413,63.664],[-82.109,63.672],[-81.716,63.609],[-81.085,63.449],[-80.55,63.658],[-80.456,63.736],[-80.196,63.745],[-80.377,63.826],[-80.637,63.847],[-80.667,63.878],[-80.535,63.883],[-80.571,63.923],[-80.54,63.972],[-80.933,64.103],[-80.972,64.065],[-80.933,63.979],[-81.432,64.077],[-81.526,64.024],[-81.949,63.986],[-81.98,64.039],[-81.607,64.17],[-81.73,64.282],[-81.698,64.33],[-81.761,64.429],[-81.73,64.486],[-81.815,64.552],[-82.333,64.76],[-82.58,64.767],[-83.157,64.937],[-83.445,65.141],[-84.162,65.229],[-84.198,65.283],[-84.143,65.338],[-84.472,65.461],[-84.593,65.461],[-84.751,65.332],[-84.786,65.216],[-84.887,65.203],[-85.035,65.414],[-85.303,65.537],[-85.088,65.599],[-85.199,65.767],[-85.286,65.817],[-85.521,65.795],[-85.497,65.888],[-85.583,65.911],[-86.009,65.709],[-86.086,65.459],[-86.154,65.399],[-86.135,65.104],[-86.241,64.984],[-86.161,64.92],[-86.414,64.567],[-86.377,64.304],[-86.22,64.107],[-86.863,63.949],[-87.006,63.873],[-87.211,63.674]]],[[[-87.114,48.666],[-87.081,48.659],[-87.06,48.672],[-87.114,48.666]]],[[[-87.067,48.637],[-87.029,48.627],[-87.005,48.649],[-87.067,48.637]]],[[[-87.055,68.106],[-86.877,68.012],[-86.981,67.923],[-86.953,67.873],[-86.73,67.747],[-86.63,67.742],[-86.443,67.873],[-86.455,68.218],[-86.712,68.31],[-87.055,68.106]]],[[[-86.48,78.934],[-86.243,78.909],[-85.316,79.008],[-85.213,79.062],[-85.678,79.091],[-86.16,79.053],[-86.48,78.934]]],[[[-86.091,72.287],[-85.918,72.235],[-85.88,72.265],[-85.942,72.302],[-86.091,72.287]]],[[[-85.951,47.74],[-85.785,47.687],[-85.619,47.742],[-85.803,47.789],[-85.951,47.74]]],[[[-85.798,72.209],[-85.724,72.215],[-85.742,72.244],[-85.798,72.209]]],[[[-85.584,77.551],[-85.309,77.535],[-85.298,77.486],[-85.194,77.468],[-84.9,77.523],[-84.996,77.541],[-85.176,77.593],[-85.584,77.551]]],[[[-85.517,69.078],[-85.451,69.068],[-85.506,69.091],[-85.517,69.078]]],[[[-85.491,69.024],[-85.424,69.019],[-85.46,69.037],[-85.491,69.024]]],[[[-85.407,69.1],[-85.33,69.1],[-85.269,69.115],[-85.407,69.1]]],[[[-85.336,69],[-85.285,68.983],[-85.264,68.992],[-85.336,69]]],[[[-85.322,69.055],[-85.241,69.047],[-85.29,69.075],[-85.322,69.055]]],[[[-85.246,68.927],[-85.142,68.911],[-85.126,68.921],[-85.246,68.927]]],[[[-85.234,68.818],[-85.208,68.797],[-85.161,68.796],[-85.234,68.818]]],[[[-85.188,69.047],[-85.117,69.039],[-85.122,69.068],[-85.188,69.047]]],[[[-85.152,65.804],[-85.105,65.744],[-84.898,65.664],[-84.769,65.546],[-84.617,65.602],[-84.587,65.656],[-84.871,65.95],[-84.854,65.977],[-85.045,66.046],[-85.15,65.997],[-85.152,65.804]]],[[[-85.122,69.098],[-85.044,69.098],[-85.081,69.109],[-85.122,69.098]]],[[[-85.099,66.084],[-85.016,66.068],[-85.029,66.096],[-85.099,66.084]]],[[[-85.056,72.357],[-84.984,72.347],[-84.934,72.371],[-85.056,72.357]]],[[[-84.982,68.807],[-84.918,68.792],[-84.928,68.817],[-84.982,68.807]]],[[[-84.887,71.384],[-84.865,71.361],[-84.823,71.381],[-84.887,71.384]]],[[[-84.689,66.181],[-84.611,66.132],[-84.562,66.143],[-84.689,66.181]]],[[[-84.55,46.867],[-84.464,46.873],[-84.549,46.902],[-84.55,46.867]]],[[[-84.449,66.13],[-84.369,66.02],[-84.192,65.96],[-84.097,65.777],[-83.996,65.73],[-83.831,65.775],[-83.745,65.738],[-83.821,65.671],[-83.642,65.679],[-83.439,65.623],[-83.299,65.644],[-83.25,65.698],[-83.613,65.761],[-83.727,65.808],[-83.675,65.901],[-84.007,66.063],[-84.449,66.13]]],[[[-84.291,66.221],[-84.225,66.18],[-84.238,66.226],[-84.291,66.221]]],[[[-84.12,46.295],[-83.952,46.07],[-83.824,46.204],[-83.915,46.272],[-84.12,46.295]]],[[[-84.082,76.497],[-83.995,76.451],[-83.955,76.486],[-83.984,76.509],[-84.082,76.497]]],[[[-84.081,66.748],[-84.045,66.731],[-84.025,66.744],[-84.081,66.748]]],[[[-83.961,62.432],[-83.756,62.27],[-83.72,62.135],[-83.374,62.253],[-83.15,62.175],[-83.047,62.188],[-82.016,62.696],[-81.899,62.943],[-82.229,62.994],[-82.488,62.931],[-82.731,62.94],[-83.038,62.842],[-83.267,62.919],[-83.4,62.904],[-83.554,62.814],[-83.62,62.66],[-83.961,62.432]]],[[[-83.95,79.09],[-83.82,79.087],[-83.89,79.11],[-83.95,79.09]]],[[[-83.904,69.831],[-83.871,69.779],[-83.655,69.74],[-83.721,69.78],[-83.569,69.808],[-83.904,69.831]]],[[[-83.728,63.275],[-83.677,63.257],[-83.648,63.289],[-83.728,63.275]]],[[[-83.694,66.084],[-83.647,66.082],[-83.599,66.126],[-83.694,66.084]]],[[[-83.659,66.041],[-83.604,66.037],[-83.572,66.069],[-83.659,66.041]]],[[[-83.578,66.002],[-83.511,65.991],[-83.497,66.001],[-83.578,66.002]]],[[[-83.534,65.837],[-83.461,65.801],[-83.256,65.827],[-83.459,65.855],[-83.534,65.837]]],[[[-83.486,45.87],[-83.314,45.888],[-83.291,45.957],[-83.467,45.973],[-83.486,45.87]]],[[[-83.352,66.297],[-83.078,66.229],[-82.989,66.28],[-83.142,66.31],[-83.285,66.369],[-83.352,66.297]]],[[[-83.307,69.811],[-83.137,69.771],[-83.039,69.801],[-83.307,69.811]]],[[[-83.209,45.927],[-83.184,45.872],[-82.362,45.696],[-82.135,45.588],[-82.055,45.548],[-81.784,45.685],[-81.996,45.544],[-81.85,45.523],[-81.595,45.784],[-81.709,45.806],[-81.663,45.856],[-81.694,45.9],[-81.814,45.731],[-81.854,45.77],[-81.839,45.865],[-81.977,45.979],[-82.081,45.957],[-82.162,45.854],[-82.318,45.994],[-82.512,45.934],[-82.601,45.899],[-82.513,45.827],[-82.557,45.785],[-82.6,45.835],[-82.772,45.84],[-82.842,45.892],[-82.813,46],[-82.985,45.928],[-83.209,45.927]]],[[[-83.034,45.759],[-83.021,45.75],[-83.006,45.77],[-83.034,45.759]]],[[[-82.973,45.646],[-82.947,45.656],[-82.964,45.689],[-82.973,45.646]]],[[[-82.869,69.801],[-82.537,69.75],[-82.733,69.82],[-82.869,69.801]]],[[[-82.745,45.93],[-82.705,45.893],[-82.613,45.916],[-82.624,45.976],[-82.745,45.93]]],[[[-82.744,62.991],[-82.616,63.015],[-82.667,63.026],[-82.744,62.991]]],[[[-82.707,41.819],[-82.695,41.723],[-82.66,41.794],[-82.707,41.819]]],[[[-82.703,69.873],[-82.48,69.808],[-82.593,69.869],[-82.703,69.873]]],[[[-82.659,42.527],[-82.655,42.505],[-82.631,42.518],[-82.659,42.527]]],[[[-82.48,69.548],[-82.321,69.516],[-82.33,69.553],[-82.48,69.548]]],[[[-82.469,69.482],[-82.331,69.463],[-82.309,69.473],[-82.469,69.482]]],[[[-82.263,69.495],[-82.013,69.436],[-81.976,69.46],[-82.263,69.495]]],[[[-82.254,46.04],[-82.237,45.995],[-82.209,46.005],[-82.254,46.04]]],[[[-82.084,52.995],[-80.689,52.688],[-80.667,52.753],[-80.804,52.968],[-81.109,53.179],[-81.333,53.219],[-81.881,53.154],[-82.084,52.995]]],[[[-81.977,46.026],[-81.932,45.989],[-81.81,46.003],[-81.837,46.057],[-81.904,46.063],[-81.977,46.026]]],[[[-81.946,69.381],[-81.75,69.41],[-81.664,69.37],[-81.499,69.421],[-81.885,69.45],[-81.946,69.381]]],[[[-81.82,45.438],[-81.717,45.517],[-81.816,45.497],[-81.82,45.438]]],[[[-81.774,69.52],[-81.516,69.461],[-81.497,69.488],[-81.683,69.539],[-81.774,69.52]]],[[[-81.522,64.204],[-81.432,64.18],[-81.368,64.21],[-81.522,64.204]]],[[[-81.495,76.172],[-81.395,76.159],[-81.24,76.184],[-81.495,76.172]]],[[[-81.487,45.542],[-81.462,45.55],[-81.476,45.563],[-81.487,45.542]]],[[[-81.112,54.409],[-81.068,54.378],[-81.083,54.419],[-81.112,54.409]]],[[[-81.05,45.94],[-81.02,45.935],[-81.014,45.956],[-81.05,45.94]]],[[[-81.023,70.689],[-80.954,70.68],[-80.992,70.704],[-81.023,70.689]]],[[[-80.993,44.882],[-80.966,44.889],[-80.979,44.91],[-80.993,44.882]]],[[[-80.945,44.836],[-80.913,44.841],[-80.942,44.854],[-80.945,44.836]]],[[[-80.908,73.572],[-80.732,73.504],[-80.893,73.456],[-80.835,73.313],[-80.189,73.221],[-80.137,73.105],[-80.197,73.015],[-80.031,72.916],[-79.562,72.772],[-79.097,72.767],[-78.044,72.908],[-76.312,72.817],[-76.042,72.901],[-76.344,72.979],[-76.286,73.074],[-76.589,73.157],[-76.556,73.215],[-76.681,73.29],[-77.348,73.524],[-78.225,73.663],[-79.436,73.649],[-80.544,73.767],[-80.811,73.747],[-80.908,73.572]]],[[[-80.846,58.443],[-80.812,58.432],[-80.774,58.468],[-80.846,58.443]]],[[[-80.832,69.709],[-80.535,69.671],[-80.363,69.585],[-80.213,69.637],[-80.287,69.55],[-80.055,69.519],[-79.975,69.555],[-80.094,69.621],[-80.038,69.649],[-79.634,69.633],[-79.357,69.706],[-79.492,69.801],[-79.636,69.818],[-79.968,69.749],[-80.471,69.814],[-80.555,69.778],[-80.421,69.734],[-80.422,69.692],[-80.649,69.742],[-80.832,69.709]]],[[[-80.704,59.103],[-80.652,59.11],[-80.683,59.119],[-80.704,59.103]]],[[[-80.683,59.325],[-80.654,59.316],[-80.654,59.356],[-80.683,59.325]]],[[[-80.682,72.17],[-80.584,72.133],[-80.581,72.182],[-80.682,72.17]]],[[[-80.661,59.409],[-80.626,59.399],[-80.619,59.413],[-80.661,59.409]]],[[[-80.621,59.661],[-80.585,59.641],[-80.564,59.669],[-80.621,59.661]]],[[[-80.578,59.401],[-80.54,59.388],[-80.519,59.443],[-80.557,59.454],[-80.578,59.401]]],[[[-80.503,59.677],[-80.473,59.646],[-80.43,59.69],[-80.503,59.677]]],[[[-80.47,45.507],[-80.445,45.516],[-80.465,45.547],[-80.47,45.507]]],[[[-80.39,59.621],[-80.347,59.615],[-80.223,59.714],[-80.283,59.724],[-80.39,59.621]]],[[[-80.385,59.352],[-80.335,59.334],[-80.326,59.356],[-80.385,59.352]]],[[[-80.307,62.084],[-80.302,61.828],[-79.848,61.576],[-79.732,61.622],[-79.557,61.864],[-79.355,62.011],[-79.306,62.199],[-79.509,62.376],[-79.633,62.425],[-79.742,62.38],[-80.072,62.375],[-80.307,62.084]]],[[[-80.284,44.826],[-80.226,44.797],[-80.198,44.858],[-80.27,44.878],[-80.284,44.826]]],[[[-80.246,69.398],[-80.149,69.367],[-80.127,69.385],[-80.246,69.398]]],[[[-80.222,44.894],[-80.194,44.901],[-80.222,44.915],[-80.222,44.894]]],[[[-80.202,59.779],[-80.002,59.79],[-79.944,59.847],[-80.082,59.876],[-80.202,59.779]]],[[[-80.164,44.886],[-80.152,44.842],[-80.132,44.858],[-80.164,44.886]]],[[[-80.137,72.515],[-80.026,72.43],[-79.96,72.474],[-80.137,72.515]]],[[[-80.131,58.76],[-80.085,58.73],[-80.065,58.767],[-80.131,58.76]]],[[[-80.128,56.194],[-80.047,56.167],[-79.672,56.338],[-79.556,56.514],[-79.731,56.354],[-80.072,56.306],[-80.128,56.194]]],[[[-80.101,53.233],[-80.05,53.216],[-79.953,53.36],[-80.093,53.351],[-80.101,53.233]]],[[[-80.074,55.883],[-79.894,55.875],[-79.964,55.817],[-79.888,55.825],[-79.555,56.107],[-79.531,56.065],[-79.72,55.875],[-79.486,55.86],[-79.199,56.199],[-79.167,56.134],[-79.308,55.865],[-79.177,56.04],[-79.101,56.307],[-78.999,56.368],[-79.216,55.873],[-78.988,56.238],[-78.919,56.272],[-78.965,56.311],[-78.943,56.377],[-79.308,56.583],[-79.337,56.407],[-79.424,56.256],[-79.67,56.095],[-79.457,56.37],[-79.442,56.482],[-79.504,56.534],[-79.494,56.408],[-79.582,56.254],[-79.874,56.053],[-79.883,56.003],[-79.796,56.029],[-79.849,55.967],[-79.96,55.969],[-80.074,55.883]]],[[[-80.036,69.978],[-79.998,69.973],[-79.991,69.988],[-80.036,69.978]]],[[[-80.016,76.219],[-79.939,76.204],[-79.888,76.216],[-80.016,76.219]]],[[[-80.011,59.946],[-79.962,59.92],[-79.977,59.954],[-80.011,59.946]]],[[[-79.981,56.814],[-79.945,56.733],[-79.897,56.832],[-79.981,56.814]]],[[[-79.98,69.941],[-79.904,69.93],[-79.926,69.949],[-79.98,69.941]]],[[[-79.957,53.107],[-79.922,53.073],[-79.821,53.088],[-79.88,53.18],[-79.957,53.107]]],[[[-79.936,56.893],[-79.809,56.782],[-79.79,56.855],[-79.853,56.93],[-79.936,56.893]]],[[[-79.928,44.855],[-79.91,44.861],[-79.923,44.906],[-79.928,44.855]]],[[[-79.915,59.939],[-79.861,59.946],[-79.832,59.973],[-79.915,59.939]]],[[[-79.889,57.467],[-79.838,57.404],[-79.827,57.468],[-79.889,57.467]]],[[[-79.855,57.533],[-79.784,57.496],[-79.748,57.522],[-79.794,57.604],[-79.855,57.533]]],[[[-79.833,58.743],[-79.786,58.719],[-79.744,58.738],[-79.833,58.743]]],[[[-79.782,54.775],[-79.713,54.799],[-79.086,54.918],[-79.57,54.866],[-79.782,54.775]]],[[[-79.777,75.89],[-79.585,75.883],[-79.632,75.853],[-79.431,75.815],[-79.347,75.883],[-78.958,75.889],[-79.197,75.967],[-78.864,76.12],[-79.022,76.151],[-79.777,75.89]]],[[[-79.754,56.906],[-79.748,56.855],[-79.7,56.834],[-79.754,56.906]]],[[[-79.745,54.754],[-79.712,54.743],[-79.648,54.771],[-79.745,54.754]]],[[[-79.679,52.571],[-79.636,52.549],[-79.635,52.603],[-79.679,52.571]]],[[[-79.672,72.441],[-79.498,72.373],[-79.437,72.427],[-79.672,72.441]]],[[[-79.655,51.948],[-79.394,51.944],[-79.29,52.075],[-79.349,52.098],[-79.633,52.029],[-79.655,51.948]]],[[[-79.652,56.27],[-79.627,56.273],[-79.559,56.4],[-79.652,56.27]]],[[[-79.632,56.635],[-79.588,56.623],[-79.531,56.692],[-79.606,56.769],[-79.632,56.635]]],[[[-79.622,54.753],[-79.586,54.743],[-79.582,54.768],[-79.622,54.753]]],[[[-79.551,54.809],[-79.522,54.795],[-79.508,54.802],[-79.551,54.809]]],[[[-79.531,52.249],[-79.429,52.241],[-79.415,52.273],[-79.531,52.249]]],[[[-79.417,68.899],[-79.215,68.849],[-78.774,68.97],[-78.525,69.218],[-78.38,69.22],[-78.279,69.299],[-78.288,69.373],[-78.445,69.411],[-78.743,69.346],[-78.655,69.267],[-78.797,69.28],[-78.958,69.15],[-79.209,69.115],[-79.417,68.899]]],[[[-79.374,55.737],[-79.34,55.679],[-79.345,55.738],[-79.374,55.737]]],[[[-79.34,51.959],[-79.296,51.959],[-79.307,51.982],[-79.34,51.959]]],[[[-79.336,69.788],[-79.281,69.752],[-79.269,69.779],[-79.336,69.788]]],[[[-79.335,55.788],[-79.299,55.785],[-79.262,55.844],[-79.335,55.788]]],[[[-79.315,56.639],[-79.179,56.638],[-79.257,56.674],[-79.315,56.639]]],[[[-79.306,51.768],[-79.25,51.77],[-79.217,51.794],[-79.306,51.768]]],[[[-79.299,55.705],[-79.258,55.708],[-79.19,55.765],[-79.299,55.705]]],[[[-79.256,55.67],[-79.23,55.676],[-79.139,55.736],[-79.256,55.67]]],[[[-79.249,52.013],[-79.235,52.001],[-79.207,52.014],[-79.249,52.013]]],[[[-79.229,52.557],[-79.201,52.548],[-79.202,52.576],[-79.229,52.557]]],[[[-79.223,68.348],[-79.22,68.229],[-79.062,68.19],[-78.854,68.302],[-78.987,68.368],[-79.223,68.348]]],[[[-79.21,56.571],[-79.176,56.556],[-79.172,56.596],[-79.21,56.571]]],[[[-79.184,68.452],[-79.134,68.448],[-79.139,68.469],[-79.184,68.452]]],[[[-79.156,63.939],[-79.132,63.929],[-79.126,63.929],[-79.156,63.939]]],[[[-79.135,52.133],[-79.11,52.113],[-79.051,52.123],[-79.135,52.133]]],[[[-79.123,72.425],[-78.93,72.355],[-78.716,72.39],[-79.008,72.447],[-79.123,72.425]]],[[[-79.118,55.802],[-78.979,56.002],[-78.988,56.059],[-79.083,55.966],[-79.118,55.802]]],[[[-79.088,56.25],[-79.066,56.242],[-79.055,56.291],[-79.088,56.25]]],[[[-79.025,52.114],[-78.989,52.102],[-78.976,52.121],[-79.025,52.114]]],[[[-79.006,58.821],[-78.96,58.817],[-79.003,58.854],[-79.006,58.821]]],[[[-78.988,68.487],[-78.696,68.491],[-78.667,68.524],[-78.753,68.545],[-78.524,68.577],[-78.481,68.628],[-78.746,68.681],[-78.902,68.665],[-78.715,68.599],[-78.984,68.521],[-78.988,68.487]]],[[[-78.986,72.323],[-78.952,72.29],[-78.911,72.313],[-78.986,72.323]]],[[[-78.947,56.052],[-78.913,56.049],[-78.836,56.08],[-78.947,56.052]]],[[[-78.939,56.123],[-78.9,56.107],[-78.691,56.215],[-78.723,56.421],[-78.841,56.349],[-78.855,56.234],[-78.939,56.123]]],[[[-78.903,57.347],[-78.825,57.327],[-78.798,57.333],[-78.903,57.347]]],[[[-78.89,69.481],[-78.563,69.5],[-77.978,69.653],[-78.19,69.765],[-78.26,69.694],[-78.553,69.649],[-78.89,69.481]]],[[[-78.882,56.679],[-78.77,56.671],[-78.828,56.69],[-78.882,56.679]]],[[[-78.827,56.726],[-78.772,56.718],[-78.783,56.736],[-78.827,56.726]]],[[[-78.818,76.984],[-78.808,76.945],[-78.729,76.95],[-78.818,76.984]]],[[[-78.815,57.471],[-78.78,57.459],[-78.77,57.481],[-78.815,57.471]]],[[[-78.809,52.453],[-78.767,52.429],[-78.734,52.457],[-78.809,52.453]]],[[[-78.806,57.051],[-78.786,57.033],[-78.77,57.042],[-78.806,57.051]]],[[[-78.805,58.671],[-78.772,58.635],[-78.717,58.631],[-78.805,58.671]]],[[[-78.779,58.79],[-78.723,58.764],[-78.719,58.797],[-78.779,58.79]]],[[[-78.774,58.586],[-78.723,58.566],[-78.769,58.603],[-78.774,58.586]]],[[[-78.741,60.709],[-78.694,60.701],[-78.322,60.792],[-78.432,60.817],[-78.674,60.76],[-78.741,60.709]]],[[[-78.704,57.451],[-78.639,57.443],[-78.656,57.462],[-78.704,57.451]]],[[[-78.677,58.608],[-78.634,58.583],[-78.615,58.613],[-78.677,58.608]]],[[[-78.666,68.254],[-78.571,68.222],[-78.535,68.241],[-78.577,68.286],[-78.666,68.254]]],[[[-78.637,57.385],[-78.6,57.377],[-78.582,57.396],[-78.637,57.385]]],[[[-78.593,57.499],[-78.548,57.495],[-78.554,57.518],[-78.593,57.499]]],[[[-78.591,57.161],[-78.556,57.149],[-78.55,57.168],[-78.591,57.161]]],[[[-78.571,63.488],[-78.523,63.456],[-78.454,63.516],[-78.571,63.488]]],[[[-78.548,57.348],[-78.493,57.336],[-78.465,57.344],[-78.548,57.348]]],[[[-78.546,63.405],[-77.966,63.095],[-77.603,63.158],[-77.502,63.235],[-77.695,63.432],[-77.862,63.427],[-77.822,63.457],[-78.324,63.475],[-78.546,63.405]]],[[[-78.539,58.931],[-78.479,58.915],[-78.493,58.948],[-78.539,58.931]]],[[[-78.515,57.273],[-78.452,57.257],[-78.359,57.287],[-78.515,57.273]]],[[[-78.402,57.169],[-78.369,57.16],[-78.287,57.174],[-78.402,57.169]]],[[[-78.391,82.984],[-78.207,82.954],[-78.1,82.965],[-78.391,82.984]]],[[[-78.326,58.432],[-78.245,58.415],[-78.274,58.438],[-78.326,58.432]]],[[[-78.251,58.386],[-78.166,58.359],[-78.209,58.392],[-78.251,58.386]]],[[[-78.147,58.326],[-78.107,58.317],[-78.119,58.339],[-78.147,58.326]]],[[[-78.138,69.86],[-78.067,69.859],[-78.087,69.917],[-78.138,69.86]]],[[[-78.113,62.581],[-77.897,62.546],[-77.992,62.589],[-78.113,62.581]]],[[[-78.077,56.298],[-78.032,56.28],[-78.025,56.304],[-78.077,56.298]]],[[[-78.047,58.315],[-77.904,58.253],[-77.951,58.294],[-78.047,58.315]]],[[[-78.017,63.965],[-77.711,63.938],[-77.614,64.021],[-77.946,64.015],[-78.017,63.965]]],[[[-77.984,56.303],[-77.932,56.298],[-77.887,56.301],[-77.984,56.303]]],[[[-77.966,61.647],[-77.855,61.617],[-77.903,61.658],[-77.966,61.647]]],[[[-77.908,77.86],[-77.862,77.807],[-77.769,77.804],[-77.627,77.848],[-77.908,77.86]]],[[[-77.85,58.235],[-77.816,58.209],[-77.786,58.219],[-77.85,58.235]]],[[[-77.84,56.361],[-77.808,56.353],[-77.772,56.377],[-77.84,56.361]]],[[[-77.835,62.588],[-77.763,62.547],[-77.69,62.578],[-77.835,62.588]]],[[[-77.759,58.188],[-77.635,58.154],[-77.71,58.196],[-77.759,58.188]]],[[[-77.66,55.438],[-77.631,55.43],[-77.447,55.548],[-77.66,55.438]]],[[[-77.547,56.39],[-77.522,56.387],[-77.496,56.429],[-77.547,56.39]]],[[[-77.452,63.632],[-77.14,63.459],[-76.855,63.376],[-76.722,63.367],[-76.718,63.41],[-76.57,63.47],[-76.679,63.465],[-76.654,63.514],[-76.75,63.585],[-76.987,63.661],[-77.392,63.682],[-77.452,63.632]]],[[[-77.413,69.277],[-77.233,69.155],[-76.993,69.153],[-76.705,69.346],[-76.708,69.413],[-77.317,69.433],[-77.372,69.404],[-77.413,69.277]]],[[[-77.409,55.577],[-77.305,55.603],[-77.269,55.639],[-77.409,55.577]]],[[[-77.301,67.739],[-77.209,67.403],[-76.985,67.253],[-76.737,67.219],[-75.768,67.275],[-75.389,67.38],[-75.163,67.503],[-75.106,67.578],[-75.09,67.736],[-75.189,67.896],[-75.056,68.107],[-75.091,68.186],[-75.796,68.337],[-76.103,68.301],[-76.313,68.336],[-76.566,68.291],[-76.852,68.17],[-77.056,68.028],[-77.301,67.739]]],[[[-77.094,57.777],[-77.065,57.754],[-77.067,57.778],[-77.094,57.777]]],[[[-77.052,69.752],[-76.98,69.744],[-77.014,69.776],[-77.052,69.752]]],[[[-76.943,57.552],[-76.935,57.508],[-76.904,57.513],[-76.943,57.552]]],[[[-76.872,57.419],[-76.854,57.322],[-76.802,57.296],[-76.806,57.377],[-76.872,57.419]]],[[[-76.838,56.192],[-76.787,56.185],[-76.836,56.224],[-76.838,56.192]]],[[[-76.834,44.109],[-76.693,44.189],[-76.804,44.167],[-76.834,44.109]]],[[[-76.834,56.101],[-76.783,56.097],[-76.752,56.113],[-76.806,56.157],[-76.834,56.101]]],[[[-76.805,57.261],[-76.804,57.217],[-76.772,57.217],[-76.805,57.261]]],[[[-76.802,56.287],[-76.726,56.296],[-76.735,56.336],[-76.802,56.287]]],[[[-76.754,57.155],[-76.728,57.074],[-76.68,57.074],[-76.676,57.13],[-76.754,57.155]]],[[[-76.746,56.96],[-76.715,56.948],[-76.714,56.97],[-76.746,56.96]]],[[[-76.744,77.913],[-76.684,77.891],[-76.643,77.899],[-76.744,77.913]]],[[[-76.742,57.008],[-76.695,57.014],[-76.734,57.03],[-76.742,57.008]]],[[[-76.739,56.441],[-76.689,56.44],[-76.675,56.463],[-76.739,56.441]]],[[[-76.723,56.598],[-76.684,56.555],[-76.661,56.701],[-76.723,56.598]]],[[[-76.72,56.871],[-76.7,56.853],[-76.691,56.878],[-76.72,56.871]]],[[[-76.712,64.159],[-76.66,64.156],[-76.584,64.173],[-76.712,64.159]]],[[[-76.705,56.75],[-76.66,56.74],[-76.668,56.764],[-76.705,56.75]]],[[[-76.692,64.24],[-76.633,64.227],[-76.638,64.261],[-76.692,64.24]]],[[[-76.675,63.384],[-76.615,63.386],[-76.642,63.406],[-76.675,63.384]]],[[[-76.609,64.2],[-76.538,64.185],[-76.537,64.233],[-76.609,64.2]]],[[[-76.53,44.184],[-76.467,44.116],[-76.417,44.212],[-76.255,44.239],[-76.423,44.245],[-76.53,44.184]]],[[[-76.373,44.271],[-76.355,44.267],[-76.278,44.3],[-76.373,44.271]]],[[[-75.754,64.33],[-75.549,64.313],[-75.681,64.353],[-75.754,64.33]]],[[[-75.455,68.613],[-75.389,68.502],[-75.006,68.344],[-74.933,68.331],[-74.833,68.407],[-74.941,68.429],[-74.818,68.488],[-75.03,68.657],[-75.293,68.722],[-75.455,68.613]]],[[[-75.183,68.744],[-75.096,68.701],[-75.093,68.747],[-75.183,68.744]]],[[[-74.917,68.627],[-74.76,68.559],[-74.572,68.574],[-74.735,68.67],[-74.917,68.627]]],[[[-74.9,72.19],[-74.817,72.17],[-74.693,72.221],[-74.9,72.19]]],[[[-74.808,68.007],[-74.728,67.863],[-74.475,67.769],[-74.063,67.798],[-73.565,67.745],[-73.38,67.833],[-73.464,67.9],[-73.428,67.955],[-73.5,67.983],[-74.275,68.064],[-74.249,68.143],[-74.362,68.176],[-74.527,68.064],[-74.733,68.076],[-74.808,68.007]]],[[[-74.746,45.001],[-71.566,45.001],[-71.347,45.299],[-71.194,45.255],[-70.995,45.36],[-70.891,45.235],[-70.827,45.281],[-70.816,45.433],[-70.649,45.409],[-70.721,45.523],[-70.7,45.573],[-70.431,45.691],[-70.422,45.794],[-70.241,45.956],[-70.297,45.991],[-70.281,46.251],[-70.072,46.457],[-70.005,46.742],[-69.268,47.472],[-69.126,47.443],[-69.104,47.33],[-69.085,47.272],[-68.959,47.201],[-68.289,47.37],[-68.086,47.279],[-67.803,47.053],[-67.835,45.695],[-67.724,45.673],[-67.66,45.599],[-67.464,45.568],[-67.523,45.459],[-67.469,45.342],[-67.514,45.27],[-67.389,45.13],[-67.328,45.127],[-67.298,45.18],[-67.214,45.153],[-67.223,45.21],[-67.111,45.064],[-67.072,45.132],[-66.997,45.139],[-66.918,45.102],[-66.969,45.085],[-66.942,45.041],[-66.836,45.024],[-66.566,45.117],[-66.484,45.059],[-66.135,45.21],[-66.277,45.332],[-66.097,45.563],[-66.19,45.778],[-66.338,45.853],[-66.564,45.869],[-66.282,45.858],[-66.149,45.784],[-66.125,45.72],[-66.019,45.775],[-66.102,45.634],[-66.052,45.581],[-65.907,45.611],[-66.236,45.351],[-66.143,45.334],[-66.106,45.404],[-65.904,45.507],[-66.145,45.276],[-65.959,45.183],[-65.591,45.301],[-65.332,45.456],[-64.94,45.591],[-64.795,45.594],[-64.62,45.803],[-64.692,45.941],[-64.541,45.78],[-64.579,45.727],[-64.546,45.708],[-64.39,45.86],[-64.309,45.808],[-64.193,45.953],[-64.327,45.747],[-64.415,45.781],[-64.492,45.677],[-64.868,45.465],[-64.991,45.335],[-64.799,45.298],[-64.636,45.393],[-64.467,45.351],[-64.24,45.388],[-63.935,45.347],[-63.627,45.377],[-63.487,45.353],[-63.507,45.282],[-63.801,45.298],[-64.194,45.186],[-64.239,45.108],[-64.102,44.982],[-64.129,44.965],[-64.198,44.978],[-64.321,45.107],[-64.419,45.099],[-64.378,45.281],[-64.524,45.328],[-64.453,45.257],[-64.954,45.113],[-65.767,44.699],[-65.759,44.657],[-65.472,44.762],[-65.696,44.589],[-65.75,44.581],[-65.836,44.659],[-66.056,44.555],[-66.23,44.383],[-66.018,44.548],[-65.899,44.539],[-66.124,44.36],[-66.232,44.131],[-66.211,43.835],[-66.165,43.745],[-66.055,43.677],[-66.003,43.71],[-66.04,43.762],[-65.956,43.806],[-65.872,43.734],[-65.875,43.612],[-65.848,43.588],[-65.801,43.642],[-65.826,43.538],[-65.776,43.475],[-65.626,43.518],[-65.52,43.448],[-65.485,43.504],[-65.445,43.478],[-65.489,43.556],[-65.394,43.552],[-65.391,43.714],[-65.307,43.651],[-65.264,43.754],[-65.166,43.652],[-65.134,43.71],[-65.071,43.701],[-65.075,43.796],[-64.994,43.752],[-64.999,43.838],[-64.946,43.788],[-64.949,43.861],[-64.873,43.817],[-64.814,43.849],[-64.876,43.91],[-64.612,44.054],[-64.589,44.092],[-64.653,44.128],[-64.528,44.143],[-64.386,44.282],[-64.279,44.256],[-64.375,44.327],[-64.287,44.36],[-64.398,44.41],[-64.338,44.53],[-64.211,44.547],[-64.12,44.453],[-64.054,44.485],[-64.08,44.605],[-63.925,44.656],[-63.966,44.498],[-63.66,44.431],[-63.562,44.487],[-63.693,44.695],[-63.501,44.586],[-63.462,44.61],[-63.496,44.659],[-63.329,44.613],[-63.211,44.739],[-63.176,44.68],[-63.151,44.759],[-63.097,44.672],[-63.07,44.768],[-63.034,44.701],[-62.851,44.695],[-62.875,44.784],[-62.589,44.778],[-62.526,44.869],[-62.478,44.843],[-62.265,44.936],[-62.019,44.965],[-62.097,44.988],[-61.985,45.043],[-61.886,45.02],[-61.832,45.078],[-61.687,45.071],[-61.724,45.145],[-61.34,45.157],[-61.32,45.18],[-61.403,45.198],[-61.218,45.213],[-61.187,45.276],[-61.155,45.194],[-61.01,45.272],[-61.055,45.318],[-61.515,45.353],[-61.611,45.437],[-61.479,45.385],[-61.267,45.478],[-61.547,45.667],[-61.69,45.62],[-61.846,45.612],[-61.897,45.667],[-61.966,45.629],[-61.929,45.876],[-62.468,45.656],[-62.405,45.631],[-62.517,45.61],[-62.618,45.668],[-62.769,45.609],[-62.821,45.666],[-62.7,45.711],[-63.108,45.802],[-63.097,45.757],[-63.336,45.711],[-63.387,45.751],[-63.285,45.795],[-63.567,45.804],[-63.456,45.846],[-63.72,45.858],[-63.994,45.983],[-64.11,46.012],[-63.801,46.1],[-64.18,46.144],[-64.277,46.222],[-64.587,46.228],[-64.547,46.306],[-64.58,46.343],[-64.726,46.311],[-64.646,46.363],[-64.665,46.434],[-64.725,46.447],[-64.658,46.468],[-64.74,46.548],[-64.739,46.663],[-64.76,46.694],[-64.888,46.657],[-64.866,46.718],[-64.981,46.833],[-64.847,46.975],[-64.853,47.06],[-65.186,47.029],[-65.415,47.061],[-64.95,47.339],[-64.926,47.553],[-64.833,47.625],[-64.898,47.683],[-64.723,47.708],[-64.872,47.737],[-64.83,47.763],[-64.863,47.785],[-65.092,47.777],[-65.003,47.802],[-65.031,47.826],[-65.25,47.799],[-65.688,47.618],[-65.825,47.869],[-66.381,47.998],[-66.429,48.061],[-66.767,47.98],[-66.936,48.006],[-66.788,48.004],[-66.491,48.113],[-66.332,48.077],[-66.308,48.116],[-66.115,48.101],[-65.973,48.183],[-65.425,47.998],[-65.268,48.029],[-64.814,48.2],[-64.631,48.343],[-64.37,48.409],[-64.318,48.491],[-64.25,48.491],[-64.31,48.589],[-64.22,48.628],[-64.39,48.778],[-64.595,48.811],[-64.574,48.872],[-64.186,48.747],[-64.25,48.804],[-64.231,48.852],[-64.512,49.068],[-64.979,49.216],[-65.443,49.265],[-66.547,49.148],[-67.629,48.843],[-68.462,48.54],[-68.694,48.39],[-69.082,48.246],[-69.493,47.962],[-69.695,47.723],[-70.068,47.467],[-70.121,47.368],[-70.537,47.033],[-71.033,46.854],[-71.195,46.842],[-71.514,46.689],[-71.797,46.63],[-71.932,46.658],[-72.204,46.553],[-72.31,46.427],[-72.959,46.136],[-72.972,46.093],[-73.193,46.038],[-73.299,45.873],[-73.474,45.738],[-73.564,45.545],[-73.563,45.435],[-73.756,45.417],[-74.082,45.242],[-74.338,45.192],[-74.515,45.068],[-74.746,45.001]],[[-69.104,47.33],[-68.71929360306179,47.41347402952433],[-68.776,47.386],[-69.104,47.33]],[[-68.63883302480562,47.45245686782673],[-68.434,47.604],[-68.518,47.511],[-68.63883302480562,47.45245686782673]]],[[[-74.722,83.157],[-74.315,83.12],[-73.979,83.172],[-74.722,83.157]]],[[[-74.704,72.152],[-74.645,72.148],[-74.608,72.157],[-74.704,72.152]]],[[[-74.647,62.716],[-74.414,62.639],[-73.984,62.601],[-74.354,62.673],[-74.44,62.718],[-74.647,62.716]]],[[[-74.647,78.766],[-74.307,78.699],[-74.087,78.737],[-74.561,78.794],[-74.647,78.766]]],[[[-74.589,64.395],[-74.539,64.389],[-74.473,64.412],[-74.589,64.395]]],[[[-74.542,71.73],[-74.432,71.712],[-74.397,71.722],[-74.542,71.73]]],[[[-74.522,68.513],[-74.467,68.501],[-74.5,68.534],[-74.522,68.513]]],[[[-74.449,64.449],[-74.364,64.43],[-74.254,64.444],[-74.353,64.489],[-74.449,64.449]]],[[[-74.424,68.446],[-74.422,68.403],[-74.271,68.33],[-74.319,68.291],[-74.212,68.263],[-74.117,68.345],[-74.302,68.455],[-74.424,68.446]]],[[[-74.369,64.53],[-74.244,64.493],[-74.261,64.537],[-74.369,64.53]]],[[[-74.203,45.277],[-74.097,45.261],[-73.992,45.336],[-74.203,45.277]]],[[[-74.196,68.22],[-74.102,68.157],[-74.112,68.224],[-74.196,68.22]]],[[[-74.024,45.423],[-74.014,45.38],[-73.917,45.388],[-74.024,45.423]]],[[[-74.011,64.353],[-73.98,64.304],[-73.937,64.315],[-73.924,64.346],[-74.011,64.353]]],[[[-73.988,45.501],[-73.919,45.525],[-73.953,45.532],[-73.988,45.501]]],[[[-73.979,45.441],[-73.649,45.46],[-73.536,45.651],[-73.552,45.702],[-73.736,45.554],[-73.979,45.441]]],[[[-73.901,45.563],[-73.799,45.563],[-73.626,45.703],[-73.901,45.563]]],[[[-73.864,64.336],[-73.778,64.275],[-73.755,64.368],[-73.817,64.376],[-73.864,64.336]]],[[[-73.826,64.441],[-73.767,64.444],[-73.733,64.481],[-73.78,64.517],[-73.826,64.441]]],[[[-73.602,64.266],[-73.538,64.248],[-73.549,64.281],[-73.602,64.266]]],[[[-73.598,71.46],[-73.524,71.463],[-73.546,71.477],[-73.598,71.46]]],[[[-73.472,64.17],[-73.302,64.166],[-73.266,64.194],[-73.33,64.231],[-73.472,64.17]]],[[[-73.445,71.593],[-73.355,71.586],[-73.192,71.694],[-73.32,71.695],[-73.445,71.593]]],[[[-73.358,71.512],[-73.275,71.369],[-73.052,71.314],[-73.046,71.413],[-72.899,71.451],[-73.021,71.514],[-73.239,71.45],[-73.145,71.534],[-73.234,71.555],[-73.358,71.512]]],[[[-73.254,64.243],[-73.191,64.216],[-73.214,64.254],[-73.254,64.243]]],[[[-73.221,64.121],[-73.161,64.096],[-73.152,64.128],[-73.221,64.121]]],[[[-73.095,64.112],[-73.057,64.101],[-72.992,64.149],[-73.095,64.112]]],[[[-73.069,71.615],[-72.871,71.54],[-72.764,71.569],[-72.723,71.646],[-72.829,71.668],[-73.069,71.615]]],[[[-72.835,63.747],[-72.807,63.697],[-72.764,63.708],[-72.758,63.754],[-72.835,63.747]]],[[[-72.759,63.661],[-72.592,63.656],[-72.485,63.681],[-72.759,63.661]]],[[[-72.702,63.746],[-72.68,63.7],[-72.643,63.742],[-72.702,63.746]]],[[[-72.526,62.024],[-72.403,61.998],[-72.482,62.034],[-72.526,62.024]]],[[[-72.52,63.635],[-72.458,63.617],[-72.385,63.644],[-72.52,63.635]]],[[[-72.385,63.605],[-72.28,63.591],[-72.253,63.602],[-72.385,63.605]]],[[[-72.248,63.571],[-72.184,63.556],[-72.179,63.578],[-72.248,63.571]]],[[[-72.216,70.92],[-72.054,70.826],[-71.458,70.932],[-71.371,71.001],[-71.96,71.07],[-72.03,71.046],[-72.083,70.949],[-72.216,70.92]]],[[[-72.154,61.873],[-72.057,61.85],[-72.06,61.864],[-72.154,61.873]]],[[[-71.972,63.652],[-71.922,63.655],[-71.865,63.72],[-71.909,63.755],[-71.972,63.652]]],[[[-71.87,63.62],[-71.836,63.611],[-71.786,63.639],[-71.807,63.677],[-71.87,63.62]]],[[[-71.773,63.594],[-71.72,63.582],[-71.631,63.609],[-71.773,63.594]]],[[[-71.627,63.524],[-71.597,63.513],[-71.587,63.55],[-71.627,63.524]]],[[[-71.619,61.318],[-71.564,61.303],[-71.517,61.319],[-71.619,61.318]]],[[[-71.519,63.026],[-71.427,62.994],[-71.406,63.01],[-71.519,63.026]]],[[[-71.28,71.1],[-71.23,71.094],[-71.11,71.149],[-71.28,71.1]]],[[[-71.247,62.876],[-71.136,62.839],[-71.145,62.799],[-70.801,62.768],[-70.896,62.712],[-70.734,62.546],[-70.253,62.551],[-70.267,62.614],[-70.385,62.65],[-70.411,62.713],[-70.719,62.804],[-71.247,62.876]]],[[[-71.195,62.954],[-71.068,62.915],[-71.129,62.958],[-71.195,62.954]]],[[[-71.165,46.88],[-70.953,46.925],[-70.864,47.033],[-71.165,46.88]]],[[[-71.052,62.89],[-70.967,62.875],[-70.922,62.884],[-71.052,62.89]]],[[[-70.583,47.064],[-70.457,47.166],[-70.537,47.135],[-70.583,47.064]]],[[[-70.454,47.383],[-70.382,47.423],[-70.454,47.418],[-70.454,47.383]]],[[[-70.096,60.883],[-70.056,60.883],[-70.065,60.91],[-70.096,60.883]]],[[[-70.065,60.987],[-70.009,60.939],[-69.969,61.02],[-70.065,60.987]]],[[[-70.059,62.558],[-69.998,62.531],[-70.028,62.564],[-70.059,62.558]]],[[[-69.52,47.989],[-69.42,48.045],[-69.473,48.044],[-69.52,47.989]]],[[[-69.486,58.97],[-69.448,58.956],[-69.44,58.969],[-69.486,58.97]]],[[[-69.421,59.019],[-69.385,59.02],[-69.414,59.036],[-69.421,59.019]]],[[[-69.164,59.12],[-69.136,59.075],[-69.126,59.119],[-69.164,59.12]]],[[[-69.129,58.962],[-69.059,58.961],[-69.062,59.007],[-69.129,58.962]]],[[[-68.808,63.647],[-68.745,63.654],[-68.765,63.672],[-68.808,63.647]]],[[[-68.756,63.617],[-68.702,63.608],[-68.706,63.63],[-68.756,63.617]]],[[[-68.704,63.661],[-68.665,63.646],[-68.638,63.666],[-68.704,63.661]]],[[[-68.649,70.199],[-68.585,70.194],[-68.618,70.215],[-68.649,70.199]]],[[[-68.542,70.162],[-68.455,70.163],[-68.495,70.187],[-68.542,70.162]]],[[[-68.51,60.226],[-68.44,60.189],[-68.047,60.303],[-67.936,60.379],[-67.92,60.472],[-68.161,60.585],[-68.293,60.567],[-68.505,60.306],[-68.51,60.226]]],[[[-68.507,68.796],[-67.771,68.706],[-67.914,68.751],[-68.507,68.796]]],[[[-68.332,69.591],[-68.016,69.524],[-67.802,69.641],[-67.983,69.713],[-68.03,69.703],[-67.971,69.672],[-68.139,69.683],[-68.332,69.591]]],[[[-68.204,63.259],[-68.14,63.215],[-68.149,63.262],[-68.204,63.259]]],[[[-68.136,63.291],[-67.986,63.193],[-68.087,63.302],[-68.136,63.291]]],[[[-68.129,66.073],[-68.117,66.017],[-68.06,66.009],[-68.027,66.07],[-68.129,66.073]]],[[[-68.069,63.494],[-68.016,63.482],[-68.006,63.511],[-68.069,63.494]]],[[[-67.995,68.617],[-67.881,68.593],[-67.783,68.623],[-67.995,68.617]]],[[[-67.993,63.394],[-67.941,63.36],[-67.955,63.39],[-67.993,63.394]]],[[[-67.986,68.942],[-67.906,68.909],[-67.933,68.95],[-67.986,68.942]]],[[[-67.982,69.135],[-67.93,69.125],[-67.894,69.141],[-67.982,69.135]]],[[[-67.968,68.865],[-67.926,68.857],[-67.897,68.877],[-67.968,68.865]]],[[[-67.914,63.272],[-67.871,63.249],[-67.825,63.262],[-67.914,63.272]]],[[[-67.876,63.215],[-67.8,63.17],[-67.784,63.208],[-67.876,63.215]]],[[[-67.845,68.861],[-67.817,68.843],[-67.777,68.869],[-67.845,68.861]]],[[[-67.827,69.525],[-67.395,69.566],[-67.442,69.592],[-67.609,69.603],[-67.827,69.525]]],[[[-67.8,68.914],[-67.724,68.908],[-67.681,68.921],[-67.8,68.914]]],[[[-67.794,65.7],[-67.663,65.707],[-67.48,65.723],[-67.794,65.7]]],[[[-67.785,63.591],[-67.712,63.573],[-67.746,63.609],[-67.785,63.591]]],[[[-67.729,65.794],[-67.684,65.784],[-67.657,65.8],[-67.729,65.794]]],[[[-67.724,68.866],[-67.67,68.854],[-67.614,68.86],[-67.724,68.866]]],[[[-67.695,68.817],[-67.641,68.805],[-67.553,68.823],[-67.695,68.817]]],[[[-67.689,58.315],[-67.651,58.271],[-67.568,58.303],[-67.609,58.368],[-67.689,58.315]]],[[[-67.633,62.142],[-67.572,62.13],[-67.591,62.151],[-67.633,62.142]]],[[[-67.632,66.321],[-67.584,66.309],[-67.544,66.329],[-67.632,66.321]]],[[[-67.563,58.363],[-67.524,58.354],[-67.55,58.377],[-67.563,58.363]]],[[[-67.456,65.799],[-67.418,65.791],[-67.394,65.808],[-67.456,65.799]]],[[[-67.446,65.737],[-67.399,65.719],[-67.378,65.733],[-67.446,65.737]]],[[[-67.383,68.554],[-67.294,68.532],[-67.265,68.546],[-67.383,68.554]]],[[[-67.279,65.562],[-67.242,65.542],[-67.216,65.567],[-67.279,65.562]]],[[[-67.081,63.086],[-66.896,62.991],[-66.93,63.055],[-67.081,63.086]]],[[[-67.076,65.989],[-67.004,65.958],[-66.968,65.978],[-67.076,65.989]]],[[[-67.069,65.299],[-66.992,65.286],[-66.946,65.345],[-67.051,65.352],[-67.069,65.299]]],[[[-67.062,66.454],[-66.98,66.439],[-66.91,66.46],[-67.062,66.454]]],[[[-67.048,44.973],[-67.033,44.925],[-66.981,44.993],[-67.048,44.973]]],[[[-67.048,65.432],[-66.995,65.432],[-67.014,65.457],[-67.048,65.432]]],[[[-67.042,66.389],[-66.943,66.336],[-66.91,66.342],[-67.042,66.389]]],[[[-66.994,44.825],[-66.946,44.929],[-66.976,44.919],[-66.994,44.825]]],[[[-66.973,68.291],[-66.897,68.278],[-66.796,68.279],[-66.973,68.291]]],[[[-66.964,66.399],[-66.832,66.321],[-66.594,66.305],[-66.788,66.365],[-66.964,66.399]]],[[[-66.953,66.505],[-66.883,66.495],[-66.859,66.5],[-66.953,66.505]]],[[[-66.947,44.588],[-66.781,44.679],[-66.8,44.777],[-66.947,44.588]]],[[[-66.946,68.35],[-66.893,68.343],[-66.803,68.353],[-66.876,68.385],[-66.946,68.35]]],[[[-66.893,65.402],[-66.837,65.395],[-66.854,65.422],[-66.893,65.402]]],[[[-66.817,68.313],[-66.742,68.299],[-66.707,68.309],[-66.817,68.313]]],[[[-66.809,68.174],[-66.761,68.162],[-66.728,68.181],[-66.809,68.174]]],[[[-66.756,68.391],[-66.693,68.379],[-66.685,68.407],[-66.756,68.391]]],[[[-66.675,68.194],[-66.365,68.152],[-66.221,68.267],[-66.675,68.194]]],[[[-66.643,68.288],[-66.59,68.271],[-66.557,68.28],[-66.643,68.288]]],[[[-66.568,62.914],[-66.453,62.851],[-66.44,62.882],[-66.568,62.914]]],[[[-66.542,81.606],[-66.3,81.59],[-66.129,81.601],[-66.542,81.606]]],[[[-66.433,44.227],[-66.38,44.239],[-66.4,44.257],[-66.433,44.227]]],[[[-66.4,66.18],[-66.368,66.166],[-66.337,66.19],[-66.4,66.18]]],[[[-66.35,44.254],[-66.298,44.279],[-66.257,44.369],[-66.35,44.254]]],[[[-66.23,64.916],[-66.149,64.894],[-66.156,64.93],[-66.23,64.916]]],[[[-66.187,58.822],[-66.155,58.816],[-66.155,58.837],[-66.187,58.822]]],[[[-66.105,45.363],[-66.073,45.365],[-66.058,45.393],[-66.105,45.363]]],[[[-66.097,58.942],[-66.05,58.923],[-66.024,58.929],[-66.097,58.942]]],[[[-66.004,68.058],[-65.964,68.039],[-65.902,68.066],[-65.893,68.129],[-65.975,68.111],[-66.004,68.058]]],[[[-65.998,58.98],[-65.958,58.961],[-65.952,58.984],[-65.998,58.98]]],[[[-65.997,62.132],[-65.843,62.098],[-65.894,62.151],[-65.997,62.132]]],[[[-65.94,62.056],[-65.911,62.032],[-65.896,62.061],[-65.94,62.056]]],[[[-65.931,61.796],[-65.832,61.758],[-65.88,61.821],[-65.931,61.796]]],[[[-65.883,65.689],[-65.843,65.685],[-65.809,65.716],[-65.883,65.689]]],[[[-65.846,61.854],[-65.799,61.814],[-65.763,61.85],[-65.846,61.854]]],[[[-65.766,61.772],[-65.73,61.753],[-65.719,61.825],[-65.766,61.772]]],[[[-65.733,68.11],[-65.696,68.097],[-65.611,68.152],[-65.714,68.154],[-65.733,68.11]]],[[[-65.69,59.373],[-65.662,59.343],[-65.638,59.356],[-65.69,59.373]]],[[[-65.688,43.446],[-65.657,43.412],[-65.616,43.466],[-65.688,43.446]]],[[[-65.67,64.542],[-65.482,64.529],[-65.537,64.555],[-65.236,64.63],[-65.257,64.683],[-65.296,64.707],[-65.387,64.649],[-65.418,64.664],[-65.382,64.723],[-65.42,64.729],[-65.67,64.542]]],[[[-65.639,65.846],[-65.564,65.858],[-65.543,65.881],[-65.594,65.889],[-65.639,65.846]]],[[[-65.627,59.394],[-65.594,59.38],[-65.599,59.407],[-65.627,59.394]]],[[[-65.551,68.051],[-65.45,68.023],[-65.445,68.062],[-65.551,68.051]]],[[[-65.464,61.623],[-65.405,61.56],[-64.965,61.407],[-64.974,61.359],[-64.891,61.313],[-64.717,61.476],[-64.727,61.554],[-64.682,61.598],[-64.807,61.631],[-65.171,61.699],[-65.464,61.623]]],[[[-65.435,67.99],[-65.374,67.961],[-65.318,67.984],[-65.435,67.99]]],[[[-65.399,61.698],[-65.367,61.698],[-65.31,61.73],[-65.399,61.698]]],[[[-65.36,59.843],[-65.326,59.825],[-65.323,59.843],[-65.36,59.843]]],[[[-65.248,64.578],[-65.212,64.555],[-65.101,64.587],[-65.248,64.578]]],[[[-65.239,61.874],[-65.155,61.795],[-64.853,61.722],[-64.878,61.805],[-64.986,61.86],[-65.233,61.924],[-65.239,61.874]]],[[[-65.218,64.219],[-65.125,64.151],[-65.048,64.166],[-65.218,64.219]]],[[[-65.107,64.323],[-65.049,64.226],[-64.926,64.253],[-65.032,64.297],[-65.009,64.346],[-65.107,64.323]]],[[[-65.104,62.517],[-65.042,62.5],[-65.028,62.522],[-65.104,62.517]]],[[[-65.065,64.085],[-65.013,64.067],[-64.908,64.075],[-65.065,64.085]]],[[[-65.06,62.56],[-64.952,62.54],[-64.831,62.591],[-64.951,62.607],[-65.06,62.56]]],[[[-65.03,63.549],[-64.974,63.446],[-64.869,63.387],[-64.906,63.533],[-65.03,63.549]]],[[[-64.993,81.741],[-64.843,81.726],[-64.747,81.743],[-64.993,81.741]]],[[[-64.98,64.393],[-64.897,64.313],[-64.813,64.334],[-64.912,64.396],[-64.98,64.393]]],[[[-64.937,62.463],[-64.493,62.388],[-64.39,62.46],[-64.463,62.493],[-64.392,62.519],[-64.526,62.564],[-64.778,62.564],[-64.937,62.463]]],[[[-64.905,63.822],[-64.445,63.696],[-64.433,63.756],[-64.56,63.778],[-64.587,63.893],[-64.666,63.919],[-64.905,63.822]]],[[[-64.895,60.445],[-64.771,60.412],[-64.855,60.387],[-64.658,60.341],[-64.486,60.391],[-64.579,60.389],[-64.68,60.468],[-64.895,60.445]]],[[[-64.874,64.235],[-64.806,64.201],[-64.78,64.224],[-64.874,64.235]]],[[[-64.825,67.892],[-64.763,67.885],[-64.771,67.91],[-64.825,67.892]]],[[[-64.811,61.32],[-64.779,61.308],[-64.741,61.368],[-64.811,61.32]]],[[[-64.781,60.63],[-64.774,60.601],[-64.699,60.661],[-64.781,60.63]]],[[[-64.763,64.253],[-64.713,64.227],[-64.711,64.253],[-64.763,64.253]]],[[[-64.76,63.209],[-64.712,63.211],[-64.758,63.234],[-64.76,63.209]]],[[[-64.74,60.577],[-64.71,60.571],[-64.64,60.615],[-64.74,60.577]]],[[[-64.733,47.822],[-64.68,47.79],[-64.689,47.729],[-64.529,47.876],[-64.733,47.822]]],[[[-64.655,64.221],[-64.595,64.216],[-64.534,64.235],[-64.655,64.221]]],[[[-64.605,47.907],[-64.539,47.918],[-64.505,47.994],[-64.568,48.006],[-64.605,47.907]]],[[[-64.577,64.105],[-64.459,64.121],[-64.568,64.157],[-64.577,64.105]]],[[[-64.548,49.868],[-64.441,49.763],[-63.893,49.64],[-63.656,49.464],[-63.616,49.378],[-63.092,49.213],[-62.287,49.039],[-61.788,49.062],[-61.74,49.099],[-61.755,49.175],[-61.888,49.306],[-62.235,49.378],[-62.554,49.581],[-63.097,49.738],[-64.16,49.927],[-64.548,49.868]]],[[[-64.474,63.608],[-64.385,63.429],[-64.155,63.301],[-64.12,63.32],[-64.302,63.451],[-64.365,63.552],[-64.345,63.639],[-64.474,63.608]]],[[[-64.462,46.671],[-64.403,46.606],[-64.179,46.578],[-64.127,46.612],[-64.102,46.571],[-64.162,46.522],[-64.155,46.398],[-63.814,46.384],[-63.763,46.333],[-63.869,46.334],[-63.682,46.208],[-63.287,46.134],[-63.185,46.18],[-63.309,46.182],[-63.214,46.21],[-63.219,46.261],[-63.153,46.237],[-63.044,46.299],[-63.14,46.207],[-62.999,46.177],[-63.002,46.138],[-62.929,46.151],[-62.935,46.107],[-63.055,46.058],[-62.969,46.057],[-62.901,45.97],[-62.545,45.971],[-62.531,46.006],[-62.593,46.02],[-62.498,46.055],[-62.5,46.13],[-62.557,46.111],[-62.613,46.159],[-62.558,46.171],[-62.59,46.212],[-62.465,46.21],[-62.502,46.247],[-62.422,46.257],[-62.378,46.342],[-62.226,46.337],[-62.021,46.438],[-62.744,46.455],[-62.632,46.407],[-63.02,46.414],[-63.064,46.356],[-63.208,46.419],[-63.37,46.421],[-63.361,46.475],[-63.475,46.503],[-63.502,46.454],[-63.592,46.457],[-63.562,46.515],[-63.716,46.56],[-63.78,46.527],[-63.763,46.438],[-63.876,46.45],[-63.892,46.502],[-64.012,46.458],[-63.907,46.542],[-63.974,46.588],[-63.935,46.631],[-64.017,46.705],[-64.128,46.69],[-64.178,46.738],[-64.026,46.879],[-64.019,47.04],[-64.244,46.915],[-64.462,46.671]]],[[[-64.401,63.851],[-64.237,63.799],[-64.208,63.829],[-64.241,63.854],[-64.401,63.851]]],[[[-64.364,63.771],[-64.295,63.721],[-64.336,63.783],[-64.364,63.771]]],[[[-64.359,62.546],[-64.313,62.53],[-64.331,62.569],[-64.359,62.546]]],[[[-64.348,62.439],[-64.316,62.433],[-64.283,62.463],[-64.348,62.439]]],[[[-64.314,63.59],[-64.25,63.541],[-64.273,63.588],[-64.314,63.59]]],[[[-64.239,62.554],[-64.166,62.531],[-64.13,62.535],[-64.239,62.554]]],[[[-64.209,63.622],[-64.118,63.538],[-64.156,63.625],[-64.209,63.622]]],[[[-64.2,63.729],[-64.159,63.695],[-64.058,63.722],[-64.2,63.729]]],[[[-64.169,63.496],[-64.107,63.494],[-64.112,63.512],[-64.169,63.496]]],[[[-64.075,67.533],[-63.944,67.486],[-63.777,67.514],[-63.967,67.628],[-64.075,67.533]]],[[[-64.072,63.619],[-63.993,63.595],[-63.992,63.629],[-64.072,63.619]]],[[[-64.04,65.061],[-64.013,65.043],[-63.96,65.07],[-64.04,65.061]]],[[[-63.981,63.435],[-63.932,63.443],[-63.976,63.455],[-63.981,63.435]]],[[[-63.979,67.304],[-63.931,67.298],[-63.901,67.309],[-63.979,67.304]]],[[[-63.951,67.457],[-63.909,67.419],[-63.895,67.459],[-63.951,67.457]]],[[[-63.88,67.356],[-63.817,67.355],[-63.832,67.373],[-63.88,67.356]]],[[[-63.864,46.627],[-63.833,46.582],[-63.775,46.579],[-63.864,46.627]]],[[[-63.807,62.935],[-63.774,62.922],[-63.701,62.947],[-63.807,62.935]]],[[[-63.797,67.292],[-63.492,67.269],[-63.397,67.302],[-63.658,67.358],[-63.797,67.292]]],[[[-63.445,64.979],[-63.353,64.915],[-63.31,64.936],[-63.445,64.979]]],[[[-63.398,65.351],[-63.346,65.323],[-63.334,65.347],[-63.398,65.351]]],[[[-63.325,65.299],[-63.252,65.259],[-63.223,65.301],[-63.325,65.299]]],[[[-63.286,65.546],[-63.197,65.517],[-63.155,65.523],[-63.286,65.546]]],[[[-63.209,50.201],[-63.156,50.234],[-63.208,50.225],[-63.209,50.201]]],[[[-63.205,67.114],[-63.131,67.089],[-63.089,67.101],[-63.205,67.114]]],[[[-63.137,66.996],[-63.07,66.96],[-63.015,66.979],[-63.137,66.996]]],[[[-63.125,67.046],[-62.954,67.008],[-62.974,67.065],[-63.125,67.046]]],[[[-63.069,65.289],[-63.041,65.259],[-63.017,65.287],[-63.069,65.289]]],[[[-62.934,65.551],[-62.812,65.52],[-62.772,65.532],[-62.925,65.586],[-62.934,65.551]]],[[[-62.853,67.038],[-62.778,67.011],[-62.377,67.16],[-62.476,67.18],[-62.74,67.114],[-62.853,67.038]]],[[[-62.768,45.743],[-62.728,45.749],[-62.761,45.764],[-62.768,45.743]]],[[[-62.622,45.791],[-62.556,45.809],[-62.621,45.809],[-62.622,45.791]]],[[[-62.521,65.532],[-62.458,65.569],[-62.503,65.57],[-62.521,65.532]]],[[[-62.515,65.627],[-62.484,65.597],[-62.455,65.607],[-62.515,65.627]]],[[[-62.492,65.667],[-62.341,65.611],[-62.185,65.652],[-62.299,65.726],[-62.475,65.73],[-62.492,65.667]]],[[[-62.445,66.223],[-62.4,66.216],[-62.171,66.215],[-62.292,66.264],[-62.445,66.223]]],[[[-62.302,65.93],[-62.167,65.848],[-62.15,65.915],[-62.302,65.93]]],[[[-62.273,67.085],[-62.152,67.079],[-62.123,67.097],[-62.273,67.085]]],[[[-62.153,66.278],[-62.102,66.248],[-62.065,66.268],[-62.153,66.278]]],[[[-62.077,47.23],[-61.895,47.191],[-61.828,47.227],[-62.011,47.241],[-61.772,47.502],[-61.575,47.597],[-61.54,47.584],[-61.602,47.537],[-61.554,47.531],[-61.433,47.617],[-61.59,47.619],[-61.744,47.556],[-62.001,47.382],[-62.077,47.23]]],[[[-61.85,47.391],[-61.803,47.38],[-61.625,47.533],[-61.85,47.391]]],[[[-61.751,47.276],[-61.749,47.258],[-61.72,47.27],[-61.751,47.276]]],[[[-61.595,46.023],[-61.504,45.721],[-61.305,45.55],[-61.245,45.599],[-61.19,45.559],[-60.928,45.631],[-60.728,45.57],[-60.441,45.641],[-60.255,45.728],[-60.245,45.78],[-60.124,45.791],[-60.187,45.864],[-59.82,45.945],[-59.987,46.018],[-59.849,46.105],[-59.939,46.102],[-59.858,46.182],[-60.178,46.244],[-60.233,46.131],[-60.321,46.161],[-60.254,46.216],[-60.297,46.262],[-60.8,45.954],[-60.815,45.921],[-60.724,45.894],[-60.451,45.977],[-60.782,45.777],[-60.78,45.699],[-60.881,45.65],[-60.863,45.736],[-60.972,45.757],[-61.162,45.689],[-61.18,45.741],[-60.956,45.868],[-61.135,45.847],[-61.103,45.884],[-60.841,45.948],[-60.778,46.049],[-61.16,45.929],[-60.946,46.067],[-60.704,46.103],[-60.473,46.304],[-60.653,46.225],[-60.378,46.589],[-60.419,46.653],[-60.354,46.731],[-60.352,46.842],[-60.525,46.9],[-60.428,47],[-60.444,47.032],[-60.5,46.994],[-60.666,47.017],[-60.752,46.884],[-60.913,46.784],[-61.023,46.63],[-61.092,46.615],[-61.063,46.574],[-61.271,46.293],[-61.49,46.147],[-61.518,46.104],[-61.455,46.055],[-61.595,46.023]]],[[[-61.527,66.481],[-61.488,66.464],[-61.472,66.495],[-61.527,66.481]]],[[[-61.511,47.774],[-61.46,47.768],[-61.458,47.787],[-61.511,47.774]]],[[[-61.228,45.51],[-61.181,45.53],[-61.215,45.53],[-61.228,45.51]]],[[[-61.138,45.555],[-61.049,45.509],[-61.062,45.462],[-60.909,45.573],[-61.138,45.555]]],[[[-60.978,45.478],[-60.938,45.487],[-60.968,45.493],[-60.978,45.478]]],[[[-60.683,46.069],[-60.321,46.303],[-60.419,46.286],[-60.683,46.069]]],[[[-60.205,47.166],[-60.173,47.188],[-60.194,47.193],[-60.205,47.166]]],[[[-60.118,43.923],[-59.855,43.935],[-59.713,44.006],[-60.118,43.923]]],[[[-59.792,46.015],[-59.748,45.994],[-59.711,46.039],[-59.792,46.015]]],[[[-59.418,50.606],[-59.386,50.545],[-59.35,50.621],[-59.418,50.606]]],[[[-58.913,50.805],[-58.872,50.811],[-58.893,50.824],[-58.913,50.805]]],[[[-58.806,51.036],[-58.714,51.086],[-58.761,51.08],[-58.806,51.036]]],[[[-58.659,51.108],[-58.608,51.123],[-58.628,51.142],[-58.659,51.108]]],[[[-58.567,51.136],[-58.519,51.128],[-58.472,51.162],[-58.567,51.136]]],[[[-58.415,51.205],[-58.346,51.219],[-58.369,51.236],[-58.415,51.205]]]]}},{"type":"Feature","properties":{"id":"mexico","name":"Mexico","color":"#90bca2","sourceId":"historical-basemaps","precision":"generalized","representation":"Source political boundary snapshot; local disputes not fully mapped","review":"source-snapshot","upstreamNames":["Mexico"]},"geometry":{"type":"MultiPolygon","coordinates":[[[[-97.81478592434766,23.37533339114551],[-97.87469193020704,22.841205202058596],[-97.88202377835157,22.33262213321094],[-97.62811752835157,21.55123671145801],[-97.50419327298047,21.189153276399416],[-97.22339340725782,20.763837419465823],[-96.88145157376172,20.357709489778323],[-96.79518600979688,20.15447386355762],[-96.57883926907422,19.919734559968752],[-96.34066483059766,19.481610856965823],[-96.01226517239454,18.929256044343752],[-95.84385391751172,18.796125017122073],[-95.53918167630079,18.764991365388674],[-95.34308334866407,18.77176245303516],[-95.08328720608594,18.702395997957034],[-94.81647202053907,18.49954756350879],[-94.58994003811719,18.271188341096682],[-94.24197098294141,18.240150056794924],[-93.78490158596875,18.349187456086916],[-93.08748337307813,18.554090105012698],[-92.45908829251172,18.688920579866213],[-92.09788223782422,18.75961645694141],[-92.10702225247266,18.515859209016604],[-91.72974106350782,18.41570433230762],[-91.61098953762891,18.544532381013674],[-91.47900101223829,18.633794389680666],[-91.52561661282422,18.744794450715823],[-91.70248123684766,18.823484025911135],[-91.21970078030469,19.102496705964846],[-90.79754166415462,19.24863406257262],[-90.66564246448729,19.767563739673232],[-90.44198729983403,19.95094950855333],[-90.49933477795025,20.526678986207695],[-90.4133135607759,20.853935999710355],[-90.3043533523551,21.052090551567137],[-90,21.141408525422854],[-90,21.160729967073244],[-89.86282822171094,21.249875627473635],[-89.54745956936719,21.2950511798418],[-89.05808731594922,21.397792421296877],[-88.60106369534375,21.564044557527346],[-88.33372208157422,21.59004171939258],[-88.10938736477735,21.565087877229494],[-87.59693619290235,21.483537279084963],[-87.37093063870313,21.570655427888674],[-87.20057388821485,21.528873048738284],[-86.92158981839063,21.30062635989551],[-86.90023514309766,21.167178712800784],[-86.93589493313672,20.97639998050098],[-87.06995865383985,20.80448492617969],[-87.3133058218086,20.581485353425784],[-87.50814529934766,20.390227876619143],[-87.65071579495313,20.189910493806643],[-87.65972610989454,19.87513693423633],[-87.773976293,19.741412721589846],[-87.85821243801954,19.58231123538379],[-87.78857895413282,19.512536607698244],[-87.63708969632032,19.574662767366213],[-87.68220993557813,19.281348787263674],[-87.80035873928907,18.74336203189258],[-87.84949204007032,18.488984666780276],[-87.87709518948438,18.380864702180666],[-88.03013321438672,18.62128408999805],[-88.10500809231641,18.824548326448244],[-88.13767715969922,18.894399248079104],[-88.31140610257032,18.74146994204883],[-88.32046219387891,18.49439962954883],[-88.5167970327461,18.487248979524416],[-88.59691330471875,18.28614767642383],[-88.86667343655469,17.90060766787891],[-89.04038712063672,18.02223166079883],[-89.16563126126172,17.979306779817385],[-89.15433975735547,17.831187807039065],[-90,17.834037385896487],[-91.00987717190625,17.836225114778323],[-91.02779099026563,17.278201662019534],[-91.47719284573438,17.263898454622073],[-91.29882523098829,17.16373785586719],[-91.0760011343086,16.92049940677051],[-90,16.816388688997073],[-90,16.505563341096682],[-90,16.40524633975391],[-90,16.097781740144534],[-91.28251358548047,16.10104712100391],[-91.75949570217969,16.097781740144534],[-92.24351212063672,15.282212816194338],[-92.10653397122266,15.103362642244143],[-92.19957443753125,14.996051393464846],[-92.17530533352735,14.747212968782229],[-92.15540024319532,14.542796693757815],[-92.47207352200391,14.792342744783205],[-92.90052506008985,15.19187506289844],[-93.33048721829297,15.534199319795412],[-93.81161209622266,15.920901857332034],[-94.05164047757032,16.07930716128711],[-94.0753907827461,16.11115988345508],[-94.36295029202344,16.22483404727344],[-94.83466049710157,16.31917341800098],[-95.13016983548047,16.299468599275393],[-95.49766251126172,16.12070807071094],[-95.99271103421094,15.86537417025928],[-96.3329362539375,15.750238977388186],[-96.7516603139961,15.781122766450686],[-97.07761856594922,15.875764451936526],[-97.29378983059766,15.964297853425784],[-97.88092514553907,16.052028261140627],[-98.14564987698438,16.172238908723635],[-98.43546005764844,16.362310014680666],[-98.85616013089063,16.596610628083987],[-99.20922562161329,16.716630540803713],[-99.97906967678907,16.892968736604494],[-100.41263290921094,17.057321153596682],[-100.73741623440625,17.221908174470705],[-101.2207765249336,17.41792257876758],[-101.48717972317579,17.57628210635547],[-101.9926042226875,18.02653082461719],[-102.08551498928907,18.0581127032793],[-102.3583268789375,18.0321117267168],[-102.66820236721875,18.09501799197559],[-103.49393936673047,18.353892885164065],[-103.74825760403516,18.594913087800784],[-103.97491165676954,18.880490861848635],[-104.19729324856641,19.05801161380176],[-104.66939255276563,19.31764753909473],[-104.94791122952344,19.43783911319141],[-105.17298599758985,19.659867845491213],[-105.50686356106641,20.10414846988086],[-105.67043015042188,20.351729951814455],[-105.68733688870313,20.402551256135744],[-105.61999222317579,20.472619615510744],[-105.39281937161329,20.51125296206836],[-105.31201645413282,20.587705217317385],[-105.29104324856641,20.67039068789844],[-105.43972488919141,20.835366807893557],[-105.23433395901563,21.14095076175098],[-105.21614548245313,21.3126235827959],[-105.29359909573438,21.522262178376955],[-105.62825485745313,21.953839860872073],[-105.57400986233594,22.08744963260059],[-105.50843521633985,22.163882814363284],[-105.53994461575391,22.284598909333987],[-105.83889481106641,22.563691698030276],[-106.5116471914375,23.36329611392383],[-106.75728317776563,23.58528669925098],[-107.1906251577461,24.06117209048633],[-107.40375229397657,24.295949541047854],[-107.77061935940625,24.555829606965823],[-107.91568466702344,24.644536577180666],[-107.98668381253125,24.765176378206057],[-108.01261612454297,24.981280885652346],[-108.07753464260938,25.06379660220508],[-108.2255143789375,25.152492128328127],[-108.49932571926954,25.24092634768848],[-108.68295761624219,25.380416475251955],[-108.84755417385938,25.615321718171877],[-108.96924301663282,25.627786241487307],[-109.15561386624219,25.57652624698047],[-109.26274582425,25.646236024812502],[-109.33612534085157,25.81138952823047],[-109.33828445950391,25.957625947908205],[-109.13188644925,26.288686357454104],[-109.1887941030586,26.441173158601565],[-109.52662369290235,26.720227800325198],[-109.72421738186719,26.605363450959963],[-109.89268967190625,26.884776674226565],[-109.94591995755079,27.043618761018557],[-110.10728165188672,27.13866575808887],[-110.38207718411329,27.214393220857424],[-110.52550217190625,27.34762343020801],[-110.58186813870313,27.46195562930469],[-110.55912491360547,27.633683763459963],[-110.52135178128125,27.754569612458987],[-110.6044435171211,27.856137834504885],[-110.85694595852735,27.95099028201465],[-111.0641603139961,27.99507101626758],[-111.27093979397657,28.10909231753711],[-111.69163223782422,28.496102891877932],[-111.90643021145704,28.813590608552737],[-112.03291794339063,29.061330400422854],[-112.32323166409375,29.435903154329104],[-112.65433212796094,29.91851194949512],[-112.73714920559766,30.109120927766604],[-112.90797897854688,30.41401632876758],[-113.01670548001172,30.566411577180666],[-113.08502670803907,30.7697769031084],[-113.0663346914375,30.998756013826174],[-113.0520753530586,31.13870009036426],[-113.30399033108594,31.24629744143848],[-113.66166397610547,31.334586702302737],[-113.68861862698438,31.538037858918948],[-113.74631973782422,31.607879243806643],[-113.95213791409375,31.690127931550784],[-114.08228012600782,31.5435863360918],[-114.195118871125,31.524274431184573],[-114.83865067044141,31.815496049836916],[-114.96706100979688,31.36367567630176],[-114.98750778714063,31.166480623201174],[-114.97266098538282,31.128356538728518],[-114.85349747219922,30.975968919709963],[-114.73472305813672,30.842668138459963],[-114.72235580960157,30.372075639680666],[-114.68277451077344,30.14322432132129],[-114.45304581204297,29.838450990632815],[-114.38871475735547,29.762277208284182],[-114.09960648098829,29.642058931306643],[-113.82907578030469,29.400966249421877],[-113.59289261380079,29.10258635135059],[-113.32190414944532,28.5562759265459],[-113.12408920803907,28.429513536409182],[-112.97636124173047,28.410745225862307],[-112.86987015286329,28.334659181550784],[-112.72362228909375,27.705453477815432],[-112.6778077749336,27.629241548494143],[-112.56714340725782,27.55953177066211],[-112.34384628811719,27.5345531329668],[-112.28406998196485,27.50925215335254],[-112.18733688870313,27.31233938784961],[-112.11509415188672,27.01999243350391],[-111.91486069241407,26.664350114778323],[-111.69413467923047,26.69659575076465],[-111.59381577053907,26.76039656253223],[-111.48350235501172,26.55715139956836],[-111.32870956936719,25.89621504397754],[-111.08983322659375,25.419850908235354],[-110.79756638089063,24.880048356965823],[-110.7664308218086,24.61308439822559],[-110.77242752591016,24.37784155459766],[-110.65569778958204,24.21915205569629],[-110.48522659817579,24.149579606965823],[-110.31049057522657,24.226239763215823],[-110.20493790188672,24.31546553225879],[-109.94029709378125,23.95364149661426],[-109.82423874417188,23.69323118777637],[-109.61520096341016,23.57923849673633],[-109.4885987905586,23.573146425203127],[-109.42892929592969,23.433415971711916],[-109.516896214875,23.19163092227344],[-109.57826706448438,23.13429983706836],[-109.889210668,22.866620622590823],[-110.00360580960157,22.885448060945315],[-110.11656662503125,23.0695815906084],[-110.22465988675,23.39993818850879],[-110.50243088284375,23.66000708194141],[-110.78369614163282,23.79927595706348],[-111.01585861721875,24.014943681672854],[-111.39151474514844,24.243024431184573],[-111.90574356594922,24.686976991609377],[-112.09280869046094,24.890025697664065],[-112.16581436673047,25.01066740603809],[-112.06849381008985,25.455945573762698],[-112.08434006253125,25.570357881501955],[-112.30381485501172,26.021325670198244],[-112.41098495999219,26.19277151675586],[-112.55796524563672,26.31963499637012],[-112.75584885159375,26.363725267366213],[-112.98117538967969,26.503144823030276],[-113.28500839749219,26.807702623323244],[-113.42209335842969,26.74382933230762],[-113.58534714260938,26.768930040315432],[-114.15325638333204,27.104739747957034],[-114.4778566030586,27.243947587922854],[-114.88133713284375,27.681853853181643],[-114.94397446194532,27.738952241853518],[-115.05460831204297,27.853173814729494],[-114.74889847317579,27.785588823274416],[-114.47916885891797,27.7797866687334],[-114.21439835110547,27.90751799197559],[-114.1046647695625,28.05399664492969],[-114.06274887600782,28.34024580569629],[-114.06728836575391,28.42289312930469],[-114.27322861233594,28.708621583894534],[-114.48294540921094,28.911672197297854],[-114.97781082669141,29.31125982852344],[-115.42139908352735,29.53289946170215],[-115.60230728665235,29.685151658967776],[-115.69373032132032,29.92025526614551],[-115.8160905508125,30.212537370637698],[-115.85713669339063,30.282409273103518],[-116.05837723294141,30.33921965213184],[-116.12582870999219,30.498076997712893],[-116.13782974758985,30.765149675325198],[-116.22926041165235,30.943025194124026],[-116.50948807278516,31.27315291018848],[-116.70472427883985,31.59074553103809],[-116.70605942288282,31.70522268863086],[-116.61071487942579,31.87714346499805],[-116.96032425442579,32.156261049226565],[-117.07459732571485,32.30230291934375],[-117.17368027249219,32.520553194001955],[-117.02061935940625,32.52801092715625],[-115.955616918,32.59777792544727],[-114.88409134426954,32.635718904451174],[-114.74173447171094,32.496348939851565],[-114.62180801907422,32.42695578189258],[-114.0880632070625,32.25158651919727],[-112.82337662258985,31.831933580354494],[-111.24121567288282,31.331315599397463],[-111.08886429348829,31.306699357942385],[-110.34122940579297,31.298226915315432],[-109.64614578762891,31.28944929690723],[-109.21127792874219,31.27281530948047],[-108.37103745022657,31.277612291291994],[-108.27520462551954,31.322745881990237],[-108.2321061758125,31.724301897004885],[-107.39565750637891,31.72269018741016],[-106.54451462307813,31.702058397249026],[-106.45022293606641,31.65163382144336],[-106.16615768948438,31.353877626375002],[-105.8214845327461,31.069226823762698],[-105.44466873684766,30.835719667390627],[-105.12630936184766,30.614627443269534],[-105.04580399075391,30.5131851062334],[-104.91793533841016,30.208209596589846],[-104.77479263821485,29.826934419587893],[-104.57434555569532,29.579730592683596],[-104.08302780667188,29.283261857942385],[-103.5860108999336,29.05687864871387],[-103.43450638333204,29.025905214265627],[-103.20896622219922,29.020839296296877],[-103.02206894436719,29.09195288272266],[-102.89478775540235,29.258239351228518],[-102.70673080960157,29.443980775789065],[-102.44769760647657,29.687442384675784],[-102.23721787014844,29.77779348941211],[-101.94799515286329,29.785810075715823],[-101.73417374173047,29.748836122468752],[-101.38175674954297,29.604394517854494],[-101.19659897366407,29.4908519610918],[-101.03329178372266,29.32622679324512],[-100.73521896878125,28.86313398929004],[-100.40047928372266,28.31113012881641],[-100.02048965969922,27.84218557925586],[-99.72489639798047,27.582875810579104],[-99.60426804104688,27.46897467227344],[-99.56924912014844,27.25909575076465],[-99.41984268704297,26.83981093020801],[-99.26846787014844,26.573321901277346],[-99.09998795071485,26.40879400821094],[-98.68534561673047,26.264781557039065],[-98.22223373928907,26.012847505525393],[-98.1034440664375,25.981713853791994],[-97.91639420071485,26.03371389956836],[-97.78328415432813,26.034476839021487],[-97.41586014309766,25.864755235627932],[-97.2599610952461,25.811372362092776],[-97.42493149319532,25.442277513459963],[-97.65813919583204,25.073043428376955],[-97.7418946889961,24.72957571597461],[-97.82254501858594,24.20810469241504],[-97.81478592434766,23.37533339114551]]]]}},{"type":"Feature","properties":{"id":"hawaii","name":"Hawaiian Kingdom","color":"#c1a1d9","sourceId":"historical-basemaps","precision":"generalized","representation":"Source political boundary snapshot; local disputes not fully mapped","review":"source-snapshot","upstreamNames":["Kingdom of Hawaii"]},"geometry":{"type":"MultiPolygon","coordinates":[[[[-156.77998825589063,21.04324873538379],[-156.71565720120313,21.069081865266604],[-156.55081650296094,20.974736772493166],[-156.39587875882032,20.95024450869922],[-156.11853500882032,20.79007490725879],[-156.12085434475782,20.71257170291309],[-156.25298019925,20.62990339846973],[-156.50670334378125,20.598901353791994],[-156.57635971585157,20.635068498567385],[-156.61497971096875,20.795238100007815],[-156.82249924221875,20.939910493806643],[-156.77998825589063,21.04324873538379]]],[[[-155.946583714875,19.989215455964846],[-155.9623765615547,20.07893904300098],[-156.0324449209297,20.19588430972461],[-156.00906845608594,20.26305540652637],[-155.93127914944532,20.283723436311526],[-155.77216049710157,20.212861619905276],[-155.47876450100782,20.087384782747073],[-155.21165939846875,19.896211229280276],[-155.2184800771797,19.772206865266604],[-155.1115007070625,19.751538835481448],[-155.05763718167188,19.62236937137012],[-154.9200181631172,19.555200181916994],[-154.9476823476875,19.482865892366213],[-155.0599107412422,19.41958960147266],[-155.1371812490547,19.327859483674807],[-155.48196884671094,19.240022264436526],[-155.6501207021797,19.13668593020801],[-155.78282639065625,18.945514284089846],[-156.03416916409375,19.10568770022754],[-156.05415817776563,19.503530107454104],[-156.16333481350782,19.808374010041994],[-155.946583714875,19.989215455964846]]],[[[-158.1517076162422,21.299295030549807],[-158.29761215725782,21.2764964923418],[-158.43440720120313,21.452043138459963],[-158.46632858792188,21.57059248538379],[-158.3135728506172,21.575152955964846],[-158.17906662503125,21.689143739656252],[-158.09471603909375,21.59111174197559],[-158.04683395901563,21.458880983308596],[-157.94652267971875,21.415565095857424],[-157.8416490224922,21.29017599673633],[-157.89636704007032,21.25141867251758],[-158.02176376858594,21.23773916812305],[-158.07191940823438,21.297015748933596],[-158.1517076162422,21.299295030549807]]]]}},{"type":"Feature","properties":{"id":"usa","name":"United States","color":"#dda775","sourceId":"historical-basemaps","precision":"generalized","representation":"Source political boundary snapshot; local disputes not fully mapped","review":"source-snapshot","upstreamNames":["United States of America"]},"geometry":{"type":"MultiPolygon","coordinates":[[[[-72.27861,41.117210000000114],[-72.285004,41.115829],[-72.288895,41.119713],[-72.289444,41.124992],[-72.388336,41.084991],[-72.617767,40.92305],[-72.621658,40.918327],[-72.621109,40.91304800000012],[-72.615829,40.90971400000012],[-72.607224,40.907494],[-72.584732,40.906097],[-72.498047,40.904160000000104],[-72.484436,40.90499100000011],[-72.442215,40.917496],[-72.436386,40.919716],[-72.431946,40.923607],[-72.434433,40.928604],[-72.401947,40.964714],[-72.34584,40.999718],[-72.263626,41.01944],[-72.13501,41.035271],[-72.113892,41.007774],[-72.110001,41.003883],[-72.101944,41.002495000000124],[-72.053329,41.016106],[-72.025833,41.029434],[-72.020844,41.032494],[-72.012787,41.041939],[-72.003342,41.049438],[-71.998047,41.05249],[-71.923889,41.08194],[-71.916107,41.082214000000135],[-71.873322,41.078606],[-71.865555,41.07666],[-71.859161,41.073608],[-71.85611,41.06916],[-71.860275,41.064438],[-72.084167,40.981659],[-72.352783,40.887215],[-72.446655,40.855553],[-72.54277,40.825554],[-72.665833,40.794441],[-72.698608,40.789719000000105],[-72.819458,40.76998900000012],[-72.867767,40.756104],[-72.886948,40.773605],[-72.894165,40.77388],[-73.003067,40.754715],[-73.015839,40.75222],[-73.021667,40.75],[-73.095276,40.730545],[-73.140289,40.71888000000013],[-73.438599,40.665825],[-73.561111,40.645271],[-73.652786,40.619987],[-73.593338,40.607216],[-73.585831,40.604713],[-73.579727,40.601662],[-73.576675,40.597488],[-73.582779,40.5961],[-73.618057,40.594437],[-73.65361,40.59388],[-73.797226,40.592216],[-73.852936,40.578106],[-73.914085,40.563152000000116],[-73.929047,40.56422],[-73.933052,40.56715800000012],[-73.929314,40.571964],[-73.857742,40.584515],[-73.831032,40.597603],[-73.791779,40.608772],[-73.77478,40.614941],[-73.771454,40.616272],[-73.771118,40.619602],[-73.771286,40.626102],[-73.771782,40.629272],[-73.767502,40.641663],[-73.773895,40.644714],[-73.812775,40.65665400000012],[-73.828888,40.65915700000011],[-73.843887,40.659714],[-73.850555,40.65915700000011],[-73.868881,40.654434],[-73.899734,40.635826],[-73.887787,40.6188810000001],[-73.883621,40.61499800000013],[-73.875,40.613052],[-73.871933,40.608604],[-73.875549,40.60305000000011],[-73.88028,40.599998],[-73.888062,40.598045],[-73.939987,40.585548],[-73.946655,40.584991],[-74.001114,40.58055100000013],[-74.007782,40.58027600000014],[-74.032501,40.625824],[-74.035004,40.635826],[-74.033066,40.647491000000116],[-74.029999,40.653877],[-74.026108,40.6586],[-74.005005,40.679993],[-74.003891,40.69110100000012],[-74.001114,40.697769],[-73.979881,40.707226],[-73.96595,40.721527],[-73.939987,40.773048],[-73.922501,40.789719000000105],[-73.911392,40.794998],[-73.835556,40.804993],[-73.731674,40.851662],[-73.623047,40.90638000000013],[-73.612213,40.9116590000001],[-73.589447,40.92054700000011],[-73.490555,40.934158],[-73.354172,40.92582700000014],[-73.226669,40.91054500000013],[-73.207779,40.914711],[-73.189987,40.920273],[-73.155563,40.93499],[-73.146393,40.942764],[-73.144165,40.94860100000011],[-73.144455,40.95388],[-73.146118,40.95916],[-73.037216,40.9685970000001],[-72.893616,40.96998600000012],[-72.781387,40.965546],[-72.765564,40.963608000000136],[-72.751114,40.963882],[-72.647232,40.979713],[-72.628052,40.98360400000013],[-72.616104,40.98860200000013],[-72.611115,40.991661],[-72.577499,41.015549],[-72.527946,41.045216],[-72.453064,41.088882000000126],[-72.35083,41.140831],[-72.285278,41.161934],[-72.246109,41.16360500000013],[-72.239716,41.160545],[-72.238892,41.155266],[-72.241943,41.14888],[-72.253067,41.133049],[-72.262222,41.125267],[-72.27861,41.117210000000114]]],[[[-74.23111,40.542221],[-74.184998,40.631660000000124],[-74.181671,40.63749700000011],[-74.176941,40.641937],[-74.170837,40.642769],[-74.082779,40.651382],[-74.073898,40.649162],[-74.068893,40.645828],[-74.062775,40.639435],[-74.056946,40.624435],[-74.053879,40.615273],[-74.053604,40.604439],[-74.057495,40.599716000000114],[-74.108612,40.559715],[-74.123322,40.549721],[-74.145004,40.538887],[-74.220001,40.51166500000011],[-74.21235141289209,40.514441605201],[-74.19452377835157,40.4885211810625],[-73.94569107571485,40.44679983706836],[-74.15280624905469,39.765235506013674],[-74.28892227688672,39.57218512149219],[-74.40558334866407,39.613772951082034],[-74.3861589101875,39.500918947175784],[-74.41391464749219,39.41776617617969],[-74.52055832425,39.352435670808596],[-74.7284669546211,39.126773439363284],[-74.86010452786329,38.99021490664844],[-74.93534561673047,38.978335939363284],[-74.96902176419141,39.031776033357424],[-74.889210668,39.17131384463672],[-74.93995377102735,39.25147970767383],[-75.13318344632032,39.24554403872852],[-75.33439346829297,39.399947725251955],[-75.40105911770704,39.42370565982227],[-75.54908463040235,39.66722448916797],[-75.40727707425,39.783057771638674],[-75.33945938626172,39.892963014558596],[-75.4610108999336,39.839496217683596],[-75.62382217923047,39.673167787507815],[-75.40381332913282,39.293048463777346],[-75.38875290432813,39.13271673770313],[-75.21487900296094,38.8714671954668],[-75.088673558625,38.841781221345705],[-75.04209610501172,38.49748571963672],[-75.08736893216016,38.39065130801563],[-75.15538498440625,38.28679236026172],[-75.2114991811836,38.2927203998125],[-75.43080612698438,37.993045412019534],[-75.608693089875,37.634105287507815],[-75.59338089505079,37.61037405581836],[-75.65202042141797,37.55105551333789],[-75.70007034817579,37.607406221345705],[-75.86852737942579,37.28118094058399],[-75.85658737698438,37.22483404727344],[-75.9580812124336,37.207049928621096],[-76.01990219632032,37.325660310701174],[-75.8661393789375,37.714191041902346],[-75.7783937124336,37.84471472354297],[-75.66752335110547,37.898109041169924],[-75.63995834866407,38.00490912051563],[-75.68165298977735,38.031612001375],[-75.85003372708204,37.97821005435352],[-75.74840256253125,38.15029486270313],[-75.84652420559766,38.132491670564455],[-75.92593094387891,38.174029909089846],[-75.92030808010938,38.260081850007815],[-75.81136032620313,38.27788504214649],[-75.84592911282422,38.42625769229297],[-76.043507543,38.2927203998125],[-76.15186783352735,38.38471182437305],[-76.22267624417188,38.360972963289065],[-76.32606216946485,38.53903540225391],[-76.16627213040235,38.61619146914844],[-76.00526138821485,38.63994558902149],[-76.00764938870313,38.66665609927539],[-76.27932449856641,38.809127412751955],[-76.3209962514961,38.73492010684375],[-76.35347458401563,38.73492010684375],[-76.305226293,38.88037069888477],[-76.26513382473829,38.889285646394534],[-76.17062851467969,38.81804236026172],[-76.11170670071485,38.84475668521289],[-76.15563675442579,38.94567831607227],[-76.31461044827344,38.97536810489063],[-76.34393784085157,39.02583273501758],[-76.30100723782422,39.076312623933596],[-76.14951798001172,39.067401491121096],[-76.06256577053907,39.1950641498125],[-76.18874832669141,39.17428167910938],[-76.26009079495313,39.20100363345508],[-76.15147110501172,39.36728247256641],[-75.85812088528516,39.435584627107424],[-76.00565811673047,39.46231421084766],[-75.9401368764961,39.646434389070315],[-76.06598373928907,39.60485800357227],[-76.10903641262891,39.54546316714649],[-76.0595216421211,39.50982245059375],[-76.20135971585157,39.42370565982227],[-76.2172364858711,39.524669252351565],[-76.25909134426954,39.500918947175784],[-76.23598953762891,39.399947725251955],[-76.27235123196485,39.361346803621096],[-76.29522415676954,39.4326129779375],[-76.33887955227735,39.46231421084766],[-76.3852052358711,39.275226198152346],[-76.58661362210157,39.31085928531055],[-76.40549942532422,39.0852123126543],[-76.53785416165235,38.785384736970705],[-76.50626846829297,38.678531251863284],[-76.38382431546094,38.458900056794924],[-76.40834518948438,38.396583162263674],[-76.61813828030469,38.53903540225391],[-76.66330429592969,38.63400610537891],[-76.651661839875,38.5419994220293],[-76.57313248196485,38.44406469912891],[-76.38353439846875,38.337230287507815],[-76.32400986233594,38.10875280948047],[-76.60791489163282,38.28975638003711],[-76.76746079007032,38.2927203998125],[-76.82049271145704,38.42032202334766],[-76.89031693020704,38.44406469912891],[-76.8605470327461,38.3312946185625],[-77.10397049466016,38.47670706363086],[-77.25252243557813,38.458900056794924],[-77.2459230093086,38.5894847735918],[-77.05368515530469,38.73492010684375],[-77.24635788479688,38.69930227847461],[-77.33178421536329,38.48857840152149],[-77.24007126370313,38.38471182437305],[-77.03440567532422,38.36394461245899],[-76.94346329251172,38.25118216128711],[-76.51430222073438,38.117652498201174],[-76.5355729726875,38.076121889070315],[-76.28636642971875,38.00194510074024],[-76.21517654934766,37.942611299470705],[-76.3141603139961,37.73199041934375],[-76.41624161282422,37.70529135318164],[-76.88503738919141,38.067218385652346],[-76.56606003323438,37.70232351870899],[-76.28428360501172,37.62520559878711],[-76.39557358303907,37.58368643374805],[-76.25044724026563,37.5480914935625],[-76.27048203030469,37.51250036807422],[-76.24334427395704,37.48580511660938],[-76.25846573391797,37.37310751529102],[-76.39921280423047,37.4591136798418],[-76.43103500882032,37.426490388826174],[-76.3841066030586,37.331588350251955],[-76.48145767727735,37.322696290925784],[-76.77660843411329,37.57478293033008],[-76.78684708157422,37.56291540713672],[-76.59820267239454,37.349383912996096],[-76.45905014553907,37.27821310611133],[-76.37706467190625,37.29007299991016],[-76.29093643704297,37.19518240542774],[-76.28306290188672,37.055823884919924],[-76.41729446926954,37.02914007754688],[-76.6388444570625,37.26931723208789],[-76.85230728665235,37.3582836017168],[-76.94189163723829,37.2863727435625],[-76.92103287258985,37.2663532123125],[-76.72301193753125,37.20111044497852],[-76.50323959866407,37.02914007754688],[-76.52443405667188,36.922401033357424],[-76.32539841214063,36.93722876162891],[-76.31116959133985,36.990596376375],[-75.97459122219922,36.93722876162891],[-75.90645309964063,36.765277467683596],[-75.72384354153516,36.21991690249805],[-75.5221452383125,35.85842474551563],[-75.58524796048047,35.899905763582034],[-75.70331284085157,36.05694159121875],[-75.72954269925,36.11620291324024],[-75.8911866811836,36.643741212800784],[-75.95752426663282,36.76824530215625],[-75.98280045071485,36.628917299226565],[-75.92203232327344,36.628917299226565],[-75.90697952786329,36.54000052066211],[-76.03826614895704,36.56964071841602],[-75.96056839505079,36.44218786807422],[-75.89600082913282,36.39773138614063],[-75.79330917874219,36.13694342227344],[-75.85805985012891,36.1606517657793],[-75.95322891751172,36.33253439517383],[-75.95250412503125,36.231769166902346],[-76.18623825589063,36.36809118838672],[-76.21320053616407,36.34142263980274],[-76.0937013296211,36.20510061831836],[-76.20479294339063,36.15175970645313],[-76.4417237905586,36.243629060701174],[-76.34035965481641,36.15175970645313],[-76.50922104397657,36.05694159121875],[-76.58699509182813,36.065833650544924],[-76.700001683625,36.1606517657793],[-76.71069046536329,36.258441530183596],[-76.67342087307813,36.32956274600391],[-76.70981308499219,36.353274904207034],[-76.7509278921211,36.26140173526172],[-76.73113724270704,36.15768774600391],[-76.67875381985547,36.062862001375],[-76.72690292874219,35.99175604434375],[-76.32474991360547,35.982867799714846],[-76.06772324124219,36.04804953189258],[-76.01173874417188,35.973975740388674],[-76.06252762356641,35.88804968448047],[-76.09495255032422,35.722144685701174],[-76.03210159817579,35.692523561433596],[-75.99059769192579,35.80805929751758],[-75.9297608999336,35.973975740388674],[-75.84875198880079,36.02138479800586],[-75.72924515286329,35.882125459626955],[-75.70815750637891,35.74881323428516],[-75.78284164944532,35.6362377032793],[-75.8559083608711,35.64216574283008],[-75.88424393216016,35.686595521882815],[-76.02676102200391,35.47332342715625],[-76.14104935208204,35.38446768374805],[-76.35831924954297,35.40815695376758],[-76.44948288479688,35.437781892732424],[-76.51576706448438,35.46739920230274],[-76.57686325589063,35.577395997957034],[-76.64481064358594,35.57106741519336],[-76.58148666897657,35.46147497744922],[-76.61517807522657,35.455550752595705],[-76.85719772854688,35.51183279605274],[-77.05334946194532,35.579959474519534],[-76.98053452053907,35.49701651187305],[-76.85936447659375,35.485171876863284],[-76.48431870022657,35.334117494539065],[-76.49952408352735,35.280807100251955],[-76.67805954495313,35.215648256257815],[-76.56697556057813,35.212691865876955],[-76.6525163320625,35.10015829654102],[-76.77869888821485,35.037974916414065],[-76.84615036526563,35.037974916414065],[-77.06258102932813,35.206771455720705],[-76.95345779934766,35.029090486482424],[-76.75987717190625,34.95510824771289],[-76.62416550198438,35.032054506257815],[-76.49265762844922,35.020213685945315],[-76.44311234036329,35.112002931550784],[-76.42532059231641,35.032054506257815],[-76.32748886624219,35.014285646394534],[-76.30581375637891,34.9787555560625],[-76.49838730374219,34.833900056794924],[-76.50418564358594,34.79547079654102],[-76.62176224270704,34.762950502351565],[-77.29591843167188,34.66659506411914],[-77.68516251126172,34.26402624698047],[-77.90456863919141,33.99014624209766],[-77.96291824856641,33.932811342195315],[-78.38355728665235,33.868350587800784],[-78.62114426175,33.81066855044727],[-78.89893814602735,33.702003084138674],[-79.20414444485547,33.45974691958789],[-79.30544754544141,33.26877935977344],[-79.34851547757032,33.10972937198047],[-79.7171144155586,32.79741247744922],[-80.02908035794141,32.62508352847461],[-80.22191330471875,32.53567465396289],[-80.5806398061836,32.496783815339846],[-80.73827072659375,32.235763154939455],[-80.81800552883985,32.146583162263674],[-81.18198105374219,31.64041479678516],[-81.30479141751172,31.289071641877932],[-81.5115480093086,30.72724875064258],[-81.40536972561719,30.072576127961916],[-81.23108383694532,29.656354509309573],[-81.02593704739454,29.2636733874834],[-80.60545822659375,28.560990892366213],[-80.44717880764844,27.77562864871387],[-80.22851273098829,27.238280855134768],[-80.26208969632032,27.19694670291309],[-80.13325974026563,27.072942338899416],[-80.07788559475782,26.923104845002932],[-80.04998489895704,26.551089845613284],[-80.18538376370313,25.860059343293948],[-80.21441360989454,25.734731279329104],[-80.35403915921094,25.548202119783205],[-80.30527969876172,25.357553087190432],[-80.31409927883985,25.243880830720705],[-80.49075790921094,24.995875917390627],[-80.49835678616407,25.037213884309573],[-80.44022079983594,25.14571341128711],[-80.4517335561836,25.207715593293948],[-80.56696030178907,25.191751085237307],[-80.73804947415235,25.130212388948244],[-80.86892410794141,25.18704756350879],[-81.09792038479688,25.12504728885059],[-81.15179153958204,25.27316053958301],[-81.1455812124336,25.378219209626955],[-81.40104385891797,25.858735643342776],[-81.74465652981641,25.92073782534961],[-81.83656021633985,26.07908781619434],[-81.88733383694532,26.4477554187334],[-82.07761856594922,26.551089845613284],[-82.14230820217969,26.866757951692385],[-82.31009384671094,26.82493170352344],[-82.58388992825391,27.310618959382815],[-82.75272842923047,27.52762182803516],[-82.61962601223829,27.52762182803516],[-82.4507569936836,27.724382005647463],[-82.42928787747266,27.826148591951174],[-82.50467392483594,27.927703462556643],[-82.71654984036329,27.744626604036135],[-82.84134384671094,27.838002763704104],[-82.78439041653516,28.09596975894336],[-82.71809860745313,28.436982713655276],[-82.64696213284375,28.9065013751543],[-82.77892014065625,29.109672151521487],[-82.89487930813672,29.185733400300784],[-83.11821457425,29.24247892947559],[-83.49242111721875,29.686763368562502],[-83.8861817983711,30.048348985627932],[-84.12382217923047,30.124150834993166],[-84.31742569485547,30.091956697419924],[-84.55865189114454,29.957938753083987],[-84.76381393948438,29.79855879397754],[-85.30477615872266,29.66390760989551],[-85.42760178128125,29.75969275088672],[-85.48666855374219,30.038659654573244],[-85.60032364407422,30.15286787600879],[-85.71918198147657,30.203483186677737],[-86.0575685171211,30.23458059878711],[-86.28960892239454,30.367620073274416],[-86.38868423977735,30.472713075593752],[-86.61546036282422,30.410708986238284],[-87.08910843411329,30.35904272647266],[-87.3830079702461,30.441642366365237],[-87.40404984036329,30.3073745593584],[-87.69217392483594,30.26297529788379],[-87.7745866445625,30.26280363650684],[-88.03456589260938,30.679391466096682],[-88.14182755032422,30.328046403840823],[-88.34286972561719,30.38878210635547],[-88.63519760647657,30.388179384187502],[-89.23280808010938,30.406005464509768],[-89.53548141995313,30.208270631746096],[-89.710743871125,30.18337210269336],[-90,30.390046678499026],[-90,30.385873399690432],[-90,30.379708848909182],[-90,30.142039857820315],[-90,30.038699708894534],[-89.86671921292188,30.131703935579104],[-89.68429276028516,30.09036787600879],[-89.38001724758985,29.873363100007815],[-89.68600174466016,29.705651842073244],[-89.67696854153516,29.591218553499026],[-89.55886551419141,29.432508073762698],[-89.2916993764961,29.367013536409182],[-89.18898483792188,29.26924666018848],[-89.03152939358594,29.11900671573047],[-89.27151962796094,29.057983003572268],[-89.49815079251172,29.09566267581348],[-89.62234970608594,29.284345231965823],[-89.97789475003125,29.406213365510744],[-90,29.501367174104494],[-90,29.373748384431643],[-90,29.32567747683887],[-90,29.30435713382129],[-90,29.23948820681934],[-90,29.222343049958987],[-90,29.141584001497073],[-90,29.11900671573047],[-90,29.108672700837893],[-91.24035355130079,29.320912919954104],[-91.42898270169141,29.54306562991504],[-91.95100876370313,29.832030855134768],[-92.22781082669141,29.80209120364551],[-91.97832962551954,29.625356279329104],[-92.11670395413282,29.541635118440432],[-92.45743471298215,29.565612806411934],[-92.64325424710157,29.57868918033008],[-93.0421876577461,29.692298494294924],[-93.44552322903516,29.76776846499805],[-94.06056996749841,29.699064750217232],[-94.1415300039375,29.690021120027346],[-94.42584702053907,29.54268606753711],[-94.60208603421094,29.54916914554004],[-94.79687210598829,29.563354097322268],[-94.85739609280469,29.783898912385744],[-95.0070314077461,29.758161149934573],[-95.05766006985547,29.675384126619143],[-94.84457870999219,29.346345506624026],[-95.2391862539375,29.05825003238086],[-95.60276505032422,28.79865988345508],[-96.01456924954297,28.65605505557422],[-96.20308395901563,28.636594377473635],[-96.38913437405469,28.661634050325198],[-96.71655746975782,28.71180685611133],[-96.77357956448438,28.62267454715137],[-96.57712265530469,28.425990663484377],[-96.68452927151563,28.24772986026172],[-96.83145615139844,28.15840109439258],[-97.11536881008985,28.10694845767383],[-97.44714829007032,27.98544653506641],[-97.5678224233711,27.908885560945315],[-97.316700902375,27.750470720247073],[-97.26656815091016,27.67427595706348],[-97.56320663967969,27.36210211367969],[-97.63229843655469,27.228431306794924],[-97.637989964875,26.846942506746096],[-97.57326981106641,26.560979448274416],[-97.45142075100782,26.217908464387698],[-97.2599610952461,25.811372362092776],[-97.41586014309766,25.864755235627932],[-97.78328415432813,26.034476839021487],[-97.91639420071485,26.03371389956836],[-98.1034440664375,25.981713853791994],[-98.22223373928907,26.012847505525393],[-98.68534561673047,26.264781557039065],[-99.09998795071485,26.40879400821094],[-99.26846787014844,26.573321901277346],[-99.41984268704297,26.83981093020801],[-99.56924912014844,27.25909575076465],[-99.60426804104688,27.46897467227344],[-99.72489639798047,27.582875810579104],[-100.02048965969922,27.84218557925586],[-100.40047928372266,28.31113012881641],[-100.73521896878125,28.86313398929004],[-101.03329178372266,29.32622679324512],[-101.19659897366407,29.4908519610918],[-101.38175674954297,29.604394517854494],[-101.73417374173047,29.748836122468752],[-101.94799515286329,29.785810075715823],[-102.23721787014844,29.77779348941211],[-102.44769760647657,29.687442384675784],[-102.70673080960157,29.443980775789065],[-102.89478775540235,29.258239351228518],[-103.02206894436719,29.09195288272266],[-103.20896622219922,29.020839296296877],[-103.43450638333204,29.025905214265627],[-103.5860108999336,29.05687864871387],[-104.08302780667188,29.283261857942385],[-104.57434555569532,29.579730592683596],[-104.77479263821485,29.826934419587893],[-104.91793533841016,30.208209596589846],[-105.04580399075391,30.5131851062334],[-105.12630936184766,30.614627443269534],[-105.44466873684766,30.835719667390627],[-105.8214845327461,31.069226823762698],[-106.16615768948438,31.353877626375002],[-106.45022293606641,31.65163382144336],[-106.54451462307813,31.702058397249026],[-107.39565750637891,31.72269018741016],[-108.2321061758125,31.724301897004885],[-108.27520462551954,31.322745881990237],[-108.37103745022657,31.277612291291994],[-109.21127792874219,31.27281530948047],[-109.64614578762891,31.28944929690723],[-110.34122940579297,31.298226915315432],[-111.08886429348829,31.306699357942385],[-111.24121567288282,31.331315599397463],[-112.82337662258985,31.831933580354494],[-114.0880632070625,32.25158651919727],[-114.62180801907422,32.42695578189258],[-114.74173447171094,32.496348939851565],[-114.88409134426954,32.635718904451174],[-115.955616918,32.59777792544727],[-117.02061935940625,32.52801092715625],[-117.17368027249219,32.520553194001955],[-117.19301315823438,32.56282766909961],[-117.2820558218086,32.72463186831836],[-117.30405136624219,32.754867158845705],[-117.3184327749336,32.7359691485918],[-117.33116623440625,32.713294588044924],[-117.34905716458204,32.754867158845705],[-117.34806534329297,33.05340536685352],[-117.49671646633985,33.32543142886524],[-117.70934006253125,33.52853735537891],[-118.00658890286329,33.73146017642383],[-118.23708054104688,33.82004126162891],[-118.28837296048047,33.84322317691211],[-118.3537110952461,33.82810553164844],[-118.35272690335157,33.786536775544924],[-118.39270493069532,33.77520330996875],[-118.43768021145704,33.794173799470705],[-118.50314041653516,33.858340822175784],[-118.46909042874219,33.892352662996096],[-118.50195023098829,33.98304709048633],[-118.60435196438672,34.096419893220705],[-118.731739964875,34.10775717349414],[-118.87235733548047,34.069964967683596],[-119.29153915921094,34.22112234683399],[-119.42016312161329,34.36850317569141],[-119.6128434805,34.478099428132815],[-119.78493210354688,34.459205232576174],[-120.20444199124219,34.531009279207034],[-120.52868362942579,34.50833090396289],[-120.58253952542188,34.591468416169924],[-120.68786331692579,34.62170370669727],[-120.70843216458204,34.701060853914065],[-120.66632553616407,34.753970704988284],[-120.73717209378125,34.98071249575977],[-120.67728897610547,35.189334474519534],[-120.77957626858594,35.23243673892383],[-120.83675858059766,35.22865255923633],[-120.94863602200391,35.289229951814455],[-120.9485597280586,35.334659181550784],[-120.91479965725782,35.37630423159961],[-120.92773148098829,35.474742494539065],[-121.08413406887891,35.55812796206836],[-121.19852158108594,35.68679388614063],[-121.38518997708204,35.785255037263674],[-121.56112381497266,36.06552466006641],[-121.65173813382032,36.099620424226565],[-121.74290176907422,36.23977240176563],[-121.92680069485547,36.338267885164065],[-121.99720474758985,36.57644613833789],[-121.99803635159375,36.67849310489063],[-121.91785904446485,36.675479494050784],[-121.85145279446485,36.74896963687305],[-121.83826920071485,36.89572485537891],[-121.9320573476875,37.008975587800784],[-122.01836868801954,37.02933844180469],[-122.11721512356641,37.01276358218555],[-122.25330826321485,37.06961401553516],[-122.49409958401563,37.30083807559375],[-122.45914169827344,37.395606599763674],[-122.50000473538282,37.5358844623125],[-122.55814072171094,37.56621512027149],[-122.57808395901563,37.77476080508594],[-122.55206009426954,37.84301718325977],[-122.49871536770704,37.85439261050586],[-122.45412918606641,37.82405813784961],[-122.42120071926954,37.7899242267168],[-122.46006485501172,37.74442633242969],[-122.390919652375,37.65342291446094],[-122.26291367092969,37.59654959292774],[-122.21055313626172,37.54347189517383],[-122.11918350735547,37.5358844623125],[-122.29259964505079,37.7899242267168],[-122.37463852444532,37.85439261050586],[-122.38383194485547,37.960574708894534],[-122.46683212796094,38.00988348575],[-122.48976608792188,38.164527498201174],[-122.5482682851875,38.16159018130664],[-122.553029027375,38.097110353425784],[-122.53137680569532,37.89611013980274],[-122.57305618801954,37.888526521638674],[-122.70501419583204,37.975745759919924],[-122.75864120999219,37.95678671450977],[-122.99081131497266,38.13883551211719],[-123.05200668850782,38.30193289370899],[-123.22155472317579,38.53343924136524],[-123.46047684231641,38.70407065005664],[-123.74095627346875,38.96676977725391],[-123.79630753079297,39.03041037173633],[-123.74487778225782,39.07595404239063],[-123.89214798489454,39.41376455874805],[-123.81972977200391,39.60736807437305],[-123.93385025540235,39.8227611407793],[-124.03277298489454,39.982379518464846],[-124.36481186428907,40.33432348819141],[-124.41186996975782,40.468917451814455],[-124.36723801175,40.75131186099414],[-124.25388046780469,41.03395804019336],[-124.1791276601875,41.194644533113284],[-124.15260788479688,41.580150209382815],[-124.24943253079297,41.93350561709766],[-124.30591470528,42.05481941461306],[-124.56067368069532,42.60199698062305],[-124.62967392483594,43.013995729402346],[-124.58678909817579,43.142928682283205],[-124.48281570950391,43.25268515200977],[-124.30166336575391,43.34327658267383],[-124.13729568997266,43.665958009675784],[-124.3016862539375,43.92364462466602],[-124.33127304592969,44.07199057193164],[-124.23045217264931,44.45096392126995],[-124.14049240628125,44.78911169619922],[-124.0717286733711,45.047916017488284],[-124.04446121731641,45.333194337800784],[-124.00341507473829,45.68362387271289],[-123.99469467678907,45.76409491153125],[-124.06380173245313,45.83626516909961],[-124.02785202542188,45.94021185489063],[-124.07430740872266,46.015296541169924],[-124.00366684475782,46.049964509919924],[-124.01732346096875,46.13374289126758],[-124.03835007229688,46.2175365314043],[-124.05223557034375,46.26378210635547],[-124.05423447171094,46.28979452700977],[-123.90926834622266,46.246436677888674],[-123.81508347073438,46.25510748477344],[-123.78710648098829,46.298465333894534],[-123.88214584866407,46.29558142276172],[-124.15862747708204,46.35049780459766],[-124.13072678128125,46.66863592715625],[-124.1770753530586,46.816226564363284],[-124.16961380520704,46.94070776553516],[-123.90527817288282,47.04205282779102],[-124.0604982046211,47.05075415225391],[-124.13232132473829,47.11447104068164],[-124.1902589468086,47.11447104068164],[-124.21410080471875,47.094195924714846],[-124.19483658352735,47.04205282779102],[-124.24902054348829,47.01889380069141],[-124.3087892202461,47.45928534121875],[-124.72605606594922,48.117755495027346],[-124.73341843167188,48.32687719912891],[-124.67528244534375,48.38582571597461],[-124.43045517483594,48.347083650544924],[-124.14605423489454,48.249591432527346],[-123.79302689114454,48.1980052814043],[-123.5045900014961,48.185489259675784],[-123.25891586819532,48.20558127017383],[-123.07204910794141,48.16672857852344],[-122.82603928128125,48.023482881501955],[-122.80843063870313,47.82762487979297],[-122.99730392971875,47.64451178164844],[-123.18336197415235,47.48833426089649],[-122.94403549710157,47.42283209414844],[-122.86107346096875,47.33822210879688],[-122.74829575100782,47.26223333926563],[-122.7352800039375,47.364547334626955],[-122.66283127346875,47.46903570742969],[-122.48593613186719,47.606360994294924],[-122.39111038723829,47.86761435122852],[-122.3452882436836,48.07669409366016],[-122.37435623684766,48.266124330476565],[-122.53463455716016,48.69742926211719],[-122.60556503811719,48.834727846101565],[-122.90025040188672,49.06718023867969],[-122.81287857571485,49.06107672305469],[-121.65236374417188,49.060741029695315],[-121.05180069485547,49.05083426089649],[-118.98721024075391,49.06193121524219],[-117.2151612905586,49.05831106753711],[-115.92358109036329,49.05868872256641],[-115.164601293,49.056190095857424],[-112.86183640042188,49.06856878848438],[-112.52904984036329,49.063792787507815],[-110.67026230374219,49.05406530948047],[-110.18009659329297,49.0698314532793],[-108.460743871125,49.059363923982424],[-108.06731888333204,49.06148871035938],[-106.43957993069532,49.06365927310352],[-104.26153275051954,49.05566366763477],[-103.99100967923047,49.05711706729297],[-102.6702394155586,49.05107458682422],[-101.71109482327344,49.056232057527346],[-100.45978256741407,49.043250642732424],[-99.14807602444532,49.050304017976565],[-98.20086380520704,49.048831544832034],[-97.59412857571485,49.05207785220508],[-96.33501907864454,49.039142213777346],[-95.12574478665235,49.05221518130664],[-94.81984421292188,49.05071219058399],[-94.9938249258125,49.315406404451174],[-95.05278488675,49.471664033845705],[-94.8273210195625,49.48759039492969],[-94.42395493069532,49.15129812808399],[-94.29830643216016,48.984420381501955],[-94.08768173733594,48.77750738711719],[-93.71323868313672,48.57442434878711],[-93.48024460354688,48.60846670718555],[-92.83900925198438,48.51513632388477],[-92.83005234280469,48.431991182283205],[-92.7080812124336,48.43753012271289],[-92.55614182034375,48.22145804019336],[-92.48405167141797,48.33224447818164],[-92.25805374661329,48.326705537751955],[-92.14981552639844,48.2048412189043],[-91.93884750882032,48.16607626529102],[-91.909962621125,48.083011232332034],[-91.68210312405469,48.03871878238086],[-91.42445847073438,48.1020465716875],[-91.32611557522657,48.12875326724414],[-91.14085098782422,48.21487768741016],[-90,48.248511873201174],[-90,48.121776185945315],[-90,48.10710486026172],[-90,48.088546358064455],[-90,48.06973608584766],[-90,48.0371051654375],[-90,47.97228964419727],[-89.87140366116407,47.994430147126955],[-89.62202966765464,47.96837637116081],[-89.8158535,47.903401],[-90.4566575,47.7051454],[-91.15034487499999,47.3676057],[-91.896915625,46.8907819],[-92.26545825,46.6505315],[-92.25597275,46.6468545],[-92.239518,46.64635425],[-92.216094,46.64903075],[-92.19846225,46.66292975],[-92.18662275,46.68805125],[-92.16893125,46.69294475],[-92.14538775,46.67761025],[-92.143361975,46.680022525],[-92.162853925,46.700181575],[-92.16961192499998,46.710331825],[-92.163635975,46.710473275],[-92.1568249,46.705590025],[-92.1491787,46.695682075],[-92.13390945,46.705040575],[-92.11101715,46.733665525],[-92.0224605,46.73459225],[-91.86823949999999,46.70782075],[-91.558041775,46.76149155],[-91.09186732500001,46.89560465],[-90.831846925,46.94397755],[-90.777980575,46.90661025],[-90.80056805000001,46.81225345],[-90.89960935,46.66090715],[-90.88440325,46.60398725],[-90.75494975,46.64149375],[-90.71604925,46.67795175],[-90.76770175,46.71336125],[-90.7048047,46.68842465],[-90.5273581,46.60314195],[-90.27661125,46.624989925],[-89.95256415,46.753968575],[-89.698410575,46.824350375],[-89.514150525,46.836135325],[-89.31140975,46.88141175],[-89.09018825000001,46.96017965],[-88.83959390000001,47.09270445],[-88.5596267,47.27898615],[-88.299311325,47.39914135],[-88.058647775,47.45317005],[-87.881221275,47.461654675],[-87.767031825,47.424595225],[-87.771665,47.40142285],[-87.89512079999999,47.39213755],[-88.02495545,47.3402374],[-88.16116895,47.2457224],[-88.282719025,47.142483425],[-88.38960567500001,47.030520475],[-88.45661925000002,46.91968975],[-88.48375975,46.80999125],[-88.4091295,46.80813125],[-88.2327285,46.91410975],[-88.180529725,46.930828425],[-88.252533175,46.858287275],[-88.2824806,46.82388315],[-88.270372,46.82761605],[-88.25046707500002,46.845726575],[-88.22276582500001,46.878214725],[-88.17710462500001,46.90099255],[-88.11348347500001,46.91406005],[-88.015584375,46.913207525],[-87.883407325,46.898434975],[-87.76048219999998,46.8639025],[-87.646809,46.8096101],[-87.532936175,46.71299035],[-87.418863725,46.57404325],[-87.27262622500001,46.51189025],[-87.094223675,46.52653135],[-86.91483559999999,46.502949225],[-86.734462,46.441143875],[-86.522136625,46.47541015],[-86.277859475,46.60574805],[-85.993074,46.6721979],[-85.6677802,46.6747597],[-85.370151325,46.7002476],[-85.100187375,46.7486616],[-84.981769,46.7011677],[-85.0148962,46.5577659],[-84.88764724999999,46.47726075],[-84.7436376579549,46.4684444370234],[-84.72308823147657,46.44766195865039],[-84.44015213528516,46.45868643374805],[-84.36020370999219,46.398048006013674],[-84.27731796780469,46.265784822419924],[-83.86512466946485,46.184608064607424],[-83.82065216736616,46.15038273949706],[-83.829654175,46.136551475],[-83.862694525,46.150822025],[-83.8952645,46.134211425],[-83.9273641,46.086719675],[-83.933854725,46.038954975],[-83.914736375,45.990917325],[-83.92732825,45.9614382],[-83.97163035,45.9505176],[-84.12723735,45.95084145],[-84.39414925,45.96240975],[-84.56266595,45.988413175],[-84.63278745,46.028851725],[-84.694154075,45.984190825],[-84.746765825,45.854430475],[-84.63379335,45.750982525],[-84.35523665,45.673846975],[-84.18232252499999,45.599460525],[-84.115050975,45.527823175],[-83.933103275,45.45856795],[-83.636479425,45.39169485],[-83.43090175,45.27498137500001],[-83.31637025,45.108427525],[-83.26047865000001,45.02379425],[-83.26322694999999,45.02108155],[-83.28362185,45.025247925],[-83.32166335,45.036293375],[-83.350038,45.050566425],[-83.3687458,45.068067075],[-83.398025775,45.05883305],[-83.437877925,45.02286435],[-83.421342275,44.97439025],[-83.348418825,44.91341075],[-83.30135795,44.840631025],[-83.28015965,44.756051075],[-83.285912375,44.61882965],[-83.318616125,44.42896675],[-83.3855778,44.3126677],[-83.4867974,44.2699325],[-83.547804975,44.19869865],[-83.568600525,44.09896615],[-83.646453775,44.03385505],[-83.781364725,44.00336535],[-83.8715502,43.920205525],[-83.9170102,43.784375575],[-83.874516475,43.684533725],[-83.744069025,43.620679975],[-83.589906475,43.665117775],[-83.412028825,43.817847125],[-83.34336495,43.8996848],[-83.38391485,43.9106308],[-83.2939638,43.95423715],[-83.0735118,44.03050385],[-82.92073975,44.05725915],[-82.83564765,44.03450305],[-82.7480996,43.961963625],[-82.6580956,43.839640875],[-82.56362055,43.584131425],[-82.46467445,43.195435275],[-82.354409275,43.015389575],[-82.29783905825836,43.02869867471761],[-82.41758438626172,42.80697592349414],[-82.53621384182813,42.612227998689455],[-82.72240921536329,42.479598604158205],[-83.04053207913282,42.243365846589846],[-83.06046005764844,42.145370088533205],[-83.05604489302539,42.02697781506355],[-83.1251124,42.05104665],[-83.1874467,42.0596484],[-83.1776613,42.029997],[-83.203071125,42.010802475],[-83.263676175,42.002064825],[-83.28378845,41.984564825],[-83.26340794999999,41.958302475],[-83.2809623,41.936954925],[-83.3364515,41.920522175],[-83.392752125,41.859502925],[-83.449864175,41.753897175],[-83.4427679,41.70221965],[-83.3714633,41.70447035],[-83.235110325,41.657918875],[-83.033708975,41.562565225],[-82.907933225,41.533184575],[-82.857783075,41.569776925],[-82.83892985,41.57243475],[-82.85137355,41.54115805],[-82.821069575,41.52824565],[-82.748017925,41.53369755],[-82.797337275,41.5152735],[-82.969027625,41.4729735],[-83.02725485,41.443858875],[-82.97201895,41.427929625],[-82.91121815,41.433931475],[-82.84485245,41.461864425],[-82.73029845,41.452052925],[-82.56755615,41.404496975],[-82.367726425,41.41446995],[-82.130809275,41.48197185],[-81.945160475,41.50875625],[-81.810780025,41.49482315],[-81.627996925,41.55822305],[-81.39681117500001,41.69895595],[-81.04293535,41.83613365],[-80.56636945,41.96975615],[-80.073365375,42.15337705],[-79.563923125,42.38699635],[-79.19838985,42.570673775],[-78.97676555,42.704409325],[-78.874921625,42.8043478],[-78.892858075,42.8704892],[-78.950209025,42.886512925],[-79.046974475,42.852418975],[-79.05015837548426,42.852258967447526],[-79.06566330471875,42.97131308169727],[-79.1378678945625,43.182986818269534],[-79.14004738860244,43.22208175207458],[-78.820821625,43.307951275],[-78.5033689,43.361989425],[-78.2367363,43.371002875],[-78.0175322,43.36692405],[-77.84575660000002,43.34975295],[-77.699754775,43.299572775],[-77.579526725,43.216383525],[-77.5229563,43.1902009],[-77.5300435,43.2210249],[-77.4854853,43.247488675],[-77.3892817,43.269592225],[-77.237354425,43.26642235],[-77.029703475,43.23797905],[-76.937494,43.2370318],[-76.960726,43.2635806],[-76.935737775,43.27579785],[-76.862529325,43.27368355],[-76.72363225,43.3348378],[-76.51904655,43.4592606],[-76.369271625,43.524730625],[-76.274307475,43.531247875],[-76.20917755,43.564729725],[-76.17388185,43.625176175],[-76.191954675,43.701325725],[-76.263396025,43.793178375],[-76.289048625,43.849810425],[-76.268912475,43.871221875],[-76.245535175,43.87374915],[-76.218916725,43.85739225],[-76.16554335,43.88817495],[-76.08541505,43.96609725],[-76.05104045,44.008025725],[-76.06241955,44.013960375],[-76.0906424,44.00257565],[-76.135709,43.97387155],[-76.168768525,43.961697225],[-76.18982097499999,43.966052675],[-76.17810085,43.987718625],[-76.13360815,44.026695075],[-76.13490725,44.054714275],[-76.18199815,44.071776225],[-76.22449455,44.0505053],[-76.26239645,43.9909015],[-76.303485275,43.996902125],[-76.347761025,44.068507175],[-76.281092825,44.14347355],[-76.103480675,44.22180125],[-76.0154337,44.2859399],[-76.0169519,44.3358895],[-76.130829075,44.3272785],[-76.13288973210058,44.32666667189694],[-75.45849319973829,44.63969763369922],[-75.21803757229688,44.776839815095705],[-74.78240677395704,45.012225709871096],[-73.99034592190625,45.01653250308399],[-72.86158463040235,45.00320395083789],[-72.02667709866407,45.00128134341602],[-71.53464981594922,44.95860632510547],[-71.45621964016797,45.127643190339846],[-71.2928971914375,45.3232494220293],[-71.11182877102735,45.35020788760547],[-70.5894288686836,45.294620119050784],[-70.07698532620313,45.94710501284961],[-69.56453415432813,46.94613989444141],[-69.33331772366407,47.22787054629688],[-69.04906937161329,47.46438177676563],[-68.92590805569532,47.42587622256641],[-68.6989030508125,47.263927064851565],[-68.52740952053907,47.22569616885547],[-68.34302231350782,47.305003725007815],[-67.9964112905586,47.29381140323047],[-67.77693649807813,47.16450461001758],[-67.698536839875,47.0410114154375],[-67.55923935452344,45.77224691958789],[-67.59396835842969,45.66897924991016],[-67.32132431546094,45.56493338199024],[-67.22073074856641,45.56493338199024],[-67.20206162014844,45.495582185701174],[-67.26611801663282,45.464759431794924],[-67.25745865383985,45.34921606631641],[-67.34384628811719,45.314559541658205],[-67.27174088040235,45.183658204988284],[-67.18675705471875,45.25231894107227],[-67.02982040921094,45.02951391787891],[-67.15028091946485,44.90330847354297],[-67.01581284085157,44.921310029939455],[-66.93893906155469,44.87928732486133],[-67.1688737539375,44.71121557803516],[-67.3977784780586,44.669200502351565],[-67.5316667226875,44.723224245027346],[-67.53729721585157,44.609195314363284],[-67.59958359280469,44.57918509097461],[-67.63406082669141,44.627200685457034],[-67.7382096914375,44.66320379825],[-67.86269089260938,44.603187166169924],[-67.90804764309766,44.47718771548633],[-67.98495956936719,44.48318823428516],[-68.05237289944532,44.411197267488284],[-68.13103958645704,44.56719168277149],[-68.46655746975782,44.44119223208789],[-68.55826279202344,44.48318823428516],[-68.5043458608711,44.29723318667774],[-68.80406662503125,44.39320334048633],[-68.71458908596875,44.609195314363284],[-68.7816667226875,44.627200685457034],[-68.94546219387891,44.39320334048633],[-69.09474655667188,44.141307435945315],[-69.24886795559766,43.99142035098438],[-69.39454361477735,44.093333803132815],[-69.50658127346875,43.895511232332034],[-69.66226669827344,43.93148001284961],[-69.60751053372266,44.069354616121096],[-69.75374313870313,43.955447755769534],[-69.67974564114454,43.883521638826174],[-69.82613083401563,43.75168188662891],[-69.96925064602735,43.811595521882815],[-69.92203995266797,43.91349371524219],[-70.21647354641797,43.79962118716602],[-70.18727585354688,43.63783224673633],[-70.30587479153516,43.619857393220705],[-70.37820908108594,43.452132783845705],[-70.5363282827461,43.40421637149219],[-70.68628403225782,43.09885748477344],[-70.86807724514844,42.87142523379688],[-70.79017349758985,42.805606447175784],[-70.7594499258125,42.70988043399219],[-70.68365952053907,42.685950838044924],[-70.646290746125,42.721847139314455],[-70.5702409414375,42.715865694001955],[-70.62524124661329,42.650062166169924],[-70.87147995510938,42.602218233064455],[-70.84754654446485,42.560348115876955],[-71.02380081692579,42.42878683658008],[-71.05438705960157,42.357032381013674],[-70.90261551419141,42.34508093448047],[-70.775929418,42.30322226138477],[-70.50623032132032,41.9864574298418],[-70.48158737698438,41.80722387881641],[-70.30209061184766,41.75944098086719],[-69.99097916165235,41.86696966739063],[-70.0008058218086,41.95061834903125],[-70.06406113186719,41.962562166169924],[-70.17819687405469,42.08804281802539],[-70.22181412258985,42.105975709871096],[-70.22596451321485,42.13585623355274],[-70.13782211819532,42.13585623355274],[-70.03407761135938,42.076095186189455],[-69.93578049221875,41.91476019473438],[-69.92203995266797,41.723609529451174],[-70.64160629788282,41.59222372622852],[-70.65623184719922,41.765426240876955],[-70.71164413967969,41.795283876375],[-70.76080795803907,41.69375189395313],[-70.83457657376172,41.67583807559375],[-70.84794327298047,41.63402517886524],[-70.89547440091016,41.68180426211719],[-70.96713730374219,41.56236990542774],[-71.04086777249219,41.54445990176563],[-71.17315384426954,41.52654989810352],[-71.19360062161329,41.67583807559375],[-71.10439774075391,41.825152955964846],[-71.3036393789375,41.77139624209766],[-71.37301346341016,41.837108217195315],[-71.40983292141797,41.723609529451174],[-71.44921585598829,41.425052247957034],[-72.09216019192579,41.3653636798418],[-72.8544435171211,41.29373510928516],[-73.38648697415235,41.13857992740039],[-73.74050613919141,40.97749289126758],[-73.78397079983594,40.88204916568164],[-73.92799850979688,40.85818823428516],[-73.9929933218086,40.78066977115039],[-74.0071534780586,40.79855307193164],[-73.86869522610547,41.13857992740039],[-73.85807510891797,41.18631323428516],[-73.88995834866407,41.174380861238284],[-74.07444473782422,40.726993165925784],[-74.11007401028516,40.762775026277346],[-74.29292770901563,40.631595216707034],[-74.23124110314882,40.54190620136975],[-74.23111,40.542221]],[[-87.605119975,41.876819625],[-87.553758725,41.766200275],[-87.477093875,41.6853882],[-87.375125425,41.6343834],[-87.224453225,41.634622675],[-87.025077275,41.686106025],[-86.841750875,41.7660239],[-86.674474025,41.8743763],[-86.51782685,42.035098975],[-86.37180935,42.248191925],[-86.27588580000001,42.44202895],[-86.2300562,42.61661005],[-86.218954325,42.79856675],[-86.242580175,42.98789905],[-86.326169925,43.2202092],[-86.469723575,43.4954972],[-86.513782,43.68081785],[-86.4583452,43.77617115],[-86.451774525,43.8822567],[-86.494069975,43.9990745],[-86.453372075,44.1299426],[-86.329680825,44.274861],[-86.264746725,44.433338575],[-86.258569775,44.605375325],[-86.21421057500001,44.70385125],[-86.13166912499999,44.72876635],[-86.08427047499998,44.78255895],[-86.072014625,44.86522905],[-86.0017717,44.917198575],[-85.8735417,44.938467525],[-85.7432983,45.0149321],[-85.6110415,45.1465923],[-85.54344105,45.2117508],[-85.54049695,45.2104076],[-85.5360171,45.203949425],[-85.53000150000001,45.192376275],[-85.53486817500001,45.173299775],[-85.55061712499999,45.146719925],[-85.5724825,45.13175695],[-85.6004643,45.12841085],[-85.602242825,45.106771175],[-85.57781807500001,45.066837925],[-85.587324175,44.997604025],[-85.630761125,44.899069475],[-85.6379297,44.82938505],[-85.60882989999999,44.78855075],[-85.56445745,44.823995575],[-85.50481235,44.935719525],[-85.500360425,44.93394425],[-85.55110167500001,44.81866975],[-85.5637776,44.757846725],[-85.53838820000001,44.751475175],[-85.491595825,44.798212975],[-85.423400475,44.898060125],[-85.3826041,45.032860525],[-85.3692067,45.202614175],[-85.25063410000001,45.314089075],[-85.0268863,45.367285225],[-84.95189925,45.408151925],[-85.02567295,45.436689175],[-85.0765,45.4831121],[-85.1043804,45.5474207],[-85.07459807500001,45.612376775],[-84.987153025,45.677980325],[-84.960845175,45.724122975],[-84.995674525,45.750804725],[-84.95857715,45.7604892],[-84.84955305,45.7531764],[-84.784349725,45.77192275],[-84.762967175,45.81672825],[-84.81766185,45.882030525],[-84.94843375,45.967829575],[-85.13649605,46.03209775],[-85.38184874999999,46.07483505],[-85.551247325,46.06161895],[-85.64469177499998,45.99244945],[-85.8375097,45.9542455],[-86.1297011,45.9470071],[-86.29548585,45.90534205],[-86.33486395,45.82925035],[-86.41118492499999,45.771340325],[-86.524448775,45.731611975],[-86.5893745,45.683896625],[-86.6059621,45.628194275],[-86.640246775,45.6198317],[-86.692228525,45.6588089],[-86.678670375,45.701562425],[-86.599572325,45.748092275],[-86.55420154999999,45.800155875],[-86.54255805,45.857753225],[-86.5978461,45.88008845],[-86.7200657,45.86716155],[-86.795588725,45.82601135],[-86.824415175,45.75663785],[-86.8709444,45.708342225],[-86.9351764,45.681124475],[-86.968878475,45.7294092],[-86.972050625,45.8531964],[-86.995176625,45.86378035],[-87.038256475,45.76116105],[-87.1948211,45.569909575],[-87.4648705,45.290025925],[-87.606844675,45.107416025],[-87.620743625,45.022079875],[-87.680654275,44.967635775],[-87.786576625,44.944083725],[-87.876240525,44.878169],[-87.949645975,44.7698916],[-87.99057255,44.67143535],[-87.99902025,44.58280025],[-87.943453575,44.564563325],[-87.823872525,44.616724575],[-87.71822215,44.69514405],[-87.62650245,44.79982175],[-87.543804325,44.862329175],[-87.470127775,44.882666325],[-87.4032883,44.86779635],[-87.3432859,44.81771925],[-87.37118795,44.67563055],[-87.48699445000001,44.44153025],[-87.53671125000001,44.29154],[-87.52033835,44.2256598],[-87.56367522500001,44.129546075],[-87.666721875,44.003198825],[-87.7146093,43.8760743],[-87.7073375,43.7481725],[-87.7557896,43.575430175],[-87.8599656,43.357847325],[-87.9083685,43.19183065],[-87.9009983,43.07738015],[-87.8623457,42.960594525],[-87.7924107,42.841473775],[-87.776588275,42.659959375],[-87.814878425,42.416051325],[-87.783217775,42.2036053],[-87.681606325,42.0226213],[-87.605119975,41.876819625]]],[[[-168.55403610745313,53.37528570742969],[-168.50734421292188,53.42886313052539],[-168.35590073147657,53.54953344912891],[-168.22346970120313,53.58995398135547],[-167.96077438870313,53.490108095125],[-167.86543747464063,53.32341345401172],[-168.04071518460157,53.30942877383594],[-168.37433334866407,53.23527868838672],[-168.5141343740547,53.29514654727344],[-168.55403610745313,53.37528570742969]]],[[[-166.77057358303907,54.001239381746096],[-166.57965561428907,53.96140631289844],[-166.38348862210157,53.85458334536914],[-166.49316879788282,53.733844362214846],[-166.61009689846875,53.70682867617969],[-166.64284225979688,53.572921358064455],[-166.74185654202344,53.53258093448047],[-166.9272203115547,53.45891150088672],[-167.00262924710157,53.726173006013674],[-167.14842697659375,53.94021566958789],[-166.77057358303907,54.001239381746096]]],[[[-132.17720505276563,55.28475149722461],[-132.17378708401563,54.846309267],[-133.01601120510938,55.37103231997852],[-133.27101608792188,55.6209789142168],[-133.26630112210157,55.8310619220293],[-133.5177964834297,56.21072348208789],[-133.48555466214063,56.25834234805469],[-133.2806901601875,56.23156698794727],[-133.15726181546094,56.116309724763674],[-132.63325974026563,55.90010794253711],[-132.59436508694532,55.812022767976565],[-132.6207780508125,55.750953279451174],[-132.6880845693672,55.6491771564043],[-132.55470749417188,55.45311316104297],[-132.17720505276563,55.28475149722461]]],[[[-134.94566818753125,56.453502260164065],[-135.19733139553907,56.82011755557422],[-135.46605392971875,57.229198060945315],[-135.48392197171094,57.33171423526172],[-135.44122787991407,57.42754705996875],[-135.25807663479688,57.41421087832813],[-135.00233933010938,57.32577093692188],[-134.8212632803047,56.916339479402346],[-134.76378342190625,56.79368170352344],[-134.80276962796094,56.67095144839649],[-134.94566818753125,56.453502260164065]]],[[[-163.56741806546094,55.02175482364063],[-163.36018845120313,54.921058259919924],[-163.2063951162422,54.737186037019534],[-163.32181259671094,54.699229799226565],[-163.57271286526563,54.63152655215625],[-164.07188889065625,54.657455049470705],[-164.24597641507032,54.59664877505664],[-164.42503830471875,54.401534639314455],[-164.56448837796094,54.33413656802539],[-164.94884201565625,54.4273753985918],[-165.0097398428047,54.52799566836719],[-164.78615280667188,54.68968542666797],[-164.56093308010938,54.831317506746096],[-164.13124558010938,54.906138978914065],[-163.74278732815625,55.06191595645313],[-163.56741806546094,55.02175482364063]]],[[[-162.74593063870313,55.063853822664065],[-162.80060287991407,54.996192537263674],[-162.9679917959297,54.948733888582034],[-163.19971176663282,55.0427203998125],[-163.26241013089063,55.17098196597461],[-163.09088608303907,55.27271994204883],[-162.78760239163282,55.1516185626543],[-162.74593063870313,55.063853822664065]]],[[[-160.39130112210157,55.56218679995899],[-160.5277604726875,55.541610322908205],[-160.86708542385938,55.57481726260547],[-161.09033676663282,55.56084402652149],[-161.5751237539375,55.478641115144534],[-161.695851293,55.37688025088672],[-162.2183122305,55.13241537661914],[-162.546193089875,55.145309053376955],[-162.58974167385938,55.25339850039844],[-162.58459946194532,55.38870581241016],[-162.22379013577344,55.49771078677539],[-162.07729050198438,55.59282263369922],[-161.81046005764844,55.78313788028125],[-161.60892197171094,55.844562135652346],[-161.31807419339063,55.87905081363086],[-160.6759996084297,55.76494558902149],[-160.35571762600782,55.657107912019534],[-160.39130112210157,55.56218679995899]]],[[[-170.96809860745313,63.651675783113284],[-170.7234849599922,63.68790014834766],[-170.48152634182813,63.688373170808596],[-170.10889145413282,63.56027182193164],[-169.3329362539375,63.39732702823047],[-169.13988205471875,63.29059561343555],[-169.1192369131172,63.240680299714846],[-169.37530991116407,63.254466615632815],[-169.6658677724922,63.23965033145313],[-169.90311142483594,63.07521017642383],[-170.62897202053907,63.36632879825],[-170.9664048818672,63.45857199283008],[-171.32257553616407,63.48649176211719],[-171.72774216214063,63.457130037263674],[-171.8583726553047,63.4997630939043],[-172.05232712307813,63.59952887149219],[-171.9716081289375,63.728526674226565],[-171.73936935940625,63.750445924714846],[-171.22862717190625,63.65118368716602],[-170.96809860745313,63.651675783113284]]],[[[-154.34203049221875,57.48731955142383],[-154.1886491445625,57.63143118472461],[-153.86636826077344,57.467689119294924],[-153.73126694241407,57.42687185855274],[-153.52180954495313,57.54363974185352],[-153.42482468167188,57.63974341006641],[-153.39587875882032,57.8043170795],[-153.17781540432813,57.8253246173418],[-152.679493871125,57.764537416414065],[-152.43838974514844,57.61420401187305],[-152.37831589260938,57.518436037019534],[-152.71849533596875,57.490394197419924],[-152.91156479397657,57.49002417178516],[-153.17706772366407,57.40740164370899],[-153.22644516507032,57.36624106021289],[-153.27119919339063,57.263560853914065],[-153.49213120022657,57.051307283357424],[-153.6700181631172,56.96903570742969],[-153.87775131741407,56.941348634675784],[-154.16014572659375,56.98174246402149],[-154.592579808625,57.14483603091602],[-154.6613511709297,57.23356970401172],[-154.5851792959297,57.3636546954668],[-154.34203049221875,57.48731955142383]]],[[[-136.41823288479688,58.111190401033205],[-136.30008408108594,58.180091463044924],[-136.02452560940625,58.21496542544727],[-135.6718492178047,58.04393347354297],[-135.32489487210157,58.09266623111133],[-135.11499496975782,57.67462881656055],[-135.147023168,57.59923132510547],[-135.5425309805,57.72180136294727],[-135.82173630276563,57.75551565738086],[-135.79140183010938,57.55691107364063],[-135.81644150296094,57.454207979158205],[-136.23701950589063,57.727313600496096],[-136.59644028225782,57.90492209048633],[-136.41823288479688,58.111190401033205]]],[[[-130.69536301175,55.46538122744922],[-130.89236923733594,55.76919897647266],[-131.10103317776563,55.91288336367969],[-131.19051071682813,56.03476294131641],[-131.76700302639844,56.0100055560625],[-131.96361252346875,55.96609076114063],[-132.03246017971875,55.89350088687305],[-132.2555894521797,55.85003622622852],[-132.2640123037422,55.937152467683596],[-132.27916428128125,56.13155706973438],[-132.18375107327344,56.25405081363086],[-132.10095688382032,56.349383912996096],[-132.27107712307813,56.505530916169924],[-132.55931564846875,56.70247610659961],[-132.87128159085157,57.01559790225391],[-133.19673630276563,57.158370576814455],[-133.40042587796094,57.21945150943164],[-133.34084030667188,57.376815401033205],[-133.5968522695625,57.643287263826174],[-133.6412858633125,57.73912771792774],[-133.47411057034375,57.84225805850391],[-133.50479599514844,57.89706762881641],[-133.6403093008125,57.96541937442188],[-133.84044357815625,57.99935110659961],[-134.01663681546094,58.12260778994922],[-134.12349411526563,58.239215455964846],[-134.38007065335157,58.3762279376543],[-134.8302964834297,58.56118353457813],[-135.04585739651563,58.90538366885547],[-135.14375778714063,59.16753347964649],[-135.30861374417188,59.346961580232424],[-135.4694566396797,59.33973654361133],[-135.51483627835157,58.97349890323047],[-135.32571884671094,58.58088644595508],[-135.27911850491407,58.44331320376758],[-135.30032822171094,58.37449225039844],[-135.6158952383125,58.4357868060625],[-135.73827072659375,58.4699779376543],[-135.96841904202344,58.696788392976565],[-136.14838120022657,58.90328177066211],[-136.3901109365547,58.84076651187305],[-136.93880173245313,58.943179689363284],[-136.37030502835157,58.62023504825],[-136.35608383694532,58.523868165925784],[-137.08501144925,58.44676931949024],[-137.57666489163282,58.604163728669924],[-138.20122238675,59.03053244204883],[-138.4457292226875,59.161883912996096],[-138.74449631253125,59.18144568057422],[-138.78018662014844,59.1813922748125],[-139.20009323635938,59.2773395404375],[-139.78506943264844,59.51837881656055],[-139.3673600820625,59.63000448794727],[-139.30663010159375,59.706344209626955],[-139.39981552639844,59.83094748111133],[-139.572560277375,59.89999731631641],[-139.92891403714063,59.82994421573047],[-140.1329087881172,59.76717337222461],[-140.42836472073438,59.75967749209766],[-140.9045152334297,59.786483369783205],[-141.38519760647657,59.89656027408008],[-141.3728990224922,60.00773199649219],[-141.43944260159375,60.091231904939455],[-141.5855455068672,60.139754854158205],[-141.74712082425,60.13249929995899],[-141.95845505276563,60.041461549714846],[-142.42458054104688,60.019671998933596],[-143.08368393460157,60.07418020816211],[-144.0529527334297,60.05142553897266],[-144.4064225820625,60.09257086367969],[-144.51793381253125,60.14116629214649],[-144.81078049221875,60.31508596988086],[-145.0028581289375,60.55236013980274],[-145.13838669339063,60.45421560855274],[-145.49269577542188,60.38364752383594],[-145.8931626943672,60.515697084382815],[-145.9983873037422,60.66243704409961],[-146.18587204495313,60.725108705476565],[-146.57832809964063,60.83646734805469],[-147.27010056057813,60.940311037019534],[-147.637989964875,61.05192144961719],[-147.94012924710157,61.20585211367969],[-148.18898483792188,61.10002478213672],[-148.49261948147657,61.0643382892168],[-148.46587082425,60.86794241519336],[-148.5526628164375,60.839732728914065],[-148.72780319729688,60.7273021564043],[-148.83966537991407,60.54507788272266],[-148.33609482327344,60.41319616885547],[-148.2575425771797,60.280623994783205],[-148.30090805569532,60.10610922427539],[-148.49351975003125,59.90396460147266],[-148.6998796133125,59.9035602435625],[-149.06190964260938,60.00011023135547],[-149.32562729397657,60.02748068423633],[-149.5811509756172,59.98519476504688],[-150.0210923818672,59.71377142520313],[-150.50098129788282,59.615840517],[-150.92232224026563,59.41424521060352],[-151.38795944729688,59.21278341861133],[-151.88097092190625,59.16345175357227],[-151.80069443264844,59.30187948794727],[-151.77225204983594,59.35726126284961],[-151.4479722646797,59.537852846101565],[-151.48990341702344,59.711017213777346],[-151.78467270413282,59.94630392642383],[-151.78299423733594,59.99495657534961],[-151.41502853909375,60.253707490876955],[-151.23036667385938,60.47061499209766],[-151.15955063382032,60.659652315095705],[-150.82840439358594,60.80037649722461],[-150.43716904202344,60.90628012271289],[-149.9128160146797,60.91427954287891],[-149.42468735257032,60.85911902041797],[-149.316945043,60.92943533511524],[-149.8743638662422,61.13897665591602],[-150.31123825589063,61.31387671084766],[-150.780568089875,61.29190023990039],[-150.8822526601875,61.19327887149219],[-151.08409592190625,61.15071829409961],[-151.3418931631172,60.95366247744922],[-151.731007543,60.7846637591875],[-152.18968674221875,60.65769537539844],[-152.5610093740547,60.384234987214846],[-152.74359604397657,60.34196814151172],[-152.87772079983594,60.27886541934375],[-152.81886765042188,60.13242682071094],[-152.89868637600782,59.89561804385547],[-153.15216537991407,59.742530427888674],[-153.40636154690625,59.70737036319141],[-153.70975204983594,59.64443548770313],[-153.97601791897657,59.519210420564455],[-154.28227707425,59.2487750873125],[-154.29820725003125,59.11740072818164],[-154.1269273428047,59.04174765200977],[-153.9648179678047,59.02825125308399],[-153.66443344632032,58.9804645404375],[-153.45496079007032,58.877338014558596],[-153.48860641995313,58.79449423404102],[-153.6823014883125,58.642474733308596],[-153.96358200589063,58.55239065738086],[-154.21385666409375,58.427955232576174],[-154.40448471585157,58.248763643220705],[-154.64931198635938,58.076480470613284],[-154.9532212881172,58.03468283267383],[-155.59814926663282,57.89615973086719],[-155.90318771878125,57.71725805850391],[-156.36938950100782,57.56561239810352],[-156.68457504788282,57.400699220613284],[-156.45070358792188,57.17548330874805],[-156.49576279202344,57.100230775789065],[-156.99342819729688,56.91489752383594],[-157.39708420315625,56.84590109439258],[-157.74747177639844,56.77021750064258],[-157.98029037991407,56.653880678132815],[-158.52673813382032,56.44850882144336],[-158.6148423818672,56.366675935701174],[-158.738087621125,56.18962439151172],[-159.07692429104688,55.991962037996096],[-159.61395737210157,55.889110170320315],[-160.1694078115547,55.8066364154375],[-160.60742661038282,55.96186789126758],[-160.6066178945625,56.04336126895313],[-160.45729538479688,56.19991263003711],[-160.1138658193672,56.32299002261524],[-159.9760026601875,56.41848333926563],[-159.77594467678907,56.58230551333789],[-159.2487077383125,56.78096731753711],[-158.61729904690625,56.74808844180469],[-158.67104050198438,56.84346731753711],[-158.66209885159375,57.075580202058596],[-158.45070358792188,57.21266897769336],[-158.12465378323438,57.343211732820315],[-157.7851304678047,57.50813253970508],[-157.665333714875,57.6042438373125],[-157.66455551663282,57.93339117617969],[-157.55373093167188,58.27025564761524],[-157.24185654202344,58.49105032534961],[-157.15456100979688,58.67034109683399],[-157.13942429104688,58.85578878970508],[-157.42422958889844,58.800819002107424],[-157.9874009756172,58.716998659089846],[-158.29141708889844,58.730208955720705],[-158.51666733303907,58.99888189883594],[-158.6361589101875,58.97104986758594],[-158.91186996975782,58.873897157625],[-158.97314926663282,58.77028997989063],[-158.865529027375,58.611957155183596],[-158.85645004788282,58.45356711001758],[-158.93266769925,58.432777009919924],[-159.11009689846875,58.487506471589846],[-159.36554428616407,58.631671510652346],[-159.58441635647657,58.810523591951174],[-159.81358810940625,58.94118841739063],[-160.06520554104688,58.954513154939455],[-160.43053146878125,59.00216635318164],[-160.840138402375,58.95994146914844],[-160.8276109365547,58.89784201236133],[-161.11713120022657,58.745528779939455],[-161.64595505276563,58.682471834138674],[-161.93819138089063,58.72328146548633],[-161.96730515042188,58.77841147036914],[-162.00392624417188,58.826610170320315],[-162.0601091055,59.28933294864063],[-161.92517563382032,59.51803167910938],[-161.98914047757032,59.711932741121096],[-162.3781022695625,60.16311606021289],[-163.02179428616407,59.96670874209766],[-163.35376450100782,59.931373201326174],[-163.53639694729688,59.84078940005664],[-164.02740952053907,59.79824408145313],[-164.20760056057813,59.901996217683596],[-164.38472458401563,60.06167181582813],[-164.5942124990547,60.207774721101565],[-165.04755112210157,60.41646536441211],[-165.12799545803907,60.54220923037891],[-164.99634262600782,60.61944540591602],[-164.84467026272657,60.815894685701174],[-164.52809616604688,60.7534137591875],[-163.937794652375,60.614459596589846],[-163.62695786038282,60.601031862214846],[-163.51997849026563,60.70629080386524],[-163.688771214875,60.92328604312305],[-163.89488693753125,61.04222830386524],[-164.05811020413282,61.041915498689455],[-164.30165573635938,60.94316824527149],[-164.53925034085157,60.94973333926563],[-165.14317795315625,61.18035849185352],[-165.42334457913282,61.26419409366016],[-165.51204391995313,61.257003389314455],[-165.89809128323438,61.270335756257815],[-165.90916916409375,61.305492006257815],[-166.18953415432813,61.7489086017168],[-165.8340806631172,61.83428915591602],[-165.80214401760938,62.03929480166797],[-165.57922836819532,62.13877447696094],[-165.53346725979688,62.273395143464846],[-165.43123337307813,62.429542146638674],[-165.0296373037422,62.650367341951174],[-164.8778581289375,62.821246705964846],[-164.70445725003125,62.956763826326174],[-164.46703049221875,63.17097433658008],[-164.29176804104688,63.24977072329883],[-163.9679917959297,63.2004466876543],[-163.52701279202344,63.080081544832034],[-163.30862900296094,63.03774221988086],[-162.97005173245313,63.10251196475391],[-162.77811142483594,63.216937623933596],[-162.4744615224922,63.41023977847461],[-161.91075607815625,63.5256420001543],[-161.56256577053907,63.54058798404102],[-161.13301559964063,63.562842927888674],[-160.97394272366407,63.64181860537891],[-160.89000412503125,63.85677679629688],[-161.00630661526563,64.15789373965626],[-161.37294479885938,64.46636541934376],[-161.36099716702344,64.5095630511797],[-160.94391342678907,64.52476843448048],[-160.78966232815625,64.64031561465626],[-160.9021958974922,64.81319006533985],[-161.12569138089063,64.92829474063282],[-161.2906236318672,64.96410711856251],[-162.1366471914375,64.78921850772267],[-162.56151291409375,64.60096319766407],[-162.80194565335157,64.47088202090626],[-163.02521225491407,64.44165381045704],[-163.8833970693672,64.59127386660938],[-164.2651109365547,64.6049991473711],[-164.59991928616407,64.61876257510548],[-165.171193089875,64.54565008731251],[-165.74068161526563,64.55898626895313],[-166.34773727932813,64.6371036395586],[-166.5860337881172,64.73040350528126],[-166.66852280178907,65.08462103457813],[-166.60379501858594,65.15014990420704],[-166.31743332425,65.16522558780079],[-165.86377426663282,65.16608007998829],[-165.66328903714063,65.24648626895313],[-166.13866135159375,65.35480078311329],[-166.99905869046094,65.49169500918751],[-167.60156723538282,65.60000189395313],[-168.17979904690625,65.6938892230547],[-168.08133408108594,65.74522741885548],[-167.73000046292188,65.86296423526173],[-167.024220433625,65.95946844668751],[-166.4281968740547,66.1071964129961],[-165.9972428945625,66.20341833682423],[-165.52136704007032,66.36595495791798],[-165.09273239651563,66.46976049991017],[-164.46313950100782,66.59615667910938],[-163.7824449209297,66.53848608584767],[-163.85339829007032,66.30294378848438],[-163.84308334866407,66.17811163516407],[-163.3700456289375,66.10560186953907],[-162.75850388089063,66.06275518985157],[-162.2750749258125,66.07097967715626],[-161.97949692288282,66.11555060000782],[-161.62682053128125,66.22629126162892],[-161.37917038479688,66.35901220889454],[-161.26143356839063,66.39603003116017],[-160.92296310940625,66.36724432559376],[-160.5846910146797,66.31643255801563],[-160.12523361721875,66.33931311221485],[-160.03540512600782,66.48662909121876],[-160.03227707425,66.56761511416798],[-160.34265610257032,66.59653051944142],[-161.21837326565625,66.72757299991017],[-161.79561325589063,66.74863012881642],[-161.93573471585157,67.08837469668751],[-162.59874435940625,67.16118963809376],[-163.03088852444532,67.17517431826954],[-163.7387437490547,67.21832617373829],[-163.825978246125,67.44821508975392],[-164.04396530667188,67.58903845401173],[-164.5126695303047,67.79665716739063],[-164.742970433625,67.86329229922657],[-165.939991918,68.15981634707813],[-166.84352585354688,68.40520819278126],[-166.70106979885938,68.48049505801563],[-166.33539291897657,68.66138037295704],[-166.2968034414375,68.87961920352345],[-165.3355455068672,68.90401800723438],[-164.89020248928907,68.93497046084767],[-164.067189183625,69.06467779727345],[-163.71423813382032,69.22388800235157],[-163.51073166409375,69.50418432803517],[-163.15620895901563,69.76276739688282],[-162.8791246084297,69.9990650043047],[-162.511036839875,70.18374975772267],[-162.17723557034375,70.2842212543047],[-161.69739243069532,70.33124121280079],[-161.1875962881172,70.43989142032032],[-160.71655746975782,70.45616491885548],[-159.90466782132032,70.4269214496172],[-159.83911606350782,70.5117374286211],[-159.90958115139844,70.60412939639454],[-160.24831100979688,70.76563604922657],[-160.2403306631172,70.85846289248829],[-159.3693589834297,70.89876135440235],[-158.85516830960157,70.88426550479298],[-158.41685959378125,70.90831335635548],[-157.8119401601875,70.97140081973438],[-157.31787582913282,71.15849646182423],[-156.90474411526563,71.34585913272267],[-156.47401901760938,71.35444220157032],[-156.34712692776563,71.33133276553517],[-156.04321762600782,71.22303351016407],[-155.97292038479688,71.14548071475392],[-156.14545151272657,71.08307226748829],[-156.13797470608594,70.92808111758595],[-155.66579147854688,70.86703070254688],[-155.47481247464063,70.85190161319142],[-155.233693089875,70.98398169131642],[-155.09985825100782,71.07726629825001],[-154.46129318753125,70.99315985293751],[-153.77106186428907,70.97122534366017],[-153.2930650381172,70.94890173526173],[-152.9711656240547,70.93400915713673],[-152.65120407620313,70.81853064151173],[-152.48952194729688,70.69520147891407],[-152.13712021389844,70.53390081973438],[-151.9150132803047,70.49577673526173],[-151.72560593167188,70.53467138858204],[-151.14420029202344,70.4818302020586],[-150.63855454007032,70.47509344668751],[-149.93851181546094,70.49947699160938],[-149.28632065335157,70.53923376651173],[-148.74062058010938,70.49404486270313],[-148.1207780508125,70.37976416201954],[-147.72354599514844,70.32667120547657],[-146.18263718167188,70.26810034366017],[-145.6070298818672,70.1924243793047],[-145.27254196682813,70.11638220401173],[-144.36034103909375,70.13342627139454],[-143.30757614651563,70.19675024600392],[-142.80247971096875,70.09034308047657],[-141.70396896878125,69.73443945498829],[-141.1613511709297,69.59894140811329],[-141.0592546133125,69.59546240420704],[-141.01312729397657,69.37820013614063],[-141.01448532620313,68.0932803973711],[-140.9972428945625,67.07673987002735],[-140.97377487698438,66.0257984027422],[-140.91554733792188,64.76773413272267],[-140.92728134671094,63.785506807283205],[-140.94664475003125,61.83504828067188],[-140.9351091055,60.859698854402346],[-140.89491745510938,60.38881643863086],[-140.80695053616407,60.26297339053516],[-140.42879196682813,60.22991140933399],[-139.3378648428047,60.28469046206836],[-139.00514694729688,60.258380495027346],[-138.85570236721875,60.0839801654375],[-138.77801987210157,59.90964850039844],[-138.6214341787422,59.77806814761524],[-137.64856430569532,59.18515356631641],[-137.22333237210157,58.88222845645313],[-137.11632248440625,59.02834662051563],[-136.73489853421094,59.12053259463672],[-136.18375107327344,59.42203863711719],[-135.85481735745313,59.646319948152346],[-135.63216110745313,59.703143678621096],[-135.25772568264844,59.67031057925586],[-135.11548325100782,59.58059652896289],[-134.94852158108594,59.35898932071094],[-134.79105087796094,59.213992677644534],[-133.8693132070625,58.68511541934375],[-133.50284287014844,58.42426260562305],[-132.70697495022657,57.628734193757815],[-131.95544907132032,56.78187521548633],[-131.72487350979688,56.60519369693164],[-131.63983627835157,56.59196051211719],[-131.19881149807813,56.45077856631641],[-130.28743454495313,56.107493959382815],[-130.10638901272657,55.99258764834766],[-130.17960068264844,55.63821753116016],[-130.00269028225782,55.28853949160938],[-130.06500717678907,55.102122865632815],[-130.26733871975782,55.071841798738284],[-130.41287704983594,55.020736299470705],[-130.54572006741407,54.90974386783008],[-130.69032761135938,54.9716754779375],[-130.77339645901563,55.06621512027149],[-130.73390671292188,55.26570089908008],[-130.69536301175,55.46538122744922]]]]}},{"type":"Feature","geometry":{"type":"MultiPolygon","coordinates":[[[[-55.878,47.265],[-55.927,47.287],[-55.969,47.271],[-55.878,47.265]]],[[[-56.03,47.591],[-55.931,47.601],[-55.965,47.686],[-56.152,47.63],[-56.03,47.591]]],[[[-56.005,47.703],[-55.901,47.758],[-56.014,47.73],[-56.005,47.703]]],[[[-54.845,47.231],[-54.809,47.26],[-54.871,47.254],[-54.845,47.231]]],[[[-55.4,47.523],[-55.389,47.549],[-55.418,47.535],[-55.4,47.523]]],[[[-54.862,47.32],[-54.855,47.351],[-54.879,47.34],[-54.862,47.32]]],[[[-54.721,47.304],[-54.699,47.352],[-54.747,47.311],[-54.721,47.304]]],[[[-58.26,49.073],[-58.228,49.085],[-58.26,49.113],[-58.26,49.073]]],[[[-53.733,46.95],[-53.713,46.991],[-53.762,46.959],[-53.733,46.95]]],[[[-58.378,49.192],[-58.374,49.204],[-58.409,49.212],[-58.378,49.192]]],[[[-58.317,49.199],[-58.289,49.216],[-58.335,49.206],[-58.317,49.199]]],[[[-54.228,47.351],[-54.181,47.375],[-54.23,47.395],[-54.228,47.351]]],[[[-54.416,47.461],[-54.394,47.499],[-54.429,47.476],[-54.416,47.461]]],[[[-54.247,47.551],[-54.221,47.603],[-54.262,47.573],[-54.247,47.551]]],[[[-54.354,47.395],[-54.236,47.466],[-54.149,47.634],[-54.38,47.411],[-54.354,47.395]]],[[[-54.252,47.688],[-54.242,47.725],[-54.276,47.694],[-54.252,47.688]]],[[[-54.113,47.496],[-54.072,47.542],[-54.112,47.678],[-54.113,47.496]]],[[[-54.191,47.798],[-54.183,47.826],[-54.215,47.826],[-54.191,47.798]]],[[[-53.024,47.587],[-52.943,47.634],[-53.029,47.617],[-53.024,47.587]]],[[[-53.743,48.097],[-53.603,48.076],[-53.554,48.18],[-53.713,48.13],[-53.942,48.179],[-53.903,48.099],[-53.743,48.097]]],[[[-56.847,49.767],[-56.83,49.794],[-56.875,49.765],[-56.847,49.767]]],[[[-53.5,48.204],[-53.533,48.197],[-53.515,48.188],[-53.5,48.204]]],[[[-55.827,49.523],[-55.801,49.564],[-55.889,49.542],[-55.827,49.523]]],[[[-55.751,49.495],[-55.74,49.541],[-55.781,49.522],[-55.751,49.495]]],[[[-53.783,48.581],[-53.72,48.601],[-53.781,48.598],[-53.783,48.581]]],[[[-52.814,48.112],[-52.812,48.149],[-52.838,48.134],[-52.814,48.112]]],[[[-55.68,49.494],[-55.605,49.528],[-55.675,49.533],[-55.711,49.499],[-55.68,49.494]]],[[[-55.209,49.276],[-55.162,49.309],[-55.195,49.339],[-55.233,49.317],[-55.209,49.276]]],[[[-53.625,48.568],[-53.614,48.585],[-53.635,48.592],[-53.625,48.568]]],[[[-55.82,49.634],[-55.803,49.656],[-55.833,49.66],[-55.82,49.634]]],[[[-55.625,49.573],[-55.733,49.617],[-55.761,49.561],[-55.625,49.573]]],[[[-55.154,49.365],[-55.151,49.399],[-55.176,49.383],[-55.154,49.365]]],[[[-53.749,48.733],[-53.767,48.749],[-53.764,48.73],[-53.749,48.733]]],[[[-55.062,49.404],[-55.046,49.421],[-55.076,49.435],[-55.062,49.404]]],[[[-53.757,48.776],[-53.689,48.794],[-53.776,48.784],[-53.757,48.776]]],[[[-53.851,48.872],[-53.841,48.887],[-53.891,48.874],[-53.851,48.872]]],[[[-55.11,49.487],[-55.104,49.514],[-55.15,49.51],[-55.11,49.487]]],[[[-54.817,49.376],[-54.864,49.396],[-54.845,49.371],[-54.817,49.376]]],[[[-53.782,48.846],[-53.743,48.868],[-53.812,48.862],[-53.782,48.846]]],[[[-53.747,48.816],[-53.673,48.857],[-53.782,48.816],[-53.747,48.816]]],[[[-54.859,49.422],[-54.859,49.445],[-54.9,49.45],[-54.859,49.422]]],[[[-53.751,48.92],[-53.743,48.939],[-53.802,48.931],[-53.751,48.92]]],[[[-53.795,48.958],[-53.804,48.973],[-53.848,48.965],[-53.795,48.958]]],[[[-55.011,49.524],[-54.996,49.553],[-55.029,49.55],[-55.011,49.524]]],[[[-54.779,49.387],[-54.721,49.478],[-54.804,49.426],[-54.779,49.387]]],[[[-54.664,49.488],[-54.641,49.518],[-54.698,49.493],[-54.664,49.488]]],[[[-53.606,49.054],[-53.629,49.052],[-53.615,49.044],[-53.606,49.054]]],[[[-54.828,49.645],[-54.827,49.673],[-54.86,49.66],[-54.828,49.645]]],[[[-54.736,49.61],[-54.794,49.652],[-54.767,49.596],[-54.736,49.61]]],[[[-55.904,50.175],[-55.856,50.204],[-55.918,50.19],[-55.904,50.175]]],[[[-57.264,50.802],[-57.256,50.833],[-57.321,50.828],[-57.264,50.802]]],[[[-54.753,49.528],[-54.598,49.566],[-54.583,49.625],[-54.776,49.543],[-54.849,49.593],[-54.942,49.57],[-54.895,49.469],[-54.753,49.528]]],[[[-54.325,49.527],[-54.301,49.537],[-54.353,49.546],[-54.325,49.527]]],[[[-55.783,50.201],[-55.739,50.21],[-55.833,50.223],[-55.783,50.201]]],[[[-54.236,49.525],[-54.271,49.523],[-54.25,49.513],[-54.236,49.525]]],[[[-54.431,49.563],[-54.412,49.636],[-54.448,49.666],[-54.431,49.563]]],[[[-54.102,49.684],[-54.157,49.737],[-54.252,49.678],[-54.325,49.697],[-54.337,49.573],[-54.046,49.654],[-54.102,49.684]]],[[[-55.547,50.732],[-55.503,50.79],[-55.657,50.788],[-55.691,50.716],[-55.622,50.69],[-55.547,50.732]]],[[[-53.21,49.742],[-53.197,49.756],[-53.248,49.763],[-53.21,49.742]]],[[[-55.625,50.888],[-55.584,50.97],[-55.671,50.953],[-55.625,50.888]]],[[[-55.491,51.506],[-55.444,51.557],[-55.549,51.593],[-55.652,51.567],[-55.672,51.61],[-55.774,51.564],[-55.678,51.467],[-55.862,51.486],[-55.902,51.508],[-55.89,51.609],[-55.929,51.619],[-56.715,51.349],[-56.836,51.243],[-56.786,51.208],[-56.841,51.138],[-57.008,51.043],[-56.98,50.997],[-57.118,51.015],[-56.986,50.933],[-57.028,50.87],[-57.143,50.776],[-57.446,50.688],[-57.211,50.615],[-57.428,50.57],[-57.8,49.944],[-57.87,49.913],[-57.875,49.878],[-57.721,49.816],[-57.907,49.828],[-58.018,49.659],[-57.955,49.527],[-57.884,49.549],[-57.754,49.456],[-57.92,49.498],[-57.946,49.44],[-58.047,49.547],[-58.269,49.402],[-58.256,49.251],[-57.972,49.22],[-58.141,49.15],[-57.9,49.168],[-57.959,49.116],[-58.174,49.105],[-58.082,48.995],[-57.927,48.951],[-58.13,48.979],[-58.236,49.056],[-58.384,49.053],[-58.373,49.121],[-58.413,49.129],[-58.532,49.01],[-58.776,48.569],[-58.855,48.569],[-58.874,48.634],[-58.925,48.549],[-59,48.614],[-58.825,48.771],[-59.25,48.536],[-59.306,48.454],[-58.688,48.539],[-58.555,48.482],[-58.338,48.496],[-58.55,48.404],[-58.625,48.406],[-58.58,48.449],[-58.68,48.405],[-59.042,48.115],[-59.443,47.897],[-59.429,47.834],[-59.239,47.827],[-59.363,47.795],[-59.336,47.602],[-59.181,47.561],[-58.734,47.594],[-58.664,47.648],[-58.651,47.612],[-58.586,47.642],[-58.585,47.702],[-58.433,47.658],[-58.334,47.802],[-58.332,47.757],[-58.269,47.748],[-58.373,47.664],[-58.101,47.676],[-58.083,47.709],[-57.992,47.66],[-57.892,47.713],[-57.934,47.652],[-57.679,47.612],[-57.568,47.667],[-57.473,47.619],[-57.303,47.765],[-57.367,47.586],[-57.241,47.595],[-57.222,47.678],[-57.175,47.579],[-57.105,47.635],[-57.044,47.605],[-57.134,47.564],[-56.934,47.535],[-56.888,47.591],[-56.81,47.537],[-56.767,47.563],[-56.796,47.622],[-56.716,47.584],[-56.74,47.634],[-56.6,47.618],[-56.557,47.691],[-56.545,47.616],[-56.415,47.598],[-56.377,47.756],[-56.338,47.626],[-56.218,47.633],[-56.205,47.834],[-56.138,47.761],[-56.062,47.781],[-56.145,47.71],[-56.119,47.687],[-55.883,47.824],[-55.83,47.934],[-55.822,47.886],[-55.725,47.878],[-55.834,47.835],[-55.934,47.651],[-55.884,47.622],[-55.7,47.657],[-56.209,47.504],[-56.172,47.469],[-55.764,47.603],[-55.949,47.447],[-55.857,47.459],[-55.753,47.562],[-55.801,47.464],[-55.641,47.555],[-55.626,47.495],[-55.681,47.445],[-55.629,47.398],[-55.47,47.467],[-55.445,47.61],[-55.515,47.626],[-55.41,47.701],[-55.406,47.639],[-55.176,47.653],[-55.168,47.582],[-54.952,47.781],[-55.107,47.589],[-54.762,47.664],[-54.939,47.522],[-55.278,47.399],[-55.363,47.252],[-55.513,47.143],[-55.843,47.089],[-56.043,46.93],[-55.846,46.853],[-55.568,46.914],[-55.439,46.872],[-55.282,46.918],[-55.24,47.07],[-55.187,47.033],[-55.109,47.074],[-55.177,47.167],[-55.06,47.164],[-55.078,47.212],[-54.893,47.36],[-54.892,47.414],[-54.757,47.358],[-54.637,47.403],[-54.426,47.596],[-54.626,47.357],[-54.471,47.421],[-54.48,47.493],[-54.37,47.591],[-54.226,47.882],[-54.073,47.805],[-54.004,47.844],[-54.04,47.758],[-53.937,47.592],[-53.946,47.434],[-53.848,47.427],[-53.95,47.375],[-53.905,47.345],[-53.944,47.294],[-54.043,47.271],[-53.903,47.263],[-54.046,47.217],[-54.183,47.011],[-54.197,46.824],[-54.117,46.792],[-53.97,46.852],[-53.695,47.161],[-53.664,47.116],[-53.603,47.183],[-53.558,47.13],[-53.482,47.147],[-53.667,46.988],[-53.644,46.94],[-53.59,46.981],[-53.535,46.949],[-53.621,46.911],[-53.681,46.797],[-53.605,46.875],[-53.506,46.896],[-53.63,46.791],[-53.672,46.673],[-53.622,46.618],[-53.513,46.631],[-53.411,46.757],[-53.346,46.689],[-53.298,46.736],[-53.2,46.62],[-53,46.751],[-52.93,46.908],[-52.965,47.003],[-52.891,47.044],[-52.983,47.086],[-52.9,47.109],[-52.847,47.31],[-52.782,47.324],[-52.732,47.458],[-52.668,47.485],[-52.716,47.538],[-52.697,47.639],[-52.777,47.775],[-52.827,47.779],[-52.939,47.547],[-53.165,47.408],[-53.199,47.487],[-53.256,47.458],[-53.26,47.602],[-53.342,47.605],[-53.223,47.67],[-53.216,47.748],[-53.098,47.858],[-53.008,48.055],[-52.894,48.094],[-52.981,48.159],[-53.114,48.04],[-53.324,47.989],[-53.545,47.718],[-53.556,47.62],[-53.603,47.62],[-53.593,47.529],[-53.675,47.522],[-53.747,47.584],[-53.711,47.661],[-53.795,47.62],[-53.956,47.838],[-53.811,47.786],[-53.768,47.87],[-53.843,47.895],[-53.715,47.903],[-53.645,48.031],[-53.881,47.978],[-53.973,48],[-53.703,48.051],[-53.904,48.066],[-53.997,48.154],[-53.946,48.213],[-53.68,48.169],[-53.417,48.274],[-53.423,48.366],[-53.267,48.342],[-53.141,48.397],[-53.088,48.468],[-53.123,48.489],[-53.044,48.539],[-53.064,48.657],[-53.133,48.674],[-53.282,48.513],[-53.372,48.589],[-53.487,48.6],[-53.625,48.404],[-53.62,48.509],[-53.694,48.432],[-53.775,48.438],[-53.689,48.485],[-53.685,48.539],[-53.916,48.365],[-53.872,48.455],[-54.216,48.367],[-53.825,48.503],[-53.8,48.556],[-54.008,48.552],[-53.645,48.671],[-53.766,48.669],[-53.884,48.733],[-53.96,48.679],[-53.886,48.643],[-54.049,48.654],[-54.008,48.698],[-54.066,48.72],[-53.943,48.727],[-53.917,48.754],[-53.964,48.785],[-53.868,48.801],[-53.914,48.832],[-54.24,48.754],[-54.224,48.785],[-54.041,48.822],[-53.948,48.883],[-54.032,48.909],[-53.927,48.912],[-53.881,48.939],[-53.924,48.99],[-53.815,48.997],[-53.908,49.033],[-53.636,49.044],[-53.656,49.111],[-53.515,49.245],[-53.727,49.313],[-53.808,49.391],[-54.12,49.464],[-54.215,49.385],[-54.4,49.43],[-54.535,49.253],[-54.482,49.458],[-54.595,49.443],[-54.512,49.547],[-54.771,49.323],[-54.839,49.338],[-54.855,49.267],[-54.904,49.379],[-54.938,49.288],[-55.078,49.222],[-55.06,49.323],[-55.126,49.329],[-55.146,49.264],[-55.331,49.186],[-55.326,49.114],[-55.243,49.108],[-55.395,49.047],[-55.367,49.095],[-55.405,49.156],[-55.272,49.287],[-55.173,49.497],[-55.351,49.52],[-55.299,49.387],[-55.366,49.309],[-55.367,49.381],[-55.426,49.328],[-55.512,49.339],[-55.39,49.449],[-55.485,49.426],[-55.437,49.494],[-55.623,49.361],[-55.597,49.49],[-55.71,49.392],[-55.743,49.463],[-55.884,49.517],[-56.163,49.422],[-56.113,49.487],[-55.876,49.588],[-56.013,49.575],[-55.872,49.66],[-55.991,49.668],[-55.953,49.712],[-56.231,49.581],[-56.067,49.738],[-55.518,49.95],[-55.554,49.991],[-55.78,49.928],[-55.981,50.036],[-56.042,49.988],[-56.118,50.017],[-56.215,49.924],[-56.145,50.083],[-56.2,50.148],[-56.385,50.009],[-56.412,49.897],[-56.583,49.856],[-56.571,49.821],[-56.659,49.798],[-56.85,49.567],[-56.907,49.559],[-56.845,49.724],[-56.965,49.765],[-56.77,49.896],[-56.759,49.948],[-56.835,49.942],[-56.699,50.108],[-56.779,50.123],[-56.585,50.174],[-56.556,50.218],[-56.587,50.245],[-56.476,50.327],[-56.56,50.381],[-56.445,50.388],[-56.314,50.498],[-56.371,50.531],[-56.298,50.531],[-56.247,50.616],[-56.134,50.658],[-56.227,50.718],[-56.219,50.834],[-56.303,50.882],[-56.154,50.877],[-56.186,50.762],[-56.117,50.797],[-56.103,50.74],[-55.9,50.891],[-55.919,50.922],[-55.856,50.944],[-55.824,51.024],[-55.875,51.043],[-55.8,51.057],[-55.759,51.122],[-55.808,51.147],[-55.761,51.182],[-55.884,51.218],[-56.033,51.16],[-56.087,51.224],[-56.075,51.3],[-56.131,51.317],[-56.057,51.375],[-55.926,51.319],[-55.647,51.303],[-55.52,51.387],[-55.532,51.479],[-55.491,51.506]]],[[[-55.447,51.608],[-55.463,51.639],[-55.487,51.612],[-55.447,51.608]]],[[[-55.401,51.878],[-55.301,51.988],[-55.395,51.959],[-55.437,51.884],[-55.401,51.878]]],[[[-55.648,52.252],[-55.626,52.272],[-55.665,52.271],[-55.648,52.252]]],[[[-55.965,52.518],[-55.951,52.529],[-55.99,52.538],[-55.965,52.518]]],[[[-55.847,52.516],[-55.818,52.52],[-55.888,52.53],[-55.847,52.516]]],[[[-55.975,52.559],[-55.91,52.556],[-56.017,52.575],[-55.975,52.559]]],[[[-55.807,52.545],[-55.749,52.545],[-55.793,52.574],[-55.807,52.545]]],[[[-55.862,52.714],[-55.838,52.733],[-55.88,52.763],[-55.862,52.714]]],[[[-55.816,52.945],[-55.811,52.995],[-55.863,52.995],[-55.816,52.945]]],[[[-58.539,54.051],[-58.425,54.091],[-58.553,54.088],[-58.539,54.051]]],[[[-55.881,53.021],[-55.79,53.045],[-55.861,53.073],[-55.881,53.021]]],[[[-57.159,53.655],[-57.115,53.711],[-57.195,53.684],[-57.159,53.655]]],[[[-56.985,53.758],[-56.884,53.796],[-57.069,53.796],[-56.985,53.758]]],[[[-56.547,53.638],[-56.572,53.674],[-56.601,53.668],[-56.547,53.638]]],[[[-58.043,54.312],[-58.014,54.315],[-58.098,54.325],[-58.043,54.312]]],[[[-55.93,53.412],[-55.854,53.402],[-55.817,53.472],[-56.014,53.444],[-55.93,53.412]]],[[[-55.804,53.495],[-55.811,53.523],[-55.852,53.521],[-55.804,53.495]]],[[[-56.39,53.763],[-56.373,53.777],[-56.412,53.795],[-56.39,53.763]]],[[[-57.811,54.338],[-57.795,54.352],[-57.836,54.357],[-57.811,54.338]]],[[[-56.456,53.802],[-56.465,53.827],[-56.495,53.809],[-56.456,53.802]]],[[[-60.376,55.269],[-60.343,55.357],[-60.391,55.312],[-60.376,55.269]]],[[[-60.078,55.275],[-60.09,55.296],[-60.138,55.275],[-60.078,55.275]]],[[[-60.223,55.277],[-60.164,55.347],[-60.262,55.307],[-60.223,55.277]]],[[[-57.35,54.25],[-57.293,54.282],[-57.367,54.292],[-57.35,54.25]]],[[[-60.06,55.335],[-60.003,55.374],[-60.092,55.336],[-60.06,55.335]]],[[[-60.177,55.423],[-60.169,55.436],[-60.208,55.441],[-60.177,55.423]]],[[[-58.701,54.925],[-58.71,54.991],[-58.787,54.927],[-58.701,54.925]]],[[[-58.862,55.016],[-58.845,55.054],[-58.898,55.021],[-58.862,55.016]]],[[[-57.321,54.468],[-57.3,54.483],[-57.352,54.486],[-57.321,54.468]]],[[[-59.367,55.293],[-59.382,55.326],[-59.418,55.319],[-59.367,55.293]]],[[[-57.194,54.479],[-57.152,54.495],[-57.226,54.495],[-57.194,54.479]]],[[[-61.021,55.852],[-60.949,55.89],[-61.081,55.915],[-61.021,55.852]]],[[[-57.35,54.509],[-57.281,54.577],[-57.384,54.527],[-57.35,54.509]]],[[[-61.066,55.945],[-61.116,55.962],[-61.137,55.953],[-61.066,55.945]]],[[[-57.192,54.539],[-57.191,54.564],[-57.224,54.551],[-57.192,54.539]]],[[[-58.813,55.154],[-58.794,55.205],[-58.839,55.17],[-58.813,55.154]]],[[[-61.329,56.069],[-61.319,56.089],[-61.341,56.095],[-61.329,56.069]]],[[[-60.73,55.9],[-60.907,55.907],[-60.853,55.851],[-60.73,55.9]]],[[[-60.923,55.957],[-60.879,55.982],[-60.981,55.961],[-60.923,55.957]]],[[[-61.28,56.1],[-61.301,56.135],[-61.336,56.122],[-61.28,56.1]]],[[[-60.399,55.775],[-60.339,55.826],[-60.379,55.827],[-60.399,55.775]]],[[[-61.513,56.237],[-61.472,56.249],[-61.575,56.264],[-61.513,56.237]]],[[[-61.308,56.171],[-61.285,56.2],[-61.33,56.187],[-61.308,56.171]]],[[[-61.114,56.148],[-61.192,56.139],[-61.266,56.054],[-61.126,55.986],[-60.987,56.002],[-61.043,56.029],[-60.985,56.082],[-61.114,56.148]]],[[[-61.849,56.417],[-61.777,56.417],[-61.905,56.433],[-61.849,56.417]]],[[[-61.155,56.2],[-61.115,56.203],[-61.211,56.215],[-61.155,56.2]]],[[[-61.48,56.343],[-61.776,56.368],[-61.664,56.31],[-61.609,56.339],[-61.461,56.296],[-61.537,56.332],[-61.48,56.343]]],[[[-61.605,56.406],[-61.662,56.417],[-61.627,56.401],[-61.605,56.406]]],[[[-61.388,56.383],[-61.399,56.399],[-61.459,56.398],[-61.388,56.383]]],[[[-61.329,56.319],[-61.239,56.345],[-61.362,56.341],[-61.329,56.319]]],[[[-61.018,56.303],[-60.999,56.325],[-61.048,56.32],[-61.018,56.303]]],[[[-61.8,56.573],[-61.784,56.576],[-61.857,56.587],[-61.8,56.573]]],[[[-61.692,56.559],[-61.666,56.569],[-61.71,56.575],[-61.692,56.559]]],[[[-61.368,56.469],[-61.566,56.516],[-61.647,56.497],[-61.483,56.459],[-61.663,56.461],[-61.189,56.414],[-61.397,56.452],[-61.368,56.469]]],[[[-61.078,56.395],[-61.085,56.41],[-61.127,56.409],[-61.078,56.395]]],[[[-61.574,56.544],[-61.482,56.559],[-61.595,56.568],[-61.574,56.544]]],[[[-61.638,56.595],[-61.589,56.63],[-61.669,56.608],[-61.638,56.595]]],[[[-61.248,56.577],[-61.137,56.598],[-61.145,56.657],[-61.287,56.579],[-61.248,56.577]]],[[[-61.062,56.613],[-61.043,56.631],[-61.09,56.62],[-61.062,56.613]]],[[[-61.053,56.681],[-61.034,56.703],[-61.091,56.689],[-61.053,56.681]]],[[[-61.261,56.753],[-61.228,56.76],[-61.287,56.756],[-61.261,56.753]]],[[[-61.26,56.825],[-61.268,56.84],[-61.298,56.825],[-61.26,56.825]]],[[[-61.195,56.791],[-61.195,56.824],[-61.222,56.808],[-61.195,56.791]]],[[[-61.33,56.852],[-61.307,56.86],[-61.344,56.877],[-61.33,56.852]]],[[[-61.374,56.882],[-61.559,56.923],[-61.65,56.838],[-61.706,56.659],[-61.441,56.609],[-61.431,56.749],[-61.542,56.794],[-61.439,56.81],[-61.374,56.882]]],[[[-61.121,56.837],[-61.11,56.863],[-61.144,56.847],[-61.121,56.837]]],[[[-61.838,57.214],[-61.907,57.227],[-61.885,57.203],[-61.838,57.214]]],[[[-61.518,57.158],[-61.533,57.19],[-61.562,57.176],[-61.518,57.158]]],[[[-61.54,57.211],[-61.51,57.226],[-61.549,57.254],[-61.54,57.211]]],[[[-62.259,57.482],[-62.269,57.5],[-62.32,57.472],[-62.259,57.482]]],[[[-61.763,57.29],[-61.663,57.306],[-61.785,57.339],[-61.809,57.311],[-61.763,57.29]]],[[[-62.14,57.469],[-62.137,57.485],[-62.188,57.488],[-62.14,57.469]]],[[[-61.839,57.502],[-61.905,57.562],[-62.013,57.563],[-62.059,57.512],[-61.954,57.452],[-61.839,57.502]]],[[[-61.841,57.432],[-61.679,57.499],[-61.755,57.51],[-61.909,57.409],[-61.689,57.388],[-61.841,57.432]]],[[[-61.748,57.539],[-61.742,57.558],[-61.785,57.549],[-61.748,57.539]]],[[[-61.827,57.62],[-61.838,57.653],[-61.876,57.638],[-61.827,57.62]]],[[[-61.703,57.63],[-61.739,57.662],[-61.73,57.627],[-61.703,57.63]]],[[[-61.826,57.819],[-61.939,57.748],[-61.732,57.696],[-61.716,57.777],[-61.826,57.819]]],[[[-62.254,57.952],[-62.22,57.972],[-62.259,57.975],[-62.254,57.952]]],[[[-62.228,58.013],[-62.266,58.036],[-62.253,58.008],[-62.228,58.013]]],[[[-61.711,57.861],[-61.691,57.881],[-61.767,57.888],[-61.711,57.861]]],[[[-63.075,58.48],[-63.053,58.507],[-63.123,58.496],[-63.075,58.48]]],[[[-62.83,58.511],[-62.814,58.53],[-62.865,58.521],[-62.83,58.511]]],[[[-62.722,58.521],[-62.666,58.544],[-62.763,58.536],[-62.722,58.521]]],[[[-64.102,59.763],[-64.055,59.776],[-64.087,59.837],[-64.222,59.734],[-64.149,59.674],[-63.984,59.735],[-64.102,59.763]]],[[[-64.287,60.145],[-64.284,60.182],[-64.321,60.182],[-64.287,60.145]]],[[[-64.439,60.236],[-64.711,60.327],[-64.854,60.245],[-64.631,60.17],[-64.89,60.015],[-64.656,59.937],[-64.819,59.846],[-64.814,59.738],[-64.922,59.644],[-64.853,59.536],[-64.74,59.488],[-64.617,59.47],[-64.474,59.528],[-64.407,59.499],[-64.531,59.336],[-64.515,59.101],[-64.319,59.068],[-64.284,59.022],[-64.38,58.98],[-64.55,59.021],[-64.454,58.884],[-64.257,58.867],[-64.227,58.77],[-64.135,58.75],[-63.728,58.883],[-63.526,58.805],[-63.534,58.737],[-64.034,58.698],[-64.152,58.605],[-64.142,58.57],[-64.053,58.517],[-63.9,58.572],[-63.832,58.522],[-63.84,58.444],[-64.052,58.449],[-64.039,58.392],[-64.157,58.384],[-63.705,57.72],[-63.593,57.739],[-63.648,57.646],[-62.325,55.927],[-61.912,55.514],[-61.24,55.037],[-60.692,54.717],[-60.051,54.481],[-59.354,54.463],[-59.089,54.401],[-59.05,54.346],[-59.056,54.268],[-59.116,54.229],[-59.374,54.153],[-60.737,53.926],[-60.898,53.861],[-61.125,53.638],[-61.16,53.449],[-61.048,53.223],[-60.694,53.06],[-60.308,53.051],[-59.752,53.161],[-59.015,53.517],[-58.348,53.594],[-57.826,53.407],[-57.698,53.317],[-57.047,53.196],[-56.774,53.1],[-56.699,53.021],[-56.71,52.858],[-56.602,52.371],[-56.625,52.218],[-56.735,52.106],[-57.14,51.931],[-57.156,51.407],[-56.888,51.455],[-56.728,51.617],[-56.213,51.774],[-55.945,51.946],[-55.966,52.009],[-55.863,52.004],[-55.747,52.084],[-55.765,52.189],[-55.673,52.211],[-55.789,52.235],[-55.751,52.268],[-56.226,52.429],[-55.848,52.34],[-55.855,52.377],[-55.668,52.353],[-55.677,52.423],[-56.113,52.532],[-56.48,52.548],[-56.077,52.556],[-56.047,52.609],[-56.122,52.643],[-55.812,52.612],[-55.824,52.679],[-56.033,52.687],[-56.228,52.807],[-56.024,52.772],[-55.854,52.843],[-55.963,52.986],[-56.163,52.953],[-56.092,52.997],[-56.131,53.032],[-55.958,53.026],[-55.93,53.087],[-55.832,53.104],[-55.848,53.173],[-55.792,53.229],[-55.886,53.223],[-55.868,53.259],[-55.921,53.3],[-55.878,53.325],[-55.983,53.335],[-55.894,53.366],[-56.073,53.358],[-56.089,53.428],[-56.282,53.52],[-56.043,53.511],[-56.07,53.559],[-56.538,53.612],[-56.733,53.69],[-56.497,53.72],[-56.486,53.769],[-57.005,53.712],[-57.175,53.631],[-57.331,53.405],[-57.406,53.387],[-57.353,53.424],[-57.393,53.448],[-57.351,53.592],[-57.576,53.592],[-57.2,53.732],[-57.172,53.821],[-57.242,53.88],[-57.206,53.923],[-57.338,53.981],[-57.399,54.142],[-57.501,54.186],[-58.131,54.229],[-58.365,54.196],[-58.437,54.137],[-58.33,54.095],[-58.172,54.132],[-57.853,54.083],[-58.227,54.081],[-58.87,53.956],[-59.059,53.819],[-59.083,53.723],[-59.157,53.685],[-59.389,53.674],[-59.66,53.535],[-59.929,53.537],[-59.834,53.487],[-59.941,53.476],[-60.223,53.298],[-60.788,53.236],[-60.32,53.303],[-60.226,53.357],[-60.383,53.34],[-60.423,53.361],[-60.398,53.392],[-60.047,53.463],[-60.505,53.651],[-61.005,53.724],[-60.913,53.789],[-60.166,53.545],[-60.157,53.666],[-60.098,53.731],[-60.141,53.764],[-59.873,53.801],[-59.906,53.839],[-59.517,53.836],[-59.005,53.981],[-59.039,54.032],[-58.685,54.033],[-58.43,54.205],[-59.421,54.009],[-59.612,54.04],[-58.278,54.249],[-58.154,54.31],[-58.285,54.319],[-58.195,54.361],[-57.671,54.368],[-57.472,54.467],[-57.667,54.474],[-57.452,54.504],[-57.427,54.599],[-57.563,54.667],[-57.698,54.641],[-57.932,54.726],[-58.207,54.748],[-57.874,54.8],[-58.021,54.812],[-57.955,54.888],[-58.004,54.919],[-58.251,54.858],[-58.266,54.793],[-58.426,54.775],[-58.441,54.737],[-58.59,54.768],[-58.547,54.79],[-58.57,54.813],[-58.942,54.838],[-58.937,54.9],[-59.052,54.899],[-58.95,54.957],[-59.062,55.013],[-58.992,55.074],[-59.057,55.129],[-59.1,55.072],[-59.17,55.1],[-59.408,54.973],[-59.167,55.18],[-59.255,55.209],[-59.41,55.048],[-59.76,54.889],[-59.873,54.751],[-59.957,54.746],[-59.887,54.798],[-59.879,54.866],[-59.471,55.096],[-59.535,55.197],[-59.607,55.145],[-59.653,55.177],[-59.692,55.104],[-59.995,55.113],[-59.761,55.223],[-59.843,55.311],[-60.334,55.006],[-60.092,55.231],[-60.337,55.122],[-60.192,55.255],[-60.3,55.237],[-60.721,54.987],[-60.414,55.221],[-60.651,55.16],[-60.565,55.235],[-60.447,55.253],[-60.394,55.364],[-60.252,55.413],[-60.278,55.462],[-60.356,55.413],[-60.4,55.444],[-60.495,55.331],[-60.534,55.356],[-60.353,55.543],[-60.497,55.497],[-60.436,55.564],[-60.553,55.573],[-60.549,55.61],[-60.356,55.731],[-60.552,55.763],[-60.702,55.552],[-60.643,55.791],[-60.823,55.714],[-60.993,55.711],[-60.837,55.737],[-60.788,55.803],[-61.096,55.815],[-61.223,55.857],[-61.121,55.878],[-61.169,55.934],[-61.48,55.954],[-61.43,55.979],[-61.527,56.014],[-61.309,56.035],[-61.475,56.051],[-61.401,56.104],[-61.49,56.112],[-61.385,56.195],[-62.06,56.198],[-62.086,56.272],[-61.834,56.218],[-61.732,56.227],[-61.803,56.273],[-61.656,56.27],[-61.921,56.316],[-61.843,56.341],[-61.863,56.375],[-62.208,56.433],[-62.014,56.428],[-62.109,56.463],[-62.034,56.484],[-62.053,56.511],[-61.773,56.464],[-61.726,56.522],[-62.241,56.582],[-61.967,56.595],[-62.515,56.735],[-61.719,56.605],[-61.847,56.666],[-61.755,56.707],[-61.848,56.736],[-61.945,56.69],[-61.938,56.756],[-61.731,56.786],[-61.574,56.942],[-61.423,56.948],[-61.421,57.099],[-61.742,57.128],[-61.667,57.214],[-61.818,57.145],[-62.067,57.219],[-61.921,57.261],[-61.94,57.33],[-61.856,57.351],[-61.956,57.4],[-62.151,57.447],[-62.418,57.417],[-62.583,57.476],[-62.392,57.452],[-61.95,57.612],[-62.017,57.71],[-62.18,57.794],[-62.154,57.826],[-61.975,57.777],[-61.924,57.833],[-61.989,57.849],[-61.974,57.883],[-62.105,57.88],[-62.182,57.94],[-62.364,57.876],[-62.393,57.952],[-62.489,57.852],[-62.507,57.934],[-62.684,57.926],[-62.571,57.981],[-62.364,57.987],[-62.38,58.036],[-62.446,58.046],[-62.404,58.083],[-62.541,58.091],[-62.492,58.145],[-62.585,58.106],[-62.625,58.14],[-62.918,58.121],[-63.21,57.971],[-63.412,57.957],[-63.175,58.01],[-63.211,58.054],[-63.053,58.131],[-62.664,58.166],[-62.603,58.205],[-62.67,58.245],[-62.935,58.196],[-62.659,58.289],[-62.719,58.39],[-62.608,58.445],[-62.837,58.451],[-62.846,58.483],[-63.09,58.427],[-63.186,58.353],[-63.234,58.386],[-63.158,58.414],[-63.169,58.449],[-63.294,58.458],[-63.639,58.287],[-63.394,58.45],[-63.533,58.477],[-63.028,58.55],[-62.891,58.682],[-63.131,58.641],[-63.093,58.7],[-62.927,58.769],[-63.105,58.883],[-63.204,58.763],[-63.249,58.774],[-63.243,58.839],[-63.349,58.838],[-63.19,58.938],[-63.335,58.931],[-63.294,58.976],[-63.37,59.008],[-63.192,59.025],[-63.335,59.081],[-63.587,59.014],[-63.88,59.011],[-63.918,58.941],[-63.965,58.999],[-63.935,59.028],[-64.113,59.001],[-63.968,59.064],[-63.591,59.058],[-63.469,59.118],[-63.482,59.209],[-63.441,59.25],[-63.655,59.19],[-63.572,59.279],[-63.671,59.328],[-63.76,59.236],[-63.849,59.216],[-63.756,59.322],[-63.774,59.359],[-64.103,59.388],[-63.818,59.408],[-63.795,59.491],[-63.96,59.601],[-64.175,59.504],[-64.12,59.608],[-63.967,59.647],[-64.153,59.641],[-64.285,59.724],[-64.3,59.757],[-64.227,59.774],[-64.152,59.871],[-64.332,59.906],[-64.211,59.945],[-64.225,60.015],[-64.347,60.021],[-64.273,59.974],[-64.51,59.865],[-64.536,59.897],[-64.443,59.943],[-64.604,59.985],[-64.438,60.006],[-64.395,60.091],[-64.733,60.005],[-64.407,60.155],[-64.759,60.253],[-64.439,60.236]]],[[[-64.443,60.296],[-64.49,60.326],[-64.486,60.391],[-64.658,60.341],[-64.443,60.296]]]]},"properties":{"id":"newfoundland","name":"Newfoundland","color":"#c1a1d9","sourceId":"nrcan","precision":"generalized","representation":"Official 1880 territorial evolution snapshot","review":"official-source","upstreamNames":["Newfoundland"]}}]}