{"type":"FeatureCollection","simplificationDegrees":0.01,"topologyCheck":"Self-union preserves canonical component, hole and ring boundaries","features":[{"type":"Feature","properties":{"id":"canada","name":"Canada","color":"#8db9c6","sourceId":"nrcan","precision":"generalized","representation":"Legal affiliation: official annual Canada (1949) reference, not effective control or exact-day geometry","review":"official-source","upstreamNames":["British Columbia","Alberta","Saskatchewan","Ontario","New Brunswick","Prince Edward Island","Manitoba","Newfoundland","Nova Scotia","Yukon Territory","Quebec","District of Mackenzie","District of Keewatin","District of Franklin"]},"geometry":{"type":"MultiPolygon","coordinates":[[[[-141.00262826499971,69.66268921831076],[-141.00185665687223,60.30498141083997],[-140.49872866140615,60.218910545479815],[-140.39693038166055,60.299460275072526],[-139.96010844125584,60.17588641966166],[-139.67866053004832,60.30946315140481],[-139.07559489910273,60.331351623950134],[-139.17801312692544,60.11693106437649],[-138.8919963141439,59.92902656431688],[-138.7251107485783,59.88809888541274],[-138.64600162384792,59.771540805153386],[-137.68254925092725,59.26648430155178],[-137.4987053499544,58.997679601698366],[-137.49440223609878,58.909631625261596],[-137.45738813627804,58.878826775838036],[-137.35338603162353,58.91322307962895],[-137.3333481233773,58.95172278460251],[-137.04441909181577,59.071267329464575],[-136.87290021062907,59.123895403221695],[-136.68157059107122,59.138943090891985],[-136.5478349888569,59.1890411770438],[-136.48762053662793,59.253165646129084],[-136.45109556401906,59.32334073095748],[-136.4568132504447,59.393189485408755],[-136.43228378791224,59.443131294426955],[-136.2743547128016,59.456828429647025],[-136.23255540482754,59.48859975667673],[-136.2418022274768,59.53326883874767],[-136.30162448135584,59.57971958978691],[-136.2655489516477,59.60169633781508],[-136.009657604795,59.63082895390053],[-135.49234746686227,59.770976543878156],[-135.29601781137188,59.69424944821133],[-135.03349386044,59.53900996509137],[-135.00921893828558,59.5004796032714],[-135.09377876729408,59.447876450819955],[-135.0240105833423,59.39240372210993],[-135.00297874212868,59.34528038272539],[-134.89982342441888,59.278629503487046],[-134.79922750772562,59.258419200729485],[-134.67784365160477,59.161867201250296],[-134.50385392750204,59.11374371325744],[-134.41525367643726,59.050360107735386],[-134.46257305037187,58.993432433400564],[-134.1490877437925,58.79672904271017],[-133.888708743556,58.697365598010016],[-133.62576414942382,58.53489001316114],[-133.4211748543293,58.444284709371395],[-133.39726552153274,58.41912505086682],[-133.42638186984206,58.38507435127681],[-133.43268873679992,58.341723742448266],[-133.32763581951363,58.286153054868834],[-133.09374243775662,58.0057230940632],[-132.78718649408955,57.75550403922273],[-132.531340008528,57.47797335818152],[-132.25898645990003,57.24321334479732],[-132.35784590513867,57.09491505473106],[-132.3029854314151,57.061719454256945],[-132.0599610957985,57.00666858067941],[-132.11387708783187,56.86742934046972],[-132.05427432932788,56.81093970447627],[-131.89189606620778,56.77605249572153],[-131.86927243520267,56.687769344185696],[-131.8791299832261,56.65612816947326],[-131.8207848216165,56.58925622334998],[-131.5389950240799,56.572019423020876],[-131.22097296151787,56.437233015634725],[-130.97971437861025,56.377163785243084],[-130.7604385635754,56.353806622725976],[-130.61853827216788,56.248763584382374],[-130.4903616184018,56.24643506413783],[-130.4342606646481,56.22845587746445],[-130.46515287711205,56.18818794139446],[-130.43445889477115,56.14900320329197],[-130.33509354432735,56.11610151565877],[-130.1175795496924,56.1248735593025],[-130.04597811873234,56.080173075273116],[-130.01176676036812,56.02515073958418],[-129.9768362779794,55.89497705373111],[-130.11432100529802,55.7682869988738],[-130.12101960277235,55.725493697782746],[-130.089545360379,55.6576862477879],[-130.10464622719476,55.599775295214826],[-130.0787028822392,55.497756152835066],[-130.0295471421518,55.436287718394546],[-130.01160699172652,55.35774659741559],[-129.95451882282086,55.26893419076978],[-129.962371089581,55.250029798563844],[-130.086540411057,55.16576048895671],[-130.11366935109987,55.099580434124135],[-130.15097590909988,55.05591815698798],[-130.13647518449872,55.0065819997589],[-130.10083886467075,54.976865060840005],[-130.05553903780054,54.986976481279605],[-129.99277701581673,55.09200588671352],[-129.8866761359994,55.20603285046589],[-129.82204145794924,55.31341188958741],[-129.82472354377182,55.37491026503906],[-129.79314877612433,55.434294820816056],[-129.8301470039047,55.560494820735556],[-129.81153689273054,55.59922150743173],[-129.78871256289017,55.601129724016026],[-129.76334094288282,55.57769529256445],[-129.7220217159749,55.43092370876143],[-129.70693832115668,55.42006526960982],[-129.54282190189238,55.448740841557715],[-129.50187422509612,55.44680141752596],[-129.48671203905823,55.425889367176566],[-129.6525315243226,55.39260862534437],[-129.72744492318404,55.277971832469106],[-129.9914781912353,55.031903757154915],[-129.99490035442898,55.00250809602044],[-129.9261957328909,54.974410914350656],[-129.75366066534366,54.96697803930457],[-129.64072343117684,54.98255490395882],[-129.62532363071082,54.97788231776723],[-129.63586384191333,54.95810797852906],[-129.68319801452813,54.94351542994678],[-129.81971392229903,54.943668666480434],[-129.8978172408492,54.911939046313556],[-129.93425226482208,54.913192598535694],[-129.99677581806344,54.94537596795272],[-130.03531227055856,54.93564273447996],[-130.1575311059108,54.83750309004648],[-130.14000323408675,54.82763476932286],[-130.07263962081518,54.84970023601731],[-130.05385966682334,54.83220285842005],[-130.13896359215676,54.78763476731173],[-130.17386075487258,54.7226631636458],[-130.1535168649862,54.70371302858827],[-130.0641362442202,54.68535451837992],[-129.9951731114334,54.6174143857447],[-129.92539592168737,54.6040509071425],[-129.90532604466617,54.58513738792148],[-129.91174235593732,54.57479027935847],[-129.97027561975486,54.56789175269445],[-130.0120407089587,54.58105842924924],[-130.11108595276733,54.65439990207732],[-130.1561629240381,54.670466585120884],[-130.26916047392496,54.67817445840689],[-130.33691494835395,54.653652268897694],[-130.33857107798622,54.62275122445229],[-130.31688258493406,54.596228264645006],[-130.13665796270067,54.42130737655703],[-130.04446670414293,54.47471038206716],[-130.00345637434535,54.465303315155964],[-130.00447391255,54.44678195850307],[-130.06652661837674,54.4204293129743],[-130.06908019156555,54.4033846303802],[-130.0578315167392,54.37316506808082],[-129.97798153991096,54.291272314157204],[-130.02765067916118,54.289425992478805],[-130.05915680440046,54.30617115457239],[-130.08861463678025,54.35998963870442],[-130.18430823049937,54.41404814585329],[-130.27626056982726,54.509886842615494],[-130.42891158445698,54.5999502523417],[-130.44638302388375,54.57739622547627],[-130.41100149373727,54.515522052874935],[-130.42591542287312,54.49389887005124],[-130.4202148139056,54.44333788319267],[-130.46535481376907,54.404598826952764],[-130.4657227639658,54.35990255168926],[-130.43240399683302,54.325628697232325],[-130.38920112864318,54.311161536635545],[-130.32485569728672,54.34481826987835],[-130.31301081238675,54.369286421427354],[-130.26387216019558,54.37512856146556],[-130.24238042324168,54.34860588644357],[-130.24934336477693,54.3096838055051],[-130.18845230871102,54.23308914750608],[-130.24034620356113,54.220187882595624],[-130.2561861436252,54.19621329795299],[-130.13747192730366,54.1427454197855],[-130.05490752403875,54.142602192425024],[-129.81329646609964,54.20979646630972],[-129.58889460628498,54.18190395476893],[-129.58502856188073,54.15516441873435],[-129.61109428904237,54.143919997521984],[-129.72292966751417,54.16600748373336],[-129.8185951169097,54.16577485163825],[-130.054936809066,54.10027890001989],[-130.05447761704562,54.03805868082472],[-130.0805582670948,53.96208006103321],[-130.07349687032013,53.91634585943134],[-130.02223291788192,53.844512648487694],[-129.7150940286436,53.67935677306235],[-129.7085897070303,53.64365901280419],[-129.6795468995381,53.612097950286056],[-129.3111179151933,53.36548852104256],[-129.26505382351712,53.40601923775643],[-129.2220916381793,53.529201163393765],[-129.2300558206153,53.56028587623952],[-129.27296404591775,53.602709025519445],[-129.26605384152685,53.61923375386367],[-129.21721278600316,53.63063134827683],[-129.08721524538728,53.714874263673515],[-129.07714764733393,53.738321595757895],[-129.09096813505903,53.77530609574033],[-129.04683095004683,53.77499007964516],[-129.01573795717252,53.754112434208025],[-128.98548307664512,53.760766410688326],[-128.98996458093876,53.84883328088314],[-128.95016429778917,53.85286688711653],[-128.93905107601734,53.81504835728187],[-128.906884367367,53.79643507853134],[-128.80543596382734,53.83607952002989],[-128.63966252502908,54.00714848765905],[-128.59999589930626,53.99102918590577],[-128.67294344173956,53.86847041451866],[-128.65084405516168,53.846300086560646],[-128.4770551468434,53.79958569769056],[-128.53955520146874,53.791760630572554],[-128.67609730960302,53.817696244408936],[-128.69089995545596,53.788698985893895],[-128.78448235897335,53.75796655972513],[-128.7661821781647,53.702700887875096],[-128.8009369979578,53.63686428585138],[-128.7993016074458,53.61158020659707],[-128.76390609931977,53.5525242678975],[-128.65312510259685,53.47440621507592],[-128.5334089729387,53.43709738703689],[-128.42580557512738,53.439106392146044],[-128.33774305486932,53.467756358940385],[-128.09513622787662,53.45685384024024],[-128.06211065697164,53.40898651667203],[-127.90259747307857,53.30816141786002],[-127.84517194318423,53.22750446095612],[-127.91015427695993,53.22680133212904],[-128.01804853995034,53.32561998432952],[-128.07662992194878,53.334967699819195],[-128.10741023310504,53.387474423157464],[-128.1908905197645,53.4258004484361],[-128.3103888038511,53.439710824954695],[-128.49462571697316,53.377361769874334],[-128.53476224067217,53.38115115416732],[-128.6955859532762,53.46349554706942],[-128.75787720486485,53.47923801106751],[-128.81152340987373,53.51984611269349],[-128.96076342362718,53.49882505171647],[-128.92481518897287,53.446030456930245],[-128.87041305457294,53.421542642907355],[-128.86708616402476,53.2876079871588],[-128.83071712816235,53.250858424977096],[-128.5907578282803,53.12775535940808],[-128.53467411931018,53.070271592281074],[-128.45280762044803,52.853946592904954],[-128.4251164085125,52.83212395833322],[-128.23758785467692,52.789715651680595],[-128.18557262352252,52.823761263090084],[-128.13359100361092,52.885386037487024],[-128.04862209555696,52.89528669935922],[-128.03524773255336,52.8881818454485],[-128.11263767305692,52.83942388227492],[-128.10413719773865,52.779352820463686],[-127.84020699228533,52.71996060620082],[-127.87810733939376,52.70867661880354],[-128.08149904203503,52.72824520594467],[-128.1408696810003,52.69166396894797],[-128.15852918047665,52.64206062990032],[-128.2259234158061,52.563120572342655],[-128.2010877850105,52.47931785436999],[-128.2197562600232,52.40378548194825],[-128.27028410776694,52.37207976084995],[-128.3299750179649,52.28575054288693],[-128.32998612471124,52.26209350937981],[-128.27883853805199,52.24881874760638],[-128.25629833028336,52.25884870171147],[-128.1451758040202,52.42031838417824],[-128.10591951732434,52.440061527083266],[-128.07554130272084,52.49999175305867],[-128.0044552387801,52.51710585529485],[-127.96108004258132,52.49498779722969],[-128.04060266745776,52.44933223140442],[-128.02772760003046,52.367337808264075],[-127.99528489440806,52.3158661650292],[-127.96539592888057,52.314656394083606],[-127.92023292739039,52.35211942885886],[-127.92488700118048,52.442793427092305],[-127.91143789726395,52.47307316991528],[-127.83489200889356,52.49783599589594],[-127.75075854965856,52.452632689784316],[-127.7456791478978,52.436719970059855],[-127.75875981794576,52.43017467301599],[-127.8166043180036,52.461077850125115],[-127.84427446428357,52.46314379829306],[-127.87476221450893,52.44075544457069],[-127.87224287044812,52.414090907255016],[-127.81694688954227,52.34120812927663],[-127.82965324703429,52.31708338431928],[-127.88114846831799,52.306877268069684],[-127.88695417365837,52.26170028755954],[-127.8527621338948,52.20107490905682],[-127.8249078888461,52.20887201762793],[-127.76588601311207,52.300163167155574],[-127.69125063657178,52.343880270317584],[-127.6713663126926,52.32927220186119],[-127.70838980823964,52.26932675890825],[-127.69601324943307,52.25598279868801],[-127.66200652766935,52.263978263270204],[-127.4727459272368,52.339375689167674],[-127.41002193689187,52.39627133993709],[-127.463374955062,52.42285191910242],[-127.56719032456166,52.51430794533041],[-127.5988715258464,52.54840141993579],[-127.59357976823922,52.56005425391555],[-127.56097388902947,52.559499803290755],[-127.42709716705477,52.452980935262964],[-127.3413011438475,52.41207996146977],[-127.25411030285451,52.463416407162725],[-127.20129019911144,52.559556947833556],[-126.99912565795037,52.661241936688675],[-126.97192101942561,52.75817502964452],[-127.05110496940739,52.84466209269343],[-127.0554502763433,52.87058078461711],[-127.01441772828201,52.86094524728317],[-126.92501448689895,52.79138635590075],[-126.90138653372776,52.68434877791318],[-126.97036742548232,52.626118869180125],[-127.04881565541841,52.599634792629786],[-127.18478534140004,52.50665186825748],[-127.19922690032139,52.44893932395149],[-127.15851739836218,52.42191582646432],[-127.17162540148414,52.380289443110094],[-127.11290114113325,52.32625624858651],[-126.99785129653989,52.3186450777638],[-126.83943947146425,52.372271571308254],[-126.7387315594444,52.37703121828407],[-126.73173508452463,52.36661891187183],[-126.74729969634849,52.35465875940704],[-126.89439036735213,52.31675721745793],[-126.92822628247826,52.28380546324083],[-126.91995946551789,52.25359684191755],[-126.85670761762763,52.17968773776762],[-126.76923553125151,52.131550902780866],[-126.68638374338418,52.052766893083],[-126.63357605252976,51.97549089707429],[-126.64018311825589,51.96156694049996],[-126.66982563550933,51.9632372676527],[-126.7848014342345,52.10296479560521],[-126.92022051779193,52.183447297212446],[-126.98411512630997,52.26482890560034],[-127.08449192014528,52.29497628098865],[-127.24318036900607,52.252432790582986],[-127.40857000972268,52.17584245702237],[-127.42277848523958,52.13579823423786],[-127.39563235635697,52.10612462037567],[-127.36030629935307,52.09877020345001],[-127.34680048153429,52.083967084222955],[-127.36240119265308,52.076589271397836],[-127.58710461389555,52.041389725764354],[-127.59322482019213,52.06868038828072],[-127.46313564030038,52.11398106322432],[-127.47945207170362,52.13177524082941],[-127.5079333935924,52.131578230373925],[-127.59751754094897,52.09066493706627],[-127.6306558448776,52.043801072847685],[-127.64011916458686,51.95050902121327],[-127.66514567276772,51.926067592231924],[-127.77098751645066,51.91032236735274],[-127.8487883356291,51.87101577511136],[-127.86923069346561,51.783484353219144],[-127.84977587721663,51.67669493649195],[-127.78742945340252,51.60883209941991],[-127.73316912361234,51.61828148876098],[-127.70504851029105,51.60477333224642],[-127.7024370225167,51.57440445892181],[-127.75794361009507,51.5663893590951],[-127.76587502619603,51.530384986424444],[-127.73955948344991,51.52210836707968],[-127.64199352797527,51.55274838157556],[-127.60297340338796,51.56852576455399],[-127.55001056593639,51.638053961937906],[-127.45201227377319,51.668523296265334],[-127.47873060352595,51.680602712223596],[-127.60840502597976,51.678035370303746],[-127.65309717002465,51.69939556388567],[-127.50564641604237,51.7102156779112],[-127.38736908355716,51.812188345802696],[-127.37324177997432,51.852189089093706],[-127.33718765352351,51.864730109029644],[-127.33295935755748,51.825201995999414],[-127.40767119529846,51.7270351738674],[-127.41817278408088,51.69016004775664],[-127.40448543928413,51.67153325101823],[-127.34408995901438,51.69846309988611],[-127.28972237700054,51.6764481980536],[-127.28992792545219,51.66275790089841],[-127.456311331431,51.61434070561985],[-127.49489511306487,51.577357882303914],[-127.53049417467182,51.48870282197389],[-127.47509771426246,51.451619787019155],[-127.32325578769473,51.44261375536121],[-127.2705966791834,51.422106886347855],[-127.32178076283765,51.40613976589253],[-127.45982411916765,51.41403439307631],[-127.56960984757578,51.445514559084614],[-127.65094214745713,51.38354993166915],[-127.70134651888517,51.390950420225224],[-127.75671253849106,51.369341189304066],[-127.76721756571463,51.34994714667706],[-127.72252230321837,51.32481792776039],[-127.52180297809068,51.35124755775296],[-127.4845569310479,51.32727967340024],[-127.30717473591787,51.30998727182181],[-127.17892378819846,51.33345685045286],[-127.17961563460166,51.30987274106819],[-127.4595425334749,51.24065836554528],[-127.64745718729792,51.2558214547484],[-127.7072466090824,51.24626538911242],[-127.77412087075218,51.220364927948424],[-127.77582103512002,51.17086114560203],[-127.68913511447944,51.13356073646646],[-127.65444365475042,51.09515564661151],[-127.57650526903981,51.10154940829756],[-127.56303995303487,51.1141515823911],[-127.59336506326858,51.14433823413301],[-127.55746082066156,51.14932355684202],[-127.52881738318791,51.13808792358529],[-127.18229408986093,51.14558443038232],[-126.97938649237445,51.111751035652276],[-126.9998238260775,51.09292484262165],[-127.05878276454858,51.08981362974774],[-127.47682431276469,51.107804424310046],[-127.3269785548789,51.04407459401267],[-126.79164176594759,51.083951652511644],[-126.67045170371694,51.156799383631615],[-126.65489216388023,51.13893308860817],[-126.66826689521571,51.118843157013394],[-126.72948313719846,51.0725201947742],[-126.66528403439237,51.026992159568884],[-126.67865006985845,51.010714664221915],[-126.81025210591524,51.05228838478874],[-127.01961413129357,51.02783926519579],[-127.32265565970158,51.01830988336879],[-127.46420227175784,51.055751090651434],[-127.49500565799443,51.01756361223016],[-127.45599857987322,50.96713654073729],[-127.37479438525384,50.92790151134325],[-127.20352140715156,50.887472560770405],[-127.0433092934074,50.82747197606896],[-126.9320246040753,50.85101039529331],[-126.91066891566045,50.87202175667609],[-127.07862352289635,50.88872981648707],[-127.16863563268709,50.92112994221465],[-126.92484736233038,50.90582579552047],[-126.77114172935326,50.986427674717866],[-126.75875450194759,50.97916044434135],[-126.77149368289646,50.9515071247761],[-126.71021180161675,50.9340585318699],[-126.7646237405412,50.91899724771207],[-126.7624527850281,50.902408132080446],[-126.66724767846026,50.87735138613094],[-126.52782197188064,50.93900259821791],[-126.54324958859557,50.99943942479133],[-126.52293646697025,51.02569395186372],[-126.48843956194531,51.01054141629392],[-126.44989410486626,50.94456638560782],[-126.41692795811234,50.93466535693718],[-126.16091796750807,50.93522341652511],[-126.15075173854689,50.923269410949295],[-126.16459574083777,50.91086563178684],[-126.22175623621649,50.899126675763945],[-126.41117501626812,50.89227808093601],[-126.49271026606634,50.91245385852522],[-126.5612944587762,50.85018929417467],[-126.54207365539975,50.82787627217285],[-126.4857229063259,50.829904120175115],[-126.44056004925964,50.81271733936926],[-126.15969676432152,50.85481690121319],[-126.14430455460486,50.833048989390946],[-126.17361024761775,50.821125583883614],[-126.17768493098536,50.80433551999773],[-126.14309755994148,50.78151790151875],[-126.0585011574152,50.789130036066],[-126.01448790790374,50.769390819850905],[-126.11978833348891,50.743270580367],[-126.15161430348077,50.68050163508064],[-126.13165376458561,50.660327419024576],[-126.04950454722979,50.69219673691632],[-125.93537088779875,50.6789509739463],[-125.71469147266892,50.71881624891652],[-125.66227120005688,50.793826685929055],[-125.67520745319909,50.85668419963552],[-125.55727497185264,50.92272773148755],[-125.62749716897225,51.047053995732284],[-125.60730670616192,51.09210760652566],[-125.58657408642362,51.08557682309936],[-125.51314257139681,50.97189244065146],[-125.50008434249342,50.897662832229315],[-125.54473966133708,50.86752647178894],[-125.64483995694424,50.84565278416688],[-125.62546014248886,50.7677925014554],[-125.70818315651027,50.6711056983644],[-125.92801534369701,50.64497997001759],[-125.99554893417957,50.66050060343991],[-126.13747136356014,50.63146347499644],[-126.22731903265169,50.64106999892787],[-126.25786680841323,50.63059915444607],[-126.25433562205032,50.60490756927076],[-126.1938027683796,50.58716530783812],[-125.97984865585059,50.62740594202362],[-125.93994739100013,50.615948533450464],[-125.95731177317977,50.60053418477019],[-126.16634154797732,50.55809186129097],[-126.18113523674074,50.518349416942826],[-126.25080708403246,50.507975610422314],[-126.25924897650167,50.48577508289649],[-125.94111039034496,50.465865741702565],[-125.78153171511968,50.519944845815054],[-125.7635148159035,50.516416133117296],[-125.76320756237469,50.47624563818131],[-125.68200832707063,50.42517748122826],[-125.6165165949561,50.45865242874361],[-125.53450665213897,50.65076294938119],[-125.47518851753667,50.702972289864135],[-125.43771199263205,50.68675445938475],[-125.49004834879567,50.64068019085259],[-125.53463765549641,50.461219614952654],[-125.39482679799,50.46968307687639],[-125.38588736343092,50.53573836906048],[-125.3646250505837,50.54280400332548],[-125.35027240955935,50.53992874298869],[-125.32705101940783,50.46747378988587],[-125.22688012669884,50.50250942326803],[-125.20889897089191,50.49512365045998],[-125.24480908415835,50.45841130583803],[-125.16316297208698,50.41299597882207],[-125.12290488653782,50.414802188155775],[-125.09929644141592,50.481748065880446],[-125.01664573172543,50.5126672595568],[-124.93869474631494,50.61628510272194],[-124.91864443421777,50.71037899604731],[-124.970891997442,50.76389569044007],[-124.97288693608571,50.81468565132641],[-124.88142071031588,50.86916888735165],[-124.8627404422828,50.905694849232226],[-124.81366184917339,50.908237591600134],[-124.79902841515388,50.89010744719264],[-124.81187991717182,50.868797772834],[-124.87236180620968,50.81683392577098],[-124.90034542084832,50.769661079313416],[-124.85428993624083,50.71991294674994],[-124.846031457348,50.6464525028387],[-124.86541451072037,50.5811756902533],[-124.93801646226258,50.49657449891169],[-125.020428131405,50.454330828887436],[-125.06781460338652,50.32821211046765],[-125.03465542690336,50.32015305989055],[-125.00525856892529,50.335519561856074],[-125.0075385191453,50.401381898640224],[-124.98427301960497,50.42049711154611],[-124.95043789210698,50.38966915408166],[-124.9496546097578,50.3366413712158],[-124.85571330156168,50.30464794314074],[-124.77086873336992,50.33236949567611],[-124.68744695657097,50.395680482027146],[-124.52748815044278,50.41888200840956],[-124.40308087567038,50.479805850770816],[-124.34847073700861,50.48212534151239],[-124.40172299009966,50.41767175217034],[-124.46096844483465,50.394794243561186],[-124.61016887659841,50.37698899481694],[-124.67392692034208,50.348721743991184],[-124.67250096543759,50.31698464542563],[-124.61652749378418,50.27624917212153],[-124.60289108691701,50.180214727244675],[-124.71150132382864,50.085919834028736],[-124.77136754983901,50.064492106042955],[-124.76631965847318,50.045144691432036],[-124.70181050390478,50.05114134219655],[-124.6823898511867,49.985467423827025],[-124.72114156700341,49.98602471837511],[-124.7776985052775,50.04668804503193],[-124.82156981016762,50.04223588949592],[-124.81663575526355,50.02866742210733],[-124.7125308230435,49.945245541811914],[-124.53483134537814,49.84986897894179],[-124.50767348281336,49.79624036440826],[-124.45149912227622,49.76915155836445],[-124.26478369972324,49.75045388459213],[-124.08241141145106,49.81295018077286],[-124.05537170028055,49.84244433054129],[-124.03741996680436,49.89909361025438],[-123.99999325539832,49.89214282593953],[-123.99683554046852,49.84608852571537],[-123.97133922988472,49.81271427532986],[-123.93155327652677,49.82169558846154],[-123.91834690542765,49.85414368690502],[-123.99853844983059,49.92851262989782],[-124.0017933388169,49.97082904547736],[-123.8207711996541,50.09422398041657],[-123.95176421144419,50.1885677142437],[-123.93391806676314,50.20740050669103],[-123.90933574045447,50.198270964074595],[-123.81457514915644,50.12442112996224],[-123.73146736151432,50.08469776755505],[-123.94545481018723,49.97368382843303],[-123.95143584514841,49.95478692520918],[-123.9282560924115,49.92446158476323],[-123.87447588262897,49.9152257705548],[-123.86288970806048,49.900015890184235],[-123.86140025537367,49.82896644020215],[-123.91087470766827,49.786792842828476],[-123.90757317338084,49.767151068069865],[-123.78545813047428,49.629090507597226],[-123.75179385878346,49.62666204860131],[-123.60303009909175,49.686921507546344],[-123.57415145892145,49.67169061667566],[-123.60020573861651,49.64463502578076],[-123.75564528173307,49.59344763117828],[-123.75163929170101,49.54960338456545],[-123.77399335533718,49.52563625143698],[-123.80505196682512,49.54761746489085],[-123.90457586529611,49.709750329746946],[-123.92658106480805,49.7309466528576],[-123.97074296270523,49.73943399147443],[-124.00246365159191,49.72364837180871],[-124.0599918922793,49.63913270229346],[-123.99070896897749,49.57478834196931],[-123.94487981291019,49.49913440495037],[-123.88244520318828,49.47019674990773],[-123.74016883772275,49.44991772853193],[-123.58496887789767,49.384738859835515],[-123.51801135789448,49.37595233491598],[-123.47680822301326,49.41338338132641],[-123.4803473613389,49.4685706435577],[-123.45624629604029,49.51367509294694],[-123.23674680903734,49.56367548126711],[-123.20060030367081,49.65542546880984],[-123.15239311975488,49.67608278640747],[-123.14238452568782,49.65851953563087],[-123.18222678136829,49.60691346446072],[-123.18359290067995,49.55407539481808],[-123.23732005338948,49.497990175062824],[-123.23325778571447,49.429976046606136],[-123.26079641278008,49.34649324674272],[-123.24754643944883,49.32449997876631],[-122.9512306560359,49.30652167555563],[-122.89281919729073,49.36013158048427],[-122.86010683937843,49.43740921441351],[-122.83787680024058,49.44235973203987],[-122.82125879319261,49.423188482575725],[-122.82399908655715,49.37567911064499],[-122.88383053893551,49.319911551860194],[-122.88820926805438,49.29437606695409],[-122.8588839765708,49.273590351622076],[-122.87215286985409,49.25635706296617],[-123.1170700282628,49.28303579364017],[-123.20873024439864,49.263639400290955],[-123.205801062518,49.2440123230307],[-123.14084630555669,49.21390718348054],[-122.89692693855486,49.20391983367064],[-122.75201549582702,49.228194917055895],[-122.67250335751842,49.200482053822086],[-122.67198572875233,49.183856692800646],[-122.69417959775735,49.17524811539445],[-122.80409864270145,49.193548653552035],[-122.92510739573726,49.15608019628429],[-123.05037541735021,49.08152406348854],[-123.1354498628458,49.07729211551255],[-123.13950282186578,49.059285021828195],[-123.0885085258705,49.036038047200336],[-123.07966756456162,48.99916901590521],[-95.13404387529461,49.00060873860043],[-95.13666802116036,49.36046709914275],[-95.07187833112978,49.361839051945815],[-94.92692873079004,49.34854722216282],[-94.82035491965502,49.30516849571407],[-94.83250111987745,49.20046043733115],[-94.72240868016034,48.83079139626634],[-94.61815539221568,48.723964084941166],[-94.52930976200484,48.68667903423349],[-94.35114928784944,48.689421993797914],[-94.18667635251236,48.63465619631091],[-94.04723739622824,48.611764238237804],[-93.91274015228917,48.612229305610825],[-93.8673749103283,48.59331110688865],[-93.78047747834314,48.51337388003934],[-93.73928360607407,48.498307427378236],[-93.51686407405953,48.51693099394149],[-93.4154086558896,48.59457837776387],[-93.29559894779104,48.61419915050376],[-93.18376455603982,48.62942204821375],[-92.95269561199653,48.61649072340142],[-92.76775803042898,48.55385685639847],[-92.65002636053079,48.543386146340296],[-92.598039231096,48.51545478193562],[-92.62893633869058,48.48232402999941],[-92.70093901601221,48.46041995895079],[-92.6982246936694,48.442627380749784],[-92.49558717146746,48.42033226436966],[-92.45091593769094,48.31328959164236],[-92.39750527744962,48.27491439832419],[-92.36020831197564,48.22186222375418],[-92.30457434688672,48.227144601029416],[-92.29891352992301,48.29419858079332],[-92.23971774403604,48.34552857434812],[-92.11207064339995,48.34919344867841],[-92.03656867682508,48.32738430735411],[-92.0044865721633,48.30341121715875],[-91.97793319082348,48.253264980938624],[-91.86887691383137,48.18942134442685],[-91.75100867124198,48.18400863815125],[-91.68838239021306,48.109692043941024],[-91.54563582831433,48.0682196581827],[-91.34873973173562,48.05417708007636],[-91.24951777762536,48.06907670394352],[-91.11294292117333,48.16811523902353],[-90.8860852086606,48.246738270482226],[-90.83374302914767,48.24977731743821],[-90.80717438312595,48.22038292758274],[-90.80893550589265,48.20160366669334],[-90.6268107183131,48.11271158608523],[-90.56300492323436,48.113652358334235],[-90.50047102162014,48.09126840111571],[-90.03443006768447,48.082639163821725],[-89.96854120616516,48.02639219793747],[-89.88231621990879,47.98531320261748],[-89.67263223056904,48.01261364297024],[-89.60704439413928,47.99124941652168],[-89.49504794677543,48.03579173500376],[-89.43315197789032,48.08658081213725],[-89.36069690937939,48.110492051145165],[-89.29384305871889,48.20158302898112],[-89.29938503522185,48.25029336351351],[-89.24947151565898,48.290842132689704],[-89.23959730117123,48.31779795060773],[-89.26796451415,48.37146489088497],[-89.26578043029039,48.40679912270366],[-89.23062625276934,48.44057828625088],[-89.08421866978765,48.48990482744705],[-88.88922412050779,48.54225930155056],[-88.79541797966337,48.55064544687866],[-88.79032717058355,48.51869515002532],[-88.8435572345507,48.48004693089006],[-88.87893733745818,48.38920891089841],[-88.95962266745165,48.331979118837474],[-88.95949759453693,48.308386723499346],[-88.77788584798033,48.35387167057784],[-88.71710085485905,48.44287345345323],[-88.72956024856533,48.48159904627659],[-88.6686996126478,48.508435461641426],[-88.64804574430751,48.602655088485776],[-88.59196749465697,48.62779334333946],[-88.57392900056897,48.67153187114283],[-88.53812280012784,48.69327925460501],[-88.5634488131573,48.71189012233015],[-88.56837208816367,48.74216034828378],[-88.50896240543592,48.8481028053294],[-88.4118789040913,48.837632400894186],[-88.37899366017999,48.81557945927181],[-88.35470318351373,48.70934880925095],[-88.4087557578632,48.64729304209193],[-88.46752881821746,48.62062590995618],[-88.52894336144314,48.55010418217635],[-88.60535474864277,48.499837468269725],[-88.59063901063999,48.42922005406278],[-88.57806767547265,48.420740839236224],[-88.54755038093774,48.43748544293921],[-88.50931140078416,48.47768793949265],[-88.50650321041905,48.51473048988414],[-88.45296056573572,48.544812844355555],[-88.41254990299883,48.52273186738456],[-88.39202525802155,48.547865594621555],[-88.34878633023668,48.557759175858806],[-88.34092111759632,48.57625709427957],[-88.36855079435574,48.611763654544255],[-88.36076547561441,48.62350703298365],[-88.29255482550748,48.59615569752098],[-88.28518954163293,48.57427586509874],[-88.2468354743538,48.590865815992174],[-88.17437049191624,48.679531035723926],[-88.15014241692573,48.75854972017468],[-88.15229355637729,48.785513764287806],[-88.25834423585694,48.86205707331392],[-88.26820069605992,48.88403924330526],[-88.25509928238054,48.910873801619964],[-88.2904223463465,48.94822497352634],[-88.27478063338012,48.966676771561986],[-88.19300019148089,48.957664786337276],[-88.13359561315445,48.98925813453623],[-88.06416608062665,48.997168390584065],[-88.01130102414169,48.947817105581365],[-87.91991003464801,48.91330764611439],[-87.80747513170456,48.90709082671272],[-87.66050115766086,48.856506896333194],[-87.57325824616524,48.86715389016253],[-87.559206385259,48.82315376533137],[-87.49794364782562,48.825650488246374],[-87.3538018498407,48.784726024940596],[-87.30158740477073,48.74520974632553],[-87.21209850651992,48.75208282767431],[-87.16013206520714,48.77815674861837],[-87.07431143801908,48.756346070092235],[-86.98151448975403,48.778213886145124],[-86.9521075614032,48.75237422645316],[-86.90377017894554,48.74803577030499],[-86.7211328968119,48.78121171063713],[-86.65056807976242,48.76273582881871],[-86.63663676473085,48.73719565717288],[-86.52883039871077,48.74975200681778],[-86.45070711239102,48.73263895147388],[-86.32866789363707,48.59973824966066],[-86.29433928236696,48.53656824693556],[-86.29426698536251,48.45401940559938],[-86.21061327008805,48.332210971076336],[-86.15516291212484,48.211206796822374],[-86.07838686196773,48.153420631509476],[-86.02999775615517,48.084737106270296],[-85.91675815095816,47.9787483570227],[-85.69087835025826,47.916002051791786],[-85.54037743189153,47.920916114922846],[-85.48147188588683,47.90704006548574],[-85.35364355011872,47.939333173754555],[-85.20462754456045,47.95392442819601],[-84.8855388024071,47.93599930811545],[-84.88598372066599,47.90406540493344],[-84.97299883778882,47.82863478650934],[-84.96344126334516,47.74081227701391],[-84.9854480022933,47.718143795257575],[-85.0310662446538,47.709980340360445],[-85.02732214474645,47.66778600862245],[-85.06442182058083,47.61385674762455],[-84.98440984872536,47.56359405626341],[-84.91848927478232,47.49702359827164],[-84.8309930674699,47.478196300437375],[-84.76380867324123,47.42818794631111],[-84.71743031399531,47.36908167810285],[-84.64421575060089,47.3339667995163],[-84.64689282363287,47.25513845391757],[-84.66471134567934,47.22409373151482],[-84.71914989080818,47.196326459460145],[-84.72457469976406,47.16465715515],[-84.74851641862755,47.14557841553295],[-84.74706312470337,47.108652246996385],[-84.8071320063323,47.044276588685236],[-84.80156172492651,46.99871000488084],[-84.77738020432565,46.96918130624843],[-84.75680781159468,46.953219438148494],[-84.71465663742754,46.95971846652389],[-84.65216376405327,46.89651645028804],[-84.61708598643472,46.90500920608627],[-84.60784210707929,46.92466240688136],[-84.5505574730264,46.93374340670055],[-84.45785266532899,46.9059391789056],[-84.42237116955657,46.87078109973733],[-84.4254916800207,46.83907269345624],[-84.44858542499001,46.828403868289016],[-84.56445697180483,46.81710406010693],[-84.57162719705529,46.76889466648811],[-84.61267967872375,46.69875603289596],[-84.57062794049722,46.68008879681981],[-84.53057680227667,46.74021340847651],[-84.49267372578927,46.73000463900437],[-84.49084949880016,46.67466388905169],[-84.57778866617704,46.60674685747847],[-84.61143084729547,46.55982599399031],[-84.529907230004,46.47569149681042],[-84.44363988024628,46.515082925777534],[-84.31776904570997,46.512263387662294],[-84.2789466440903,46.53549428643433],[-84.19834650444008,46.53979815170381],[-84.16287468301864,46.531250619160105],[-84.11853528814096,46.49222856077267],[-84.11201053328489,46.46339910107989],[-84.15218920237278,46.381857161066634],[-84.04638400571208,46.309432851278174],[-83.9173270926289,46.3192428155277],[-83.56697926381415,46.23776825198527],[-83.46576186643578,46.23691423698307],[-83.08391834909764,46.166655232594174],[-83.02938283627242,46.15984929641765],[-82.91745005295542,46.18608768238349],[-82.73253596699372,46.197351559516584],[-82.70362303915398,46.161910716079376],[-82.61507695018805,46.174276020511456],[-82.52499205439904,46.16308629137224],[-82.49082963790295,46.19918685350314],[-82.46647832849287,46.20085032974686],[-82.43617621257043,46.17696966433077],[-82.38075035623578,46.176436446025654],[-82.34950464566668,46.14233749578284],[-82.24195169340243,46.13632407652952],[-82.15080205402838,46.101125999046225],[-81.94937379687744,46.09440726292421],[-81.7686253577771,46.10909904628721],[-81.79447039366715,46.067474255151],[-81.78898956702265,46.026776410388486],[-81.76310983225315,46.02312308495083],[-81.73341497151675,46.07279169641409],[-81.68345176658052,46.068888018881026],[-81.64843112401947,46.10634504500142],[-81.5870731070421,46.098096285423416],[-81.5734253539619,46.06341517408536],[-81.60254547053997,46.047357917934555],[-81.72157051238845,46.02653061111308],[-81.72452856046431,46.00836600311417],[-81.64265211941438,46.00858641287417],[-81.69425132694414,45.97248763774513],[-81.69929270129046,45.95608172998302],[-81.6739548498343,45.949029830869684],[-81.54276320451581,46.015700909305174],[-81.52610304775905,46.01433342380009],[-81.53132156041063,45.98297599451065],[-81.51794893648217,45.976826897127225],[-81.44351926766817,46.00428615106829],[-81.40258977211171,45.9757721728596],[-81.29505496825533,45.9568577788414],[-81.18898124305335,45.999984204107086],[-81.18060654515175,45.99253688768763],[-81.21669886501144,45.93686524845256],[-81.19829661793838,45.918547267043074],[-81.07930064652008,45.95203752761633],[-80.93746914174336,46.03208209556061],[-80.83595952603473,46.033193741484006],[-80.81755060869271,46.01477210947591],[-80.82329631675093,45.9968340082389],[-80.90343025588457,45.953522041943764],[-80.89974398296188,45.933128752157074],[-80.86303211002324,45.93661604998941],[-80.83941505067578,45.90766219675277],[-80.80205793904433,45.92784729349411],[-80.76456771324095,45.909342928614485],[-80.76271175735462,45.867215093187646],[-80.73115122986283,45.842618267821805],[-80.74454874035293,45.821989263016654],[-80.66943884890047,45.7732356602688],[-80.67381543828941,45.723374162712894],[-80.61636504293463,45.684536050065056],[-80.60013002060965,45.642861903501576],[-80.52902837707126,45.60105131136227],[-80.5340305852126,45.561310747266745],[-80.46355136407507,45.568169177203195],[-80.44358966690402,45.623332353655805],[-80.40959458091689,45.53791174443558],[-80.41028784815677,45.47093233570776],[-80.32975696641002,45.38122050788212],[-80.23971209364228,45.354116796043265],[-80.20265996911755,45.38575408595954],[-80.139077669494,45.40645952190707],[-80.08043238271294,45.35380779067363],[-80.0806564067385,45.34038353425813],[-80.1438723356892,45.321403505903056],[-80.21382992787775,45.32822455015698],[-80.23825112216728,45.30033979275449],[-80.21080928553587,45.24574725853913],[-80.19278861424415,45.24068292437985],[-80.17704100493047,45.27270771459545],[-80.10375596815433,45.307479809432934],[-80.084372493573,45.29716672585056],[-80.08724411404529,45.28236797410199],[-80.14230928437857,45.25587088119119],[-80.13604342752488,45.21502224419881],[-80.05213528996825,45.183423851779224],[-80.00551491996963,45.14362767281811],[-80.02629402982161,45.12220582193993],[-80.08753844720034,45.111450603818355],[-80.09329613060423,45.07016731875743],[-79.99174523099057,45.02163463958062],[-79.95364842138046,45.022851546008496],[-79.98129733193427,44.96700662573309],[-79.96336649817044,44.9501775367089],[-79.91681049603275,44.958843604487576],[-79.86316925780024,44.90822655817951],[-79.84135537558625,44.81731309059427],[-79.81471029406957,44.79786974155313],[-79.76856674628004,44.79314859199789],[-79.75811930875338,44.763653802672685],[-79.78440555218249,44.74963732055252],[-79.8110092688833,44.76908536157797],[-79.90781418423771,44.76715864047238],[-79.92044313441143,44.810244244526544],[-79.94016121948123,44.817308880807644],[-79.9727316527362,44.79540725849874],[-80.0027050835221,44.79847247531857],[-79.97320619892228,44.84069189581741],[-79.98213008148801,44.854908329452535],[-80.13478896118346,44.80821937200773],[-80.13343984179318,44.76626964085624],[-80.05664714553643,44.72690223042639],[-80.01761967744817,44.67451894348604],[-80.0236061448773,44.55974360926062],[-80.07961732175426,44.50023971440208],[-80.12298263103885,44.481181901520905],[-80.2577182657739,44.52111744748371],[-80.43284443116129,44.54628337688403],[-80.50509073315747,44.584909646894026],[-80.61334544900132,44.60668552362246],[-80.64278598416728,44.63777734016544],[-80.64610172719493,44.69658621911808],[-80.71280590590837,44.729403505866316],[-80.81427685464723,44.725365276257435],[-80.97282249171016,44.609378531167174],[-80.92557759972013,44.731991791489214],[-80.92304192287736,44.76016708183561],[-80.95387087539744,44.797949883717315],[-81.04635118252952,44.81951594161787],[-81.12358757766053,44.76620325170741],[-81.16243738173641,44.75787071551135],[-81.15907969662494,44.77759181538373],[-81.06522471873618,44.84615559246305],[-81.04950624210669,44.90990789094356],[-80.99603066501145,44.96036045708445],[-81.00737286669367,44.976433869189904],[-81.04240639448305,44.97783269108353],[-81.06383326618597,44.962985119291595],[-81.07302161135264,44.92370542010524],[-81.16126980952723,44.91633232988724],[-81.17404882159869,44.924096089029995],[-81.15887085654103,44.9445384303792],[-81.1690596201426,44.95371078294609],[-81.21486547356844,44.96104855507062],[-81.23216531664727,44.99753279383605],[-81.2947286667088,45.017885366683814],[-81.30883716351771,45.045814262424074],[-81.3029963446012,45.10878069837299],[-81.36483607307642,45.16251687572598],[-81.31118598613172,45.21481010965994],[-81.317887763442,45.2454262864058],[-81.4268040743832,45.23114859976822],[-81.65817089476647,45.263365997042044],[-81.69699061516036,45.258163858580694],[-81.74496704496258,45.223562527856195],[-81.74526865924105,45.20688754390748],[-81.63481521574965,45.18802848273386],[-81.48355744919586,44.9869886147587],[-81.42028225413249,44.98510554540295],[-81.40006839001603,44.965048846438464],[-81.41115718442234,44.91251490148151],[-81.37521221892708,44.88780428976298],[-81.3583070193309,44.834634848464304],[-81.3143690867629,44.80262101711562],[-81.31828274028602,44.722839853589186],[-81.34534876580562,44.686811584457104],[-81.30606817432462,44.61344261907319],[-81.35015153537996,44.55885497795338],[-81.40532627764978,44.535193753841945],[-81.45026982144107,44.4456698308581],[-81.53100625369204,44.42082360809077],[-81.55599144037721,44.381276489117525],[-81.62900622166684,44.345659115535184],[-81.67320144517254,44.18293177895644],[-81.71387549775943,44.12977866828035],[-81.75343239925711,44.11305677292015],[-81.76913539843503,43.788858678008786],[-81.7499867410967,43.49721247467294],[-81.77062548369084,43.39288979456514],[-81.85124793088497,43.295190310717686],[-81.92644487071018,43.24662416546195],[-81.99125499260849,43.22196845484501],[-82.03645463466546,43.22226456130679],[-82.08923846886151,43.15535335540166],[-82.12980432329302,43.14026521827624],[-82.20222416835087,43.059993224585135],[-82.38458575238315,43.01271686274683],[-82.42967531119112,42.97980813327522],[-82.5227634593857,42.62561533144314],[-82.5985975648791,42.52573138391362],[-82.59943504902256,42.502810620676044],[-82.52400149441952,42.48410565534726],[-82.50945690581698,42.45993680870347],[-82.48215490933029,42.46451780489029],[-82.45249845329407,42.437606740077584],[-82.45870354537378,42.39198743590929],[-82.48377398266085,42.35437227919467],[-82.5579898622014,42.31384186049645],[-82.72666314448874,42.294887873647994],[-82.87166715489475,42.33968440739534],[-83.00041751857154,42.33870985075724],[-83.05492436923095,42.32764182249429],[-83.12920164492256,42.2636417299607],[-83.12513677172473,42.04170920804714],[-82.91331531553195,41.97471268334017],[-82.67784942360008,42.0251355016664],[-82.64769812698152,42.019727798154136],[-82.57542499768944,41.98318506371533],[-82.55119731169002,41.917387173038364],[-82.51598900910737,42.03292988277593],[-82.40048633913034,42.119557867304835],[-82.12319051559226,42.23616058257442],[-81.96274288173778,42.25793363269187],[-81.93422680555094,42.316546469345106],[-81.91249725201259,42.313057991187904],[-81.90966754143831,42.25688203632363],[-81.8916739941289,42.24389407537811],[-81.85066076344819,42.35580972830746],[-81.64677331586277,42.51188773182435],[-81.527973610505,42.58754723131098],[-81.31296850176786,42.659611025160935],[-81.09679113475586,42.640353497929695],[-80.89011725351752,42.65771503807489],[-80.6418577205066,42.59133944399997],[-80.17632773640038,42.54197429902213],[-80.133459224083,42.55580583637503],[-80.13076731493193,42.57041291962597],[-80.27444199026034,42.58005955529121],[-80.32588224843512,42.60502045837597],[-80.4471101668829,42.60379198493859],[-80.4936626527783,42.6314826508207],[-80.46392526394344,42.65998379811104],[-80.39485031242218,42.66978825489088],[-80.36649448223794,42.6900777006525],[-80.36531858987878,42.72145709649498],[-80.26446814844861,42.805751917872094],[-79.99929073547943,42.815251825119375],[-79.79080183729083,42.868018679634844],[-79.63714871926241,42.858335461201136],[-79.50395667712588,42.89196893225387],[-79.43587016471874,42.88290607980632],[-79.2584811906922,42.91125010671778],[-79.13686784229613,42.87614692407163],[-78.98852885318173,42.90400447224935],[-78.94321376360935,42.89200090915843],[-78.92863993641477,42.93037168120808],[-78.93889972170166,42.95649644483525],[-78.96063187379579,42.98223537377147],[-79.02491927058966,42.99963069874221],[-79.04619627076558,43.070146459900556],[-79.08490957800825,43.11281346055166],[-79.06953648501303,43.1743053364413],[-79.11138616092593,43.27881362488173],[-79.23858717801478,43.258118380820896],[-79.346441203976,43.198620397684216],[-79.38122620563702,43.19580275546011],[-79.79225107978512,43.26647568342887],[-79.83395631915114,43.29741276670338],[-79.87187051490164,43.27817153859484],[-79.91815725985153,43.2978708064762],[-79.87157705837727,43.32625963139363],[-79.83722831208608,43.327740196857704],[-79.81165830383411,43.364928780088874],[-79.73595978727523,43.41353001293378],[-79.73782838512973,43.43858712070045],[-79.68377726775807,43.48115553730429],[-79.61448970650038,43.575317841526065],[-79.52423274621613,43.613983753540424],[-79.508011802273,43.64880094337626],[-79.38006305246076,43.656679163956206],[-79.11888589541249,43.81617810876353],[-79.05791868327847,43.821091341110716],[-78.99537201538891,43.854062099055916],[-78.93273987147315,43.845258994104064],[-78.83791731571127,43.877815509930926],[-78.47597182135993,43.91402897252704],[-78.21764707801294,43.96990122999784],[-78.01237998808415,43.964703171287724],[-77.9284710723757,43.97598862569514],[-77.8408945490266,44.01183324998393],[-77.7501766358545,43.99362402239043],[-77.73156761601184,44.002979119480194],[-77.74972933529567,44.02373541092447],[-77.72662507868178,44.03256717479079],[-77.64394679841799,44.02862219586525],[-77.59229279997963,43.96498581259391],[-77.51693519208263,43.93177592742616],[-77.32532602047782,43.955181027113944],[-77.31602219493811,43.94560963097417],[-77.35795875104685,43.93605278224981],[-77.36161627244653,43.921447981771166],[-77.27151591973022,43.87429473136289],[-77.23317674061197,43.87923671248382],[-77.1915957481389,43.86018964134066],[-77.08147699767812,43.88227796667512],[-77.00151302796456,43.921777976322375],[-76.92785039348172,43.93683082116434],[-76.93985233833794,43.96203531074518],[-77.06903556858632,43.93934155496059],[-77.09468366494335,43.94784329031718],[-77.05349633276059,43.999353684135784],[-76.97678498426542,44.03426226707093],[-76.89696992968216,44.1073337560665],[-77.04971917864907,44.0408572127089],[-77.17584602570355,44.039378279441166],[-77.19074719948064,44.04472068953103],[-77.18534826335448,44.065845140486545],[-77.1352641684552,44.15148481133077],[-77.16258039716745,44.16349491579244],[-77.2785509021808,44.138676760917534],[-77.33058878254583,44.108644121423566],[-77.37349297412848,44.114234116602425],[-77.38556776469244,44.14941325498542],[-77.45960650609193,44.14231785543589],[-77.63022689470606,44.0654180316],[-77.65172271401393,44.063221436022715],[-77.64802864631457,44.07782465027971],[-77.6312378250261,44.099133661246455],[-77.4252211323178,44.16802799823767],[-77.2257998974964,44.171937564337064],[-77.09880199754984,44.20204891678768],[-77.0714299361324,44.18148878253646],[-77.08692592870811,44.13989932357319],[-76.99095114974472,44.194191383310184],[-76.93739045153258,44.1936314236873],[-76.93557937591933,44.16475441401939],[-77.01809891097318,44.14401526772774],[-77.10893762253598,44.090783154542],[-77.10137129270568,44.066251669189406],[-77.08288437823703,44.06546219361687],[-76.74616654017777,44.21773087386534],[-76.67137355954597,44.234306390374535],[-76.5937077501414,44.20991919388804],[-76.307976912949,44.327710060357326],[-76.16705849297493,44.34443383716632],[-76.12172560176626,44.37161873632773],[-76.00759500970028,44.39200974469093],[-75.36161517781078,44.856607125448654],[-75.18528451699565,44.92614037503006],[-75.02498956414456,45.026704560200535],[-74.94607035449317,45.04147017413237],[-74.78261185529314,45.02750954496286],[-74.64632182041305,45.06346629247301],[-74.58971878404103,45.09003582016531],[-74.52524720304011,45.162996213206014],[-74.27904714371877,45.27432253300934],[-74.20546555157071,45.328711847404904],[-74.06691204370605,45.34493420074292],[-74.09225159300696,45.44302830784755],[-74.31527216010157,45.50204644438671],[-74.3869326575002,45.542730149087575],[-74.27971794907198,45.55086851200455],[-74.16632821004892,45.482650613630014],[-74.04896795358407,45.492201750792425],[-73.7990466655549,45.68270322298131],[-73.73424358480716,45.70761258238577],[-73.51258929821164,45.74682450623506],[-73.27742659966371,45.95987989147434],[-73.25083612351271,46.03421215386488],[-73.13333949163078,46.0995043495593],[-73.06651324911036,46.11354152059811],[-73.03616139754321,46.13573289450938],[-73.0113156965165,46.217308954642924],[-72.94050350199825,46.25468361152091],[-72.76550587352241,46.2930587668825],[-72.69686537658745,46.288614887308185],[-72.6498744474405,46.30772744487531],[-72.60788560339466,46.34663376780624],[-72.33698275129225,46.4681143106822],[-72.23299277417007,46.581998088594965],[-72.09701966353175,46.6086966349049],[-71.90741464956297,46.6944177859982],[-71.76170012764271,46.680730247581785],[-71.33982707228871,46.775026348373345],[-71.21943185447111,46.888829049346405],[-70.99743672867915,47.036672843968994],[-70.86236446502807,47.07258263227478],[-70.75922351444184,47.12873423219048],[-70.63150000107471,47.24101491702949],[-70.51347212235137,47.435687812047995],[-70.45749483643854,47.44005849422824],[-70.28982196267066,47.50406203279959],[-70.23210688341294,47.59911857251235],[-70.02343899224385,47.722803286624014],[-69.84168739448921,47.92752841832882],[-69.80179264555011,48.00886534841048],[-69.80277817008557,48.04073713726178],[-69.76660175552418,48.07371987207113],[-69.78334717412433,48.10000045212108],[-69.89611549094512,48.123309014517005],[-69.9764019797169,48.1889519097405],[-70.24153191756899,48.230542196148214],[-70.27892384533664,48.26438313980425],[-70.45776522816145,48.33513981342818],[-70.77945061355418,48.33358487241434],[-70.90121842947501,48.3133647325573],[-70.90218975731963,48.329327212968664],[-70.81986875460149,48.355449346722395],[-70.8344063046355,48.37046880890728],[-70.9921151430565,48.40099427139364],[-71.02779108187423,48.42178006328507],[-71.01489441229322,48.433343705815815],[-70.68234727526492,48.368921020243185],[-70.42501480738484,48.349732733364434],[-70.19155931156648,48.25381845641646],[-69.9945172682932,48.22435152883192],[-69.84405922556621,48.133716287681246],[-69.71485796810708,48.14030441454606],[-69.58610319021426,48.22445534900123],[-69.52065884943363,48.24596540469493],[-69.44638202162528,48.30260374817492],[-69.42747417184972,48.3427163277907],[-69.35936732584197,48.40248585165606],[-69.2735544540947,48.53796110293073],[-69.19052844436594,48.55566514623361],[-69.09705749500553,48.72742685285505],[-69.00440589725785,48.762456114784676],[-68.97947241203389,48.788652102605255],[-68.92565851409144,48.7937403392319],[-68.82968843318635,48.85085061391007],[-68.69365253942489,48.86809256795976],[-68.66950064630922,48.88680521592045],[-68.73121550161493,48.89951912351528],[-68.69254354052408,48.91661582142977],[-68.67384731438909,48.98157081617269],[-68.63620520553658,49.03548254447884],[-68.50148992726079,49.06129879092409],[-68.48684810442036,49.05815536865764],[-68.50068167483985,49.030931836691366],[-68.47553559471778,49.02720629135102],[-68.35865056252585,49.07627015849663],[-68.26357805594658,49.08737566298212],[-68.2245266287923,49.11612866199179],[-68.24070191498946,49.13746404840969],[-68.31955116515056,49.16912388442002],[-68.20636114812193,49.19397658927761],[-68.18509256028841,49.208942024761754],[-68.1775520039198,49.24464464468463],[-68.1245599966042,49.241797030498525],[-68.08452263583041,49.26674571044868],[-68.02736168745861,49.27189658587792],[-67.85116334960068,49.26999259135129],[-67.79364211787781,49.29100259788396],[-67.68018841352273,49.294018835562],[-67.62106734896479,49.312709036658056],[-67.47405437578877,49.31143761733254],[-67.39423621083611,49.33253731404147],[-67.29538834620304,49.46017229225337],[-67.27787177626172,49.568954100692274],[-67.21217637621419,49.65420177491632],[-67.18945065157179,49.7566041806431],[-67.16196751562084,49.79156286227564],[-67.03702240264239,49.847099454680034],[-66.96829683094325,49.97136210099406],[-66.76563748668785,50.05919807693076],[-66.6942311337198,50.11632117245675],[-66.58925022012279,50.1385490506904],[-66.4937052141556,50.12870227596128],[-66.4828329784374,50.14776372624569],[-66.49316431194839,50.15922914262129],[-66.58117808420833,50.187141073817294],[-66.57197482827272,50.208415888536116],[-66.48877680596318,50.25558482764775],[-66.47049428691983,50.25309185122479],[-66.44797105448156,50.19907712764399],[-66.42426916507304,50.18630113103171],[-66.25175044010831,50.19771430492602],[-66.16218534338422,50.17267314350528],[-66.13286280688415,50.174692570489945],[-66.05144035944711,50.241942316194546],[-65.98303139723586,50.26709254605594],[-65.7653329043024,50.24326158266224],[-65.36355197538056,50.29498944599044],[-64.95158848607339,50.26275522113833],[-64.68222960338444,50.261577307445855],[-64.49312080947419,50.30423277259585],[-64.23406545890838,50.271634099902606],[-63.86567872296147,50.28442925677316],[-63.6837030928762,50.24696881613667],[-63.5216628067062,50.23639899448708],[-63.44296654456828,50.194868628565686],[-63.3824574082248,50.21712678201535],[-63.23684370329557,50.22894996420434],[-63.218291548798014,50.256998943728334],[-63.076305130725494,50.271456835796236],[-63.04059173092775,50.29476548570815],[-62.986442312158694,50.27253065705909],[-62.815563797850714,50.28229733496566],[-62.754305283731306,50.257895054756155],[-62.43563532089254,50.268279427808864],[-62.26293318803045,50.22109542422252],[-62.00620217195134,50.21605966551472],[-61.9074721321962,50.187554061135764],[-61.80238906273282,50.127271195720986],[-61.65738012449465,50.168652909585845],[-61.6298542758339,50.162453822238476],[-61.632083527946875,50.138924049941636],[-61.80146052437882,50.09170901273502],[-61.813266755237194,50.074749059413804],[-61.78535563281298,50.06106266609838],[-61.36103291195563,50.16518627418083],[-61.10685297773208,50.178983158192736],[-61.10985856261165,50.22288903672922],[-60.971243489805026,50.18123824663858],[-60.88932827262061,50.20147448925719],[-60.845383067441915,50.193828685842135],[-60.78261841297437,50.21970308159557],[-60.63554374198106,50.20122405649093],[-60.34615048863494,50.24008702350592],[-60.30321484803945,50.21928746445325],[-60.221289277069275,50.25410208043151],[-60.204517856482354,50.245174417436424],[-60.20251469847479,50.20505134954819],[-60.178763645501334,50.197620526034974],[-59.88499591673378,50.29803341349244],[-59.86297042100098,50.326979950982576],[-59.92153965969563,50.36598507149165],[-59.89218576548039,50.38891095918734],[-59.8262652912295,50.42104613814873],[-59.62009236883421,50.47326622651913],[-59.499275807825505,50.56755806630988],[-59.476906904404444,50.622961098922204],[-59.388631359255115,50.64426028580074],[-59.295492747251146,50.69801481608896],[-59.276371124386536,50.73744271142095],[-59.170995119397816,50.77977222252569],[-59.121465860096784,50.838129653754095],[-59.108143605545614,50.88133292171864],[-59.07688407016897,50.875199999494725],[-59.065052737924645,50.85616610770249],[-59.08837096394015,50.77046724640482],[-59.074160914771085,50.75454102522897],[-59.04179852026015,50.75743037440794],[-58.9957059214645,50.826354509955344],[-59.00264572952303,50.8665586048856],[-58.981391049226474,50.97201639135576],[-58.99197782602439,50.98500926493806],[-59.081136794851304,50.97159749116271],[-58.95895334147122,51.052452971422646],[-58.931242524031255,51.03787715824783],[-58.93879189652595,51.009835319064514],[-58.90529371124922,50.99903454469451],[-58.850168294487055,51.0747283217415],[-58.65474272124959,51.15096693791968],[-58.637317949005386,51.1797456112292],[-58.68756213549829,51.207419740095354],[-58.6531104755652,51.24217316650638],[-58.48888563248922,51.27889987143334],[-58.345024351950805,51.26453717962442],[-58.314952087091356,51.30077045192529],[-58.31540444626459,51.33341642069902],[-58.2864116891397,51.323940633013116],[-58.276869375839745,51.272928005703015],[-58.246919551536074,51.257421658512676],[-58.05092425074725,51.28695675132235],[-57.92666036576294,51.37265844301483],[-57.800881521793556,51.41954234011106],[-57.79245161151386,51.44753109993682],[-57.75228235229355,51.48038398005001],[-57.780949496248034,51.52645573313911],[-57.76173507156294,51.54895582593096],[-57.741115031179746,51.54406911753184],[-57.702735427986134,51.4696470291212],[-57.717774529365194,51.43035611209458],[-57.69250166753951,51.423841147164815],[-57.54280525930277,51.421999686540815],[-57.462551281507295,51.44720745994331],[-57.43084118807074,51.473215797722794],[-57.28050253494147,51.482353377717644],[-57.261388658040325,51.475888962930966],[-57.26351704862187,51.43412844198804],[-57.23783931488429,51.413773522866705],[-57.06087586202164,51.39995827143838],[-57.0039027215547,51.41920126299915],[-56.979052784558654,51.44753216230167],[-56.88845519486759,51.455275541232744],[-56.84644627029444,51.5029762866869],[-56.75956004952265,51.54493051442193],[-56.72808222428112,51.617394307832235],[-56.664546191333244,51.613196633015875],[-56.61064862736641,51.631553000881425],[-56.41091446246686,51.718104157305405],[-56.371238596002854,51.755107472138214],[-56.2316568073102,51.766878468481735],[-56.21258034808868,51.77390495684703],[-56.21354027371544,51.79375247974666],[-56.14397733389814,51.83196122532194],[-56.09292777027161,51.839573080454436],[-55.94472186564154,51.94599590208542],[-55.94821854824761,51.9766502180547],[-55.97974770449925,51.99747421352519],[-55.966452555282316,52.008573750570086],[-55.86306584844663,52.003539195165516],[-55.79964672931525,52.04783939596794],[-55.79449115936987,52.0774674170889],[-55.74676839704712,52.08419070615876],[-55.73781557703144,52.141858725476524],[-55.76457527580037,52.188568534799856],[-55.6729370402652,52.21131662777733],[-55.788962567150485,52.2345591248914],[-55.79720837849747,52.25311871698008],[-55.75101577701353,52.26827038470506],[-55.82859425678174,52.291652077160535],[-55.843114491091306,52.310457521694644],[-55.94315813119335,52.31994508626341],[-56.06089015321104,52.372663701999166],[-56.187344926786835,52.3987265784304],[-56.226228885092574,52.42936455846313],[-55.84793985665705,52.33963014686206],[-55.83347497849989,52.348288887945394],[-55.86288444427445,52.368378530638026],[-55.854546225228596,52.37723189157046],[-55.66835050582223,52.35318024985458],[-55.69066101744374,52.39453907969373],[-55.676720650290605,52.42301385923317],[-55.76322483201703,52.43373273258817],[-55.777040141577146,52.46013675841033],[-55.87656928199653,52.494858316288884],[-56.03884309246889,52.50025878043221],[-56.11261368770812,52.53163478704008],[-56.234254667083725,52.51476847444719],[-56.47963893463291,52.54784027185495],[-56.45563545265734,52.56702330960943],[-56.26601779856226,52.53936892072392],[-56.1541015258748,52.55964623201259],[-56.076617170273394,52.55645963403897],[-56.04184099864065,52.5973400352341],[-56.04708044979051,52.608992006893956],[-56.12310187070817,52.63126164171068],[-56.122190939420584,52.642732644101535],[-55.84648309738036,52.59241445512933],[-55.812087505911535,52.611930995040964],[-55.79984409218172,52.6489463910083],[-55.823672890453466,52.6788194535456],[-55.87101112440881,52.68346751937665],[-55.91135105610378,52.66800227764882],[-56.03295446691523,52.68651701485133],[-56.06743721444672,52.72586720716345],[-56.22838824992596,52.8065097487467],[-56.188274446666064,52.8182178376461],[-56.11037334088393,52.783720799935224],[-56.02441342950593,52.77188430015213],[-55.95289477574569,52.81007398384524],[-55.89076227229007,52.81413739929052],[-55.854167241277906,52.84271677838683],[-55.93502190742929,52.9708377039276],[-55.962744779620266,52.98633274771785],[-56.16333789275632,52.95281192802439],[-56.09237688098759,52.99731369278395],[-56.12915598087119,53.01376015926688],[-56.13128479271386,53.03217990139133],[-55.95810290470427,53.02593406158347],[-55.929778289087466,53.087018652031915],[-55.831520073537966,53.10436771798454],[-55.815006010933935,53.14592383068113],[-55.84814771459231,53.17306263379003],[-55.80969355540118,53.189447937013384],[-55.79199297595149,53.2286409304036],[-55.81385815566347,53.24009946873315],[-55.8415502199928,53.21803848719671],[-55.88561260913823,53.223361283718276],[-55.86838046648149,53.258735217792264],[-55.920857632741914,53.300271523051016],[-55.87344260732991,53.31552322504588],[-55.87772161910001,53.32489276148615],[-55.94850681539721,53.31954736731626],[-55.98299068160207,53.33521636968924],[-55.908642620343585,53.351231464892614],[-55.89441353802412,53.36607651587388],[-55.9066214483275,53.374091180890375],[-56.07313621312527,53.35799081286743],[-56.07060651428412,53.40226722082917],[-56.08899089574947,53.428145025041374],[-56.16537315084157,53.479532906950425],[-56.26317330457143,53.508462297283266],[-56.283942192028576,53.538993717510216],[-56.1502849797254,53.53723781337524],[-56.07567180858976,53.508167733585076],[-56.04323154019004,53.51101858298344],[-56.038457624537635,53.53694060715703],[-56.06992395194584,53.55935443273715],[-56.2410075457311,53.59128205159378],[-56.36938793845719,53.58125686387833],[-56.37988081183032,53.59454168193204],[-56.354802890250525,53.617600248727705],[-56.38026353094474,53.62217730480803],[-56.5382419907333,53.6118754994354],[-56.71963770778829,53.6717145384351],[-56.732545779886635,53.68963914151172],[-56.65527461099586,53.68770045259327],[-56.49664035529194,53.71961019304453],[-56.4864718050789,53.76915832649803],[-56.552786909089896,53.765484976477914],[-56.689059072296686,53.722278472232595],[-56.76479528383295,53.74716485345913],[-56.87248889155811,53.741259501458295],[-57.00483664155356,53.712112644952434],[-57.10977536329447,53.6409274743223],[-57.17476836359814,53.630746221484806],[-57.246475114932736,53.523543865032],[-57.31736222083936,53.470545610801025],[-57.33116550212867,53.405008436373954],[-57.355126870221994,53.385529573636795],[-57.40626924876193,53.38653385291027],[-57.35316489324923,53.4237625639019],[-57.39297789292347,53.448282763146686],[-57.369122774534866,53.46387912512075],[-57.34877912648331,53.53316985367368],[-57.35078401802976,53.5921893902332],[-57.40726171997382,53.59476431795496],[-57.46904136982917,53.56983361157771],[-57.47571255983328,53.616606967308435],[-57.54161280861602,53.583308208794456],[-57.57910531415986,53.58168908071251],[-57.576014657431706,53.59239433146276],[-57.54505131989986,53.61935616023683],[-57.19997662336438,53.732426090918935],[-57.177255744745764,53.76788648070799],[-57.17167532140124,53.820624964567806],[-57.24211016727076,53.880332650232596],[-57.24381313660301,53.896386745150984],[-57.201332443743496,53.91395826412937],[-57.206007463812426,53.92328571755074],[-57.3380140951749,53.98102153191628],[-57.3679556618181,54.052840893578605],[-57.40359396515238,54.093379739841644],[-57.3985440685944,54.1423236979383],[-57.50088869968985,54.18635298930605],[-57.58564696188689,54.19160083115339],[-57.64126612904978,54.17409319702032],[-57.69380662223266,54.19642091896242],[-58.130862807042995,54.22916769892904],[-58.36472090153556,54.19638472594764],[-58.405629438650905,54.17990341295876],[-58.43668455035722,54.137222409808],[-58.32952502015139,54.094904575785264],[-58.17189754878591,54.13153689634848],[-57.9234179673324,54.110816342419334],[-57.852731534575184,54.0830308714797],[-58.22695618007966,54.08079964907657],[-58.82175812343363,53.94759032786223],[-58.869683962689194,53.95622491042898],[-58.91968299788682,53.90209737970316],[-59.05904624010241,53.81909819293104],[-59.09308173829261,53.76030928256499],[-59.08308504692145,53.72274126771],[-59.13472153674092,53.71139473813746],[-59.15671179097501,53.68544603275775],[-59.223819134182094,53.67101943988766],[-59.28834012597077,53.68636706103903],[-59.388862967818525,53.674131830597204],[-59.534006412199325,53.58149285853461],[-59.65973460674427,53.53460488872732],[-59.78031713051204,53.5203592120994],[-59.929465026907096,53.53735353448923],[-59.94098449701417,53.5273367712068],[-59.926502135849084,53.50978098122396],[-59.833768222753896,53.4865361885613],[-59.87832661768032,53.46721682420369],[-59.94128878286827,53.47607089523785],[-60.07532430638035,53.37050883368213],[-60.22322871500563,53.29757159411122],[-60.435155724909706,53.254299915829556],[-60.78761116042836,53.23575358342415],[-60.79493402769096,53.258578924340384],[-60.77093509444665,53.26498491956141],[-60.70314728569531,53.258983025965364],[-60.320289180175024,53.30285395739376],[-60.24324266185975,53.335578929033545],[-60.22587876239116,53.357196939262124],[-60.26179100859171,53.36378334461419],[-60.38270247612854,53.33979880516674],[-60.42286882830436,53.36071572220672],[-60.39811314962248,53.391584564909465],[-60.151501664408194,53.464857829983096],[-60.053656430785,53.44786042994731],[-60.04748837878445,53.463224963390985],[-60.0802013984356,53.49364839661374],[-60.241546284758684,53.53068798382181],[-60.50462417317514,53.651483925779466],[-60.81669676974732,53.720526647218435],[-61.00537947150581,53.723930291045555],[-61.01158019470129,53.74830961239844],[-60.91616655136177,53.752075364565414],[-60.912519791035436,53.78882307199602],[-60.493694829784545,53.67300299418908],[-60.275957371069346,53.574793959021186],[-60.16610478858338,53.54506465602037],[-60.135774886853675,53.570478242576584],[-60.157058265357534,53.66601400426784],[-60.09775515525666,53.730762052755615],[-60.145953623118324,53.74649327045796],[-60.141052278362324,53.764147561168144],[-59.8727833052789,53.80091922770955],[-59.92255246759794,53.834323797445556],[-59.90573920447381,53.83904796631391],[-59.600146555398275,53.826284717030795],[-59.5173151546496,53.83642010558857],[-59.299650741129305,53.913754574747564],[-59.00458245003828,53.981352518257566],[-58.99013145887791,53.998106536740494],[-59.03928730065948,54.03201097514205],[-58.68524260585515,54.03337926824746],[-58.57673630367606,54.116126047177964],[-58.50857288970998,54.13406408831672],[-58.505389937664134,54.159993536009004],[-58.42987509896897,54.20458995844664],[-58.47018598149103,54.21109804895982],[-58.6187545266767,54.173213986419846],[-58.721370262364715,54.12704715261432],[-58.79975737105554,54.11986676891605],[-58.89806807619747,54.08590371726341],[-59.42057677757246,54.0088370167026],[-59.545338833319995,54.00715849685827],[-59.61192607558849,54.039985931295334],[-59.3139244946144,54.057819467652116],[-59.15093134721936,54.099732563035566],[-58.779808963861754,54.150401398912166],[-58.51955549702993,54.226093931252734],[-58.278129975744896,54.24918580284625],[-58.15444759432239,54.309935626965064],[-58.170930713723095,54.3285043188678],[-58.26466958331699,54.308829296756635],[-58.28538515467968,54.31905818749456],[-58.19489865121187,54.36101202229369],[-58.05688805065742,54.36320340667186],[-57.900959611077006,54.388850507368105],[-57.787834791037575,54.388787497599836],[-57.670585626185314,54.36785458031352],[-57.598834111171094,54.413451885806204],[-57.54554593255385,54.42410031526074],[-57.53676621212523,54.44472187130213],[-57.47995363108185,54.44829350875897],[-57.47239119375283,54.46731399295678],[-57.64526675034104,54.461055131699084],[-57.66712749484454,54.47363304533728],[-57.452052685749635,54.503785103304885],[-57.42305951243922,54.55701861028283],[-57.42735828444264,54.599323442830126],[-57.487640215400425,54.61030944688549],[-57.4839054379009,54.63258181738686],[-57.50044289003464,54.64740951559536],[-57.56301492386809,54.66687769552419],[-57.69789994693085,54.640663519697696],[-57.77396127616971,54.656373759512796],[-57.794033468128895,54.68197912268884],[-57.931501091639426,54.726123605361806],[-58.03441476059107,54.70519413273071],[-58.20680003903493,54.747833289872716],[-57.87419531267397,54.799759608959455],[-57.88937077002422,54.819945344522985],[-58.0212197407169,54.81171309587321],[-57.99726578764311,54.852828081661244],[-58.00614835930566,54.86524341960483],[-57.954630523279214,54.88845183214535],[-57.974956118117554,54.91403806038001],[-58.004079347767195,54.91898875350136],[-58.202152978743506,54.8529311910731],[-58.251197985955045,54.858078352364636],[-58.27201783282859,54.831420945755035],[-58.25272796734247,54.808194351391045],[-58.26642094644639,54.792939856348944],[-58.42632685071381,54.77529620757124],[-58.440538694378446,54.736974197901645],[-58.49820655949802,54.76971607057156],[-58.589816816089154,54.76814285545819],[-58.546927731951556,54.79006267988722],[-58.54261624759742,54.802263690801084],[-58.57036878433743,54.81253481275429],[-58.63430568015586,54.8006533383229],[-58.72821280319052,54.834271435133005],[-58.7884826176234,54.80394242883899],[-58.82800625717135,54.83100861122121],[-58.87596806649556,54.82203149230078],[-58.942149280261795,54.83766054116583],[-58.96333907627072,54.851556819589135],[-58.927052854545686,54.8851892051059],[-58.93749976859322,54.899821874009426],[-59.0137065918831,54.88168335357805],[-59.052184031116234,54.89868943023531],[-58.95028815052671,54.95740785035379],[-59.06204127379766,55.01309292973633],[-59.071239113536215,55.029286437168544],[-59.05765873786324,55.048384144637744],[-58.991883170323696,55.07359513059331],[-58.99581114083513,55.08822114897995],[-59.04118898932444,55.10138342970083],[-59.0570454197761,55.12906743577767],[-59.094685606781646,55.10922415870024],[-59.10038422215235,55.072356999951644],[-59.15125711715458,55.06788859814999],[-59.169847600174066,55.10018794428061],[-59.37066687238873,54.97746897394752],[-59.40808330882075,54.97286469766563],[-59.404104669188385,54.996658225275546],[-59.33990471995341,55.032007213230145],[-59.283653254429545,55.08877778386934],[-59.19916177764279,55.13167867245877],[-59.1668210385471,55.18003321531681],[-59.16673701181341,55.19545671677472],[-59.19351001187322,55.20311261587652],[-59.24058113699966,55.18011673286228],[-59.25528414875377,55.20935019921903],[-59.28216804897862,55.201685789055716],[-59.333337787820746,55.11648470210917],[-59.36679707094836,55.10492652677117],[-59.40953766584568,55.04817538866633],[-59.42959605987839,55.03658574790609],[-59.48980613203175,55.04426430351929],[-59.75959573580098,54.88931339861615],[-59.814941722699224,54.84761434926473],[-59.848432542138355,54.76924966401036],[-59.87335764562022,54.751479187846044],[-59.95694719157571,54.74640472320733],[-59.95446588719133,54.7610639211258],[-59.88739301789399,54.797507406017075],[-59.878360523438,54.81586683319305],[-59.89212355590031,54.85042893642531],[-59.87917618699568,54.86580601816369],[-59.82073196955655,54.88754086476085],[-59.749602036019105,54.95536188671703],[-59.56734140782408,55.03567196924973],[-59.52476605579795,55.084912838623794],[-59.471304501634556,55.09648550411327],[-59.471347684180095,55.11955462669429],[-59.527726689560296,55.14324401112784],[-59.49842576495483,55.17711167308193],[-59.53473403488997,55.196984135908835],[-59.55081406995927,55.19395598610572],[-59.56406837608147,55.16323155136773],[-59.606837673857164,55.14468561900419],[-59.62443325838974,55.15155307776848],[-59.61382614625957,55.175345550286615],[-59.6528253775852,55.17685534031721],[-59.692394443682026,55.10372956651655],[-59.80774363430152,55.117185734988496],[-59.85822110792065,55.08553995587183],[-59.890567115719286,55.10225617840565],[-59.99530197400779,55.11252634223855],[-60.006228196990186,55.12320019480751],[-59.99178736499113,55.14013292839239],[-59.87651730468992,55.146153205465126],[-59.79515100499289,55.18256634247894],[-59.76082218933912,55.22261531622219],[-59.84263119656226,55.310675305038856],[-59.87610613404694,55.29895877386733],[-59.96493197965174,55.214822087996346],[-60.033462729120714,55.2167135388097],[-60.139860877045884,55.103123219918935],[-60.33422846006143,55.00639759733156],[-60.351992833505065,55.02087158190397],[-60.2842221424701,55.08974861931279],[-60.23346355467227,55.09473595772628],[-60.16083818050956,55.14144517893991],[-60.140347066373415,55.18539347979292],[-60.09159033167492,55.231015899905415],[-60.1372647583153,55.22843335285027],[-60.26277506918015,55.14294578695122],[-60.33733820825438,55.12156043240891],[-60.20445987925611,55.22407437149946],[-60.191724652134425,55.25487886663626],[-60.30022248261443,55.23711764561],[-60.44899958131826,55.135114505360114],[-60.49317960607557,55.13011029362361],[-60.54370640997248,55.077365685701125],[-60.721065166176885,54.986997587211505],[-60.72711955336146,55.00768742128443],[-60.413944775730876,55.2207621412997],[-60.42651273749162,55.23372211925857],[-60.449098257775546,55.22662399167278],[-60.590439728661174,55.1529504820703],[-60.66141121715194,55.14754106326935],[-60.65115870759473,55.159919949016746],[-60.56294112752642,55.21008456768975],[-60.55255417203354,55.222533029824646],[-60.56503371657175,55.235431144447986],[-60.50120646904361,55.25608936282193],[-60.447264763743874,55.25279099937038],[-60.43417071332132,55.30820776473878],[-60.39394866253559,55.363872315829695],[-60.25220011049293,55.41278785851093],[-60.27778314849346,55.46179147578376],[-60.31130059286583,55.453805998907306],[-60.35612353358026,55.412696228060696],[-60.40032314799373,55.443834607340904],[-60.44796775751342,55.407215486556304],[-60.49546263049578,55.33064357181978],[-60.51566576975895,55.330490948581634],[-60.534035060012705,55.35638379127821],[-60.35316835092568,55.54339351567391],[-60.37778246203148,55.55007478243927],[-60.4763496231606,55.49302343257527],[-60.496791445248796,55.49666137492761],[-60.49978858189929,55.50899691505763],[-60.43644579276284,55.564161511280275],[-60.49320342413956,55.59667121120243],[-60.51686497006512,55.572656390899034],[-60.553464482730625,55.57298788278152],[-60.549318141957976,55.610009246666046],[-60.436393822408164,55.64802290685177],[-60.355686831876696,55.73107884806214],[-60.531606181890595,55.77090767318036],[-60.5516879000079,55.763043617717884],[-60.6410847519428,55.59287616412341],[-60.66714484221782,55.5617838834112],[-60.70209761470911,55.552136493786605],[-60.68237467987593,55.60774520585161],[-60.699624897240014,55.63134903008655],[-60.65265952892068,55.68731920705765],[-60.642927233330674,55.79125455015508],[-60.70555336145293,55.78898780794419],[-60.752895363062784,55.74076602318639],[-60.822659080232796,55.713697242106896],[-60.9928815316533,55.71142272680308],[-60.98955484040686,55.727650540619805],[-60.87306190727762,55.74615830901642],[-60.8372272886888,55.73655584740823],[-60.78351676013778,55.78882768600628],[-60.788112542777355,55.803359844261095],[-60.999724703541496,55.82906146991802],[-61.096083307120274,55.814548513924635],[-61.222719694112826,55.857155230606054],[-61.18399348844761,55.87555012353131],[-61.121107746215635,55.87803762548486],[-61.16919392325537,55.93419468422004],[-61.34414885603405,55.94755260220623],[-61.426019171304446,55.93836203174308],[-61.48041376194649,55.95431684163971],[-61.42974656710816,55.97909317012238],[-61.522832666842085,55.99737737422058],[-61.526628164134024,56.013532583473996],[-61.36796832491238,56.00481888324049],[-61.30925681802255,56.03514524316586],[-61.34012139267463,56.04688060539365],[-61.44281879007125,56.03736846432867],[-61.47523863084917,56.05146119796963],[-61.401212590180016,56.10433928079574],[-61.42282699080946,56.119389073635155],[-61.46447913114117,56.10169634467491],[-61.489861795477935,56.11200957620227],[-61.44115794925408,56.15064410092108],[-61.39336820126935,56.159158325581465],[-61.38451197663831,56.19478731899992],[-61.61682248792492,56.17656280706227],[-61.70412019621696,56.202595756164456],[-61.81962794961827,56.17316159649704],[-61.84774794513169,56.180311638864076],[-61.851569281694275,56.19641512054068],[-62.06047174545601,56.19786347857863],[-62.05502242580026,56.23419982064093],[-62.08968087559421,56.25417423014793],[-62.09766566542717,56.2655381999201],[-62.08563282676893,56.27197870161154],[-61.97583347941762,56.24834286971489],[-61.86830421795924,56.25537182959346],[-61.860411387908584,56.22319490969495],[-61.833874774247526,56.2183578289629],[-61.73202777091501,56.226621992272776],[-61.735944316120744,56.242776685686565],[-61.80514787328956,56.262156681674355],[-61.8030561981103,56.272903299878365],[-61.67325832739232,56.25715028523118],[-61.655999845399414,56.269834413220906],[-61.92120302161424,56.31582365325787],[-61.91846831030558,56.33596813869606],[-61.84264720759035,56.34145586664708],[-61.862948754780774,56.37492103803279],[-61.99432735026188,56.4020858548802],[-62.09081378245721,56.39218847648782],[-62.20805674246905,56.43251534243331],[-62.014258894015924,56.427866335951194],[-62.108857181273656,56.462666085636506],[-62.033820875209464,56.483687660551794],[-62.05264497216425,56.51099315562189],[-61.85564598346926,56.467586828425446],[-61.77322809391223,56.463955416739495],[-61.73618649248258,56.47168666995699],[-61.713589915002004,56.507582565804114],[-61.72567263180036,56.52198739010483],[-61.83615852701653,56.54587596992628],[-62.24129565850489,56.58207749482484],[-62.2429081222239,56.601323880931474],[-62.20424657731162,56.60682057320819],[-62.017474562957844,56.57964933126538],[-61.97698764082216,56.579013021433695],[-61.96701450069621,56.595421484880646],[-62.472946515105335,56.70251509526086],[-62.51520259094428,56.73542020537191],[-62.20257740710787,56.68943702814356],[-62.03230737758499,56.64559109447989],[-61.9604050328837,56.65807730498646],[-61.96537188428232,56.630909392652285],[-61.718770657035435,56.605398782823926],[-61.71677635264431,56.61619696820727],[-61.84749660355214,56.66591800964154],[-61.80850133622457,56.68835147733926],[-61.74911073644419,56.68109589139378],[-61.75507541773916,56.70720075793061],[-61.84845520036687,56.73609326616579],[-61.87494634090639,56.73318365129221],[-61.91251419236284,56.69147167085886],[-61.94458572270688,56.689988942956084],[-61.95824521018546,56.70281081681881],[-61.93152364920402,56.73967135910405],[-61.938374027196204,56.7564934552066],[-61.900841291914105,56.78122776833556],[-61.82927233485825,56.763493344283226],[-61.73109653895785,56.786328118914106],[-61.69895513210619,56.8502278401329],[-61.57382341667631,56.94216366689439],[-61.53225520595753,56.95452497463356],[-61.423161425010996,56.947991626581725],[-61.410028592194784,56.96369129795087],[-61.42088491027842,57.099216785196184],[-61.46652818725437,57.12388222932875],[-61.59522430688109,57.140787581608045],[-61.70443188280485,57.118608607987916],[-61.74202051193498,57.12787941680694],[-61.75282057847481,57.14002819734031],[-61.65207718531165,57.20613591632291],[-61.666940084657085,57.213520870722085],[-61.71316192921925,57.204164946411],[-61.81847297981824,57.144858080286255],[-61.824051033168026,57.16330695088506],[-61.91733007453419,57.155892810480566],[-61.98138042049642,57.196155211664205],[-62.06726029912405,57.21895673023074],[-62.0765193574843,57.22876587413767],[-62.06318554933779,57.24062488629915],[-61.96915607287809,57.24048117123565],[-61.92090524079023,57.26083346907944],[-61.9233931006115,57.31246608881951],[-61.94035448736241,57.32984221032109],[-61.85621004235868,57.351029422393594],[-61.9557450576339,57.39980732667701],[-62.15129251949175,57.447127458143086],[-62.41798281101659,57.416575054190666],[-62.58263984206212,57.47639480275156],[-62.563328134605314,57.50007475568269],[-62.44667878542176,57.449850006626704],[-62.39239939882606,57.452053082749536],[-62.315481026274064,57.50727704417907],[-62.15721649983881,57.52039657171827],[-62.0854355841712,57.57307468335963],[-61.98584827993315,57.5868675306],[-61.95043844295213,57.61235668686527],[-61.95957688660408,57.63915313878948],[-62.01651081951155,57.68501219627853],[-62.01698095699856,57.70979102828121],[-62.0781010581861,57.75091388151408],[-62.16373048278986,57.77135419106979],[-62.18008735755006,57.79412300562686],[-62.15370913039974,57.82569125634734],[-62.11994174300265,57.80253239084688],[-62.087161003706974,57.807868268783736],[-61.974694857352965,57.777141206244096],[-61.923854541667225,57.833157067161196],[-61.988893190961534,57.848722544620856],[-61.99575397722409,57.86169213850532],[-61.97416776515127,57.88310033103683],[-62.06499397165705,57.89336601824511],[-62.10464073137252,57.88013960942143],[-62.13155227426108,57.89034247499881],[-62.137055652551346,57.92189769447782],[-62.18210442475363,57.940156385965246],[-62.27701123420619,57.894641421964586],[-62.31921248227989,57.91219631641356],[-62.36389210197673,57.875522756797025],[-62.38569919114246,57.89192736867379],[-62.3618274043288,57.93353794651384],[-62.39256158034865,57.95205838338844],[-62.42881180276446,57.93415020359533],[-62.456975104963156,57.86147993924956],[-62.48944807868508,57.852160783167236],[-62.51448638769062,57.88633471644571],[-62.497321996378,57.920007001195316],[-62.50719920423189,57.933674520687546],[-62.68385773661637,57.925802099619894],[-62.57138513780603,57.980747553005976],[-62.43794032400452,57.9702656112397],[-62.3637359422059,57.98683375314381],[-62.35353318761264,58.00331542779997],[-62.37985066620877,58.03590998909838],[-62.41411018404581,58.02887426586889],[-62.44641332412423,58.04581236761783],[-62.39787832160003,58.074150422028715],[-62.40441438652507,58.08325373871367],[-62.54104771612673,58.09058284433666],[-62.4817490498098,58.1276930714887],[-62.49206704291932,58.14516676903291],[-62.536602672391474,58.15173162387987],[-62.584930580684684,58.10643021793885],[-62.60411957804758,58.10901043496532],[-62.62471781069958,58.1400997776655],[-62.69153694588226,58.10663110723299],[-62.82884967367603,58.10433021137153],[-62.918310528140836,58.12107417484291],[-63.101211372716975,58.044334244250486],[-63.13588646526947,58.001425611653225],[-63.20969042282122,57.971279943905884],[-63.4117867948654,57.95688817548567],[-63.174844271984135,58.01024743881392],[-63.21172338876894,58.03928765143221],[-63.210507576629354,58.054015527831915],[-63.05500204352498,58.10144101587841],[-63.06613037003565,58.12279061997062],[-63.052580283148735,58.13094101811947],[-62.6639254409597,58.16620010084921],[-62.60317631772066,58.20494917842581],[-62.67028918616591,58.244867835972194],[-62.85670579365145,58.21799691280511],[-62.900701216632925,58.19041040743556],[-62.93510169036053,58.196373125688474],[-62.88769491731971,58.232641619533425],[-62.65859572820938,58.289339481705774],[-62.66100838368395,58.32950790324278],[-62.71863538685248,58.389805599210455],[-62.63580913765241,58.41607424563686],[-62.60759080411256,58.44546532434309],[-62.65195624257891,58.4744525994628],[-62.724683569632745,58.477929660921085],[-62.83700450130134,58.45071956606502],[-62.825063587544186,58.47818315501237],[-62.84637016304364,58.48294906263716],[-62.93186488734651,58.46664757894169],[-63.041969067301146,58.41999763117795],[-63.08992495260284,58.426992333744465],[-63.11890089137371,58.39594669239942],[-63.17552722433057,58.374788037775225],[-63.18624676740116,58.352802101014],[-63.21467248187107,58.35734104260357],[-63.23424102954012,58.386162783043744],[-63.157878887074965,58.41408723194493],[-63.152240689652515,58.429774479627596],[-63.16921101945626,58.44854553069508],[-63.29427395600244,58.457753280946406],[-63.48003468329634,58.333902418372595],[-63.59873225140939,58.283363782499656],[-63.63887176981354,58.286609447547924],[-63.48730315789059,58.36929066197901],[-63.39393194874703,58.4498179822772],[-63.44524199230229,58.470656440440365],[-63.51997414691087,58.453407622206825],[-63.5460843032952,58.46104764959591],[-63.53329329794469,58.4768929364305],[-63.46649916011092,58.510926451477594],[-63.26866977780836,58.48955904613546],[-63.159475091911325,58.53099131008293],[-63.0282815249702,58.55039521292644],[-62.93340572780136,58.604361086492474],[-62.89062468640724,58.64739440835146],[-62.89124886835726,58.68151443811309],[-63.05521617296795,58.671188015088475],[-63.13058484271974,58.64106147408697],[-63.12446359079347,58.67917789106191],[-63.09272882746973,58.700293993591224],[-62.94939183953842,58.73780435558588],[-62.92734851109916,58.768722670600084],[-63.00863591564348,58.82824271693006],[-63.08653479170848,58.843755307706466],[-63.05813194489854,58.869427303032715],[-63.1046054809857,58.88347748758764],[-63.15363592134692,58.85490236374785],[-63.1483981471851,58.83496878860615],[-63.18991823387446,58.80649717887303],[-63.190193093474555,58.77082655087445],[-63.204128495030716,58.76269619064652],[-63.238147139646564,58.76084731119584],[-63.2488229781482,58.77443288999328],[-63.23062747323057,58.82307872598538],[-63.2430129808364,58.838921039998766],[-63.34899935696916,58.83791206727549],[-63.242793695858936,58.8745961039544],[-63.219775486001105,58.92023674935949],[-63.19038794545715,58.93821133811178],[-63.22162215611516,58.96205709438492],[-63.26338117483954,58.946799228942815],[-63.27633597650208,58.91772844779323],[-63.33492970330634,58.93052847739389],[-63.293867515800706,58.976057830180956],[-63.35864801200367,58.990226779152806],[-63.369862005182185,59.00769059934204],[-63.239921496031435,59.001765581279116],[-63.192833505820666,59.010200031370076],[-63.19157317766309,59.02494832220717],[-63.30181628993546,59.04165871178275],[-63.331916920063364,59.053906068030564],[-63.3351969908988,59.08089936476955],[-63.3864335279775,59.08076480847034],[-63.587121280501556,59.01362592584084],[-63.87976629044675,59.011051879231914],[-63.9047180606115,58.98449399750537],[-63.8965463117839,58.95849944278254],[-63.918210399218964,58.940644624297796],[-63.950189673444214,58.954986353853236],[-63.96549640897445,58.999366116475834],[-63.9349587260976,59.02847236292201],[-63.9979201090998,59.0268156096716],[-64.0583422403538,58.9966435842676],[-64.11287512296678,59.00078031364003],[-64.11587630082082,59.010748528629584],[-64.04248902268168,59.04378436866097],[-63.96843808911895,59.06361424900497],[-63.79631592773932,59.03813355241768],[-63.59116695189416,59.0576964338311],[-63.46929000944546,59.11759900867943],[-63.44886475026384,59.146914533358355],[-63.482529812764675,59.18612062165469],[-63.48241007225533,59.208687756590045],[-63.44980975218705,59.22598265567718],[-63.440780166186364,59.25039757861934],[-63.49228276210943,59.25021914977847],[-63.570375088429046,59.19948406289485],[-63.655263580543576,59.189600181623554],[-63.65730495909023,59.2050985730772],[-63.58947078641693,59.22991374746857],[-63.57161573281288,59.278557387026],[-63.59173168425619,59.316677747533774],[-63.67062262371284,59.32794349776772],[-63.759961728563034,59.236430298543816],[-63.849449391751214,59.21607338515615],[-63.84767144007415,59.236350867951195],[-63.7889882582133,59.272605077415704],[-63.75636481573461,59.321792687682546],[-63.77368060887616,59.35926883631178],[-63.818216288583095,59.36307550206734],[-63.858288303273184,59.34531578398557],[-64.0838531169337,59.37042026857596],[-64.10304369377735,59.38752734611655],[-63.81836716165952,59.40809652530377],[-63.799809710817556,59.417279480470555],[-63.79480111067636,59.491087509050864],[-63.931617816943024,59.59491380755125],[-63.96003760303334,59.60083855470365],[-64.05176788529236,59.57881571199188],[-64.13860519313378,59.49403849657704],[-64.17512998044376,59.50353973592081],[-64.1313843811182,59.54864775803599],[-64.12037926654786,59.60809363576503],[-63.96655760386238,59.62468269528015],[-63.96669700071037,59.64713731551955],[-64.0070841632473,59.66122930019444],[-64.15286934258977,59.64096417461502],[-64.22509000155011,59.66151083530927],[-64.28531124621387,59.7243866994977],[-64.29975771442999,59.757194449016126],[-64.28220463828791,59.77422196615824],[-64.2268619514239,59.774040999802],[-64.15196776704279,59.87082977813254],[-64.18886677976096,59.8989491808701],[-64.33217561688969,59.9058518127762],[-64.30760582239199,59.92699995100528],[-64.21125064431197,59.94468447480115],[-64.22514037472975,60.01482808968855],[-64.31620513446862,60.03147921945316],[-64.34705316001406,60.020985613007575],[-64.34598743948048,60.003967512740914],[-64.26843237088531,59.98439533441881],[-64.27304275798966,59.97415428759833],[-64.36552618681611,59.96122116647908],[-64.4289012012724,59.90120633922233],[-64.50958370411102,59.86534307293621],[-64.53969954112918,59.869620821597806],[-64.53635297237643,59.896886041344224],[-64.44324490015738,59.943373008143276],[-64.47336471465714,59.96624410690634],[-64.57082286089705,59.96537418478412],[-64.60616961953419,59.972514751434005],[-64.60351599119316,59.98500907329052],[-64.43780512007427,60.00575721686889],[-64.42172041949128,60.02112664941116],[-64.43563605535411,60.04083573760274],[-64.39536013960878,60.09058915869815],[-64.41669260327349,60.096729832128325],[-64.66449174567744,60.006601779998164],[-64.73255114268547,60.00528710440952],[-64.53514525606134,60.08884891202333],[-64.47833583908721,60.13154932728201],[-64.4111932984106,60.14041738830855],[-64.40732232706537,60.15459473969164],[-64.42643060957101,60.18644326368254],[-64.46053943138342,60.19522638921306],[-64.53305159105422,60.170549912015055],[-64.57423102567775,60.1750922410508],[-64.53348694603024,60.21167971778082],[-64.64605609315997,60.239746092750096],[-64.74179616179194,60.23270367980006],[-64.76643671835498,60.23937908173006],[-64.7594022261947,60.25293302062712],[-64.65261638773578,60.26901755818009],[-64.49849106946509,60.22710845678141],[-64.43896814197427,60.23571223740592],[-64.71093300687883,60.327207538843],[-64.87512955819251,60.33350412755744],[-64.8854567739716,60.32057349903304],[-64.8502362223976,60.28951717244923],[-64.97089766216466,60.246137360247864],[-64.98604452746658,60.20814892845259],[-64.9245201120949,60.19603710283354],[-64.98423010549674,60.16309671197838],[-65.02877783733894,60.116098995290876],[-65.00534762412957,60.08908118538988],[-65.03225581703889,60.07395353100943],[-65.0575669332417,60.09378459611789],[-65.07867455805318,60.0905241695992],[-65.10947832017014,60.036994156751156],[-65.14477452981302,60.025324009088116],[-65.14719952906812,59.979339992625455],[-65.10964575504823,59.96087034008295],[-65.12481258512821,59.94145338718328],[-65.04016755329519,59.893243525860086],[-65.18841652247441,59.91681226350654],[-65.2237441015104,59.89030447876345],[-65.20284549406446,59.86944063467791],[-65.26370934372353,59.838653310831],[-65.26970506601721,59.82127958339953],[-65.20903523516947,59.78520785380233],[-65.13467818440316,59.766875352963396],[-65.23978107473977,59.75964406812373],[-65.27930121196943,59.78975145721092],[-65.38830599011521,59.81099871897438],[-65.49090109998573,59.78271728295318],[-65.56623814402447,59.71763588267331],[-65.5295823496761,59.61589653129433],[-65.47363812959561,59.564231892067255],[-65.4852374162313,59.5201930766251],[-65.28136725673839,59.48563105756746],[-65.05866018253946,59.36695346997632],[-65.1196898680144,59.36810005510857],[-65.29271841507169,59.4563425346837],[-65.343483820827,59.46637066786671],[-65.37928416462718,59.45299317355975],[-65.33610659177414,59.41851544702113],[-65.33406463941904,59.40696402295363],[-65.35914673702167,59.40262844075782],[-65.43832325291842,59.44230976060245],[-65.53251873019654,59.447799595779394],[-65.55127620332935,59.44223917807867],[-65.4942462956403,59.40693227832684],[-65.44028679437078,59.39635053689846],[-65.48244083418399,59.369449636144296],[-65.4766795762163,59.33864183279903],[-65.3725537531139,59.24579403932847],[-65.41966819088873,59.24576730887538],[-65.49410998224769,59.286439951663695],[-65.53774700414994,59.33950161643681],[-65.57365711066085,59.344673162111306],[-65.59569332839969,59.30086197992945],[-65.59127910274486,59.277731162493204],[-65.54926448608974,59.25648986576842],[-65.5580248058542,59.21559938969513],[-65.51123680883028,59.15266115221398],[-65.52018942821303,59.135902944212795],[-65.54817496008666,59.13222668100969],[-65.61300545626462,59.20979245079636],[-65.63509569094163,59.21415261353463],[-65.61030212073042,59.140718295528806],[-65.61877458527812,59.129399626607466],[-65.65787162303808,59.14455907914737],[-65.72883292973535,59.24357936078441],[-65.77704862702815,59.24184613873835],[-65.7798678977281,59.19428062098335],[-65.74041385989915,59.17920045926006],[-65.76819024213336,59.166071774499805],[-65.70076749296774,59.07701025425246],[-65.66528076522096,59.05711435235999],[-65.59721167971689,59.056663959363306],[-65.58027962692057,59.079297349240825],[-65.5429519766155,59.081100931021496],[-65.36710509265106,59.03699833690033],[-65.39306187217211,59.021730429933186],[-65.58412415244341,59.03553833137766],[-65.57967597921758,59.01249801181381],[-65.41562672778346,58.92424681956404],[-65.42522064607753,58.91137571900481],[-65.52198334671834,58.93067852884997],[-65.60235526658829,58.91885560424493],[-65.61633285309267,58.92900649964849],[-65.60814746394617,58.94028111155719],[-65.55653911927998,58.961539811665354],[-65.63371157342708,58.9879240036897],[-65.70904225449743,59.04160468671297],[-65.81998676876196,59.02265361569145],[-65.82006481828714,59.00789111015838],[-65.7277746551629,59.00649504577882],[-65.73093904283452,58.99230081967766],[-65.78021585005078,58.974192488400654],[-65.71333734024745,58.948075090120945],[-65.69508099353321,58.924219208668575],[-65.74485544701336,58.92475925664757],[-65.89389116699218,58.97050460925234],[-65.89398258148091,58.94098236079783],[-66.03154587368238,58.8846091380708],[-65.78211934215224,58.81554219832645],[-65.64264468766785,58.75279220043319],[-65.59524441625025,58.715644698035916],[-65.59843879211955,58.70145847554445],[-65.640017899014,58.707830339348604],[-65.84766866373242,58.81363235364165],[-65.87766681045743,58.806575214602546],[-65.87112225987735,58.79609170533997],[-65.89463039690568,58.77846582084449],[-66.05178123452619,58.83683297822475],[-66.30359410422476,58.77522532149349],[-66.37795158040473,58.803834300906274],[-66.37142591194647,58.82285517355979],[-66.38986065102547,58.83193186042817],[-66.41558283931487,58.82585154662797],[-66.44336286716221,58.80168913861211],[-66.50173897947062,58.79429869893599],[-66.49243084536359,58.77228919888064],[-66.52606090828982,58.69957390733057],[-66.59132611892163,58.6770667330496],[-66.68392847368541,58.56955802429967],[-66.6951876715145,58.47237213873599],[-66.81580724403987,58.48059409155561],[-66.84957180919758,58.45206837652738],[-66.93724806834845,58.426330271299946],[-66.94942837612135,58.43420392335139],[-66.93568487757437,58.46459787250824],[-66.98569525804103,58.48865323831389],[-67.12623399970417,58.39028559764356],[-67.11946761958788,58.37431357945858],[-67.14744646876348,58.34834378610982],[-67.23579835750947,58.352008214920495],[-67.29099113209868,58.31642242053266],[-67.35351904675824,58.31151433962419],[-67.40334229443283,58.27320577400792],[-67.49154692437416,58.27111878355173],[-67.57376342428213,58.23055630036484],[-67.75546228610021,58.274457130293705],[-67.76458469078288,58.32097938369236],[-67.71958669532555,58.39509356787373],[-67.72936400347139,58.42239843351555],[-67.78004139631116,58.44616221417049],[-67.83802869396536,58.427527759693646],[-67.93904652922531,58.46133674680942],[-67.93822698329083,58.476463927309],[-67.9910647871198,58.51321363429574],[-67.99472830782486,58.55041557763676],[-68.01864858770196,58.561973644382284],[-68.04383386498245,58.56100032195053],[-68.05991324254244,58.52005571738506],[-68.10399268847063,58.50049594980159],[-68.2406797486663,58.52637072785881],[-68.32221668915851,58.52430484297483],[-68.31482085328359,58.55220735408111],[-68.37020797036276,58.601949166864905],[-68.41338006100455,58.715074332139686],[-68.39760655688607,58.75062932301561],[-68.42194434050685,58.78942681089435],[-68.67777830178939,58.88431962030264],[-68.80890627796816,58.89379725247098],[-68.92359012937852,58.86212174759933],[-69.01009361821428,58.85852165436468],[-69.09409086330983,58.88157281951019],[-69.2353913265866,58.874095223802655],[-69.26967157787163,58.887040832064095],[-69.3807638706485,58.85995583102744],[-69.66547881611024,58.7413763907517],[-69.68985019523289,58.6946501431449],[-69.75753111775562,58.68027008034308],[-69.83153974276998,58.596330580946734],[-69.86663207008885,58.58387094352384],[-69.91128702732199,58.59649010736276],[-69.90165747501666,58.63647666356678],[-69.84581442458564,58.67818539828548],[-69.8475301746069,58.69291427912625],[-69.88707147472428,58.70830105893868],[-69.92139859530101,58.67949146812569],[-69.98269637720713,58.68745499893308],[-69.97378170967333,58.7203189847355],[-69.93392234469655,58.76460327592018],[-69.97395030523008,58.767385217723174],[-70.04191272160338,58.734774877249684],[-70.23781155967193,58.75664967277989],[-70.3455652466448,58.72646814739553],[-70.39909525120885,58.65723155465525],[-70.4838417246582,58.587434481652146],[-70.55940184034239,58.588379710542505],[-70.47156234657814,58.65774720649104],[-70.41117489524275,58.73309621840365],[-70.36528224558492,58.758443798289186],[-70.25656740236239,58.79025030082478],[-70.13889004625474,58.77720457612124],[-70.04643859313357,58.8041640255917],[-69.99444649256544,58.797767930300395],[-69.93741881262433,58.81757904030989],[-69.91155289797216,58.84963185628554],[-69.84622617987176,58.83015624240175],[-69.85923063562574,58.90824327422139],[-69.92581458745146,58.94958197926399],[-69.90182769261443,59.02534126951989],[-69.87510172133987,59.022941938503465],[-69.86473601934131,58.981531691374414],[-69.80730994083747,59.00128827686465],[-69.74565697783768,58.97520595687026],[-69.7356261931519,58.96267102703467],[-69.7495298787289,58.916048346582365],[-69.7041590943231,58.89250793562291],[-69.716151084789,58.79666690189213],[-69.65893575564256,58.78738607682022],[-69.60189361872206,58.812570505631506],[-69.5757057805423,58.85004630758913],[-69.52901911795126,58.86958763037039],[-69.51513956290059,58.89815667384832],[-69.5083548311861,58.94416800476228],[-69.54857797387142,59.00506422623042],[-69.54044961793025,59.041790595596424],[-69.47226788309418,59.03802936981008],[-69.36980271218567,59.09031489091132],[-69.33000083824085,59.03480087665447],[-69.40184986513755,58.957703478967574],[-69.37893993452775,58.93759779356476],[-69.25913745160675,58.96693672126658],[-69.23068454476969,59.013077824757545],[-69.18476297984012,59.047283537985045],[-69.22714419872749,59.081520717226915],[-69.21180509474296,59.106214180281626],[-69.24358986745007,59.140412945644194],[-69.34368443314861,59.1386865233137],[-69.40669036368638,59.110836510772394],[-69.5298489171924,59.10538149059926],[-69.5708885963677,59.119228917789265],[-69.51314983606082,59.20237269742971],[-69.46626799332546,59.203866556243796],[-69.46005606809032,59.179317894894155],[-69.41091242581932,59.17859415090057],[-69.40124715069662,59.206023383786764],[-69.37803424448292,59.215009786420865],[-69.33061526268014,59.200021553928416],[-69.29367711271874,59.21943407555793],[-69.28553761200764,59.23258829447945],[-69.30668594238182,59.26141748131625],[-69.27673898516197,59.298287779088135],[-69.30526595375805,59.32110020341545],[-69.377981287432,59.28386619923372],[-69.40481350995515,59.28645886729602],[-69.44255966571502,59.328820917034335],[-69.47395027513684,59.33567303591139],[-69.60384008162484,59.31481492085795],[-69.64836992766533,59.2765609169565],[-69.78970396210967,59.306248198217226],[-69.67746829821604,59.3627006594295],[-69.77774919608255,59.49632932175748],[-69.6625225972148,59.57958020205723],[-69.60118718481888,59.58628011908847],[-69.56770729105595,59.61177713602821],[-69.59551446056602,59.659676047099076],[-69.6327820786072,59.67465752708163],[-69.65118977018541,59.70293767645473],[-69.61401250081009,59.74598852660273],[-69.64183025391034,59.764851597618275],[-69.60290955596817,59.798650695479246],[-69.62128397796042,59.8215221152363],[-69.58169396329778,59.8387900987782],[-69.61386716321681,59.85656540094162],[-69.71863438414388,59.86214833940843],[-69.77741252348721,59.883921795246465],[-69.78592882152684,59.90518047519683],[-69.75229043128753,59.936237037211626],[-69.80685808542296,59.95369357237217],[-69.83662588172977,59.98737962439606],[-69.82973733640176,60.00439422585828],[-69.89898341556217,60.03320503249725],[-69.90201707135942,60.05180417676134],[-69.86549640451737,60.13494511193882],[-69.78364378430338,60.1495097924654],[-69.78789930610849,60.11931160932275],[-69.84389645021723,60.07544930612394],[-69.82566839701109,60.058092084238226],[-69.72601898717765,60.060797868295985],[-69.66210456996933,60.105287584692846],[-69.63823335847579,60.166931134567804],[-69.67592279720716,60.22897142009468],[-69.79292059157076,60.30502888260846],[-69.7596735901878,60.328869557233375],[-69.75553253413104,60.359108356111854],[-69.79175210116135,60.37735014849395],[-69.80191785530336,60.40792107863251],[-69.832054023942,60.41249808545276],[-69.79358879484117,60.46828474682429],[-69.85449346139524,60.48843156091131],[-69.85223211823826,60.509752349048256],[-69.82087265055608,60.530436064952],[-69.6990895249417,60.566215708746654],[-69.68957040257739,60.58107037697116],[-69.7328192304521,60.600427840875966],[-69.71068881174224,60.6297084162146],[-69.75935153300946,60.669745847406176],[-69.75993579657751,60.686165126249655],[-69.61450648006799,60.7111859791653],[-69.59297313280388,60.73330219540093],[-69.52524151553733,60.74644319181094],[-69.4861813421356,60.77858507295685],[-69.43278590457756,60.79224897876189],[-69.42429094157826,60.80543368677284],[-69.44180473705183,60.85894927517877],[-69.41245465703533,60.887197811519684],[-69.46195484449508,60.92020900669943],[-69.53005744663231,61.02329392394386],[-69.59037174141956,61.06329432389385],[-69.62461006173599,61.068429989596204],[-69.66706090109739,61.05489435473544],[-69.71716223400469,61.011680739868275],[-69.69527298888488,60.97563563109444],[-69.70910743184092,60.93060851452179],[-69.67183489754402,60.90133373769646],[-69.6867517130453,60.88364917925224],[-69.73908816856452,60.87165617904342],[-69.77784946750653,60.88110650183189],[-69.78220853467077,60.90348811841133],[-69.80575649203236,60.90164501532296],[-69.98638130285211,60.84526798282691],[-69.93832083698267,60.827222630912765],[-69.95273928258842,60.80405191419871],[-69.9836599138851,60.795987829377424],[-70.15769037409797,60.8744030825967],[-70.12210897712306,60.91980332355106],[-70.18715928331935,61.01262264615899],[-70.13883366763075,61.0544397559763],[-70.14313112649346,61.07135544861751],[-70.25589565989144,61.06438392363214],[-70.31828081319362,61.084320419211075],[-70.3697779069012,61.073684252176754],[-70.415969549925,61.089392109176714],[-70.44332320578366,61.075309633238355],[-70.4583181195827,61.04487449152056],[-70.43354635310492,61.012348631236485],[-70.48213133521443,61.012182552599185],[-70.50603056909382,61.04631165545862],[-70.54673792747403,61.04676672857042],[-70.57639952800834,61.03471653264664],[-70.55670383620333,61.01208118021208],[-70.57201455126453,61.00520613732878],[-70.67282412825422,61.023263532188636],[-70.75745337125366,61.08044956224398],[-70.77879466614425,61.07620359834371],[-70.78729877308791,61.05577538816234],[-70.74787604081982,61.02850924521097],[-70.75502096249578,61.00424200272347],[-70.7765209302697,61.00550355482903],[-70.87135319695967,61.05858660371157],[-70.9483968850884,61.06040178643757],[-70.96691601870653,61.10453390568902],[-71.01952661383469,61.12267171711361],[-71.15298558932216,61.14295180123966],[-71.19181946849464,61.10872591907402],[-71.21341201939484,61.10991627082283],[-71.26826792128286,61.16243443867314],[-71.41549043398531,61.13397364981689],[-71.45395830878262,61.14459477303786],[-71.41975509241344,61.16516114691369],[-71.47215080690779,61.17766462604122],[-71.49933713521206,61.220900043447415],[-71.56375396238576,61.17384202328059],[-71.61557171987154,61.16817191405324],[-71.63217429646657,61.1847768068818],[-71.59577722300186,61.19607019682092],[-71.59868614147443,61.22350545726809],[-71.65063368221999,61.23048607497045],[-71.61784204028734,61.2548184478909],[-71.84199428621821,61.28104906717941],[-71.72264650972376,61.32640390297791],[-71.73234948407348,61.342008328141596],[-71.8184119755929,61.33543412498304],[-71.85745272284778,61.34597160961779],[-71.83559432577758,61.36462659192958],[-71.92049034543803,61.386591805511024],[-71.88819090573422,61.40386518621331],[-71.73730752881553,61.385801952318666],[-71.65019760988805,61.40669723574031],[-71.66233048779391,61.424434989473596],[-71.82145275115376,61.4221188938528],[-71.84169322256871,61.43911478295776],[-71.79620544728418,61.472673827014155],[-71.8342996760095,61.48489315087294],[-71.84706836728063,61.51534672601023],[-71.79184944795654,61.54588764455851],[-71.55254006542557,61.56820105849313],[-71.60634034962928,61.59877758992919],[-71.60244240231899,61.625172230201706],[-71.88395399731384,61.69451376475081],[-71.94671829609625,61.69723409284335],[-71.95950451878652,61.68816089467067],[-71.94208682559848,61.658893007615525],[-71.95963271819139,61.62165206773242],[-72.02668255993379,61.58358445119528],[-72.22433452692617,61.58740231474397],[-72.31893720748359,61.55284861703082],[-72.33436214974616,61.565509185938524],[-72.30329251508925,61.601122094134894],[-72.26129163677278,61.61550302321167],[-72.08880911507536,61.620389091872454],[-72.04140735338507,61.67707899004273],[-72.09524017105846,61.728944835561016],[-72.15368926480954,61.75258066369972],[-72.252208659883,61.732747857446384],[-72.24659123106275,61.78951462100279],[-72.19817395393187,61.80132425221974],[-72.26318856340778,61.85440881051088],[-72.54751973762474,61.923987269817424],[-72.62959651598379,61.926958284307524],[-72.64698648348717,61.902204893864386],[-72.62253386771334,61.83644951971478],[-72.63188786189447,61.81966735159442],[-72.66837832595361,61.815215432683445],[-72.70576632826965,61.85740379478856],[-72.79365707004901,61.821604517653114],[-72.81209217928502,61.83643657550585],[-72.80480040432762,61.84983230037991],[-72.69812921913751,61.89237161352958],[-72.69917997910069,61.92469714877135],[-72.6340355713013,61.974039189901404],[-72.66146127990535,62.034772678207865],[-72.65663659328837,62.09147823540859],[-72.77642334848693,62.12397543685732],[-72.8523372051956,62.09728483860627],[-72.90691607199506,62.10214543832996],[-72.93121567919249,62.11398062661525],[-72.92815277942668,62.14763678196846],[-72.94673819017534,62.162334440204724],[-73.05473251369615,62.17524644286754],[-73.1139989473653,62.20009721680089],[-73.20225322489692,62.25704125334642],[-73.231067080761,62.30324961487734],[-73.27262730713466,62.32604019093324],[-73.58194072550567,62.39552206365393],[-73.63260308371812,62.44591645473632],[-73.73123349162313,62.47838388925997],[-73.95723216989612,62.421548452702545],[-74.05904829196079,62.35791275050363],[-74.30994487344864,62.28555374846495],[-74.49950727671957,62.257903057384276],[-74.66430181346287,62.264782115674734],[-74.73013595094342,62.24680809075576],[-74.73245925951359,62.20262316336947],[-74.56162762412978,62.13119454317715],[-74.56555580936212,62.11554685730472],[-74.59688584451976,62.1135632949618],[-74.84000844384134,62.19262789706236],[-74.86214230972092,62.21804181702297],[-74.94595084090972,62.23389712135488],[-74.982082976276,62.26244645782373],[-75.1620486907716,62.25254345690818],[-75.1828428867974,62.281248231635104],[-75.21607370450495,62.29180189457323],[-75.36885301099363,62.31606773455465],[-75.42126063441587,62.30174672306898],[-75.43949156728111,62.278735016203214],[-75.52418490931382,62.276568448586474],[-75.81947055818466,62.16909499552992],[-75.90035987137377,62.16629462225064],[-75.88463430973368,62.19314479625039],[-75.69070743621819,62.24505645974393],[-75.65841288528479,62.28268615099272],[-75.97334959239676,62.353880700927995],[-76.14331690103451,62.34877125590813],[-76.16362875209546,62.38957187182724],[-76.56467690301487,62.451398286147295],[-76.64169127121448,62.44945909342511],[-76.68693137771025,62.478336106574375],[-76.81260895066688,62.51599342289132],[-77.13639438331994,62.52836469808122],[-77.31491956445348,62.5595227795753],[-77.43971228428096,62.54363310490556],[-77.49170308692942,62.58672125307486],[-77.76518857963686,62.461292220761194],[-77.92330475386602,62.435386617728774],[-78.12030568186452,62.34372802795124],[-78.16165423952519,62.30303733588248],[-78.20222979018884,62.12858438792946],[-78.13044945703136,61.85028256668999],[-78.06256841835048,61.739240482683165],[-77.97054635438676,61.68598818017072],[-77.79938711468381,61.657700804970816],[-77.77749742553874,61.63654542689604],[-77.77511950387913,61.602887255571986],[-77.7162763468768,61.582054934056636],[-77.63563290068538,61.580555863275265],[-77.53698496000113,61.528083682647825],[-77.5672055748824,61.516557901422004],[-77.69526602165297,61.529259528865545],[-77.70395580293872,61.51592956270721],[-77.6839370906815,61.500160637823306],[-77.62340117139082,61.48440008935109],[-77.63886272282566,61.462860852181514],[-77.71007186466576,61.44954590917293],[-77.70980233924556,61.43015061332018],[-77.6496451204608,61.40389045739929],[-77.66868057600693,61.38263721021715],[-77.71616247496053,61.3831650766895],[-77.7772437820949,61.427048147372176],[-77.82312426428106,61.42204870906884],[-77.79307537852924,61.23302106910046],[-77.75945258003556,61.194948394681816],[-77.76217111552675,61.17758410847315],[-77.85714587399723,61.10643553123057],[-77.88566346716952,61.04729274284434],[-77.92955076669803,61.015844195634216],[-78.23676080429713,60.84103967066212],[-78.26259695729223,60.77634932256353],[-78.2224802393885,60.76777799802497],[-78.15002324425872,60.80046912978636],[-78.03040917593792,60.7922080597763],[-77.88052187547962,60.75845417307576],[-77.59523706919512,60.83056806471378],[-77.58101688402321,60.80995105739454],[-77.60001245233468,60.79757347146658],[-77.75417409724068,60.759928468995454],[-77.72696164714812,60.74525420628537],[-77.68953552167726,60.75956033079971],[-77.65986175275444,60.75172186071318],[-77.66947912073695,60.7350089220538],[-77.73901328915339,60.72168561189373],[-77.87623449274459,60.64904931261786],[-77.85540418413036,60.60682170743815],[-77.72351842372926,60.53561186600363],[-77.54015525527723,60.55814724912272],[-77.51203055806177,60.54690893802448],[-77.51585514088183,60.5366984358663],[-77.64127572019024,60.516098913003276],[-77.66942378817309,60.46753698977439],[-77.78542341826704,60.43197149256183],[-77.7945944906843,60.40631439712637],[-77.61437884374298,60.274459617986786],[-77.61285830450512,60.2390965343719],[-77.57952028386293,60.22386561259142],[-77.58972882765858,60.17546247911407],[-77.54557561980512,60.13112516280457],[-77.62811207966381,60.098012656523586],[-77.64081444631164,60.0622300902789],[-77.59007883824493,60.03652842786735],[-77.47272571334108,60.04011202281901],[-77.40157268231319,60.02305211840446],[-77.26559032535425,60.03878516169667],[-77.25331051540303,60.01469831121198],[-77.39471212530842,59.94502190618323],[-77.45863752513259,59.933211913866955],[-77.47645976639413,59.90323076800966],[-77.47076896509779,59.879820037183144],[-77.39721257312567,59.841384404330555],[-77.36181448360986,59.79420449353544],[-77.37344575361935,59.781189500843894],[-77.6053426347592,59.74773808629568],[-77.60884813763958,59.71816763669961],[-77.57190565077408,59.704277866005604],[-77.57882861290089,59.67508870453509],[-77.5155154761284,59.637643404655506],[-77.52091369768864,59.62231702841085],[-77.73818285059262,59.66653578923138],[-77.76140904128044,59.68966213822939],[-77.81108930670254,59.687075982873914],[-77.83087028301082,59.639599826675585],[-77.78006004567378,59.556036965189506],[-77.90343278009163,59.50908736527888],[-77.92329353345164,59.45113789816742],[-77.96908481098171,59.40777580610601],[-77.97313782861877,59.38530863596134],[-77.86680098396734,59.4145328504565],[-77.7562345477806,59.38523993687987],[-77.75646614954559,59.364232587271296],[-77.82588287003672,59.352907216893314],[-77.82546754654102,59.30361355352604],[-77.94821299581528,59.27598838179497],[-77.94500120298851,59.265128924455546],[-78.0080099839322,59.240910455831056],[-78.04557097782151,59.20036129439539],[-78.16604349734507,59.19863379104439],[-78.17018964096232,59.14460866955205],[-78.20119922011331,59.13321779871615],[-78.20738257606327,59.114504498779],[-78.175978961064,59.095969113685726],[-78.18703687136627,59.08289103795799],[-78.2717149634764,59.03240903671423],[-78.34728402172107,59.040641780884336],[-78.34895349643578,58.982895558043694],[-78.41820098284815,58.90473465235105],[-78.5175896629308,58.890414939239356],[-78.55110340592299,58.89152057855248],[-78.5765295933807,58.918195745458355],[-78.61673641554137,58.90932498145111],[-78.63274227106733,58.868626303495056],[-78.59195510937053,58.78284916676882],[-78.42739996530696,58.70577301678696],[-78.51053004608367,58.688364056318164],[-78.55763996110151,58.73096465931272],[-78.59484768932856,58.730581930645364],[-78.57500117158341,58.69742086868405],[-78.6438225485852,58.64895735109829],[-78.55421090143197,58.61327430366507],[-78.53630483825208,58.531229452466455],[-78.44646142002469,58.528717966533954],[-78.49625823853579,58.573363202373784],[-78.47341600081641,58.59232988510355],[-78.4516512920123,58.58696400812406],[-78.35251869893312,58.49784476623361],[-78.31561417947445,58.49806470157623],[-78.17622533057883,58.44201359281404],[-78.10834428508635,58.38335768612851],[-78.11025956557802,58.35721200100316],[-78.01789401277036,58.343656049145906],[-77.77506778130552,58.25121094793655],[-77.56770379512272,58.19493826917145],[-77.51010081749136,58.11049095349621],[-77.21547355459937,57.99417601324465],[-77.19724858092532,57.960810096848505],[-77.13376781011297,57.91589229869336],[-77.10851309985706,57.874731000064706],[-76.91879368994016,57.694086651152936],[-76.88141917149932,57.65161967629204],[-76.8599724379116,57.545719907773844],[-76.70962337015243,57.35451611329051],[-76.60039892114848,57.06191374741805],[-76.58815793156022,56.87968569992049],[-76.57296133854815,56.841225426088506],[-76.59478027693716,56.51008024194233],[-76.57540891122808,56.402713404293266],[-76.6186489508879,56.27058994715609],[-76.68621162931358,56.184958919204455],[-76.70878724378656,56.09277806917375],[-76.76569518245552,56.009488315330564],[-76.83696974636449,55.983854944536574],[-76.887002612003,55.91923872902619],[-77.1998658956247,55.698619049317294],[-77.18043540012145,55.68254264704307],[-77.13145125244596,55.68095132440493],[-77.12982567553036,55.66677512953873],[-77.19285275226358,55.65414390665178],[-77.27140216124597,55.58368892431969],[-77.44510712452731,55.48462820725213],[-77.61876358471812,55.3924010316385],[-77.66642345402218,55.38678859071214],[-77.90241736746631,55.24649432962919],[-78.0744548155126,55.19201668865176],[-78.37950558857632,55.04386379854638],[-78.56559755462364,54.99718481640313],[-78.75316616334605,54.91023707919463],[-78.8860088752295,54.9103295970621],[-79.01332379986185,54.85235693303301],[-79.63984803541985,54.695350504936904],[-79.81210420044238,54.62831945666511],[-79.70920626134551,54.62145661861669],[-79.66704862455279,54.59888082072455],[-79.62857573195345,54.609450976336795],[-79.56403495674489,54.569264992095846],[-79.60134167497554,54.52741528395238],[-79.57735553566602,54.51667461293501],[-79.58622204553542,54.49318962020062],[-79.51812723834104,54.409355683870395],[-79.53447227432966,54.37961081543803],[-79.46368553339988,54.26080919927952],[-79.34398649109839,54.2312692251723],[-79.38014624379208,54.182508381122794],[-79.30082628152492,54.18066336283141],[-79.28224158623038,54.14952937044348],[-79.15344173189395,54.167437187352924],[-79.11745179429226,54.14687251794388],[-79.13124721462091,54.11689518521598],[-79.12299799654626,54.09194908249659],[-79.18583817600798,54.08889121695191],[-79.18976168826815,54.073655502857214],[-79.11889802111935,54.051705003434265],[-79.07019296520535,54.01256098280139],[-79.10333339195803,53.99827802529854],[-79.12746796746478,53.93983002319302],[-79.03095012144037,53.90502929795413],[-79.12653383417175,53.898188308572855],[-79.09925985027661,53.845478778014844],[-79.07414724812338,53.82931079718739],[-79.11588933700799,53.7932879045747],[-79.10640000280401,53.77333848238907],[-79.12065627703464,53.7296509355345],[-79.17745465763545,53.70190265468175],[-79.09895936288156,53.68953592046464],[-79.07979637801155,53.65139225879837],[-79.05440478758975,53.63695258599796],[-79.08766334061345,53.598490402719456],[-79.06946272658425,53.58992715392755],[-79.00409959505382,53.60633336788464],[-78.9877873742328,53.56849708182568],[-78.95535109400856,53.54816020131722],[-78.98896312035255,53.53048169892949],[-79.05986342327255,53.55961065558149],[-79.07480930086366,53.54709347791972],[-79.07292616757142,53.52095076318305],[-79.1226654088556,53.50820689916837],[-79.1359819404162,53.4904624958604],[-79.0999454683657,53.43870701042969],[-79.02201817515873,53.42629226055311],[-78.99434548373881,53.399439750224474],[-78.93718972444552,53.38539347994172],[-78.99110516493091,53.35588353980443],[-78.99695097491009,53.33392463531077],[-78.96695451931772,53.260168990200576],[-78.96687296868993,53.19445209209395],[-78.9935128624247,53.11394221214128],[-79.01829713436922,53.08512354746103],[-79.01660903308522,53.069459951865305],[-78.98271016233939,53.055825333211146],[-78.99835085902929,53.01754200774958],[-78.97095548149396,52.99080165522837],[-78.94254665791347,52.98982317746895],[-78.9283636448265,53.03340000256958],[-78.90587416199531,53.031257901470134],[-78.81690419987922,52.965735840360104],[-78.83344181943441,52.94658857034496],[-78.87953205909534,52.94582387788465],[-78.91914278867795,52.9253473699984],[-78.90281993441,52.85641921116833],[-78.81692210408426,52.85682416252434],[-78.7620985716886,52.88090102892511],[-78.73595978540463,52.871465454404586],[-78.77683340786379,52.8356455222392],[-78.82351039614964,52.82111310693509],[-78.82191295338399,52.80545804474406],[-78.77266345985451,52.79722177073017],[-78.78498567306539,52.78279614164263],[-78.86910423636161,52.76676426893578],[-78.87427607202754,52.73610684610933],[-78.8335076581657,52.739161122847996],[-78.8143308806907,52.72518510613779],[-78.84191548391446,52.70713006346508],[-78.84023126593205,52.68104409239489],[-78.79661287282822,52.67339367827331],[-78.80465799838063,52.643002477774566],[-78.79059243147519,52.63131839509331],[-78.729975600079,52.61326658878513],[-78.73760351299771,52.584692742857435],[-78.77775664764353,52.55061990901004],[-78.75910910234825,52.534922202654926],[-78.7249295760715,52.524662496140266],[-78.69981893556216,52.54465166427348],[-78.67296181925217,52.51787051720044],[-78.6080192319853,52.51660078372264],[-78.58384569024051,52.46926179063777],[-78.57449287302757,52.37684462341164],[-78.55615410593589,52.36114188941318],[-78.59674756856259,52.282268130661045],[-78.56920277938602,52.269226525201425],[-78.49479383613514,52.2738176711639],[-78.43166663000483,52.24664182550219],[-78.46354118724946,52.232624428806226],[-78.5559002862648,52.24540684323001],[-78.59734583625678,52.22706928002229],[-78.60268027105988,52.20689605813175],[-78.58417672768408,52.18093756492266],[-78.61354458034307,52.12341913670522],[-78.73409087988553,52.03704440116278],[-78.76134476407151,51.986348367865986],[-78.88164374387287,51.93092260469777],[-78.90352663485416,51.87789844127427],[-78.9033117347666,51.80201191046138],[-79.05621147172744,51.76862637738252],[-79.06085365678021,51.7501733924614],[-78.9851634481106,51.69803425779553],[-78.98131021035995,51.65803355437606],[-78.88405346671462,51.61585203701653],[-78.72102538558809,51.5927620266971],[-78.67411301421757,51.560476776789734],[-78.71263940359415,51.550585204973146],[-78.76938257216923,51.57693669008269],[-78.84844434064865,51.58135168484768],[-78.84625360296711,51.513903411721536],[-78.82250323019841,51.5109588977367],[-78.83037010075725,51.455994673467764],[-78.91517341567743,51.41574154264641],[-78.92113991874835,51.392286312055795],[-78.881433307954,51.364247576533074],[-79.0012306787191,51.35501403397932],[-79.01393704695677,51.40648063477152],[-79.0644615642663,51.48027828424911],[-79.16266497689125,51.52926286576404],[-79.2815219963593,51.52854401343659],[-79.31306568713084,51.569399559918814],[-79.26527716784018,51.6405740987465],[-79.2759839137991,51.653634763519506],[-79.37573724178029,51.664735668695215],[-79.54202847747895,51.57011758850385],[-79.557770128953,51.4683785651851],[-79.62676457785206,51.45584341585464],[-79.65494119754408,51.417129784793204],[-79.722444347728,51.399196506045165],[-79.70651075682426,51.277576719074474],[-79.75803542357816,51.22044376444563],[-79.75651972552453,51.16712131306445],[-79.81071107556092,51.15657425859689],[-79.93356933201717,51.18130653183557],[-80.0595265643306,51.26613470702574],[-80.40869922476708,51.34747348026449],[-80.50023978523129,51.39454969894932],[-80.51048957805433,51.501713333999376],[-80.68238593480324,51.760984607128016],[-80.80530771643382,51.84970493664737],[-80.91520649413665,51.896001861218245],[-80.95933579522355,51.95261403695123],[-81.07545852259727,52.025004349071956],[-81.18236851242953,52.01933145059528],[-81.24492753480904,52.05492078480887],[-81.35850508259998,52.08727796376936],[-81.41046385493877,52.12189565072478],[-81.48404033727255,52.267684683147436],[-81.5455596667599,52.32369364949992],[-81.56491959537135,52.36966677310854],[-81.56174127584293,52.43130832584227],[-81.5816039713758,52.460160774101766],[-81.72622750211015,52.514806427806654],[-81.83261134834648,52.61129250560005],[-81.93181007975366,52.67117120455028],[-82.00069714228012,52.77704086089987],[-82.08425966211311,52.849363433652364],[-82.18620485650804,52.88344558250825],[-82.32096902078067,52.95885281547197],[-82.28241951848496,53.200286098369624],[-82.1494365266015,53.27274732972804],[-82.1312660262952,53.311078297705066],[-82.2037749027514,53.43777773754701],[-82.20755740068591,53.48267309325457],[-82.28197002091358,53.58535806952098],[-82.27076800102674,53.650055120273386],[-82.18140513435243,53.7614891491839],[-82.169733579333,53.82785154256169],[-82.1937608333876,53.90507827234719],[-82.28169930565271,54.0361916738176],[-82.40510297565486,54.13492164555838],[-82.4628513971688,54.208890638213596],[-82.43722831679862,54.40891886063114],[-82.37475849456992,54.546601138674994],[-82.2990355023512,54.65587479148197],[-82.22702351256196,54.82400089387581],[-82.23832156726633,54.860943292503705],[-82.28124112756622,54.90488248695693],[-82.27553881572473,55.02020454425336],[-82.2589478829766,55.06235161622152],[-82.28922721123715,55.12797620270063],[-82.31663362104433,55.143421555871384],[-82.36370086157534,55.149703976010784],[-82.36971922057907,55.13274990236189],[-82.34653964857876,55.11070824469611],[-82.35627453973407,55.09053953499262],[-82.33696381003183,55.06352218599009],[-82.37129873132083,55.056885625657486],[-82.43198568571948,55.08810960050375],[-82.4271880313537,55.11536828182502],[-82.48410643041598,55.1341868499112],[-82.58185342221087,55.12600496102284],[-82.64073583742717,55.151757373110044],[-82.69749517508968,55.15495618877366],[-82.76689958638678,55.13639742165031],[-82.91887701017585,55.129108371309634],[-82.94241464533611,55.15103059346559],[-82.92922413582511,55.176249229666126],[-82.94735142412195,55.19441692349094],[-83.02869767583556,55.21424300027895],[-83.31928559646114,55.208460444562405],[-83.63804274766855,55.256675956065216],[-83.70177110278831,55.25446381928035],[-83.703516492996,55.24246010215049],[-83.66437790843135,55.22000844161185],[-83.69958814527511,55.20608548978131],[-83.81200642110701,55.26466881049692],[-83.91270222750441,55.2795794851173],[-84.0508219916363,55.26320722059315],[-84.38863729021581,55.26356472866459],[-84.64248964470379,55.23387639012181],[-84.99643433626638,55.27772807192089],[-85.392110841249,55.39912564734579],[-85.58872042179127,55.534115567922505],[-85.92811873243528,55.65539099269969],[-86.25942403555169,55.7065248160532],[-86.57578505230177,55.81496273621648],[-86.96570208682691,55.90305246042608],[-87.20006216078704,55.93591141342225],[-87.28925528009829,55.9337605038894],[-87.46118215686064,55.993451298266116],[-87.48987555641256,56.03812484201798],[-87.62891347066463,56.077488685053474],[-87.72735186596479,56.14378717934585],[-87.78078458116174,56.21144263424227],[-88.02005009064187,56.42688762652848],[-88.07538534415933,56.458308919542326],[-88.30457876818414,56.525067012756004],[-88.47848651045271,56.59466690948363],[-88.52189778141434,56.644751782534684],[-88.66557948587531,56.686452393533585],[-88.90703595356358,56.845170005617405],[-89.12420700690765,56.84486222127363],[-90.11192260108176,57.014242843826125],[-90.21998198337198,57.084238596091616],[-90.41713477808342,57.15741010189222],[-90.75154984306397,57.235145188052925],[-90.97617802739141,57.24959996164993],[-91.25485496124003,57.23589439863391],[-91.65733540394453,57.11973004151224],[-92.14748459344774,57.018011281753296],[-92.26250140362399,57.046507179374835],[-92.35725341610639,57.048530415565175],[-92.4565514168794,57.03327959023765],[-92.61335356219443,56.98056180594667],[-92.66882396592189,57.029827298766854],[-92.538903693252,57.17634821002197],[-92.48980712116771,57.29267441580793],[-92.48888805490189,57.35475865257197],[-92.52500133764049,57.48658638482518],[-92.55030852857784,57.538884238671976],[-92.60515159780356,57.58648499179355],[-92.7111243124624,57.74718166469086],[-92.76594566682247,57.801619020402285],[-92.79996315838682,57.995555374098466],[-92.8315768982769,58.06689981057146],[-92.91244434476134,58.13561763145222],[-92.95838526395573,58.252022812706926],[-93.02081307039032,58.31164190573484],[-93.04634716653821,58.38977209948655],[-93.10637151752616,58.43899937978959],[-93.16505461025892,58.519323663373946],[-93.13821384698184,58.66235878662682],[-93.191562365132,58.72703976332085],[-93.23046671021972,58.748284457316046],[-93.33719365065474,58.74269462225135],[-93.40862286336242,58.702053197640495],[-93.46897521123998,58.69065237920995],[-93.55600118612928,58.76069220947372],[-93.70577698702286,58.76212303044976],[-93.87615879979106,58.737631774504074],[-94.28131431975223,58.781490341817886],[-94.32564284060494,58.710806844797474],[-94.39236824244435,58.68856475230927],[-94.4881853481085,58.726902814465234],[-94.5572166459674,58.84455519681851],[-94.63357142344404,58.915556716342614],[-94.68383000178659,58.924278679962484],[-94.68694348982855,58.955343462398915],[-94.7204245636665,58.99509761920382],[-94.767247212226,59.01069803832327],[-94.7774272719538,59.04701956143007],[-94.90154071646782,59.059056579455905],[-94.98529185354938,59.017476895959774],[-95.0592235438842,59.02425773947496],[-94.96552651523677,59.06765426443723],[-94.8243822196832,59.091914783586795],[-94.79408784487926,59.12482945335012],[-94.78402907674412,59.17489132248255],[-94.83800143445902,59.20946304744713],[-94.83802188004202,59.22329362562279],[-94.7805940404584,59.24579635022419],[-94.73994861332059,59.32185904798817],[-94.94331279306843,59.37371078255139],[-94.90960455068819,59.40316532050251],[-94.8721324882409,59.401440379428166],[-94.72632955275468,59.36169040242052],[-94.72622806399163,59.41352023765124],[-94.80431715150647,59.52938759967878],[-94.78049811019125,59.58131877832551],[-94.8284186157722,59.62624251487642],[-94.84544923011849,59.67300941588566],[-94.8181547940405,59.768137560775806],[-94.84222086643975,59.82007852547608],[-94.84244832474164,59.95849494891013],[-94.7838765945942,60.01387408618672],[-94.76299152446674,60.060569430792],[-94.72488438852446,60.08473322911809],[-94.72124446948227,60.143618894362746],[-94.68624036740452,60.198975925213546],[-94.68951357351075,60.2786429423452],[-94.62634084509867,60.37199990642847],[-94.64346692650044,60.420493554015984],[-94.68892207775365,60.46384336986894],[-94.94877479743273,60.48975212807648],[-95.02250161176006,60.50700551692204],[-95.01566844835989,60.52086707658252],[-94.82933124213662,60.51928964499311],[-94.69915581787575,60.5487081561613],[-94.60079909063276,60.524308808368176],[-94.52697454821168,60.54153304712846],[-94.45870951550178,60.66428156055602],[-94.41232004828002,60.70053723895993],[-94.39342182211705,60.80779859396961],[-94.30398937228975,60.85256166812419],[-94.19493568098432,60.9768038073205],[-94.16890398088259,61.03210785022986],[-94.01051824438545,61.077996414321206],[-94.08855277957701,61.1044025062545],[-94.08803892075522,61.126942697234654],[-94.00402029949103,61.19058204541753],[-94.06012222394097,61.248101907029465],[-94.05971060319892,61.265377621561505],[-93.91901472813923,61.27661895221054],[-93.85223716381437,61.336867542707004],[-93.88409530491036,61.3595464720243],[-94.0099492849938,61.37948551656491],[-94.01679054654913,61.39856212498745],[-93.88676148787413,61.51038336709088],[-93.80640591215047,61.528846209295175],[-93.7098054082945,61.58705699910556],[-93.54725528475204,61.64626526148108],[-93.34830933348803,61.69102817974718],[-93.34773148219614,61.703131981075416],[-93.37662014132981,61.71037547734273],[-93.4169049616097,61.70737718725448],[-93.44542736359044,61.723290553611086],[-93.4446569447601,61.74057008628317],[-93.32109866672752,61.721884519423085],[-93.27707771905733,61.724903555088325],[-93.24651695442866,61.75053117224181],[-93.41398242703399,61.77150248198951],[-93.59503898436328,61.820025787804674],[-93.62024104496675,61.83587191218708],[-93.61956847724854,61.853152348986406],[-93.52674694510088,61.87661992245489],[-93.62818629224488,61.91387155439182],[-93.56526480052979,61.92200043431082],[-93.43449028182113,61.884313397716895],[-93.35020984233135,61.88001204479697],[-93.33137356326255,61.88849828797915],[-93.36342252620206,61.911310677055496],[-93.27083507615157,61.92249708990491],[-93.26951820657885,61.94846282699436],[-93.35530268281761,62.00312548221858],[-93.33970721656728,62.02034015627572],[-93.20588053606224,61.96677269339711],[-93.1718358331319,61.98199335936151],[-93.17005462531144,62.01488981577844],[-93.11821283274472,62.01943323585473],[-93.10198146818216,62.04530695322203],[-92.97432489978657,62.07656756642813],[-93.0850351582428,62.08319168252406],[-93.16805672292465,62.12064863140619],[-93.26040657446094,62.12690586957419],[-93.25558228756192,62.14765708962717],[-93.16869464922785,62.17789664412771],[-93.0549640469299,62.15567747201728],[-92.98312772852505,62.175544947072],[-92.83864886632955,62.17178030264022],[-92.80042229838033,62.186853607788],[-92.79076958467415,62.221396229776104],[-92.80835518545263,62.23719208328164],[-93.04388552856499,62.28038262929244],[-93.06541538186967,62.292773216802104],[-93.04593017069314,62.30639706021401],[-92.88623789995951,62.29731647516176],[-92.76531435414142,62.26606235689872],[-92.71163265564851,62.235744693908636],[-92.67235654458023,62.160585258922225],[-92.6210691759638,62.152835304309775],[-92.59053016029272,62.16445979960685],[-92.5780998272438,62.17989004030697],[-92.62985334257574,62.23622362951591],[-92.60100691057109,62.27220660512665],[-92.63604768455392,62.30394047708031],[-92.72350477833312,62.33304722483221],[-92.70285684645025,62.360482227565846],[-92.73274812701104,62.414772309069065],[-92.70099974036611,62.44028350419516],[-92.58955454946073,62.42641412368918],[-92.59085057646962,62.40904274296314],[-92.62959353032322,62.3923639154171],[-92.61265850274498,62.36776592244638],[-92.4074437407927,62.36433109762961],[-92.24112931717144,62.342262558176664],[-92.16093687040842,62.361556674756194],[-92.15970289647198,62.375412271132426],[-92.18471285465445,62.388013621899624],[-92.47530754996032,62.4037090101144],[-92.51150612010599,62.418194960032906],[-92.53271518681434,62.43584695846614],[-92.5217980727845,62.47905473716449],[-92.61341139654054,62.56038033241659],[-92.59734790279124,62.57400143818566],[-92.49523279177707,62.53236417839634],[-92.46007192102033,62.50059131463021],[-92.3914255454187,62.5149494791353],[-92.33187796875352,62.55386533789664],[-92.22201855384974,62.5622156707283],[-92.13339338423697,62.501581891817196],[-92.08101718803806,62.50055607691238],[-91.99714626979953,62.512753355753894],[-91.86925901451654,62.58986939825015],[-91.89591102958249,62.625141552771254],[-91.93972670102522,62.63993993753831],[-92.12462796200695,62.64022162293998],[-92.28253265136627,62.69001143468524],[-92.3538785727011,62.69480757397079],[-92.45387335628897,62.76759883700507],[-92.45821343449349,62.80930953392125],[-92.32414071770052,62.82262271255355],[-92.09868243469161,62.79759955632417],[-92.07909323897483,62.80591663129223],[-92.08560530708591,62.81640890599046],[-92.1469206311162,62.85229841520967],[-92.08541555661579,62.85981142410352],[-91.42916186186848,62.7811938610291],[-91.26797683877932,62.82756136610076],[-91.21143690519216,62.85389596138147],[-91.20417462510507,62.88149263463768],[-91.10849232155833,62.91548111559678],[-90.77430836852974,62.93401915841928],[-90.75381629798815,62.94380386817752],[-90.74488153647549,62.98005146776072],[-90.6642319144429,63.03671317320278],[-90.66075735421842,63.06098179472738],[-90.69048322123858,63.094845793206474],[-90.65558395407182,63.151179409062074],[-90.70224667519548,63.173398722300256],[-90.70947343891295,63.20483695637053],[-90.74868995565859,63.22682049287362],[-90.71645238188309,63.264159868273595],[-90.74255537436301,63.297901489863285],[-90.71541696619686,63.32491898363227],[-90.9328886402275,63.37624879706498],[-90.89159169926357,63.39420087669653],[-90.90491186707375,63.410226264463354],[-91.23136731977453,63.467447183600676],[-91.38259214850848,63.469405884356725],[-91.43594187044923,63.51068560691277],[-91.55457290523545,63.562054613564946],[-91.67783173632358,63.5751774304308],[-91.68830426089056,63.585869081132095],[-91.61152455524422,63.610193068442676],[-91.73580116706239,63.68929695885974],[-91.90297754041634,63.6997194940814],[-92.1830725636604,63.59228353330322],[-92.25489100812501,63.531110224366586],[-92.35898798361038,63.541632050793794],[-92.5057796105637,63.507610588560176],[-92.54678903374213,63.52908622668876],[-92.23496925160701,63.62099097462924],[-92.12470186046242,63.72523817839697],[-92.10005743186275,63.72615446350524],[-92.10517600801217,63.75577794737294],[-92.05287936315607,63.76867082211299],[-91.92657892761419,63.736668363527905],[-91.712624164366,63.75823888680184],[-91.65520099292213,63.71014158399652],[-91.41765430743769,63.697783716076984],[-91.3920398196234,63.68328506357274],[-91.40244769900436,63.6609357776199],[-91.37666234583465,63.64818883044253],[-90.87912762850267,63.56934050787088],[-90.62771445376484,63.58129185832098],[-90.55502536022378,63.598238334546544],[-90.593718258164,63.65332479695798],[-90.61648647560929,63.657421997304],[-90.66334837102706,63.63098371739502],[-90.68949843768934,63.64045042932158],[-90.69190780270449,63.677031397601446],[-90.6425759408073,63.692936486867936],[-90.51640005795895,63.67188242790708],[-90.49470223534479,63.660757606417874],[-90.50022925545541,63.62440423213171],[-90.4820276133608,63.61523470089187],[-90.23367730006424,63.603977897006594],[-90.20033023610148,63.61681455810425],[-90.07692196847036,63.72406256507658],[-90.08732793444372,63.75574933285022],[-90.07738265903205,63.76756957487187],[-90.02100258072508,63.77608933867542],[-90.00152514972727,63.79806866528606],[-90.0023251330029,63.815531026234794],[-90.1073027208268,63.87111158748245],[-90.11889819972738,63.92017259359049],[-90.21052606964888,63.987464395312834],[-90.15887129012174,63.989338595329],[-90.09308452250787,63.95586806975697],[-89.9986298760327,63.95275810389215],[-90.05038479304889,63.904021068254465],[-90.01036540650186,63.876821964766094],[-89.97107345222751,63.87884859135049],[-89.98012163407918,63.90827366773892],[-89.95707596715876,63.925772516899855],[-89.84650317653725,63.92136781414273],[-89.80013555052061,63.9460186193938],[-89.88895075074106,63.999155756779814],[-89.83418991338205,64.01695117548371],[-89.8228302245537,64.03437104027819],[-89.93925162162842,64.07338413203921],[-89.94844603909739,64.1045773889111],[-90.06480408189574,64.09923864194168],[-90.08688258307284,64.11043535080994],[-90.08424041499954,64.12602089861483],[-90.0175315313458,64.14220304382157],[-89.8222017489954,64.12803730331116],[-89.75944756160595,64.03125007235316],[-89.73939208153175,64.02275702548957],[-89.70772507992613,64.02461525036104],[-89.72481965200018,64.06445883054008],[-89.71348122992408,64.08011102523933],[-89.68163099107102,64.08028910235059],[-89.57552202113172,63.9663619087158],[-89.53158059653929,63.940545585776555],[-89.50399444300194,63.94241227252464],[-89.50464757884092,63.970182912483715],[-89.56153715644473,64.03758316962984],[-89.53832005653419,64.05845495929154],[-89.32330205054798,64.00036070021828],[-89.27916954408919,63.957095058556966],[-89.22394654771111,63.96592605651141],[-89.03811435412979,63.945441411034714],[-88.99877192017712,63.950736023044776],[-88.99878206143859,63.96290160986104],[-89.13351005849658,64.00427801285822],[-89.2091490692967,64.04407961186325],[-89.20956564084113,64.06312632803294],[-89.1659943374238,64.07192883320434],[-89.09020447648936,64.02346478872649],[-88.73804739716961,63.97847065714654],[-88.44459808170177,64.05776257404902],[-88.22850662791814,64.14545101610467],[-88.11316243890901,64.14836505424735],[-88.0208162865893,64.18081680729111],[-88.01001182274157,64.27443423515304],[-87.8878458768685,64.3448783524523],[-87.8667269021929,64.37243630991111],[-87.847617568793,64.4573012947144],[-87.80215086148276,64.49346969432638],[-87.62257890637441,64.54408568849087],[-87.51903537079393,64.60043139865134],[-87.50556219818512,64.628061827476],[-87.51805398941002,64.7063047995517],[-87.46154054481121,64.69709056755339],[-87.34519263815105,64.74974394025428],[-87.33943819753382,64.7809236478303],[-87.23370629416814,64.91683419062444],[-87.05828578510508,64.9686559773634],[-87.10256347970622,64.98305215384887],[-87.11312167610642,65.00920851646744],[-87.02470178419811,65.04283110427843],[-87.00893386440644,65.09473713970591],[-86.94822058531905,65.1373159415618],[-87.01200076035971,65.16764766667286],[-87.03002699792759,65.20770029457337],[-87.06579354353887,65.22900536203538],[-87.36206119075689,65.26167429993846],[-87.79692494662741,65.26188395216005],[-87.89999629654996,65.27471303697826],[-88.0295263063886,65.24597773580216],[-88.17776535271813,65.27448016976187],[-88.35183769435912,65.26824310169499],[-88.86565563319513,65.33149858190569],[-89.08992987382538,65.33480988331837],[-89.20756386253204,65.4317107894767],[-89.4262093636448,65.51601792335359],[-89.46971652291195,65.58525594592322],[-89.503802335087,65.60758459469167],[-89.57562801450163,65.62117661032887],[-89.8707959864554,65.75821715306313],[-90.4341684785936,65.8485345984756],[-90.81990168691645,65.88150826646664],[-90.9590165020646,65.9180651176199],[-90.60785953344812,65.90547310925874],[-90.29896860614208,65.921102952164],[-90.21272619663424,65.90301584441005],[-90.36204252419232,65.87603968825641],[-90.01059833733895,65.86475341718074],[-89.86074027283962,65.82936908108836],[-89.7514525164323,65.85263770992745],[-89.7522914861612,65.87519352541942],[-90.02645089175796,65.93400942888373],[-89.98019262655852,65.94824478426676],[-89.86061921071051,65.93513147370116],[-89.86682782089223,65.9801918347978],[-89.80277763944945,65.98065242749205],[-89.61310000421567,65.89665588067602],[-89.55665991108742,65.85015512590574],[-89.44654887726007,65.8523253492156],[-89.13165890127267,65.73181272217825],[-88.58020320654681,65.64515250557824],[-88.59291138545893,65.62950690381587],[-88.80718192256334,65.6436840685363],[-88.80716684421621,65.6279933149112],[-88.43481858744516,65.53551945841832],[-88.2075165224344,65.41333623212473],[-88.05105055628448,65.35534317492255],[-87.95205910124402,65.3287782158086],[-87.44996422797385,65.32321109000044],[-87.11391461919246,65.38223434194892],[-87.09236008453263,65.394085688667],[-87.1103474950021,65.43597126594182],[-87.01925695229554,65.4851693749727],[-86.98740708316059,65.52293758058951],[-86.94835022321132,65.54161027963478],[-86.80914586181116,65.5571190970654],[-86.76876849391194,65.59124697278159],[-86.53461576501843,65.67468536390246],[-86.50746003345934,65.69680419600056],[-86.49341479419155,65.76083243521363],[-86.51216590756324,65.78533335019411],[-86.50641829105658,65.80264183918507],[-86.43914965776266,65.84496605915223],[-86.44747985687049,65.8919350637149],[-86.26611090752596,65.92371360613869],[-86.14390689769773,65.99453189234451],[-86.0073205534814,66.03546055635326],[-85.99712372459133,66.04915817627139],[-86.02670003767611,66.09309125634897],[-85.95274208392324,66.14209096526803],[-85.88120063294726,66.16676039276354],[-85.8794638138081,66.18233781417665],[-85.98088616360911,66.19630171885811],[-86.1041474441025,66.24890180676952],[-86.31545025899348,66.2905866193788],[-86.47429303278695,66.29656947895307],[-86.66556997616641,66.32875297768543],[-86.8464624114637,66.4474002198716],[-86.7979637874187,66.45715193465423],[-86.70774484774067,66.44557825093001],[-86.71041898417809,66.46639036094032],[-86.78224532033866,66.48987879842828],[-86.78794905388884,66.52638733387685],[-86.76542890551275,66.5347465583233],[-86.66165358404642,66.52815379937991],[-86.62145422394605,66.5396856423438],[-86.60604854005845,66.56552937258165],[-86.54524059403234,66.56461753775979],[-86.44510088104569,66.51633370721275],[-86.39607799088621,66.52949029822467],[-86.38491142139789,66.55527013152779],[-86.29687902458866,66.56428020128415],[-86.15361264597847,66.51682444704365],[-85.98602200537294,66.49835439626644],[-85.84586718459475,66.50784106618964],[-85.71323476233363,66.55907597451093],[-85.5570614686228,66.5871116894969],[-85.39223790045973,66.51597648544644],[-85.3556262428112,66.46485260733711],[-85.31359113578483,66.29903267878368],[-85.27455817393397,66.2686360185518],[-85.20877835886576,66.27751894664151],[-85.19849080894605,66.31894333734239],[-85.1756404860643,66.32707577988555],[-85.0152210387683,66.27293625397056],[-84.91236531002033,66.26862627643706],[-84.82216462499521,66.238583863015],[-84.44440257025121,66.17982713012455],[-84.38706930240188,66.18855849965878],[-84.46535131679742,66.2585545893435],[-84.64506152353705,66.34686960160636],[-84.60055501110716,66.40649894497301],[-84.53811506134035,66.41694766273119],[-84.42063950182406,66.34248641208978],[-84.40960109379729,66.30739167919877],[-84.37478954529784,66.28382263426947],[-84.34028587379566,66.28283204806553],[-84.29010228618606,66.32311760461528],[-84.23438254530016,66.3197472689499],[-84.20924657640612,66.29116288941603],[-84.02545921840127,66.21262609106633],[-83.84462646095217,66.21221951893703],[-83.87863905260227,66.16977868728527],[-83.85459122464434,66.16040062932683],[-83.82408125011409,66.16284693991939],[-83.73621596440225,66.2156341376533],[-83.74768087049843,66.24383892412074],[-83.80156567767567,66.27690655463105],[-83.8271356124818,66.32287398804318],[-83.88889409926838,66.33881483143331],[-83.92035793994557,66.42322232643585],[-84.09522272221515,66.53285099925614],[-84.23707862461772,66.59259362189859],[-84.25127293884228,66.61039693456546],[-84.1885266437281,66.64330068542706],[-84.17479190575574,66.66898342322662],[-84.19862153137414,66.68359352443181],[-84.42813820630926,66.72483511119728],[-84.43195762724785,66.75269441886694],[-84.40082704513053,66.77959127300315],[-84.42887088801959,66.79601523949971],[-84.52418201503258,66.80553822469868],[-84.60804433774217,66.85646098363652],[-84.72146429480122,66.89234099823557],[-84.63074455355749,66.90560700270916],[-84.61563782989775,66.91568693757581],[-84.621567613191,66.9331785869299],[-84.86704929431149,66.94983357909611],[-84.91898067683859,66.9285418298624],[-84.95745467370371,66.88090090452629],[-85.00387818306645,66.86635794063844],[-85.14782314469208,66.84892243916228],[-85.20525928455383,66.87796200313272],[-85.15707646419837,66.90468835203349],[-85.14467396762703,66.92860501716834],[-85.0635167790032,66.96837270527793],[-84.89504053275428,66.99558009942363],[-84.69547770113743,66.99413542677],[-84.74935495035915,67.01807225208499],[-84.73717940251453,67.03853788768247],[-84.51822858977148,66.99293410378564],[-84.55545245623267,66.95741874206315],[-84.43228967497745,66.92632073406767],[-84.41418319322575,66.87901272191498],[-84.3321006567565,66.84371974905183],[-84.45379682824661,66.82973006384314],[-84.33933620730875,66.80393994429642],[-84.32023616339819,66.78780388859744],[-84.34307326668288,66.75887478309417],[-84.32350837004559,66.74448483146041],[-84.18779838402537,66.7179942446701],[-84.14173847100265,66.72878083220702],[-84.0822339495111,66.78783521501056],[-83.97480177965595,66.84196246348463],[-83.99453389111008,66.92246647581737],[-83.97920057273434,66.93239535344937],[-83.9123104264071,66.89048334210057],[-83.89278966175534,66.85513567463374],[-83.8996448379618,66.82055142912417],[-83.9595624521078,66.7841436000269],[-83.95612891649645,66.73368103709055],[-84.03611780580613,66.70659344164937],[-84.05712884208596,66.66547602263826],[-83.99378560056091,66.60794950005733],[-83.87890624234655,66.59051096636173],[-83.82061615424165,66.55394363229962],[-83.66740505329595,66.50626579481077],[-83.62689484822693,66.45555331546073],[-83.55249250223545,66.41656316569504],[-83.58073088688359,66.405257040205],[-83.66173273773558,66.4340987607435],[-83.6981306333381,66.42654132960797],[-83.61249376429554,66.37852867056385],[-83.54497390639037,66.36928878631957],[-83.4085268492561,66.37858736319971],[-83.15112559704485,66.46170518338359],[-83.0595581821672,66.50019209224715],[-83.05481880447884,66.54005779501584],[-82.97712179096317,66.57372999798804],[-82.62215998565732,66.59331403462676],[-82.59814101621195,66.60275172225336],[-82.57862896803181,66.64556370376137],[-82.38432332866519,66.71790033842858],[-82.3724002599104,66.74699948405338],[-82.32611648332087,66.75561260861143],[-82.23655729287636,66.72755322560634],[-82.1634907714498,66.73673113364221],[-82.16025064349095,66.74872038752159],[-82.20704546895384,66.78907777276963],[-82.11070673380667,66.8512370740259],[-82.02616276334605,66.96614343808045],[-81.9197553161248,66.99645583586329],[-81.79308809562652,66.98745518706428],[-81.55174182994023,67.02033192107555],[-81.49827203596764,67.06498542498362],[-81.42100211380657,67.1730779323127],[-81.40258371415473,67.33787242962279],[-81.33519825184052,67.38016427774446],[-81.32028960650507,67.41433132515127],[-81.26647091919325,67.45547506961938],[-81.25644249431363,67.48816126942654],[-81.34616520235377,67.55153839924014],[-81.54616989979235,67.6441209039606],[-81.66826683009425,67.68076753153655],[-82.12767217612488,67.9226608367875],[-82.18784904299791,67.98949468309863],[-82.18192717694316,68.06053929562017],[-82.11629210902163,68.12755940313015],[-82.01737689288261,68.17926261057825],[-82.00316278155611,68.21168295747178],[-82.05431436071312,68.22937889361656],[-82.16082587583608,68.167590630308],[-82.28096042592132,68.15661807582052],[-82.3509625729353,68.17317471413726],[-82.36940210755299,68.1912644048602],[-82.36506917655798,68.2241245219101],[-82.27162958073473,68.25708715967879],[-82.26780020892966,68.27080912204744],[-82.32316897096155,68.3076977155533],[-82.43550202359782,68.29289786802649],[-82.54260035335578,68.3315694528679],[-82.51460745687517,68.3479577029503],[-82.35141772186401,68.34181723891498],[-82.30048393045391,68.35556241192228],[-82.1137677233518,68.3326059319711],[-82.05620213600231,68.35303366409512],[-82.07546063042672,68.36764310532492],[-82.18253460211407,68.38925049105612],[-82.42635265796568,68.39510849662024],[-82.646099424351,68.42049033568115],[-82.69677066701735,68.4431431973644],[-82.66438540321556,68.45764802605441],[-82.55451162655812,68.46239412551942],[-82.56007922959738,68.47650091333183],[-82.64704083565047,68.50569894715908],[-82.64112788868464,68.52808729640175],[-82.60487507923764,68.53893740167561],[-82.45645614368621,68.49178419790222],[-82.300077305406,68.47544849883786],[-82.20753252659574,68.4840701637862],[-82.20402258153344,68.49612632487772],[-82.29579009379691,68.52399744730273],[-82.27110281652945,68.54390207834878],[-82.1064893452184,68.52191608811803],[-82.07505103220376,68.49983563893743],[-82.10161774009482,68.47303917751275],[-82.08638079048812,68.46024404200426],[-82.00530039053054,68.4466639644982],[-81.94469801732227,68.4755045117918],[-81.80979883438852,68.49786054868245],[-81.84320624587988,68.52881594598286],[-81.81520896104051,68.54335007139747],[-81.70713610522746,68.53888692876525],[-81.32118530093435,68.64435162361352],[-81.29327258331045,68.67100176912082],[-81.26498835846888,68.78640394075342],[-81.29718311880022,68.8347157316565],[-81.39291651514533,68.88057203085442],[-81.49960915230153,68.89375993075873],[-81.53986696026055,68.85899042657188],[-81.59186786531285,68.84723361946843],[-81.61387779795812,68.85332928646388],[-81.63375964241143,68.89765956195968],[-81.66263033645261,68.91273371531099],[-81.87062308829661,68.91240306855721],[-82.06316232724116,68.88175519988945],[-82.0962364385687,68.90042889346452],[-81.74152573943401,68.96984055024377],[-81.66800032902962,69.00336844922874],[-81.61056848225954,69.0010213482462],[-81.52027032863228,69.08594782240277],[-81.41091378159766,69.10747827857143],[-81.31151338336848,69.09807698072895],[-81.27862783065832,69.10882732806617],[-81.36524259954533,69.201151671323],[-81.40043806803841,69.21314964343318],[-81.5146088119614,69.22309956148631],[-81.79478170923811,69.28304794010567],[-81.99935461136666,69.28751546511221],[-82.05419689133223,69.26873745140308],[-82.27863659192013,69.25630190887199],[-82.29921331653813,69.26920469382432],[-82.29432039973926,69.28640756922292],[-82.24230895364349,69.32966102485774],[-82.26160991852635,69.34772835365298],[-82.41533560098006,69.3948869076256],[-82.34199701952664,69.40966261682479],[-82.33755806159672,69.42511447651607],[-82.36375850420454,69.43641432826676],[-82.55652490931222,69.45366210968695],[-82.7049524569198,69.48830520583883],[-83.15045754707563,69.52546396476966],[-83.15196188050521,69.53931345144164],[-83.12508007994722,69.54711458193498],[-82.5955049935897,69.52614911125389],[-82.56300127591025,69.53546348736818],[-82.56414125932243,69.54931703717554],[-82.68020384765904,69.57760709402643],[-82.61652328207185,69.61012762855114],[-82.65201408214816,69.62516989483764],[-82.64623941278984,69.64576702834061],[-82.3858126596454,69.63327946893091],[-82.28532824867106,69.66956275782961],[-82.3104602353434,69.68602628847708],[-82.4400074503788,69.66990406271104],[-82.64369836973125,69.72549827595849],[-82.77396782490193,69.70731657065298],[-83.59876095194022,69.70351193367038],[-83.99461204329052,69.76287267468291],[-84.4147000998022,69.86166870967045],[-84.75385152983876,69.84707945896874],[-84.86705956080243,69.85828636114974],[-84.95974187456022,69.8170453850784],[-85.15218051436479,69.80377161856703],[-85.45208101640412,69.87000845130406],[-85.58433789195615,69.8585853385751],[-85.58697876697462,69.83957824847167],[-85.56818057700424,69.83240673246752],[-85.41335911024879,69.82954847374216],[-85.35586481856426,69.81292488930058],[-85.37915923618408,69.79265117083543],[-85.5046287148046,69.78801859890774],[-85.50776111248265,69.76736003238868],[-85.45714734978421,69.74051377112022],[-85.45593989301953,69.71628372706809],[-85.56853139985209,69.69591045983103],[-85.55689545031274,69.67329260251444],[-85.42541671380177,69.59132719529309],[-85.48674063139856,69.57868853114871],[-85.55146205071264,69.54184526120859],[-85.55720006809292,69.50392804428738],[-85.53218286081571,69.47232810386431],[-85.45869346209567,69.46927117082211],[-85.4086003321744,69.44415378284744],[-85.4308202115694,69.427267572873],[-85.5149063040799,69.423637430638],[-85.4915079211425,69.38345497516922],[-85.39964285927485,69.34199914819686],[-85.3926889261876,69.32283899689148],[-85.54816738813028,69.33095705921565],[-85.48407401531409,69.2692047005277],[-85.43308634985449,69.25099367051439],[-85.42375835319966,69.21616367405929],[-85.32840076818296,69.20226655451158],[-85.31108637181458,69.1880326211207],[-85.33975868170918,69.16098470703096],[-85.3164495484291,69.15359511456684],[-85.24361566353008,69.15387286690408],[-85.19449609109654,69.18743969540944],[-85.16561578065352,69.18513054707576],[-85.1381165442944,69.17413472975598],[-85.15246758287776,69.14679253682685],[-85.11521760447468,69.13730959372356],[-85.07287256154792,69.1572485376274],[-85.01995561034538,69.15433576289479],[-85.00914502772369,69.1316609063358],[-84.93600729640686,69.10579471589122],[-84.79801074876544,69.09057925399625],[-84.7882211101747,69.06438910184093],[-84.7654093471427,69.05525927375558],[-84.64978519225983,69.05255717059084],[-84.61290107608654,69.04296580175232],[-84.61183562262634,69.02219761639587],[-84.73832832334068,69.0182847483717],[-84.87857940594684,69.04572595020738],[-84.97720750316667,69.0340093807814],[-85.00842481889354,69.02083721927376],[-84.89272889166446,68.96468214452089],[-84.95196326426725,68.9556190579987],[-85.10230752796204,68.97963714475243],[-85.1327049138738,68.96985225519467],[-85.07103205156706,68.93570037657175],[-85.04842368455306,68.8971691221881],[-85.2015158160575,68.87096812633014],[-85.18958864721212,68.85512786373766],[-85.0646882037054,68.82827072006216],[-84.94735293726717,68.84126477381183],[-84.82209609664937,68.81764554727864],[-84.78937635501478,68.78573860216952],[-84.80875112214103,68.75672578421808],[-85.00187657531045,68.77320747243046],[-85.22205911743492,68.77101188108524],[-85.27254502062513,68.75477471243386],[-85.37163400139049,68.76193964872537],[-85.43084342240039,68.81327999873282],[-85.45907930073489,68.81730762951204],[-85.52941029610929,68.79442722980077],[-85.51891579411603,68.76826595159426],[-85.7206483344965,68.72351649599858],[-85.71803217933768,68.63867702300595],[-85.76893821241048,68.43365714338066],[-85.78276429524826,68.39928293490568],[-85.86979305620724,68.34370225410575],[-85.88966254053732,68.25918192090032],[-85.84215607922306,68.22894242772142],[-85.94413088012715,68.19610930575017],[-85.95058077518526,68.18229446561114],[-85.92557488046054,68.15761778660199],[-85.96162719949535,68.12886880720457],[-85.97290087948548,68.07536236367453],[-86.07725813419027,68.01477496012657],[-86.18063089773612,67.99914651879924],[-86.29485941293805,67.88136107857663],[-86.3965012678687,67.8326978440999],[-86.54117197003484,67.71001927465639],[-86.5463349464537,67.65640257294596],[-86.49724997521658,67.59858681537199],[-86.54998257456236,67.5213770014308],[-86.53598874150761,67.47963502793512],[-86.58940757355683,67.43875036936011],[-86.57866195229884,67.40740886087906],[-86.58928777008646,67.39025723002044],[-86.75081652467107,67.39936080831028],[-86.87305047089642,67.44761710827113],[-87.01333587943469,67.3834472627827],[-87.10465721796506,67.36366667924926],[-87.1056563778994,67.34976649335759],[-87.01489338815759,67.30205836379828],[-87.02157002680033,67.27270832171959],[-87.23910936018767,67.23511777247383],[-87.30960752863754,67.18035862679645],[-87.32544284944528,67.14241511040231],[-87.36639734942386,67.12718615423088],[-87.38811045710469,67.13607794867222],[-87.42078748005352,67.18830831391688],[-87.46549513994606,67.18865156571741],[-87.49462098994839,67.14219215905145],[-87.53920572681281,67.14427947421609],[-87.54044308471964,67.20668455622847],[-87.43020213954169,67.25769059164759],[-87.42860484375775,67.28540542392072],[-87.47228803853776,67.30827210302809],[-87.48851259689177,67.33779888516297],[-87.63783734117608,67.40651871130446],[-87.74241739287304,67.48689885605903],[-87.87515014465707,67.56046323305439],[-88.16169483012055,67.68833032754121],[-88.200309609205,67.78020612820883],[-88.34411463832281,67.90013574698489],[-88.39781044457231,67.98848958680207],[-88.39637867858792,68.0646264530184],[-88.31625277490838,68.1318419540651],[-88.30620436341478,68.16121207168788],[-88.42988323148771,68.26882885651374],[-88.42007207700189,68.29301734124932],[-88.32055744402619,68.35145568712085],[-88.23078305930092,68.38057078780886],[-88.21712177490382,68.37013286506071],[-88.21836337058953,68.31652127570112],[-88.233464372128,68.2768780726391],[-88.22476468304727,68.25605987032525],[-88.18770132986546,68.24730807243951],[-87.99188898059141,68.23776020282364],[-87.8780693862429,68.2872486170675],[-87.85814399537902,68.31481896223083],[-87.85551284004467,68.37712103333828],[-87.88447922226277,68.47063454059557],[-87.9524459946685,68.54703715265701],[-87.98226290554234,68.63190071279682],[-87.98452861112114,68.69759639271088],[-88.01588953687619,68.75311360608528],[-88.09920684105502,68.83126670173345],[-88.23561558131311,68.9181854000489],[-88.41199903073061,68.98955642409952],[-88.86487255514399,69.11104383678122],[-88.99148879511442,69.2007354700943],[-89.0159332074674,69.24044279906569],[-89.06498986362186,69.26281577565118],[-89.26057581324314,69.29188697600807],[-89.53799206565445,69.1062747833048],[-89.67658011140459,69.05905586850741],[-89.75594179835429,68.98780532241219],[-89.68803738866609,68.84818721195911],[-89.69456122659462,68.76354404281318],[-89.72604573540899,68.71668139545758],[-89.70143748115669,68.6909173983101],[-89.71453903660297,68.66486577190204],[-89.77118523438449,68.65079641623848],[-89.80477327355696,68.66100482810633],[-89.78268485403463,68.7008506276437],[-89.80693838318753,68.71457529016001],[-89.90602701409735,68.69492625599428],[-89.9603428276603,68.6358248595079],[-89.84285951141263,68.55183183638711],[-89.85131213269331,68.53109089795595],[-89.93911257195349,68.48902748568266],[-89.95656370608907,68.45957060102918],[-90.02160832794651,68.44178746502352],[-90.0415096107557,68.39215011499915],[-90.13921866668058,68.32725844834299],[-90.14308487335579,68.25970302321988],[-90.27404640238424,68.25979442567518],[-90.32139603745128,68.3060444889913],[-90.31219516589152,68.35431992414763],[-90.4087821510218,68.36549976919936],[-90.35399091496733,68.40742620343268],[-90.36095252423237,68.41971077939517],[-90.52461540753133,68.42559928647756],[-90.57325604977804,68.44416392743727],[-90.60369032110997,68.48471405847042],[-90.52827883657297,68.50882340683275],[-90.51010433161869,68.53091013515703],[-90.53963489501278,68.60266135781555],[-90.56408441236844,68.62403461275788],[-90.56030852901372,68.64472030129845],[-90.49393319015975,68.69498936824976],[-90.52486456795214,68.73388435637717],[-90.51847837131132,68.76835334811288],[-90.47140780238765,68.78963155248984],[-90.46195877716063,68.81543502439636],[-90.49752221517357,68.83015893186699],[-90.5034015919843,68.84931890085895],[-90.47232141636839,68.88668516860336],[-90.57950144889384,68.93082027946797],[-90.63576135203994,68.99269654697093],[-90.70647476444172,69.0289485195083],[-90.68246249649762,69.08199816684989],[-90.960873142708,69.21107552977163],[-91.32566692067087,69.31006626970355],[-91.39249510226095,69.352817388302],[-91.38049854619453,69.36641272348629],[-91.34659844050788,69.36410752814488],[-91.235317513815,69.32387285098247],[-91.1336465738996,69.31666635384626],[-90.9787348134557,69.36525240775167],[-90.92652312744431,69.35556291825124],[-91.0692206742946,69.29284447127444],[-90.94738795722787,69.29027108527913],[-90.87769798773435,69.26976569233024],[-90.83203725943211,69.27909015796826],[-90.82656693654336,69.31013705492849],[-90.85700140820369,69.33155576191248],[-90.85277940720776,69.35562060792098],[-90.68420792207849,69.41934293036181],[-90.678193635001,69.45203082788221],[-90.4627999203869,69.44523877237351],[-90.38922876607764,69.46937321879025],[-90.60190952433466,69.5435826984317],[-90.66501861332104,69.55028530997137],[-90.7294412698384,69.54998950628362],[-90.76136397193297,69.53687457328046],[-90.77631558415297,69.50955238508757],[-90.83279134474547,69.49697120580676],[-90.88000448365044,69.50832232674884],[-90.96544120183604,69.49982556971936],[-91.02771236561111,69.54085449408545],[-91.14761966283677,69.53298521238197],[-91.23754059354377,69.5572515168849],[-91.31047912552776,69.53443622824717],[-91.45046977751919,69.52325529143226],[-91.52772554535879,69.53507436273097],[-91.51419661741187,69.55896223642229],[-91.46716593731679,69.57542376909733],[-91.28573623933251,69.59614662376121],[-91.24991613197082,69.6351562101063],[-91.29516943676425,69.66200696523892],[-91.38791336786507,69.67232800280797],[-91.52524244906652,69.65246186888433],[-91.5681274838051,69.63075572769282],[-91.61159756445693,69.56935480161995],[-91.63829065967369,69.55600623630629],[-91.73382181821931,69.5438285615156],[-91.75184557083304,69.5199096172499],[-91.86664999423242,69.5114860632265],[-92.22672828749648,69.59631034036141],[-92.25791287487688,69.62611265012357],[-92.19229359448079,69.6355884059013],[-92.19529712193459,69.65284411204107],[-92.2241568286745,69.66190658941397],[-92.32806109923094,69.66334242026649],[-92.43825533402413,69.70280745995609],[-92.57004163075321,69.67685377679959],[-92.65932261224097,69.67957659247047],[-92.64776014296318,69.69499233725747],[-92.54529614040736,69.72486081927164],[-92.5693621772915,69.7337125214094],[-92.75491450426559,69.72041919359147],[-92.75380308377785,69.73245967009227],[-92.41729866014609,69.85086209179819],[-92.33575552305057,69.86359268396083],[-92.23633324764117,69.94163335255251],[-92.01046774612263,70.01767388429995],[-91.99210290597205,70.04324555171894],[-92.0293794049429,70.0679958440772],[-92.26797017139741,70.10413043781679],[-92.41597981369502,70.09228837962316],[-92.47437042675327,70.06893364484664],[-92.54441516122256,70.07494439084842],[-92.44898692676892,70.16166661964962],[-92.48248899053192,70.18276918252666],[-92.46557010781547,70.1963496556861],[-92.33264007368757,70.20328941637982],[-92.34984890227564,70.23109335976086],[-92.34292857741917,70.24654010395537],[-92.28102451463987,70.25261411058737],[-92.1573908585108,70.18021174392715],[-92.01992822905582,70.1419880729353],[-91.57577159783285,70.15730053326031],[-91.53003192001488,70.19100418548273],[-91.72797351449138,70.26682724308786],[-91.7520855935699,70.31200260101396],[-91.75511820255939,70.3638163771507],[-91.90339642368023,70.36780133093647],[-91.94648716529618,70.31329891211338],[-92.00910135116696,70.30393881592768],[-92.05357676540018,70.31663584686765],[-92.03703657791088,70.36465401741091],[-92.06174060923286,70.4132694959701],[-92.12544200176771,70.43660420812925],[-92.15213962387186,70.47143930151616],[-92.26776313360843,70.49543642517666],[-92.2442780792826,70.51919382888215],[-92.24743733510144,70.53650797325092],[-92.29588145323449,70.56296506529767],[-92.20732662421845,70.61001257570507],[-92.26783508577043,70.62460045736854],[-92.33608315447225,70.61860428687243],[-92.55265025918436,70.67985772948255],[-92.68128331554722,70.69509125914206],[-92.70515139471878,70.7176641782863],[-92.68787492104556,70.73473595445478],[-92.6969611083344,70.74686107693677],[-92.77013903584258,70.79932669766771],[-92.95061276551604,70.83206811771943],[-93.03667538750322,70.86563231330362],[-93.04615516745548,70.87948288293182],[-92.99279815629558,70.88752566817907],[-92.96324561583243,70.86660100355127],[-92.91065803427188,70.86609642936568],[-92.86647806823964,70.88979585309187],[-92.90157259280028,70.91078779255807],[-92.92363836830096,70.95568494882826],[-92.907830555434,71.07423643687083],[-92.91710016582016,71.14659443737567],[-92.99194829236085,71.32258602192518],[-93.05292441063897,71.36272560223837],[-93.20042788919392,71.40171919294812],[-93.23411735220144,71.45696095150484],[-93.259986920198,71.4691626086628],[-93.46773606711334,71.5188356624172],[-93.78688647590886,71.63745416600956],[-93.79593551246752,71.67183101512161],[-93.7280847604231,71.71606272158742],[-93.78093125286901,71.75578330662526],[-93.97302434894945,71.74814608276877],[-94.22367683806931,71.79193218027915],[-94.28520923522824,71.75604216588778],[-94.35271229744954,71.67721774449366],[-94.3965217265901,71.67044513185593],[-94.44491785241219,71.69973327817931],[-94.43345854698359,71.73751377832576],[-94.40551096760224,71.76317624763689],[-94.40498052942615,71.79062743035234],[-94.48713375613758,71.79937280282721],[-94.52035431280538,71.79082004631267],[-94.57035354339125,71.74457803609204],[-94.6360348479795,71.75150536410986],[-94.63565048707324,71.80119437753947],[-94.61872834423691,71.82698061386031],[-94.49733317644444,71.86279241498221],[-94.47482732116666,71.89194011460107],[-94.46856666978465,71.93309237128214],[-94.50151949247628,71.95884333171894],[-94.56217807033187,71.9743806373899],[-94.73389410607504,71.97624419685542],[-95.11023784686725,71.94346380939163],[-95.22018677502386,71.91070503327958],[-95.18667321499905,71.88497343951404],[-94.78946680189122,71.86137115909037],[-94.68460850685105,71.85099977297335],[-94.68469046184465,71.8355384051643],[-95.19639786004136,71.82841668186389],[-95.23485325258912,71.81625971391307],[-95.26596538097809,71.74417411273639],[-95.28753310575522,71.73039549991634],[-95.46794531171402,71.7212797059762],[-95.58617665746497,71.67105930796329],[-95.84559997950231,71.61669354748689],[-95.86387635478583,71.55130956717932],[-95.80757938522935,71.51386857631178],[-95.73143582652445,71.50388654095474],[-95.34765344005781,71.5311273104002],[-95.29338592528148,71.5226586767026],[-95.33612004247476,71.50020472974535],[-95.5081819448794,71.46880735340642],[-95.56641883835302,71.43937290098553],[-95.5710910075712,71.4187451505623],[-95.55441100549224,71.40332780178574],[-95.46755579040502,71.38302598961782],[-95.46715577654297,71.371026102458],[-95.57912045193223,71.35174519702241],[-95.5986956438758,71.30356446905662],[-95.65191663978779,71.29124626858247],[-95.72223861629637,71.30467717600786],[-95.80953071895823,71.33522495041512],[-95.89886314146531,71.39833668046624],[-96.06707543079797,71.41960253932486],[-96.18787075025746,71.37417761136898],[-96.27988408139836,71.30652431466291],[-96.44925073100451,71.27934010225607],[-96.44784712166809,71.19519784096886],[-96.38082386614288,71.1561387206626],[-96.47529896214853,71.14160273524887],[-96.50618544617008,71.12758183246976],[-96.5097074800869,71.10866176409549],[-96.3871832554446,71.10281341319892],[-96.33794373747997,71.0843150125086],[-96.53629292353773,70.98121164767237],[-96.53700338247327,70.92615961364251],[-96.6047980638717,70.8601201527463],[-96.61286874450275,70.8307693000368],[-96.5942826511096,70.8000146220665],[-96.54426073963624,70.76256825732005],[-96.24384611898414,70.64802314126146],[-96.1769695632293,70.65888762725459],[-95.99908062131652,70.72717223800453],[-95.8323965592839,70.72988163076916],[-96.04508998066804,70.62701789263558],[-95.99647410504768,70.5946461331304],[-95.82375734609026,70.55433713827762],[-95.8383416916239,70.53699760084525],[-95.87957502134861,70.53511709632323],[-96.02597261581703,70.5651727170748],[-96.22152392123387,70.55179051575041],[-96.26906340561004,70.56520265714927],[-96.3043313041124,70.55290079255855],[-96.32909643004263,70.46482193180353],[-96.36784491782063,70.43180850400609],[-96.51399475961705,70.39435309808981],[-96.54671828615444,70.35620476875941],[-96.54005331070643,70.14776213912037],[-96.47775083205403,70.06385765109222],[-96.39820510145339,70.01629298678525],[-96.18310202678875,69.96285922685755],[-96.12553803204058,69.9254001661379],[-96.11939991297463,69.90815935105763],[-96.16309594908137,69.88375255024928],[-96.16649517122183,69.86129011057986],[-96.00871527539843,69.81411415440262],[-95.85783165880518,69.7908583933484],[-95.85708189958272,69.7754112424833],[-95.83175921474344,69.7686589569265],[-95.6734253261168,69.7987216196089],[-95.46054080925211,69.69790005062526],[-94.89832348502105,69.56965281104601],[-94.83904230163412,69.57142323706567],[-94.76496114438204,69.60251565160229],[-94.7302262307713,69.66458942605027],[-94.68037544845036,69.68525542002988],[-94.57184669849627,69.62472656919948],[-94.41563328224767,69.48997341278141],[-94.37148976607328,69.47782130836845],[-94.28349433174292,69.45854594139762],[-93.98893607695726,69.44716046459381],[-93.91457459123852,69.4588651131169],[-93.84949267910643,69.4912913814403],[-93.74541063464352,69.50451771112944],[-93.704915948053,69.52673012816904],[-93.55285107501422,69.50845001622697],[-93.49041793389807,69.48389982086788],[-93.48764955197282,69.44587368355504],[-93.54898513731328,69.4032390926157],[-93.55500352334728,69.38422848318858],[-93.53598573153653,69.37378794955475],[-93.38350228342532,69.38599495582952],[-93.39404318174601,69.37098890469427],[-93.57253750580273,69.33087196607451],[-93.79884665103427,69.18904111024159],[-93.85191945252467,69.19623640208903],[-93.85935271472252,69.2549141204813],[-93.8334695789691,69.28929447421844],[-93.79260888609691,69.33049078065088],[-93.66795528810815,69.37807085097475],[-93.5866356525392,69.43276199928104],[-93.65994613065492,69.4384835563748],[-93.81986351264915,69.37555534995073],[-94.20244941220538,69.35992649495458],[-94.29083388562911,69.34124148334865],[-94.30603452457316,69.32573124636757],[-94.28856510685061,69.23253615362262],[-94.32795645578214,69.21018477424404],[-94.32858959605467,69.17916489852098],[-94.25177277130113,69.14267229810525],[-94.120355402452,69.16293574065895],[-94.09127696241518,69.15766609122453],[-94.09191519912953,69.13695366487372],[-94.15565295568332,69.11298297889476],[-94.14686988838704,69.07667487583615],[-94.22488506584693,69.04932083466744],[-94.37942124476422,69.04634598737478],[-94.40874141149851,69.03260300823231],[-94.39484363780095,69.0031969264536],[-94.4238703279996,68.98769897152819],[-94.6070280677788,68.97767968495019],[-94.61205216605256,68.95871415680332],[-94.56924683073771,68.90340699408388],[-94.64646900731167,68.82750486975313],[-94.64660898522122,68.80503073286],[-94.61800543618938,68.78077661277732],[-94.52290317377302,68.75301631680782],[-94.24660423239632,68.75411172132112],[-94.00521775334815,68.84125158198769],[-93.91367626116062,68.85979006380462],[-93.89877481546185,68.87528111791744],[-93.94086505274363,68.89796514895846],[-94.071287641492,68.87432948716122],[-94.08527518036595,68.88479402929866],[-94.04469123359843,68.95370210242923],[-93.90750369164499,69.02038334670819],[-93.83051514142868,69.01657080884729],[-93.81249469512072,68.98709417131055],[-93.72142398506027,68.97965473383641],[-93.68987622107751,68.93110617576826],[-93.63903405734449,68.89273646272521],[-93.6410230207759,68.8530470234414],[-93.76213596707676,68.71386116196061],[-93.7391519212592,68.69474111406097],[-93.75002662033977,68.66716333369779],[-93.73166963080948,68.65323020088229],[-93.58565378325824,68.63329225622647],[-93.562807256377,68.6158058436356],[-93.62216573509512,68.56608157073508],[-94.12256558300601,68.42884972108486],[-94.18951488056491,68.37895473209399],[-94.22950885995557,68.28571074167722],[-94.26276016953298,68.25815944083668],[-94.55272278141972,68.17584667715653],[-94.78063971875487,68.05845884136234],[-94.90564862659902,68.04118238790002],[-95.16979033612137,68.09263935462238],[-95.22459372721482,68.04935418026498],[-95.27068078922571,68.03540014723859],[-95.33160973738522,68.06980260311884],[-95.4603692050675,68.03993329368372],[-95.45018523680518,68.01055242241019],[-95.52208531099642,67.94625314409375],[-95.52002589461978,67.87883351649076],[-95.55548613402216,67.8389197358421],[-95.66792231967368,67.77785923947751],[-95.69462952420139,67.75520770193253],[-95.69391663158015,67.73620468979769],[-95.60025225096274,67.66572382439392],[-95.52204314029662,67.64015151089292],[-95.34251354027755,67.54043562242258],[-95.34204213734948,67.51967330450034],[-95.39919432239371,67.46059763983116],[-95.30210318773068,67.34158185965805],[-95.19383739386141,67.31243169800597],[-95.21130424493292,67.28469756529157],[-95.27831349655655,67.27759363963187],[-95.25500595166179,67.23261240035279],[-95.3257137732807,67.19436693421893],[-95.33433919380299,67.1752292947596],[-95.26243992425448,67.14775195054533],[-95.31055416835427,67.10781760715531],[-95.31886756954923,67.07492330100222],[-95.29107885069773,67.02478108352348],[-95.23273473075976,66.98856768649355],[-95.23248839358783,66.97471688305926],[-95.34201239557012,66.92249438272029],[-95.43962738135211,66.93598988225229],[-95.58887602598428,66.90938360225799],[-95.72189302868563,66.92253434711196],[-95.78447954404736,66.94460732855303],[-95.92611940662161,66.94895068187934],[-96.00248516000508,66.97259940611951],[-96.06789311728836,66.9548318723025],[-96.0762274014737,66.9426674256432],[-96.04318212402734,66.89960907769553],[-95.88936104927124,66.81583836571382],[-95.77083958082778,66.70575682057728],[-95.66675393777216,66.73406128285188],[-95.64454985749676,66.72725195952074],[-95.65602500648971,66.68045344909706],[-95.73774442787,66.64535767381972],[-95.79705696186213,66.59650191748263],[-95.77144071057431,66.49956615961865],[-95.80035001293727,66.4578132606487],[-95.83049216543758,66.45420152823672],[-95.862230065377,66.48863920624649],[-95.84958123349627,66.70701750347955],[-95.9041743741198,66.75339076030984],[-96.0386814646966,66.80958867676418],[-96.1890359922819,66.90710549038404],[-96.33746151732129,66.95074690384497],[-96.35294113784296,66.98699064152251],[-96.41716548615486,67.019245631169],[-96.44813656600263,67.0864485970196],[-96.39650396640272,67.11300563196392],[-96.34301575017015,67.11176446325362],[-96.29675524996895,67.0809815064624],[-96.28524629667137,67.03952807999259],[-96.19848565168272,66.99532035988862],[-96.13614955253159,66.98716316155115],[-96.00443024736987,67.01247984850781],[-95.84771071649195,66.97367032558743],[-95.62707964023761,66.99571965649527],[-95.51569159600166,66.9667912482437],[-95.44496736545305,66.96884246397936],[-95.37460478065773,66.99680803166211],[-95.36715123495145,67.0522335875371],[-95.42575138864291,67.08488958726043],[-95.42624197078564,67.10399901945168],[-95.36929349033504,67.14399970995235],[-95.37417639025809,67.15958447862168],[-95.48106121129952,67.1556669378031],[-95.51727872667666,67.17462325252133],[-95.50884377554762,67.19543179864938],[-95.53616595538165,67.20915961807566],[-95.63037119513862,67.22597400053534],[-95.68388071543679,67.22227863808057],[-95.79813117966278,67.17139969784023],[-95.84282669644553,67.17629111501564],[-95.8434922752372,67.19188989279888],[-95.81295647157103,67.20768413643057],[-95.58831903478355,67.3040938121645],[-95.54538283774066,67.37001581270538],[-95.6041183031252,67.37666276404835],[-95.67500889490537,67.34694914702882],[-95.72115798178027,67.37605124948178],[-95.77936860429637,67.37405518901657],[-95.80510082482158,67.34094642408847],[-95.88003352654894,67.30761001582913],[-96.08733012047759,67.24204649384738],[-96.13636958343444,67.23999285172472],[-96.1547309259903,67.24842923098254],[-96.15579085524003,67.26753303954634],[-96.28576181222691,67.26807143219526],[-96.28660411157763,67.28191447470743],[-96.20906512575384,67.33808354080503],[-96.1820213558325,67.41447384922597],[-96.13492039523615,67.45806095337107],[-96.1444988551228,67.47016841160335],[-96.27811859296698,67.43782976130902],[-96.32047949337145,67.46514062333326],[-96.3834168012486,67.46279746412333],[-96.38991894119012,67.49218365943148],[-96.47604168792155,67.49650598703379],[-96.4395359560264,67.55917898614945],[-96.32658870910622,67.6347371541628],[-96.35316135836906,67.69328268268464],[-96.3313201423762,67.7090792800637],[-96.29936536655167,67.70761517096138],[-96.25073597207327,67.6595930770625],[-96.22315462338177,67.6529090481657],[-96.13714680496996,67.66404687077065],[-96.1378200628824,67.67613064186023],[-96.2072925629991,67.69281828948077],[-96.2173057965062,67.71008282942047],[-96.20139644199706,67.74998866994271],[-96.22016700102137,67.83638200109742],[-96.07699453469277,68.07100787560154],[-96.06091842029112,68.12130058939402],[-96.08172794535223,68.1626470509391],[-96.0019422936035,68.23579931281056],[-95.92871289603538,68.26395945898622],[-95.91087364699752,68.2814097051232],[-95.9354565460103,68.30540506379964],[-95.98645612504141,68.29814599061416],[-96.05888891551885,68.25447808439455],[-96.44392696205202,68.1561326235157],[-96.47947185376772,68.13328135815229],[-96.4670108513955,68.08663646162071],[-96.4886180674487,68.06742063461301],[-96.55261297567492,68.05468852857202],[-96.58687383438316,68.08025556223411],[-96.64227962482387,68.07791167076206],[-96.6671707855389,68.03963026700696],[-96.77975057299217,68.00550936804771],[-96.79464443986939,68.01566942694322],[-96.7637364565424,68.08873104841884],[-96.51793116426246,68.21591032219142],[-96.41746321160299,68.31196601864988],[-96.4880161300901,68.31820406397135],[-96.5543186279203,68.26396021900675],[-96.63221299318329,68.24755950852386],[-96.7003934074783,68.28140538166213],[-96.88447882388787,68.24984450959568],[-96.98403368506688,68.26594678746415],[-97.02396655834575,68.29310637375707],[-97.02905895402252,68.34663191741531],[-97.2777190816039,68.43842634355629],[-97.34978179815249,68.4961339506975],[-97.5673207403798,68.49971478517067],[-97.59440916966822,68.49060866777123],[-97.59689701518855,68.47156439434018],[-97.51700216607463,68.43307900464745],[-97.57687004770345,68.42170248792287],[-97.66461636773138,68.44794777228502],[-97.67399038012856,68.52390119536123],[-97.86708695831842,68.55528336155909],[-97.90460727028481,68.55286478726528],[-97.97944532367335,68.51174135417085],[-97.9668501151395,68.4877051657758],[-97.87856267329221,68.42701501370125],[-97.87491972412323,68.39939468186161],[-97.96445555560467,68.36658282582638],[-98.03887732408998,68.36178408391079],[-98.05777315720809,68.32857035972279],[-98.22521881716672,68.32005277930692],[-98.37680928093422,68.39322484096017],[-98.46395476804727,68.4086588285608],[-98.50620375052164,68.40775684802324],[-98.50631960096308,68.3800565764146],[-98.53762930847701,68.3690387803024],[-98.58903709801838,68.36791499494974],[-98.6586792110641,68.39231554704975],[-98.70477552031734,68.3861067646582],[-98.70131828231794,68.36540633252167],[-98.33231634747186,68.16036144183464],[-98.34021743649198,68.12039565343463],[-98.37700014644317,68.11787233086702],[-98.43601852782045,68.13915783031693],[-98.46648348708685,68.18523875121411],[-98.50941995516446,68.19123842927905],[-98.5596411281985,68.1555038230418],[-98.23332136085628,67.9268826664967],[-98.19823941887515,67.87558868273167],[-98.1352079445171,67.85264684207942],[-98.0753656579018,67.85031161695471],[-98.06199729022644,67.88696169742818],[-98.06815161727314,67.93191198429477],[-98.00319033300983,67.99890539777222],[-97.96586423972528,67.99618970377493],[-97.97104846409601,67.96488159658115],[-97.93354909694408,67.96040980403484],[-97.85525256504967,67.9982195987322],[-97.72490008572139,67.99008634549459],[-97.67866902072781,68.02725131832806],[-97.65448767461793,68.01898228601786],[-97.64124607018034,67.9845855977588],[-97.39070339293305,67.88826283858164],[-97.32760397330568,67.9013122464409],[-97.29006626945564,67.93648417995523],[-97.22590119844915,67.9408314304133],[-97.25770500955265,67.89191389277238],[-97.20030987086692,67.82350955799141],[-97.16198490322572,67.80678956626306],[-97.23803469742568,67.74505137679236],[-97.23646224183501,67.72956312612598],[-97.18088378944128,67.72168377913646],[-97.08729849917921,67.7922217789939],[-97.03162422469653,67.78429361730295],[-97.10406404656484,67.72792708157381],[-97.08073669811355,67.67460943974513],[-97.18941382640004,67.66792088714534],[-97.21788573789864,67.63454960012118],[-97.26254963035149,67.62530932295094],[-97.28541972866326,67.62838683933875],[-97.27487591305136,67.65799823572603],[-97.30754015853996,67.66619106799025],[-97.49840492201997,67.61990688640357],[-97.65400112350467,67.62941644810722],[-97.6886198763545,67.65311182268057],[-97.7556820975059,67.64150199333302],[-97.86381584711492,67.70541238040323],[-97.94724151937233,67.71421018535025],[-98.07282745079854,67.76556611314183],[-98.18940843705815,67.780526391763],[-98.21017230514857,67.83036076254173],[-98.24221285446176,67.8608406204437],[-98.39096510607754,67.96517505213842],[-98.51546561662678,68.02308952849067],[-98.56964663683719,68.10161646696788],[-98.60720553033536,68.10419877680314],[-98.76652278391526,68.0573202160365],[-98.75263359116872,68.00220463657426],[-98.61164466909486,67.87201342036177],[-98.49979674675565,67.86240207261845],[-98.47179221872453,67.8907321751923],[-98.43562071826035,67.89493409954414],[-98.4195597951919,67.87966624597675],[-98.42545348726104,67.85708815526597],[-98.37101303539458,67.80106215618173],[-98.41011687625833,67.78636637107824],[-98.60066228661604,67.77523008302931],[-98.67702374575548,67.7942788071546],[-98.73021633289186,67.75486904704543],[-98.7785489689987,67.7416200078824],[-98.88100658405475,67.7530227365559],[-98.89806055006203,67.74567368776069],[-98.86586923218539,67.71696705222132],[-98.92278502072833,67.70346337272494],[-99.03620204185349,67.72494704126845],[-99.1781002975762,67.72471831048414],[-99.67795096228635,67.82192038114351],[-100.06991401067137,67.80665426113647],[-100.2004292465235,67.85629303905033],[-100.2603037139267,67.85611899060423],[-100.30136556281474,67.83394815173243],[-100.41434719160877,67.82502462778274],[-100.49984767333648,67.79778442107613],[-100.53754004995572,67.80168646440228],[-100.58712642300233,67.83647911642545],[-100.65071811872812,67.8325163214476],[-100.75935934104594,67.78876186920202],[-100.8906054659696,67.78061552749604],[-100.89588268282088,67.76476101753205],[-100.99509193726496,67.7402628489768],[-101.04173982858747,67.74371884380655],[-101.05499276632287,67.75889061987792],[-101.1376224211546,67.75930500646434],[-101.18227297134224,67.75408395085337],[-101.19494572929004,67.73273793745405],[-101.24113503103872,67.71705422727108],[-101.34388791814817,67.72353978951992],[-101.46548555964675,67.68218110306408],[-101.50968101395767,67.67688300497504],[-101.5376983003407,67.69495751530471],[-101.67560275336139,67.68060637486852],[-101.69159441534744,67.68867009988142],[-101.66369094856931,67.71933100637482],[-101.77870407120778,67.70416621103772],[-101.83653705502243,67.72958488249687],[-101.85786432206895,67.77045622953726],[-101.88394795429573,67.78151313874123],[-101.96024282272454,67.77483144133234],[-101.98832847805942,67.74577335889325],[-102.03609706897903,67.73674745072543],[-102.23289616971589,67.71937017277682],[-102.5193746169137,67.78126412578747],[-102.70366370119118,67.7953365508424],[-102.90546713770989,67.9008076308268],[-103.00300435539792,67.90128177534585],[-103.07799369603033,67.95694872005869],[-103.29080690496016,67.99343265115066],[-103.34839533620334,68.04980255227291],[-103.35367728000095,68.07745203325497],[-103.30534155703835,68.11133752723408],[-103.40794154592332,68.16199022151659],[-103.48838541109896,68.13871952608892],[-103.47937558209583,68.08854665690617],[-103.50765786948992,68.07666801661532],[-103.62491410667097,68.07757412419411],[-103.68392709649908,68.04822301305194],[-103.85674822095977,68.02338962494694],[-104.10743402754385,68.02017514861399],[-104.47330244925973,68.0467723764523],[-104.54832414998492,68.08098970722583],[-104.5502355875111,68.11941310989296],[-104.6177059430293,68.15750328040733],[-104.60679699383215,68.18780823396172],[-104.55948527257799,68.20984660236469],[-104.57229622209232,68.24055170428599],[-104.87108543565073,68.2441153523725],[-104.87329585725612,68.25976361898141],[-104.81670243681869,68.2823326706981],[-104.83406500038727,68.33386158332685],[-105.0184892291567,68.30013148012495],[-105.0450745761337,68.26351048551173],[-105.17830887040637,68.3079394548072],[-105.16330947137337,68.3492097046962],[-105.25800538663337,68.3486649391607],[-105.27028884596635,68.37594580440803],[-105.35606217986191,68.41795589838613],[-105.45940041284196,68.394070380876],[-105.48418309498602,68.40654610265584],[-105.45421894697196,68.44524307097917],[-105.39091048337859,68.4736531214914],[-105.28497912536498,68.47137520283837],[-105.27105275891957,68.48278276506367],[-105.29019939319471,68.51487204529289],[-105.36321516816254,68.53843403143847],[-105.39612562077016,68.5994832370093],[-105.45875172243186,68.6412298818738],[-105.46744340669291,68.67040934675344],[-105.4310129392922,68.73749059184469],[-105.76565223208823,68.87093576577486],[-105.94297686158515,68.87551021126562],[-106.10350569003256,68.93358336640911],[-106.25302100868544,68.92039289655256],[-106.46034030190792,68.86808516911928],[-106.53090580686185,68.83524193057897],[-107.06765874256222,68.75594405887809],[-107.15569263569132,68.72151821696474],[-107.45052644830949,68.67546578711314],[-108.15785828317604,68.63266734316767],[-108.29347847001955,68.60793130046592],[-108.37366824115229,68.57152741192503],[-108.42723525981856,68.50719971061925],[-108.53117832559454,68.45462228697382],[-108.57132789252164,68.39296612164794],[-108.70818727903485,68.34111312550851],[-108.73191929337597,68.2930785615572],[-108.78552541389271,68.25502191158769],[-108.7461524665674,68.23702737644221],[-108.63187721217466,68.23756128923301],[-108.41980133277211,68.29905378996932],[-108.36447947625192,68.2699172593984],[-108.36819449369773,68.25188475315267],[-108.41461256557136,68.22512859190249],[-108.3909008679933,68.18458554018076],[-108.3281299574064,68.19143220062873],[-108.31909645488719,68.21696166018097],[-108.29284354937144,68.22076216286102],[-108.23325041903436,68.1919483002895],[-108.23466755246528,68.17769175233752],[-108.34844621705598,68.15263003144852],[-108.36376785384171,68.13016996339515],[-108.32262556453993,68.12471337933383],[-108.16747677674981,68.16003452199351],[-108.02297669447826,68.17323553501672],[-107.93208331341997,68.14680801479831],[-107.80771140450662,68.17058639187228],[-107.6153264312984,68.16593387093265],[-107.55974610072072,68.185956388612],[-107.67737294336072,68.2352766569278],[-107.80403264387152,68.26615672356114],[-107.8539278345507,68.28708180824492],[-107.86072354492866,68.30774408503767],[-107.79790082610111,68.33196523670648],[-107.53546179222968,68.35005899905697],[-107.44443594528279,68.32337959820507],[-107.28565447510374,68.32102756561315],[-107.25096651715245,68.3094787513316],[-107.25282563128675,68.2864097949229],[-107.22004052208274,68.27828997839585],[-107.15664284651548,68.28461429698737],[-106.94901153233333,68.37002164700054],[-106.90310413482844,68.37329123610344],[-106.8392915827058,68.34261720434495],[-106.78057198775048,68.34854439430605],[-106.74903645747368,68.36136313351155],[-106.74635036021441,68.3931711118616],[-106.72295148412157,68.40362695707674],[-106.69456648547484,68.39500677650716],[-106.67749136927752,68.35229707718244],[-106.62548319922537,68.34353468681377],[-106.57157236156407,68.30337991938049],[-106.51213769835714,68.29867313964614],[-106.53527843341756,68.34452490140423],[-106.44610555603721,68.39461235437437],[-106.53749185945084,68.41469626180812],[-106.5504227593065,68.44015544407408],[-106.45361381626728,68.46618174167166],[-106.4993029970432,68.49990561571347],[-106.40276226704907,68.50824545686284],[-106.42204039486268,68.53683446217003],[-106.40305861099539,68.54692705906066],[-106.2712361824408,68.55221627020674],[-105.90137897293647,68.63083536606504],[-105.7450693669162,68.61631225824492],[-105.6135805641008,68.63329279361787],[-105.60716515493567,68.61967042503632],[-105.62888319033509,68.60428493311814],[-105.7499391780756,68.54585624354333],[-105.65174968591273,68.50999627803967],[-105.63820939639083,68.49149386840095],[-105.69805506419111,68.45618421430339],[-105.69906225180713,68.4280599346804],[-105.73288696526086,68.41888670878235],[-105.8461431146512,68.43612576296032],[-105.95605811171933,68.38687389334936],[-106.04210825817718,68.37776446447795],[-106.14751362107899,68.33041649997823],[-106.18599859208119,68.33131484356531],[-106.19516165736357,68.34999901098094],[-106.14982807377736,68.37409821388836],[-106.17664764153442,68.38992069974466],[-106.29153066199454,68.35233464428225],[-106.37290221960929,68.34335743284745],[-106.39827938913731,68.32757076250984],[-106.39505518251322,68.29264023990488],[-106.45067357764933,68.25189386925344],[-106.4485250459511,68.23797731631632],[-106.36086621630437,68.19476481985409],[-106.38231213952082,68.18101691819115],[-106.54103648135634,68.23337559014479],[-106.5776830138569,68.23083136289652],[-106.56894767476892,68.19448167277845],[-106.61868528666534,68.18050478387524],[-106.64649532819269,68.18906629407819],[-106.66117071081732,68.21796796951597],[-106.73434467396073,68.22164381476247],[-106.74917027917027,68.2135609507524],[-106.709855300188,68.14595052378604],[-106.7657645004006,68.12613130900122],[-107.04927533462809,68.09870454276627],[-107.0872669856377,68.1082437603191],[-107.06242650725532,68.13297817962439],[-107.08420770609432,68.1384384216166],[-107.2882704820528,68.06880797658647],[-107.63130308749874,68.0482007377666],[-107.66629128193941,68.03488069604684],[-107.69084614786594,67.97650456231396],[-107.62186971148772,67.94481468118376],[-107.63341059176881,67.92274512750046],[-107.71780436831308,67.8879766586189],[-107.93100998696146,67.84122418565424],[-107.98898922136091,67.7942098252523],[-108.01500126230201,67.75678310156033],[-107.97159093181216,67.70368279288606],[-107.64989682080537,67.58246785794307],[-107.63610570255445,67.53051866936224],[-107.57712238445129,67.4891666644319],[-107.59655649229437,67.4046701959944],[-107.66797867810538,67.39198499713737],[-107.65983211181585,67.37670600727897],[-107.58804907328371,67.3276267886867],[-107.58235653059936,67.29096037231021],[-107.55053237483337,67.25644473575943],[-107.37225214286188,67.15907935324276],[-107.22470082316656,67.11929488557617],[-107.22557516518542,67.1034174485116],[-107.3399188424154,67.03449379930376],[-107.18814452326814,66.97567547929869],[-107.13733570059033,66.93724496752671],[-107.12306128435436,66.88188379828355],[-107.05603809390794,66.83764159358638],[-107.08216504129555,66.81803623232359],[-107.1142118006223,66.81904536561127],[-107.17328209529188,66.87452015738795],[-107.27517108150153,66.89832094123352],[-107.34949312038108,66.94721397055865],[-107.4067388274579,66.95335961483319],[-107.36251511790392,66.90212172270313],[-107.43946390176355,66.86779617078584],[-107.43600252494188,66.8521508430757],[-107.36686338939175,66.8311475519492],[-107.37720374756255,66.81620436406925],[-107.54020191869103,66.83679278599882],[-107.54484046590818,66.87175864921049],[-107.62489093820018,66.92189564170494],[-107.58700716039029,66.93548285475025],[-107.51751105705004,66.91454579742216],[-107.46031060452525,66.92614997245866],[-107.54089968421104,67.02932678799431],[-107.6104604879567,67.04141572304411],[-107.62074107701844,67.02646019215913],[-107.5794464429088,66.97321514794083],[-107.61058693861668,66.9636596828731],[-107.70568238491428,66.99844569623349],[-107.71942409033407,66.98150156386592],[-107.67580537376244,66.89838417193315],[-107.6609045697602,66.82709480859036],[-107.67754790214975,66.77267304369573],[-107.71660092756632,66.72707093283088],[-107.57862454460862,66.67641315736994],[-107.51373202360674,66.57561578930874],[-107.41187142686108,66.53253791957356],[-107.32414213397294,66.46361807538098],[-107.24855822166589,66.42724660072203],[-107.16603643972365,66.34903128067975],[-107.21600006678906,66.34328221013219],[-107.25836389100112,66.34876609706696],[-107.36836997611297,66.40176599931046],[-107.45767929749371,66.49173422370133],[-107.57997887595903,66.53142109446374],[-107.67012189929758,66.59479523953372],[-107.67489588532112,66.62976506243582],[-107.78349245390716,66.71811922583039],[-107.82311856253669,66.72543281679098],[-107.82391614351114,66.68471104464611],[-107.87963453322705,66.68011645672013],[-107.90840350474213,66.7007587305024],[-107.88278708083773,66.74533221291745],[-107.89789424878657,66.76531404116884],[-107.99496056699971,66.82984927995932],[-108.13101606803326,66.84862642097316],[-108.09138594810462,66.88374984060397],[-108.106879787321,66.93730423824698],[-108.36873695542499,67.02694289459009],[-108.47421939387344,67.01259169513737],[-108.5606246037995,67.10983701381147],[-108.52773818264194,67.11614459645395],[-108.47589198896942,67.08871398117704],[-108.21351699504034,67.0169599462171],[-108.01140489562363,67.06203934015645],[-107.91449106846582,67.05054548765632],[-107.88698775059486,67.06693584283984],[-107.89254834423019,67.12835279554672],[-107.84978287687251,67.16718202397237],[-107.96850168595657,67.26893834630857],[-108.19211455136706,67.3338559784473],[-108.26743065841917,67.37011128841691],[-108.3221204110344,67.41863708304686],[-108.36497329101942,67.42924074199222],[-108.39513665355041,67.40906771898106],[-108.352431973754,67.35766817064305],[-108.4000701465366,67.33602661400555],[-108.44469833123816,67.34994746780477],[-108.47314104533633,67.37589715452103],[-108.49919239317408,67.4782856786454],[-108.5390680792083,67.49968942152199],[-108.52927200216612,67.55540044891929],[-108.54092561568791,67.57567862394905],[-108.60823326685824,67.61972575984728],[-108.67620158506544,67.60860970785916],[-108.70239378206938,67.58162963626489],[-108.72930962004965,67.36482643588292],[-108.7585111155801,67.3516345976824],[-108.79060973525762,67.35955903446285],[-108.85327715211226,67.38782260838136],[-108.87202379821,67.41987817891334],[-108.95960691688632,67.4744482315439],[-108.96163573651864,67.49376355649154],[-108.90057163007393,67.52392678341634],[-108.89630082423025,67.54018727198735],[-108.94326906532451,67.61957180326394],[-108.9095627878093,67.64905091166412],[-108.99569650306478,67.68420709812204],[-109.01463624177636,67.72334904922607],[-109.311042995831,67.72591204020426],[-109.38305153469844,67.75157202225351],[-109.43296476554453,67.74895021400934],[-109.52564861169668,67.69443943895591],[-109.62722693697759,67.69953147970581],[-109.6531230091212,67.71852936118685],[-109.59608694547978,67.73969141637485],[-109.68243725515292,67.77989809053034],[-109.67045330548392,67.81302901030278],[-109.80206620897476,67.87939346927465],[-109.93114605200284,67.88188256037837],[-109.94414260807436,67.9020505040475],[-109.92916468572909,67.93008709190403],[-109.9418034557215,67.96452379505311],[-110.0441281847912,68.012128870338],[-110.33318710329821,67.96047947384916],[-110.50811867401349,67.89577906972816],[-110.69833568992459,67.86160320472933],[-110.83076411489914,67.79878388196462],[-110.94101004214477,67.76656195628946],[-111.16137025125906,67.79836260031037],[-111.11115373316335,67.82127752002869],[-111.13834901348007,67.84004009867135],[-111.18628324218555,67.84062033183969],[-111.29455987911032,67.82627878950807],[-111.31064859512813,67.80853628488273],[-111.30576896281838,67.76779365489634],[-111.37197378282663,67.73429399162063],[-111.48593431660055,67.75501435571277],[-111.65091956426393,67.73450066154946],[-111.81326020801704,67.76257037168666],[-111.8924396495862,67.75432766821646],[-111.78748219514846,67.70068241389285],[-111.8436962390401,67.68047820906351],[-111.95048620275485,67.69082955044635],[-111.95075069870997,67.73033353998525],[-111.96857451459688,67.7481826906839],[-112.00866032053148,67.75115259447168],[-112.25113449097479,67.73265293687922],[-112.34034226116016,67.68714535090947],[-112.68177232144274,67.66260343718677],[-112.95381000517085,67.66495887359062],[-113.10880309893687,67.687220568441],[-113.83278705359974,67.69988432921168],[-113.98886732076255,67.72141419142253],[-114.27563534478706,67.72712288503853],[-114.48587558988855,67.78901755234101],[-114.64061494114145,67.79017617400112],[-114.72842113822465,67.81395468526034],[-115.03970398453392,67.81734813602691],[-115.19885820628106,67.85586142376842],[-115.23084502651396,67.88101165696295],[-115.57542395537077,67.9194689755008],[-115.57107007782379,67.93102631891689],[-115.47942104931205,67.93166999894983],[-115.09188983941489,68.0093886905933],[-115.17635167357605,68.03359380617121],[-115.22445864541544,68.06580441763955],[-115.20979376217235,68.09318203031827],[-115.12751710243981,68.13250865055372],[-115.17872361858043,68.1680536229852],[-115.1506489244471,68.18608597549277],[-114.89978980828589,68.14586734965434],[-114.69311484544212,68.19453536076722],[-114.81135354711233,68.24018859499417],[-114.81542401666165,68.26151156513029],[-114.77542426747178,68.26633182301617],[-114.2485422522191,68.23452608114097],[-114.02363369060853,68.24621197928171],[-113.9703980246155,68.27591502535594],[-113.99660736642151,68.31267312059197],[-113.89063662605712,68.37916136639727],[-113.87869326659603,68.40580070815673],[-113.96049309429567,68.42724642206697],[-113.96625697135946,68.4048723279836],[-114.04951179232009,68.40439376540583],[-114.06955442410946,68.41657002067315],[-114.07180747843968,68.48873477423484],[-114.10166243036687,68.5178481209971],[-114.34516390623325,68.58763379526465],[-114.49415294292989,68.69546175617056],[-114.57853086631236,68.73458570705012],[-114.76481329774478,68.75815753130436],[-114.77911242586786,68.79647527571458],[-114.87666080701018,68.8321603016273],[-115.03802118048704,68.86578195962598],[-115.12435508131361,68.8663595283338],[-115.5130637708881,68.96348547526127],[-115.60595758504795,68.96492643103143],[-115.83837542519997,69.0112809190381],[-115.857748735063,68.99974189820341],[-115.78271958546524,68.97977310663036],[-115.77923880409217,68.9656014227394],[-115.86993334714363,68.93795948438853],[-116.19523542724777,68.97968597913602],[-116.31435415928004,68.95550867064419],[-116.2614000682133,68.92744993983094],[-116.130169426138,68.90738319267692],[-116.05815639083599,68.84874250501551],[-115.89723808013241,68.82869457903338],[-115.94057522543517,68.81052825019634],[-116.14298846353606,68.81066735625558],[-116.25383600208221,68.85705889145991],[-116.33938510179559,68.87178662878695],[-116.48434636208627,68.86433641804236],[-116.85245432441306,68.88654974996653],[-116.87119683677659,68.91524974030344],[-116.94040079406604,68.92826527603782],[-117.08343487952277,68.89304112022084],[-117.36723400434515,68.96026741286342],[-117.87471932482913,69.00820604201421],[-118.26819600576513,69.10029814448049],[-118.4242012974457,69.11947708705819],[-118.55389828811248,69.19967455074372],[-118.72662057905984,69.24231492183459],[-119.78221332512004,69.33688292455426],[-120.2021355544182,69.40023778450363],[-120.47957543254486,69.46197689788711],[-120.49884489512286,69.4909049716272],[-120.62237209946629,69.53060947793459],[-120.69005209727648,69.57670776295701],[-120.86342632152707,69.62951599795781],[-121.29984452831837,69.73061734907074],[-121.8633854492031,69.81143746113545],[-122.05540555397725,69.79064274196904],[-122.33050430166996,69.81152385216538],[-122.49089824967346,69.79150698105386],[-122.59385546258187,69.81489306927472],[-122.6555739657726,69.79923804164034],[-122.77574608548628,69.80259980499251],[-122.81748950190139,69.78055604489316],[-123.01301200413847,69.79433852825278],[-123.11606717793356,69.7487426212903],[-123.08079350143517,69.69915345267489],[-123.15652705725215,69.61014841076316],[-123.07991935732538,69.55411649069897],[-123.13654828129847,69.52744352601493],[-123.12650967607173,69.50811991880664],[-123.1384756029438,69.49276302107752],[-123.34873563745437,69.46687649566026],[-123.40656139017642,69.44942545591292],[-123.42360201823602,69.40637502109605],[-123.45950172157833,69.38493141847508],[-123.6160448138428,69.35231092669882],[-123.89139050995523,69.37392886819217],[-123.98310945400998,69.39656839991032],[-124.02479950442721,69.39115804067369],[-124.0316363884073,69.37651555316349],[-123.97291031231907,69.34251456186614],[-124.0082469284658,69.32474638739622],[-124.11505551926388,69.34652028819876],[-124.31196938274508,69.34271472931762],[-124.45867639878865,69.37274979437],[-124.50271616164629,69.39965592033371],[-124.40646216182868,69.42061776874742],[-124.4064308632791,69.46304539390594],[-124.28548051948543,69.53645967128205],[-124.23672382868082,69.59504101106833],[-124.17685934870012,69.62661358187655],[-124.06827505347361,69.6512480466199],[-124.03460156304746,69.67819137759103],[-124.09636665492391,69.7214479862072],[-124.36765307224343,69.70912695869161],[-124.48571189134742,69.73300340504095],[-124.48607069409474,69.77536416628823],[-124.39025620108899,69.84408324203812],[-124.39486933283112,69.86262412628086],[-124.45573990526181,69.8926293517442],[-124.45575389851422,69.91186981211972],[-124.41105565467778,69.92350268691365],[-124.41113412000696,69.93891936963935],[-124.46295558374007,69.96279953796001],[-124.31678455792218,70.02833278178373],[-124.35058588758046,70.07846439192558],[-124.34634493427795,70.1254387918195],[-124.47996758633774,70.13540491602123],[-124.55690496262089,70.11829140589],[-124.62973824919416,70.1328369559654],[-124.60728173134125,70.15214985124132],[-124.50981281824647,70.17083331597236],[-124.49865465938653,70.18231003335175],[-124.52131343074959,70.19386968158796],[-124.68734481008049,70.19049180082983],[-124.7006645659649,70.17665676175218],[-124.68446641103692,70.15811967078437],[-124.72673411361023,70.11031080254082],[-124.65165403263781,70.09042303435531],[-124.53847854266367,70.0905772148477],[-124.5133446284928,70.06217277235324],[-124.43403637491826,70.03907739192185],[-124.45213445995851,70.02824977427139],[-124.50847639644545,70.03213292546802],[-124.53315529551546,70.01047825951278],[-124.58480649165608,70.00731737813757],[-124.59893859289124,70.04740912009663],[-124.68283091722721,70.06565579356044],[-124.86328011985621,70.05748477841787],[-124.8812884870853,70.05052094639738],[-124.87359036101363,70.0189371569653],[-124.9502686956753,70.01324760814721],[-124.96634845359898,70.02395783528263],[-124.96507908359051,70.05331040464031],[-125.01714614104523,70.06153636992508],[-125.17700441214629,69.99456238692937],[-125.16062888753532,69.97231973024076],[-125.18824962346031,69.93440156543],[-125.16309153206853,69.9253150105514],[-125.08274143957095,69.93563306362527],[-125.06831334141415,69.97500006133968],[-125.01240053788531,69.98300014797272],[-124.85486537782661,69.98742743181091],[-124.78691430400833,69.97217202534922],[-124.69059601027512,69.99473617233768],[-124.6046102690964,69.97102536386252],[-124.63803197123663,69.95172258083511],[-124.87530552081708,69.90641214092271],[-125.02635619799767,69.79631203227353],[-125.10647832461044,69.78979758923076],[-125.15068794062756,69.83437539971358],[-125.20893535113078,69.83556940759372],[-125.26487232798893,69.78670736456493],[-125.2419657869106,69.77144670283877],[-124.87722806018762,69.72978560118649],[-124.8233100194208,69.70836164142351],[-124.84750946438382,69.69446612518287],[-124.83831058116549,69.6766858062414],[-124.8533185213475,69.6565646794732],[-124.88647127932278,69.64880346055271],[-124.9195659156077,69.6525146326442],[-124.94901328675292,69.67248308429436],[-124.95440444374024,69.69870667522343],[-124.99969752640804,69.72547412224829],[-125.13914826802251,69.71026335225919],[-125.23128716169609,69.68199847845501],[-125.37525304382103,69.67349333556311],[-125.41490330749197,69.62157535289398],[-125.48691714383563,69.5986869347507],[-125.42624822535355,69.5844331725154],[-125.29870149119705,69.59601694637145],[-125.28046720653306,69.58377627759397],[-125.2791067195955,69.55292415320923],[-125.14417357264782,69.48798877059018],[-125.1567899072524,69.47410185136572],[-125.31439459295011,69.50564951397247],[-125.42599500576327,69.49106320335719],[-125.52991585060107,69.49732872276397],[-125.60050551298343,69.46291176293761],[-125.60102441117435,69.43360127136101],[-125.38222123371605,69.45051189303474],[-125.13817682621456,69.45024068354954],[-125.12243050012613,69.43953260905118],[-125.16115403963987,69.41695618147446],[-125.16453428114919,69.38920032559287],[-125.21005320510031,69.37892519171342],[-125.50736776500088,69.40413740728522],[-125.52869348233122,69.39625216029401],[-125.51928538312112,69.38240283815274],[-125.44622734867299,69.37054583189298],[-125.39436182817677,69.33930255653918],[-125.42436952991005,69.32597985458935],[-125.52961193601105,69.32988732777649],[-125.62389840839163,69.37477422406747],[-125.9551960281925,69.41052064370513],[-126.5760390376241,69.68934294146513],[-126.64760784304669,69.7347741302784],[-126.79821349389134,69.94411392769678],[-126.93235596295976,70.03098004765828],[-127.01635327388125,70.1431713332946],[-127.0368984643754,70.19835138551473],[-127.07552328432074,70.23248813185295],[-127.21554865807333,70.30675662270548],[-127.86679143417285,70.53526423584742],[-128.00413064403213,70.5388335590131],[-128.10668284804274,70.50512351681965],[-128.23366280275877,70.39299318305913],[-128.22054855095993,70.37166410311555],[-128.23486945466044,70.34901811047082],[-128.2193963844246,70.3400404492331],[-127.91552572937093,70.37322487561248],[-127.89641714437761,70.35499707363216],[-128.0467359862258,70.33587903930976],[-128.0858661802191,70.31036060507691],[-128.0450628292362,70.28649158849441],[-127.88096071862476,70.24885045110653],[-127.54293997221865,70.23266063557902],[-127.48814010175951,70.21739851953225],[-127.46362947723844,70.17462106537785],[-127.426524892429,70.1520869668464],[-127.43596981868755,70.14036462697264],[-127.51739234470632,70.13666451174014],[-127.54987129375824,70.15617836706517],[-127.53495729058338,70.17878130788162],[-127.55405838584265,70.20086944832394],[-127.60077354051201,70.20774065229301],[-127.69113833653734,70.18833871644114],[-128.17089367714047,70.16047920315707],[-128.35016874846255,70.121159858727],[-128.37236761956106,70.08282731780204],[-128.3376801665412,69.9940066058025],[-128.21138296821243,69.91946411298886],[-128.37475683092472,69.90276739501381],[-128.52671875885605,69.8622812204741],[-128.81639625034373,69.7331653524188],[-128.9761752391707,69.70826229240774],[-128.87285253930662,69.67150678632473],[-128.91286530227066,69.65115112439233],[-128.99465633071165,69.64822787084218],[-129.15767576936014,69.71282712020302],[-129.12012265710786,69.75482534266126],[-129.13807619381708,69.77522017109384],[-129.13373857386526,69.79616306540805],[-128.92104330255052,69.82801639462086],[-128.91230252482075,69.8398643883838],[-128.96850960614486,69.87241149305632],[-128.93076759311387,69.88421209275211],[-128.9115574011624,69.91017249115774],[-128.82781855479357,69.92927889073145],[-128.8445372089905,69.95590526346297],[-128.927248513441,69.95306087650624],[-129.04243153798643,69.88131503113594],[-129.0914283820628,69.86919807215776],[-129.38823894993774,69.83190601584107],[-130.3253973834558,69.66472327265609],[-130.45351274717027,69.54101111707861],[-130.72526862190875,69.42999449420059],[-130.63182384855645,69.40386797647288],[-130.73333418457364,69.38941558966273],[-130.89467856845866,69.25699236819072],[-130.92086171634244,69.22650969663044],[-130.92548840106423,69.16813407777651],[-130.89012454031672,69.11383469192477],[-130.92958565862415,69.09971040690985],[-131.01824434698364,69.12046317140309],[-131.02622282375245,69.14728084102482],[-130.9673118228668,69.26513304456827],[-130.909156794908,69.33558886024927],[-130.92031839490645,69.35152140831323],[-130.98319219599577,69.31888640124123],[-131.03892253083657,69.31447215282844],[-130.9183892468253,69.43381618325039],[-130.95366354657318,69.50777681163848],[-131.01138602401676,69.50095817424155],[-131.05083073649513,69.5576643735049],[-131.08551581418354,69.57655537949036],[-131.1210315610179,69.57678988379149],[-131.13022175866624,69.55624828349698],[-131.03867207570036,69.45189409817135],[-131.0257987454896,69.40966810846696],[-131.075193835785,69.3472512374733],[-131.12302324361897,69.31595567630877],[-131.19415357446664,69.29769460353447],[-131.2100784927688,69.30643545189074],[-131.14883813211813,69.34291201963539],[-131.1043862440838,69.39192482258451],[-131.1105243796039,69.43362139495699],[-131.16710111852532,69.53154970273346],[-131.2154495205713,69.55151396989325],[-131.24572094760546,69.54873544340106],[-131.25180508588568,69.53302026535034],[-131.19627603169258,69.46139301214032],[-131.18049882873663,69.38901683266404],[-131.2064467909439,69.35849756047203],[-131.32803552533395,69.30414755382517],[-131.35756014006137,69.31383157807771],[-131.28512372794313,69.35701573476618],[-131.24274994204634,69.42623656132015],[-131.24706621405878,69.45405615814795],[-131.39282369624334,69.45995212768612],[-131.4052962996688,69.45097054697267],[-131.38669923223512,69.39961053522019],[-131.39662081442543,69.35423982496016],[-131.4656558351255,69.32195177824022],[-131.5140143446515,69.33553796800278],[-131.47894556566254,69.36412492442476],[-131.50130623181855,69.3919323046511],[-131.47843649893156,69.4239574231127],[-131.52015744966926,69.44328179774158],[-131.9348492748971,69.38254431016978],[-131.9093433203271,69.37194130256897],[-131.7327877692387,69.37787288773296],[-131.70980716836797,69.36249849934359],[-131.79134140722962,69.29613903440746],[-131.9255659617194,69.26482101725446],[-132.05981961261088,69.19597101924609],[-132.10312020355218,69.18784881564214],[-132.12192239676244,69.21037658388195],[-132.14752376755138,69.20841637812065],[-132.1731621395793,69.18786536567583],[-132.2431205034597,69.18167432035801],[-132.24200384714376,69.20894391576509],[-132.31744477025634,69.21173573753445],[-132.30381749981424,69.16723867852738],[-132.31698609763183,69.1432766965928],[-132.4054796731428,69.10350041702874],[-132.4281824827096,69.11258736179015],[-132.39492347959387,69.1350775526957],[-132.36589149922895,69.18779007287313],[-132.41575499105807,69.20494043675143],[-132.4410614807734,69.19058094563037],[-132.4766628216152,69.12591910498872],[-132.53009700674548,69.10475257874259],[-132.5863068363257,69.09743152137932],[-132.6569135747245,69.06369541004219],[-132.78299534997933,69.06859839934437],[-132.8238534651639,69.0440611446347],[-132.81614702182077,69.00628692589729],[-132.83904857566682,68.96303179259088],[-132.70747267787758,68.92426113553648],[-132.70842767588897,68.90933832054654],[-132.82560540362886,68.90994371316067],[-132.8238947726614,68.8936510893583],[-132.73157786771554,68.87240176981261],[-132.793652059295,68.85305887218027],[-132.73481960413946,68.84032716947792],[-132.53259453781158,68.88970059027552],[-132.40866443890624,68.85728011115528],[-132.4046064087793,68.84584020426217],[-132.45467719171734,68.82946800226182],[-132.47186417250686,68.80452723400975],[-132.62558052077898,68.81278777359451],[-132.85581124148717,68.80009281316401],[-132.89257971139503,68.834953316284],[-132.9588621991953,68.83944931205087],[-132.96252906752514,68.82604450878502],[-132.9382233699418,68.81319423421347],[-132.9642447271744,68.79626669602553],[-133.13556556101656,68.81036596661765],[-133.2003544248299,68.83818612221832],[-133.38023419134296,68.82894819547249],[-133.3542892690404,68.78501379935187],[-133.2645759687451,68.79282551064172],[-133.15767268164973,68.76705596657756],[-133.25418269080618,68.7659783236324],[-133.26143026106553,68.75162322913944],[-133.24252203791724,68.74169481227474],[-133.1778181543436,68.74110461700202],[-132.95404926968956,68.68997637495185],[-133.03816772805118,68.67951178898026],[-133.13853917712862,68.68382020277616],[-133.4720519965108,68.78275406443002],[-133.494480877057,68.80650933604669],[-133.494655658732,68.83385211819487],[-133.4721670590614,68.85847561080502],[-133.5010064921361,68.87648095768648],[-133.3940787189628,68.89061567865382],[-133.3580004223184,68.8597362757172],[-133.32614463506602,68.86143001306009],[-133.23792661643216,68.90649358873567],[-133.23054630139103,68.92097279553057],[-133.24456656033956,68.934275689142],[-133.20171859902112,68.9637069085911],[-133.30249275703017,68.97653190907205],[-133.2753447874589,68.99581321254387],[-133.02798741478063,69.06519448797638],[-132.9821399739771,69.05968543597595],[-132.96983392311074,69.04395558879109],[-132.98287682623223,68.99891499846468],[-132.92307489976844,69.00722375994465],[-132.9009917001889,69.06915198642758],[-132.86676660574614,69.0942163531226],[-132.89978078058232,69.12373761762865],[-132.8336495584614,69.16275795203798],[-132.83023810916995,69.18240893472758],[-132.87777439456454,69.1918304775495],[-132.78159840521292,69.22757154115574],[-132.77237423252984,69.24437811177617],[-132.59590449834968,69.25976231459128],[-132.55348783687907,69.22827155233922],[-132.56085142120094,69.1827555834735],[-132.52162237658038,69.17129337865902],[-132.49899069763603,69.18093741725733],[-132.45940791232798,69.25275123239479],[-132.429858934683,69.27431768717308],[-132.29316628809642,69.26113209251426],[-132.27692285196053,69.27737885483695],[-132.2824891208168,69.30517775005822],[-132.09125156494335,69.3625731143133],[-132.07493494974193,69.37887473487532],[-132.10044438795578,69.420519160376],[-132.02396066175422,69.46110130383974],[-132.04150936643373,69.48605005311232],[-132.0059408104151,69.49839591939913],[-131.7386588758847,69.54158472526515],[-131.64607263824746,69.5235516674884],[-131.60870021963254,69.53836784900002],[-131.62182116731955,69.55800487507929],[-131.3902524972817,69.56327656227216],[-131.08744958000258,69.61918350203445],[-130.99846202372424,69.61240348841093],[-130.97021918746887,69.60024998710978],[-130.97300718731827,69.57921509088399],[-130.91782770876117,69.55878222012507],[-130.70137097205142,69.66189216512278],[-130.55915784898485,69.68702556011762],[-130.5467005169092,69.70605240612652],[-130.57581291333386,69.72208040833668],[-130.56531712610683,69.732526517176],[-130.39299063848244,69.76395039921461],[-130.31349813237105,69.8176892079744],[-130.22767965704887,69.81590702511224],[-130.14689920912977,69.84947988582671],[-129.9514626412509,69.87493624276054],[-129.6488030319747,69.95287751356578],[-129.51164596300515,70.00160732933345],[-129.53787555752461,70.01637309226528],[-129.52237205559712,70.02766108394312],[-129.38404320645822,70.04620015937614],[-129.33857413891766,70.09378884607288],[-129.48437012386506,70.09594894046047],[-129.4567784826366,70.11378955358407],[-129.4770755570535,70.13173756503186],[-129.55972452022823,70.14487654710531],[-129.6425291963083,70.23071729808856],[-129.70914364662596,70.24116771839083],[-129.72606686336871,70.21741688352411],[-129.82744603447338,70.19431005135931],[-129.8328834301988,70.17096799583462],[-129.76119287118314,70.15766255624214],[-129.76422909966334,70.14280681449146],[-129.84418231276996,70.11803780405683],[-129.85703984504283,70.10531772159791],[-129.85000960565048,70.0784219342835],[-129.9461283672551,70.07237958331527],[-129.99202851801823,70.04856392915023],[-130.30243864847395,70.07201978551798],[-130.31515706399534,70.1343146089596],[-130.33664392704057,70.14599978070527],[-130.39530912812918,70.13557853639624],[-130.39509817410948,70.11936093434626],[-130.4354007968115,70.10870079543177],[-130.51475365011603,70.09986384018278],[-130.54338811607147,70.11207312489228],[-130.49102046288056,70.13554859754974],[-130.53922468501997,70.14553778950746],[-130.6319212211855,70.11142420854716],[-130.65872593208988,70.07097917929802],[-130.68323726436688,70.06166555885765],[-130.74001840182981,70.06973507398229],[-130.7261386777551,70.09112059640593],[-130.74780465902296,70.1027619484357],[-130.92073996170612,70.07343822144419],[-130.99000690751362,70.03990687669713],[-130.91522719438277,70.00312970327727],[-131.01052454000026,69.97409797042468],[-131.04364861756008,69.89925217617392],[-131.12453055081656,69.86905023905297],[-131.1417503526057,69.83048188585681],[-131.18115708997175,69.8196550097459],[-131.22406361886578,69.8203914677759],[-131.22737223640283,69.86680239979661],[-131.28104653594747,69.91440377183328],[-131.38964122176316,69.94983221138098],[-131.43168412750038,69.94046844399836],[-131.43481164045642,69.89450377977096],[-131.4634058913777,69.87166662788592],[-131.62675538845204,69.84111125077757],[-131.6970549369124,69.80259384486884],[-131.88733364489127,69.74896839932501],[-131.93631248138692,69.70888964104363],[-131.98748412570052,69.69504761532801],[-132.02179680356818,69.70370137071336],[-132.01358269145285,69.71805676881672],[-132.03555400541245,69.7295532412101],[-132.11132374441954,69.72237762735729],[-132.11141171195797,69.70380729748611],[-132.14870709498106,69.69519546389549],[-132.40250084582675,69.72758201823888],[-132.3611752234558,69.74339184905503],[-132.39709200530655,69.74955170043971],[-132.55844291537983,69.7368655749509],[-132.57763456712487,69.72205453223935],[-132.5732736369596,69.69811111621154],[-132.61984913700394,69.68507032522376],[-132.6151933520744,69.66740184415748],[-132.4062910482753,69.68926392079685],[-132.35803729352483,69.67980209100102],[-132.417091604393,69.65771678033124],[-132.34948119978733,69.63817357596416],[-132.4250696802143,69.62471957300444],[-132.62984931607983,69.63486418525385],[-132.72149002671577,69.62356616803672],[-132.84311788060114,69.64280880564019],[-132.9141726267671,69.63628512089927],[-132.97299144621005,69.62026986855872],[-132.98614701445828,69.56897304884818],[-132.96576044569022,69.52792585105492],[-132.9938965796891,69.51493870794883],[-132.96594040457157,69.49444195742213],[-132.9707961186692,69.47867335366786],[-132.90247719283812,69.43444584403221],[-132.92508860536395,69.41230145846504],[-132.98344968546874,69.4087321194575],[-132.97738931526803,69.43316025961592],[-133.00216892069614,69.43968604264805],[-133.16772715997556,69.39341791329221],[-133.31032806293376,69.39015464462939],[-133.4049182981064,69.40490427191607],[-133.60708461764796,69.37423555395762],[-133.65075449366626,69.35705686588726],[-133.6458613629806,69.32456736126942],[-133.68834180352206,69.30988938987602],[-133.80746687474,69.30976843924998],[-133.8979946690486,69.26826777598635],[-134.12179997228878,69.23098927870397],[-134.34206954864578,69.08813908701512],[-134.545203499069,69.05294072050181],[-134.60458111371418,68.98215646956601],[-134.59764858239157,68.96691336461033],[-134.40570851661928,68.84430513054174],[-134.37321256642045,68.79537259611962],[-134.31161292734234,68.7582164201379],[-134.3264762810748,68.74801205830626],[-134.40972257050356,68.76037050182101],[-134.54303450494635,68.87467548766752],[-134.684862852364,68.9570841279785],[-134.73243150236715,68.94252172566642],[-134.72542324533927,68.92728330269273],[-134.78021175159736,68.9044184499935],[-134.8214584952479,68.90431719918548],[-134.92751296994234,68.86571999490488],[-135.16003007193203,68.87490229043489],[-135.26674060054816,68.89802743852526],[-135.51430434489495,68.870465463134],[-135.36378872583438,68.82915206089557],[-135.48136623015552,68.82547225369679],[-135.5120725881006,68.8085927804043],[-135.37440964413852,68.76175126535685],[-135.3207043565669,68.72677604294054],[-135.1852798939974,68.70080851758931],[-134.77018062226867,68.67008705787435],[-134.73390455010943,68.65189961727273],[-134.74180371640048,68.6412709718784],[-135.07670501287063,68.66764577087854],[-135.25693573110237,68.64298819059411],[-135.52627611680145,68.74020883249356],[-135.7013770345591,68.76175090953393],[-135.82152212544082,68.81109468821444],[-136.07758739976896,68.87327474681254],[-136.38664214435045,68.88825336541474],[-136.72842790825058,68.85859509413899],[-136.82954323973877,68.87178185353206],[-136.9831362502014,68.9229939074074],[-137.34781960792782,68.96693377361562],[-137.43909571837682,69.00266060886067],[-137.713431575596,69.04574498068168],[-138.06926629654254,69.14296770257248],[-138.25953904505826,69.2235523482661],[-138.32495126721713,69.28479692262798],[-138.36821488655465,69.30354550793359],[-138.4081727575346,69.29639131699032],[-138.40759327756962,69.27432297052582],[-138.36226973775416,69.20270731316913],[-138.57355603547052,69.25060956987426],[-138.60754848837917,69.26524840363297],[-138.60697213552353,69.29224038396414],[-138.62681337458827,69.30887185271587],[-138.69328534399472,69.34545048464393],[-138.90344805600202,69.39160226179699],[-138.9370529609372,69.42209598854642],[-138.9496335393527,69.46784947649525],[-139.04528832926798,69.50276687202503],[-139.1884833565497,69.50348279514861],[-139.48790794152822,69.53687910615862],[-139.54634422499223,69.57165490001445],[-139.6227147977274,69.58967890328498],[-139.8720738543009,69.61980050622034],[-140.32870906344084,69.60081604342518],[-140.6697594096268,69.61362678757463],[-140.80861324844687,69.62149208344607],[-140.8508371568457,69.64077443027054],[-140.94627807096217,69.63665072267261],[-141.00262826499971,69.66268921831076]],[[-79.54760407833506,51.47164251881257],[-79.54677682224032,51.45979606163121],[-79.54514877239207,50.96941276043243],[-79.54508792632588,50.95079041218459],[-79.54494396264103,50.90699871582879],[-79.54682525672955,51.45974427936004],[-79.54760407833506,51.47164251881257]]],[[[-139.21429972091198,69.5814016711103],[-139.17165137349977,69.54215623102125],[-139.08898305149782,69.5236662656485],[-138.88923428014675,69.56392376579173],[-138.84681180192868,69.5784972090921],[-138.84226822872856,69.59547013006764],[-139.09752160355558,69.62680645730588],[-139.21429972091198,69.5814016711103]]],[[[-136.22201845311363,69.08985261782728],[-136.1336604253384,69.0683001479834],[-136.11342870641565,69.07598956766043],[-136.16136816828177,69.10414463355248],[-136.20186857566213,69.10609831124872],[-136.22201845311363,69.08985261782728]]],[[[-136.2030135610344,69.1578629947656],[-136.18133719552807,69.13343059777242],[-136.15194110378508,69.12833063720679],[-136.14171899386108,69.14636642833385],[-136.2030135610344,69.1578629947656]]],[[[-136.1033776625522,69.17407762294775],[-136.10211020644002,69.15916599711382],[-136.05183753445672,69.16407654274224],[-136.1033776625522,69.17407762294775]]],[[[-136.10125665207124,68.9730548390042],[-136.01555616732693,68.97257926714819],[-136.01586296675907,68.98982138511968],[-136.09847297288417,68.98895804941269],[-136.10125665207124,68.9730548390042]]],[[[-135.99349233400014,68.88758097275262],[-135.8487021748478,68.8728702484532],[-135.94371786808938,68.90114119315837],[-135.99174547557686,68.90110598577104],[-135.99349233400014,68.88758097275262]]],[[[-135.96601156002907,69.01200532343728],[-135.93678226537344,68.98957365769881],[-135.87353685522427,69.01106590031361],[-135.96601156002907,69.01200532343728]]],[[[-135.95802904909002,69.20883140503643],[-135.92209212219603,69.08872055151578],[-135.90567064576905,69.07803978917717],[-135.76832118995137,69.05876418301932],[-135.64599749957017,69.01185427498751],[-135.3934292829263,69.01464613923868],[-135.37520763374363,69.00011686548443],[-135.41963471910108,68.94321816614013],[-135.39674699429466,68.93212711710896],[-135.20550135413893,68.92929482300727],[-135.14202052124,68.90106304242916],[-134.95152078555955,68.88927806105349],[-134.9184305813485,68.90232593314143],[-134.89006993782075,68.94398207659476],[-134.7121163831178,68.98831763646761],[-134.70244299135908,69.01005572636622],[-134.62558465959245,69.04272644277707],[-134.58695618674403,69.08258866048612],[-134.33368947269497,69.1432796011998],[-134.27736503390568,69.17461144678283],[-134.18513590416623,69.25951188435742],[-134.10837786546617,69.29580776345108],[-134.03933217037994,69.35974461000247],[-133.80369233974088,69.46688344513599],[-133.754039454461,69.51702529487252],[-133.7463624703116,69.54634518149687],[-133.76108199131258,69.5595924007195],[-133.8645902784386,69.51508871959764],[-133.85239782911967,69.49704900689528],[-133.89779969679842,69.48368234992442],[-134.00990560394615,69.52136313440808],[-134.1293485616453,69.5234890655843],[-134.29141767494195,69.57628590401765],[-134.20058542909115,69.6179064836622],[-134.24877786172866,69.6504474493964],[-134.4936589720177,69.68909399283905],[-134.5177304091524,69.6830697193628],[-134.46262096550038,69.62683664946202],[-134.44857339844003,69.55807707499808],[-134.46684904776924,69.53433106335699],[-134.61713234004256,69.5070421360644],[-134.61519026971976,69.48834943972831],[-134.56911646346344,69.4659783625688],[-134.44356043973642,69.49351155616952],[-134.42220518356407,69.48609086420957],[-134.5207980411352,69.43363862810759],[-134.71333050725465,69.45068224622946],[-134.76465699089917,69.46954703521531],[-134.79997878530287,69.46906468966527],[-134.80839078241928,69.43494375531014],[-134.84123705126035,69.42437237752549],[-134.97505733497653,69.47127287975604],[-135.05122173682358,69.45807357323889],[-135.06369024083196,69.43774260389385],[-135.16363153338634,69.44184346193396],[-135.27545291695398,69.41078032421623],[-135.20924182791836,69.3442858561203],[-135.22180258428745,69.30671034191752],[-135.16410683105735,69.27031220434844],[-135.19017254174398,69.25070711180979],[-135.42392621846668,69.31610619765983],[-135.57427667506192,69.31532078593418],[-135.56122027956025,69.23690045784701],[-135.47221790655922,69.20018221725843],[-135.4888725241482,69.18499525493486],[-135.57709393521117,69.18962885812941],[-135.61296285966944,69.22100774180502],[-135.76865378136026,69.28315958557643],[-135.84261326455166,69.2807435072257],[-135.85043851608086,69.25273422344485],[-135.82413499990216,69.2317643366367],[-135.61336689573722,69.13472023420779],[-135.50129644071325,69.10424064361125],[-135.64458923396995,69.10915334883495],[-135.88641774222782,69.22375909153206],[-135.94464145897376,69.22545792152195],[-135.95802904909002,69.20883140503643]]],[[[-135.94975361555663,68.92985312758091],[-135.88450092586737,68.91296374984121],[-135.86029075065858,68.92160939435645],[-135.88925074887428,68.93543357884842],[-135.94975361555663,68.92985312758091]]],[[[-135.87789152724005,68.96445858237904],[-135.8758196218219,68.95198911256824],[-135.75292488606124,68.90746706931479],[-135.7058060554226,68.90511352861024],[-135.69907119332674,68.92200798283706],[-135.8232639571084,68.96413442816419],[-135.87789152724005,68.96445858237904]]],[[[-135.76981060604976,69.4879179064659],[-135.62227815202158,69.45336573488414],[-135.57719846196895,69.46094189377142],[-135.576013342059,69.47192775471653],[-135.62310010160112,69.48542733968435],[-135.76981060604976,69.4879179064659]]],[[[-135.73847618696155,69.30636535388678],[-135.65924701176948,69.28631270167334],[-135.63887073556305,69.29389191074971],[-135.70132172978364,69.32046968454634],[-135.73847618696155,69.30636535388678]]],[[[-135.71641220327976,68.97349538427785],[-135.59663692776616,68.90439962539939],[-135.55226792594735,68.91195589697186],[-135.54263732047121,68.93613508950932],[-135.47585564163964,68.9646867803718],[-135.4815736260632,68.98473658879273],[-135.52468250595177,68.99686901837158],[-135.71641220327976,68.97349538427785]]],[[[-135.55837542547283,69.57340264657974],[-135.48747584928205,69.56604417138836],[-135.43483741708417,69.58189097929605],[-135.40150587025204,69.62706377617636],[-135.44908894759595,69.63193810055859],[-135.5565218243275,69.58685153968261],[-135.55837542547283,69.57340264657974]]],[[[-135.5184907347364,69.43328202617121],[-135.47929902297415,69.42633507689327],[-135.3854055050373,69.45726122540424],[-135.4444089688527,69.45906724872529],[-135.5184907347364,69.43328202617121]]],[[[-135.5063288861447,69.36109617005813],[-135.43709048734402,69.3513984663537],[-135.4357739283264,69.3709999999842],[-135.46807116602386,69.37767190530691],[-135.5063288861447,69.36109617005813]]],[[[-135.36653817366093,69.36127469785781],[-135.33859063628483,69.32769625022654],[-135.2978912968258,69.31693234612023],[-135.2979131819767,69.3576721817729],[-135.32708855535515,69.3715772177795],[-135.36653817366093,69.36127469785781]]],[[[-135.33377852026865,69.48786052680605],[-135.19720890040583,69.47818027478291],[-135.21935684005388,69.50034438429435],[-135.29016625437282,69.50775185907608],[-135.32763215262545,69.50227677937353],[-135.33377852026865,69.48786052680605]]],[[[-135.31750640684112,69.616471948459],[-135.29219999221542,69.60160536857654],[-135.23727348599198,69.62215279219687],[-135.31750640684112,69.616471948459]]],[[[-134.93858715829305,69.68774653623433],[-134.93416452494748,69.67394687354486],[-134.90642791975722,69.67244725684137],[-134.73035719863861,69.68502388242071],[-134.81793893966434,69.70338963995007],[-134.93858715829305,69.68774653623433]]],[[[-134.44822883157198,69.71743389737709],[-134.41636823594305,69.70205237717082],[-134.377511954127,69.70109331485484],[-134.36380332467965,69.7151419103463],[-134.44822883157198,69.71743389737709]]],[[[-134.41855916234178,69.7652469480801],[-134.3374562666582,69.75562802682883],[-134.2743679338638,69.7755502291557],[-134.28544824064636,69.7897662526007],[-134.33619701130053,69.78772149692023],[-134.41855916234178,69.7652469480801]]],[[[-134.24138931623017,69.68833436142641],[-134.2344829907832,69.67309773745335],[-134.15027155653524,69.65580190288297],[-134.1900776494694,69.68410775791162],[-134.24138931623017,69.68833436142641]]],[[[-134.13037160079026,69.60146668632343],[-134.11673683731925,69.58588816492743],[-134.04845727696733,69.57315091933789],[-134.00389059621568,69.59894926953534],[-134.13037160079026,69.60146668632343]]],[[[-133.97497202589682,69.5638323435107],[-133.90378339144328,69.54346360621588],[-133.83324893209152,69.5714313342443],[-133.86771889947286,69.59457085691494],[-133.97497202589682,69.5638323435107]]],[[[-133.14657231630144,53.87315457233458],[-133.09293857135972,53.81190855321348],[-133.08723369979157,53.770726188145986],[-133.06837417724495,53.751395996318806],[-133.02401083225644,53.7403412314703],[-132.961370807715,53.6891692791351],[-132.9681898243576,53.67391236020692],[-133.00809595972856,53.672168067031805],[-133.01493341607616,53.650809867171965],[-132.9779648657177,53.6429709308988],[-132.9348938748513,53.60247880738318],[-132.85923128537428,53.56696553277142],[-132.87820406158787,53.553082557819344],[-132.97178965347175,53.5708939088102],[-132.98427265344841,53.55752034133502],[-132.93676848496563,53.5313604914742],[-132.91792108488573,53.49972610138274],[-132.8971723776734,53.499894284536225],[-132.8599547195376,53.4673631843681],[-132.75832144931493,53.475551875248236],[-132.73835920346616,53.46711140501664],[-132.74204832642394,53.442918434275526],[-132.66802933181427,53.435774859853446],[-132.61853514144386,53.4103276014299],[-132.57810322183676,53.41433022767212],[-132.40296628657956,53.31380144467493],[-132.42335035513008,53.289138252378656],[-132.45903371073425,53.29332137774052],[-132.53787905100017,53.354253488427055],[-132.72022376003946,53.35681678341754],[-132.73589023591526,53.346269351857046],[-132.72589521037816,53.30693814464968],[-132.60647095745244,53.32037927141719],[-132.56448556739753,53.3105305466506],[-132.66140831382103,53.283592468398936],[-132.71490962833175,53.25161650065363],[-132.60394770526526,53.22649584378539],[-132.53385424437474,53.15193540658046],[-132.42892928603354,53.140817830122444],[-132.3123755208131,53.159069404252335],[-132.1703702534609,53.148266601294225],[-132.14040684329956,53.16430333007814],[-132.15133779324856,53.19275759745206],[-132.25002808353372,53.179951387698495],[-132.30842607620758,53.19551055216075],[-132.31162360896784,53.21066710480314],[-132.23657914811616,53.207905424810384],[-132.12054732411397,53.235905631256216],[-132.00361000846894,53.22910651213782],[-131.96718656804154,53.24564426797959],[-131.90218831112972,53.369651727411686],[-131.94418734408617,53.47596897267749],[-131.91436051509496,53.62287446416207],[-131.89264341838967,53.64374001264424],[-131.85135980012913,53.78684143110365],[-131.70161208583852,53.95145701762861],[-131.65779297128907,54.02772787412987],[-131.66270984397315,54.132228964200266],[-131.70247950059738,54.127191547121384],[-131.82866093015718,54.049736939682],[-131.96526684066137,54.02545081032768],[-132.07173363493095,54.0208218655045],[-132.12165068254265,54.03417855745956],[-132.1572613037859,54.02231384233938],[-132.08346654451864,53.888920244084545],[-132.1305413645357,53.71429401755255],[-132.19539637802333,53.6454837210522],[-132.2816774807128,53.66061406118016],[-132.31041075757304,53.64919713839518],[-132.3007919423032,53.6160436309362],[-132.3963371994465,53.59641234666897],[-132.47911369913433,53.55308411711135],[-132.49660292617776,53.55629570990282],[-132.49924870313248,53.5862359679433],[-132.4077125191418,53.6248214797607],[-132.41823301615005,53.64951554274862],[-132.49636372029457,53.63268964442451],[-132.52363490319377,53.650692790257274],[-132.6002574382531,53.64472534769509],[-132.62531954772314,53.66967043172501],[-132.44487564965624,53.694487054436536],[-132.2793682848646,53.75413466477088],[-132.13506979544582,53.854298174748116],[-132.14774746512117,53.92736183889878],[-132.21297863126532,54.01899312917618],[-132.27113323526478,54.07024125742285],[-132.3607482690166,54.08441063690532],[-132.40594897702508,54.074828042003936],[-132.50027836202804,54.03750968681215],[-132.5945568995731,53.95456101856019],[-132.65001861808207,53.944887217603],[-132.66303556615216,53.95622277895004],[-132.65615691379062,53.97759991491749],[-132.59212126451936,54.0196471163551],[-132.5890700450387,54.041463018036815],[-132.60416018866871,54.09750364841136],[-132.62697064207418,54.11731976549509],[-132.8421202002756,54.11428736062597],[-132.93110941277416,54.157453095421396],[-133.05270075842054,54.164595098768785],[-133.06864349557796,54.08750635971589],[-133.05204507028293,54.02776578812955],[-133.05955610745056,54.00402608058996],[-133.10355625684912,53.95708745608612],[-133.14657231630144,53.87315457233458]]],[[[-133.05495460913946,54.23014998873078],[-133.05290408770986,54.210148596273186],[-132.99487622357285,54.187849521229495],[-132.95433603521266,54.22901625199513],[-133.0146718416544,54.24422726266311],[-133.05495460913946,54.23014998873078]]],[[[-132.9865562635268,68.9519204055815],[-132.96479026045645,68.93428898964359],[-132.87157934688835,68.9342187696125],[-132.9865562635268,68.9519204055815]]],[[[-132.60869903721593,68.83781903107739],[-132.53567540772931,68.82640824421138],[-132.50936642052434,68.83703810403574],[-132.56383646098521,68.85087726564947],[-132.60869903721593,68.83781903107739]]],[[[-132.59988908601503,53.137442866557194],[-132.5998062267651,53.12516617627824],[-132.5221846234361,53.086593794994506],[-132.41933563084464,53.10772045287456],[-132.59988908601503,53.137442866557194]]],[[[-132.5116448601525,53.037397348099],[-132.49183288389665,53.016572115651584],[-132.3378484814209,53.01312954588068],[-132.14150706511316,52.98339579559154],[-132.13133208635958,52.96495713132543],[-132.16127278787334,52.94888036058883],[-132.32662738730457,52.92935793823669],[-132.34301409726228,52.904211324568095],[-132.25747841750186,52.84849345581464],[-132.24968328527115,52.81061077131263],[-132.14195905801822,52.743493673979266],[-132.0958950995318,52.75999882857986],[-132.08643899219368,52.788384614079575],[-132.1003288665768,52.83806986409408],[-132.0675872282611,52.83900027834494],[-131.94390857676518,52.741322232530756],[-132.0569947067045,52.736794498691374],[-132.08422576683083,52.72778799656549],[-132.08363705938126,52.70552980761946],[-131.91132792223496,52.61541357537376],[-131.8982905607289,52.581753482347025],[-131.7449617485279,52.486221653942195],[-131.67084247821538,52.46697463713787],[-131.65281194215277,52.43138137127428],[-131.532607730134,52.400021059196796],[-131.59033423195308,52.36678152106422],[-131.58830819901075,52.349249697458],[-131.37801657277424,52.17913432186004],[-131.35375864414502,52.1969109872917],[-131.31399213600233,52.19043850716854],[-131.29509430543547,52.14117106980105],[-131.25059911369917,52.10815553532416],[-131.22960391817966,52.122653454649395],[-131.2728200837219,52.176404661223515],[-131.26621293200319,52.1952453908893],[-131.24452596702622,52.19973833724021],[-131.1702062910593,52.103651040663316],[-131.15339636935158,52.10016004494348],[-131.13865204340613,52.10804902890401],[-131.1428713391768,52.14686396238951],[-131.12021763152427,52.159814031609585],[-131.07428946339718,52.15366466444771],[-131.01534220626505,52.17289929282896],[-131.02891346004995,52.20800430973767],[-131.09903921051045,52.202608401307266],[-131.08743609559008,52.25780604229054],[-131.10180549627606,52.2683405024183],[-131.18424755981084,52.296537764941974],[-131.23274886153337,52.27337163785135],[-131.23728717561897,52.243144497363396],[-131.25747473096433,52.23720099441595],[-131.334386543642,52.27571077459583],[-131.42210511332948,52.43377048947125],[-131.47975986980808,52.45358909548329],[-131.49076540980096,52.48576490259459],[-131.6345780438816,52.514051455623246],[-131.64253257882362,52.549554531330806],[-131.6726591714809,52.56198855751692],[-131.7121126387724,52.629853495282056],[-131.7999913541713,52.70489300310185],[-131.80189333060676,52.7409347644625],[-131.72811929512076,52.77229215552231],[-131.86301818899796,52.79408634511869],[-131.87033545102716,52.85655704058745],[-131.92231749515125,52.9012306237288],[-131.91440518723815,52.924893848852975],[-131.94927332908009,52.97229541759568],[-131.94743405078134,53.02628522587458],[-131.8811983547878,53.052641181584185],[-131.64175879821028,53.02280346505358],[-131.61546856086466,53.045347114176764],[-131.6312992174428,53.08806890459298],[-131.69402942742732,53.1083065528849],[-131.7070198796544,53.135852409269624],[-131.77155453083188,53.14513867680251],[-131.78629275410697,53.16176924616289],[-131.78107362320011,53.20677629781166],[-131.79981154748324,53.230016972470885],[-131.892992604154,53.221767020977616],[-131.99520574281217,53.18120891851071],[-132.0395421380254,53.14716739877098],[-132.17826074131486,53.118405158298295],[-132.3034588824125,53.12353406906309],[-132.4096018375025,53.06843621828202],[-132.50771216871127,53.04920555322594],[-132.5116448601525,53.037397348099]]],[[[-132.33922218973703,52.971483851016714],[-132.31410956673156,52.95490396731924],[-132.2302049680332,52.9682865814556],[-132.30325710051642,52.98196174075056],[-132.33922218973703,52.971483851016714]]],[[[-132.21208714741113,53.731403372125904],[-132.176145222382,53.727081855299694],[-132.14879378601285,53.77075500153008],[-132.17284309856808,53.779794820756024],[-132.21208714741113,53.731403372125904]]],[[[-132.10640285307724,53.186091938698034],[-132.08433576669262,53.17849474514096],[-132.05106981766937,53.204106871018354],[-132.08744162494253,53.20601360762683],[-132.10640285307724,53.186091938698034]]],[[[-131.9160901129106,53.00396266144449],[-131.8067752542367,52.86968113442614],[-131.7145016904299,52.859317978260734],[-131.63432934933738,52.884989133553496],[-131.6246805067581,52.90718242096215],[-131.6488766637381,52.960812165841425],[-131.75738882316057,53.00769269712275],[-131.89156384891137,53.02190610513005],[-131.9160901129106,53.00396266144449]]],[[[-131.88926872452504,69.81263457198892],[-131.8368197892814,69.80387488686532],[-131.71844938375673,69.83281848467482],[-131.71400541652744,69.84624903966676],[-131.7567772913915,69.85295535668594],[-131.88926872452504,69.81263457198892]]],[[[-131.79307906308551,52.83221999120356],[-131.7511192330159,52.812117006818866],[-131.68858694180813,52.816614816826814],[-131.71638540772506,52.83615281806741],[-131.79307906308551,52.83221999120356]]],[[[-131.77099367795094,52.71853603623307],[-131.72807799910896,52.71931955534166],[-131.73884742740566,52.729283106097135],[-131.77099367795094,52.71853603623307]]],[[[-131.70672919881085,52.74620336721508],[-131.66474058873703,52.7322275888402],[-131.61545419547224,52.745702662096015],[-131.70672919881085,52.74620336721508]]],[[[-131.70511357866675,52.68560709710716],[-131.6016059892925,52.5800848835768],[-131.57845681913471,52.577129704450755],[-131.58107419713517,52.60453967032793],[-131.55511179578636,52.627120168014876],[-131.46145830813788,52.59912253954379],[-131.43443166328925,52.63009120617758],[-131.44349236384392,52.685512382491524],[-131.4935834999958,52.710429790352556],[-131.57504010186102,52.68632654896765],[-131.68155410142455,52.70727467943792],[-131.70511357866675,52.68560709710716]]],[[[-131.40824745950286,52.542869529860894],[-131.4024580250812,52.52489302349673],[-131.35026413464132,52.53533709927552],[-131.3831639703727,52.55072742062856],[-131.40824745950286,52.542869529860894]]],[[[-131.34963144191013,52.38732947976704],[-131.31389264160435,52.328423272367885],[-131.2792213723564,52.323869973856795],[-131.2651026527401,52.335620111808225],[-131.2760036288996,52.36170661784049],[-131.24719899071724,52.40348269511319],[-131.29559743320254,52.41477149323052],[-131.34963144191013,52.38732947976704]]],[[[-131.11932883433656,52.083315391044145],[-131.0751746202462,52.0219210529949],[-131.08229243537718,51.98469740842733],[-131.03620882841284,51.94030532390212],[-131.01378738524292,51.94712944051333],[-131.00232985080004,51.996057372125804],[-131.04064587439754,52.04560119207655],[-131.0046802924024,52.045677025978286],[-130.9716768503498,52.07086521300016],[-131.01498914492709,52.084083030244756],[-131.04677061882649,52.12406509468187],[-131.06594196793253,52.126641132049784],[-131.1180989452785,52.09794007785498],[-131.11932883433656,52.083315391044145]]],[[[-131.10732841023338,54.58349208053614],[-131.0821734770557,54.57038551363803],[-131.04618832950874,54.598121690849005],[-131.10732841023338,54.58349208053614]]],[[[-130.9466962330177,54.51097137519944],[-130.92220350586283,54.46314736555274],[-130.84273021059323,54.4926343981387],[-130.7512174266851,54.57517195286335],[-130.76054708587267,54.59002976271722],[-130.91096547049148,54.59948244506223],[-130.9276714754571,54.589173085603946],[-130.9466962330177,54.51097137519944]]],[[[-130.87838895519502,69.44070760013236],[-130.82498052180028,69.44654501617566],[-130.8134855575575,69.47571198387061],[-130.82319429762865,69.493933389068],[-130.86382962650188,69.4808316441396],[-130.87838895519502,69.44070760013236]]],[[[-130.85841902431827,54.44619297821517],[-130.85731702110087,54.43241137014978],[-130.83756113179163,54.43356622159171],[-130.78132041701963,54.47474842708171],[-130.84295958279864,54.46405851304008],[-130.85841902431827,54.44619297821517]]],[[[-130.79522466205876,54.155085846295435],[-130.74830078360478,54.111682834782734],[-130.66309733358267,54.1190621456657],[-130.7737284777945,54.16709837673605],[-130.79522466205876,54.155085846295435]]],[[[-130.7907749865465,54.42253371990264],[-130.75643950583247,54.40071885148834],[-130.73865043789874,54.41952702026671],[-130.75686801436524,54.43302672153279],[-130.7907749865465,54.42253371990264]]],[[[-130.7737929916423,54.35576610584277],[-130.73749309660357,54.34487304098104],[-130.7124319925228,54.36020511274595],[-130.71507558468736,54.37545120126031],[-130.7682467191843,54.369941937317186],[-130.7737929916423,54.35576610584277]]],[[[-130.76934885785542,69.56726498327453],[-130.7282698213138,69.5477224781567],[-130.6413377100578,69.57717795799056],[-130.66166118744846,69.60131486020968],[-130.70356014589424,69.6083959313677],[-130.76934885785542,69.56726498327453]]],[[[-130.75042070910013,53.87373118218975],[-130.72940265817664,53.835040382786424],[-130.65294274017762,53.821122630664156],[-130.6392889481831,53.840474364750804],[-130.69141142634032,53.87961733471379],[-130.6757734337439,53.90976042279331],[-130.58796170890346,53.9142234925562],[-130.54029428343483,53.879323348549946],[-130.51066639326496,53.88031240418928],[-130.4575460685283,53.91414533029919],[-130.44225575874057,53.94804150198107],[-130.40390563891273,53.96028440049248],[-130.39762004733308,53.938372633502844],[-130.4790520535748,53.83137756642254],[-130.38581527731236,53.817508430735074],[-130.29312767880984,53.88814431180241],[-130.25429135233355,53.93869622725586],[-130.27508681007646,53.9875236166992],[-130.387933263971,54.07120714817851],[-130.42004989611382,54.07553335326435],[-130.57754177793245,54.02330953721737],[-130.61987580445677,53.995380981338904],[-130.6845835661793,53.991583587145776],[-130.69515832133598,53.947129406533456],[-130.75042070910013,53.87373118218975]]],[[[-130.64917403567708,54.08372657114335],[-130.6292816359661,54.05871817482859],[-130.57588254616388,54.06029520261181],[-130.60874227072108,54.084592132655736],[-130.64917403567708,54.08372657114335]]],[[[-130.6434112282211,53.89560546120127],[-130.63242385593063,53.869265603272304],[-130.60096710118432,53.89114321934814],[-130.6434112282211,53.89560546120127]]],[[[-130.62888338871483,53.80184204488889],[-130.60107596295083,53.7757672433159],[-130.51972242060856,53.7859597060721],[-130.53535448055615,53.81042785335569],[-130.62888338871483,53.80184204488889]]],[[[-130.62161951445503,54.732225309868625],[-130.58621678148288,54.696499518974676],[-130.51681968738907,54.68745331963903],[-130.48042720104795,54.69260503058028],[-130.45090014921917,54.72353494596363],[-130.50178159729754,54.780001648582044],[-130.51910085615935,54.779756449222816],[-130.53212286105648,54.74670607852258],[-130.61269507190255,54.74976148135152],[-130.62161951445503,54.732225309868625]]],[[[-130.5481382700021,53.54297937710617],[-130.54708963961272,53.52914945756524],[-130.47373036745077,53.51431599758608],[-130.45294908476998,53.48172875029384],[-130.39671836606718,53.49264303567448],[-130.38300505909953,53.47958688419603],[-130.41424929608357,53.44165767716653],[-130.17281350952393,53.32033140290868],[-129.97178014785263,53.16793889489463],[-129.91560084381004,53.15868778703972],[-129.77396642974443,53.17687893839069],[-129.771167095595,53.22000420770696],[-129.8246693609689,53.2885012003105],[-129.9561691103577,53.406574460892735],[-130.06418276984198,53.47515981929347],[-130.42888029966872,53.60374428466804],[-130.5193739463212,53.596101049014116],[-130.5481382700021,53.54297937710617]]],[[[-130.4671668908787,53.759084535742986],[-130.44236521600274,53.74202940119359],[-130.40804808694972,53.75478430545857],[-130.43444444269457,53.773190023019005],[-130.4671668908787,53.759084535742986]]],[[[-130.4524944816585,54.2798613388253],[-130.41823999376697,54.231734991085396],[-130.39589404832523,54.23993761495894],[-130.42987712266364,54.294204181721156],[-130.4524944816585,54.2798613388253]]],[[[-130.44556044916362,54.78626327041775],[-130.425040483912,54.76735977847489],[-130.37059974875274,54.76883944260006],[-130.20318496489546,54.863566636057264],[-130.15155683196573,54.916430183319534],[-130.18740821777712,54.99851907149735],[-130.20428955015723,54.99452993537942],[-130.24334361950343,54.9299849437411],[-130.34063109519414,54.85454297892407],[-130.44302400484662,54.803379391227736],[-130.44556044916362,54.78626327041775]]],[[[-130.38273614104284,53.733933850881094],[-130.33864634628304,53.734149784338136],[-130.33798988618855,53.746441765031925],[-130.37137543105982,53.752249817704595],[-130.38273614104284,53.733933850881094]]],[[[-130.37618557047307,53.6536108227831],[-130.3286002000683,53.63095839314257],[-130.31551773798734,53.605601233924574],[-130.16610593588942,53.57632141430009],[-130.13456302594375,53.55578085399467],[-130.09920634694373,53.56079259574224],[-130.15232527105468,53.66998614593584],[-130.21325806341727,53.69582696021586],[-130.24555360156393,53.75246282862357],[-130.29973090710547,53.758564625039085],[-130.32048191096675,53.71054672623764],[-130.37591381921217,53.67587913502941],[-130.37618557047307,53.6536108227831]]],[[[-130.35488764459595,54.68962944479817],[-130.31866067430468,54.68851377878185],[-130.24111061027565,54.72666191840436],[-130.21921494411413,54.76482618944117],[-130.23175868147342,54.776471586564114],[-130.34600041508853,54.71711549489051],[-130.35488764459595,54.68962944479817]]],[[[-130.35157004787519,54.25015185467747],[-130.3316596043168,54.22512550251494],[-130.30507835958394,54.222793897400365],[-130.27401229998608,54.25837655261884],[-130.27367490370727,54.280679066610816],[-130.30842735504135,54.30029547437906],[-130.33082881902737,54.29210962370118],[-130.35157004787519,54.25015185467747]]],[[[-130.2845994560681,53.81868508357633],[-130.2631355308643,53.798326949565116],[-130.2168952809808,53.79323869568699],[-130.1698395247028,53.71593207758781],[-130.088057657352,53.689685889084856],[-130.08308872476664,53.64923893562349],[-130.01174882209682,53.61316633281579],[-130.0492442758497,53.57117098846567],[-130.03949800510293,53.55867784770605],[-129.999035318138,53.55545503682807],[-129.971802557413,53.57157498570516],[-129.93413486504934,53.561300374303016],[-129.87242101004492,53.50160052766249],[-129.88393768670343,53.4572378459458],[-129.83762247348358,53.42202330308998],[-129.8526740487438,53.38440359857713],[-129.83774899444902,53.36988505829942],[-129.79208711481107,53.36461993556597],[-129.75077462099424,53.327611910033646],[-129.6916355397439,53.33527466266344],[-129.67125792695066,53.30866456358029],[-129.62606622109155,53.29721577049697],[-129.65315125323215,53.27130588975682],[-129.58492348120066,53.204178484443354],[-129.5403200280483,53.18646115684272],[-129.5150934949399,53.197690406342716],[-129.54368914943643,53.285236408697436],[-129.47865841890544,53.28694141969648],[-129.49757228572258,53.32195303330792],[-129.46563853004295,53.37958822931867],[-129.5815402568947,53.49347258685263],[-130.1078308924534,53.85148722493442],[-130.20189483152782,53.87936740513892],[-130.2845994560681,53.81868508357633]]],[[[-130.27485207960146,54.116735849964215],[-130.22016236081544,54.09437380669091],[-130.19485453713062,54.11578121466777],[-130.20740997623784,54.15356920782541],[-130.2577606775178,54.16539603194978],[-130.27485207960146,54.116735849964215]]],[[[-130.21582901951606,54.04153987629088],[-130.20188190450804,53.970096440027476],[-130.1602434288939,53.97923088344982],[-130.16584039395065,54.0397342880078],[-130.20552773559317,54.0513351661295],[-130.21582901951606,54.04153987629088]]],[[[-130.0042016126668,53.495359129257764],[-129.96595934903368,53.45512592973771],[-129.92774581154288,53.483324195946466],[-129.96703504882777,53.504970244855954],[-129.9994385974256,53.50707955487492],[-130.0042016126668,53.495359129257764]]],[[[-129.77891678982044,55.358682681458184],[-129.74174812243703,55.36359792631482],[-129.73554384525738,55.40398855125032],[-129.76245630611015,55.4026662268616],[-129.77891678982044,55.358682681458184]]],[[[-129.7595847925567,53.094055591604395],[-129.69417782042729,53.04610086960897],[-129.64065492061644,53.04573833783244],[-129.61475654797283,53.069329249341585],[-129.73024266060312,53.12088401723563],[-129.7595847925567,53.094055591604395]]],[[[-129.7006237090331,52.983647868535144],[-129.62092958624052,52.941030348525466],[-129.57878414130397,52.938632847895256],[-129.5595302104976,52.95561854095933],[-129.63316301898396,52.99250321511459],[-129.7006237090331,52.983647868535144]]],[[[-129.58583826670883,53.00798064481824],[-129.54926134803247,52.9913534617172],[-129.52133885332788,53.019594573521104],[-129.5574005543361,53.03237739766012],[-129.58583826670883,53.00798064481824]]],[[[-129.57702618695703,53.14713645723955],[-129.52016657723684,53.11388956337085],[-129.52435650681522,53.08838288032363],[-129.46976634451772,53.07041148000129],[-129.4705593302885,53.04818410918045],[-129.4289305605894,53.01345956378825],[-129.39762129982884,52.95902434056186],[-129.33887643844727,52.94663841795022],[-129.3151535454156,52.95921586816174],[-129.2949073858078,53.00846332841596],[-129.41011981841606,53.11015313933385],[-129.50159940240266,53.164676345899366],[-129.52655538484416,53.169528281677024],[-129.57702618695703,53.14713645723955]]],[[[-129.4321624476777,53.35975175682679],[-129.4006794476539,53.33514967182127],[-129.3866922823624,53.28835583458599],[-129.34139011064534,53.312732865316285],[-129.34779876389157,53.3522501733755],[-129.37282839718958,53.36716067813842],[-129.4321624476777,53.35975175682679]]],[[[-129.38115319619706,53.24639381841024],[-129.34387382397858,53.22595129284398],[-129.3161817062365,53.247999089272135],[-129.3713677103083,53.25994703280312],[-129.38115319619706,53.24639381841024]]],[[[-129.35527874425688,52.83093228870405],[-129.34684298208367,52.786186171347325],[-129.31503716693564,52.79388688442965],[-129.31137922150253,52.83305225290336],[-129.35527874425688,52.83093228870405]]],[[[-129.32126645671102,53.16041594980053],[-129.30494226198815,53.10443821916018],[-129.27714343604254,53.07667209516887],[-129.1962616480978,53.07206646418587],[-129.1451704712118,53.100503239317064],[-129.16266039073872,53.15791053192371],[-129.15241414793354,53.187516614640266],[-129.19736049402613,53.27885441362974],[-129.22675236787097,53.298248410073384],[-129.27614942762708,53.294372316318345],[-129.2769644349058,53.24217655067645],[-129.32126645671102,53.16041594980053]]],[[[-129.27584468174115,52.75445892836423],[-129.25263624686187,52.71112021431234],[-129.20293300458096,52.667611070085606],[-129.19822762945677,52.639516774163674],[-129.07732518264396,52.50672634126162],[-128.97903876961232,52.50282021843183],[-128.98739921969187,52.458082167584664],[-128.96736104230231,52.44749386509154],[-128.90813950860473,52.49683036623045],[-128.91926953154777,52.55826827162508],[-129.13691714137778,52.733465190946156],[-129.25663230950434,52.801297148872166],[-129.27117440622737,52.79599098297688],[-129.27584468174115,52.75445892836423]]],[[[-129.26305475001791,53.360891247409704],[-129.2468733597787,53.34480654563015],[-129.21201740898857,53.353304595196455],[-129.23855845697264,53.37970333725458],[-129.26305475001791,53.360891247409704]]],[[[-129.18025504059383,53.40457335553695],[-129.1644900449669,53.37239011040354],[-129.15133116435865,53.37912878204312],[-129.08585849843686,53.44037437453304],[-129.08138745323396,53.48583860432736],[-128.98762780597846,53.549037215205864],[-128.8737634874234,53.55552542152538],[-128.90694426875814,53.59555188956897],[-128.8471006272466,53.6663045195851],[-128.86183560846644,53.681052664494416],[-128.90036683020307,53.67935052335601],[-129.142695374999,53.61339767353963],[-129.16790545541187,53.55857656092111],[-129.15703093709703,53.48464289701013],[-129.18025504059383,53.40457335553695]]],[[[-129.17983579440005,52.93274791672669],[-129.09743687345923,52.89288107432837],[-128.97792866578794,52.98179118279013],[-128.9449529350711,52.98167009829594],[-128.94025536480538,52.96354731901673],[-128.96217464482714,52.93575134470912],[-129.00985381188153,52.900667665858236],[-129.11115924183028,52.8601218143135],[-129.12523687024245,52.80134636742542],[-128.9406838543273,52.65368141935532],[-128.87870618163316,52.64032436008921],[-128.78934605341266,52.67253362119875],[-128.79456365122968,52.738098953090336],[-128.72566050499123,52.85189696747382],[-128.67879690341363,52.88447779660957],[-128.67224248608258,52.938372333810264],[-128.63718117485308,52.95285235258472],[-128.6232984222526,52.908254757829795],[-128.74122800642246,52.75723757906421],[-128.74049499738916,52.69600490808741],[-128.72125429864764,52.65938844046524],[-128.7361518192076,52.6144274636825],[-128.59275307804654,52.62425596270847],[-128.55132909382294,52.83092398973265],[-128.55206422699305,52.963206887258714],[-128.57671221526869,53.03566226668519],[-128.66299191750608,53.123958616947405],[-128.78860481859482,53.174565812141644],[-128.9138970486855,53.25112391779256],[-129.04431092028133,53.27208899601484],[-129.07571092947356,53.23695741482155],[-129.039668638401,53.204143235184176],[-129.0810012020332,53.08584310266779],[-129.16383492687734,53.0161492393928],[-129.17983579440005,52.93274791672669]]],[[[-129.14107082830262,53.31906009767536],[-129.1053354926466,53.30001391930268],[-129.03624257523043,53.32071705827229],[-128.9271427703209,53.30799188607984],[-128.9928323546414,53.497408780274476],[-129.02287499704704,53.49075640637686],[-129.06395685810307,53.40837164489932],[-129.13324782397063,53.34778651133073],[-129.14107082830262,53.31906009767536]]],[[[-129.05111641143588,53.68580892620118],[-129.02111308542408,53.67254260239929],[-128.89668699606764,53.712477824313744],[-128.89210607112452,53.728096869285885],[-128.95594166930186,53.731377272455134],[-129.05111641143588,53.68580892620118]]],[[[-128.86439908930015,53.72384850128985],[-128.85262517426335,53.71208203345993],[-128.82279617488823,53.73253798316202],[-128.85341107303793,53.739700558298246],[-128.86439908930015,53.72384850128985]]],[[[-128.79485411989577,52.514047313066065],[-128.777018958515,52.47886742686411],[-128.6945683979409,52.48093919548471],[-128.59570882409554,52.45909570351428],[-128.5403520069692,52.421616363469504],[-128.46893551947153,52.455083175000055],[-128.52079315982516,52.610415837654394],[-128.53703316113166,52.620433800635446],[-128.5557148874962,52.61966862718498],[-128.58965515461932,52.573996511315336],[-128.6755473820187,52.57876111711895],[-128.72767053147066,52.56203128442188],[-128.68067489931056,52.52351159599173],[-128.69758114361605,52.50750778315941],[-128.76841097658044,52.523590548286556],[-128.79485411989577,52.514047313066065]]],[[[-128.7709291231715,53.80840131134071],[-128.7217721597526,53.81965675258233],[-128.71463261477885,53.836029267303005],[-128.7448531901952,53.83935714388508],[-128.7709291231715,53.80840131134071]]],[[[-128.7637653989735,52.37478440581916],[-128.72458955619223,52.293972461366124],[-128.69535543430123,52.266996766613296],[-128.67256053991315,52.26332493829173],[-128.6238345415049,52.30664635920032],[-128.64447803931094,52.435662208253525],[-128.73475097450682,52.44861463909603],[-128.7637653989735,52.37478440581916]]],[[[-128.68507893577583,50.80662458856571],[-128.66471514519029,50.78473379343028],[-128.64205215265986,50.79707672554772],[-128.68507893577583,50.80662458856571]]],[[[-128.61800373085785,50.77456911089127],[-128.58295366876175,50.76015310285755],[-128.54814371944443,50.78296823489264],[-128.57363207819404,50.79707913594467],[-128.61800373085785,50.77456911089127]]],[[[-128.5216188100947,52.73273867556587],[-128.50141382285227,52.65095024306473],[-128.47992713750216,52.66249969894465],[-128.4677216252741,52.70045916624222],[-128.47880783621002,52.732144728303496],[-128.46371251297094,52.81455833727332],[-128.48792364973173,52.83961075810459],[-128.52093208495825,52.77252926593642],[-128.5216188100947,52.73273867556587]]],[[[-128.46439532882695,52.15670022196501],[-128.44345180207904,52.13467154209505],[-128.3999335830641,52.146312976347694],[-128.3920078547149,52.21225148653871],[-128.41542959921136,52.2098487994221],[-128.46439532882695,52.15670022196501]]],[[[-128.45704788177846,51.93647386890323],[-128.44090475505283,51.92264830973232],[-128.41846299697323,51.93275084519868],[-128.39878277422883,51.96938219799091],[-128.44229708613057,51.97145135008517],[-128.45704788177846,51.93647386890323]]],[[[-128.45008321012844,52.36116703739788],[-128.37132239913694,52.35974688017075],[-128.28083135159866,52.45105853477938],[-128.3837777023196,52.4302128565478],[-128.45008321012844,52.36116703739788]]],[[[-128.4454841212812,52.30555387735341],[-128.38995652838577,52.311644355030175],[-128.39784901698368,52.32660144949803],[-128.42268163781017,52.32561076348895],[-128.4454841212812,52.30555387735341]]],[[[-128.43545607599128,52.599304801114585],[-128.3987570411192,52.537388609334926],[-128.3128909213392,52.51854812627229],[-128.29601557097618,52.538311928561896],[-128.30250150214232,52.6366841089621],[-128.3487243629064,52.76632587585405],[-128.42101212820364,52.746645429450346],[-128.40040018268917,52.67105409021868],[-128.43346859126913,52.62771300357273],[-128.43545607599128,52.599304801114585]]],[[[-128.41655480633315,52.491572630388006],[-128.39894116849976,52.45637818678516],[-128.2996282575259,52.48781236786244],[-128.39396116463067,52.5154106742888],[-128.41655480633315,52.491572630388006]]],[[[-128.39998490688467,50.75339557465842],[-128.35621263416166,50.67540719454852],[-128.28735137431931,50.64408856797203],[-128.306776973095,50.634920111426155],[-128.31049071898633,50.61200618154065],[-128.25036159841264,50.58323541199875],[-128.2005420090649,50.52528234254946],[-128.05271383652604,50.43308955254985],[-128.02151415711094,50.52076321531167],[-128.0069903753283,50.5182736899905],[-127.98995863274513,50.47564155051081],[-127.89275217008331,50.46635488168502],[-127.84136005451236,50.490953914090376],[-127.79331295580684,50.485056866884825],[-127.61865847288487,50.532839315470575],[-127.5826157259322,50.55759422534803],[-127.97659915442739,50.61738190379723],[-128.01107242602143,50.641891427529714],[-127.97804093992474,50.65980642618239],[-127.89065074929067,50.63114177414526],[-127.67583236347315,50.61743829045852],[-127.56464760666245,50.58546760031124],[-127.4580844943984,50.59649389209314],[-127.44636883906945,50.58326888904442],[-127.57216363394936,50.53208227727729],[-127.57526731362049,50.511544596664294],[-127.4795387447616,50.41378073915413],[-127.4708045210265,50.39359713168372],[-127.48610100950616,50.37636028932722],[-127.50287979571803,50.37808030227789],[-127.56948814338726,50.45331387445578],[-127.62230162303518,50.47501532987994],[-127.92298838194512,50.44550215887575],[-127.97432552402782,50.35636943742281],[-127.96375253589825,50.33099313794565],[-127.80821832665455,50.300216586988434],[-127.84104683909834,50.26874995316846],[-127.75324142010281,50.22480829096687],[-127.8716596613115,50.14634831765097],[-127.8841154329928,50.11254572864993],[-127.87365450471073,50.10080211710172],[-127.79238562122269,50.08776951372548],[-127.71038598456288,50.121775081562376],[-127.69257751607742,50.14967393767149],[-127.65823830748893,50.162213694249196],[-127.63181987021115,50.15628348201874],[-127.63432320653834,50.11449206394461],[-127.60989572935115,50.10400539944892],[-127.46689376156735,50.17536806230584],[-127.44712635619011,50.1631532218726],[-127.48589265726538,50.13159351411133],[-127.47384291158014,50.09711497628366],[-127.3754324256217,50.026049468115325],[-127.28266412604212,50.061438540135065],[-127.2722607881197,50.08069953023282],[-127.31373086207955,50.162778628020035],[-127.2917016152183,50.16874668690149],[-127.24502480686638,50.142927739682015],[-127.23084668979041,50.109255689230395],[-127.20029714502864,50.09501764460199],[-127.07708549765078,50.11975830701871],[-127.09937987056132,50.082770703022895],[-127.17257025507948,50.052699399307116],[-127.14568546950876,50.02166264750968],[-127.15380957119706,50.003253751592],[-127.22455159974145,49.97386371608596],[-127.2116967844925,49.924264630774125],[-127.14390621257746,49.85970611940184],[-127.02140997883721,49.83217479937579],[-127.0018295717659,49.83724091183636],[-126.99826800539286,49.87139815737682],[-126.98355583902458,49.87862616236745],[-126.95412128156056,49.858247051407986],[-126.93220292386636,49.86412830879215],[-126.96537106749993,49.941201687733134],[-126.9326310821646,49.962476754749865],[-126.8988760666599,49.947518416102994],[-126.89700987060364,49.882466871326315],[-126.83907184610331,49.87419033238705],[-126.82149039162384,49.89208053248726],[-126.85508893584245,49.941895767108555],[-126.83456188936323,49.953007222118146],[-126.7261007193707,49.86424229360267],[-126.67835000563106,49.91005111262647],[-126.65018257379788,49.9083956178425],[-126.63666060091292,49.79377754074402],[-126.56116038446056,49.69728739187833],[-126.5022994677428,49.70844163436453],[-126.48337936510235,49.724757851189835],[-126.47880910546624,49.77252757750475],[-126.46045532674763,49.778988189498826],[-126.38122776423985,49.75874381018968],[-126.45463662861542,49.711813385465746],[-126.46406512686083,49.691161040706554],[-126.42296494206123,49.663407815963744],[-126.31851218428648,49.64819198564214],[-126.10304827748043,49.6736596261112],[-126.07700516825494,49.6635021936447],[-126.06377058831004,49.65471617883255],[-126.071443048475,49.642444046935964],[-126.27166852667052,49.616713368476546],[-126.45348677661941,49.621896816368505],[-126.52993372476122,49.571795016283914],[-126.54052545062315,49.48918298911995],[-126.55896120925932,49.46530493275241],[-126.53668314115012,49.438671865516284],[-126.52665001731637,49.380741017606084],[-126.49653909749955,49.35876066964883],[-126.45110937277508,49.37489029276883],[-126.44248184492793,49.38941947423361],[-126.45774727795182,49.41473456097839],[-126.41333342005679,49.45350437394438],[-126.37812075440881,49.44291136922207],[-126.39625499532677,49.411624218487304],[-126.38639354040625,49.39975639149228],[-126.28909909959552,49.34971062220402],[-126.25346364779135,49.3564423779627],[-126.27028826932461,49.440709679011945],[-126.22830363240575,49.43624476994218],[-126.20932994797893,49.402632709250966],[-126.16037073168211,49.39304372126025],[-126.0864240164599,49.42465224758078],[-126.0247865832514,49.417484389668616],[-126.00793462277684,49.404175458250656],[-126.0324995910263,49.38029887546071],[-126.04014169670042,49.3432394872022],[-126.00668425757488,49.31666819415732],[-125.98057588992836,49.32771796586764],[-125.93720868643169,49.4001348554847],[-125.89999409740133,49.393999371635324],[-125.89964668806698,49.35772885527445],[-125.93496219250129,49.31486189843471],[-125.99757243926828,49.29118918076428],[-126.00713234057858,49.27061289686269],[-125.98439341619297,49.221152101561174],[-125.94173389525432,49.22270072933529],[-125.90650355126452,49.265555796365256],[-125.85171650384838,49.24835247695872],[-125.83357421208132,49.258424838870255],[-125.81154944915691,49.31769895419933],[-125.78273069096794,49.31811159618962],[-125.76560081626086,49.293501035536714],[-125.77189901155138,49.24358226541017],[-125.72239580216016,49.21117839113964],[-125.75121391703716,49.14585051207346],[-125.74268568082167,49.13161980661437],[-125.64910639071365,49.18882968084813],[-125.6198992001076,49.17411409562627],[-125.72602924964579,49.082078981954076],[-125.89810812219277,49.136658371908226],[-125.91100320442872,49.11310976633857],[-125.85636701980299,49.06346403248096],[-125.75274010153893,49.05754566800655],[-125.6632233670005,48.9857782186502],[-125.49845312898621,48.917148778225126],[-125.44620657810212,48.92756493003932],[-125.3878202575823,48.970459474797764],[-125.36467832822005,49.00698329585801],[-125.29510264355271,49.025031178093755],[-125.27882526854113,49.01165448099923],[-125.28563567044677,48.95808140114108],[-125.23251589235763,48.94202582455015],[-125.19360298122177,48.99517945534997],[-125.19359694603637,49.04639497154472],[-125.1696328486591,49.056471337336546],[-125.13365869011277,49.0326756425378],[-125.15238495618127,48.99403643233969],[-125.10948300841741,48.96877317549934],[-125.04204229638458,48.982156217867654],[-125.01530702575731,48.951498655352275],[-124.98330391545679,48.95849246645687],[-124.98379601538501,48.98863297628022],[-124.91742291439611,48.99215420561888],[-124.86522575137481,49.03244479147916],[-124.82898816640264,49.15626283164924],[-124.84251489585886,49.229391503117405],[-124.83230575407028,49.23846225601902],[-124.78885805264132,49.1716080425834],[-124.78729546499594,49.132363898659605],[-124.82362358607323,49.01231018590896],[-124.8654913603872,48.96604071298237],[-124.9816298134012,48.923099692057356],[-125.03779880946992,48.866175562874105],[-125.16885013858655,48.79494445306128],[-125.17038336649038,48.76034904911034],[-125.12719059549218,48.767529828767806],[-125.07977809595255,48.725009809885506],[-124.88424530839086,48.66847846698142],[-124.80405803608028,48.712637998159344],[-124.7252872718649,48.799623478661104],[-124.68990764152909,48.80203254056741],[-124.6771986460008,48.789275225733405],[-124.7030207138752,48.7484806401295],[-124.80117571393409,48.66443636142706],[-124.81453324667393,48.641079306551156],[-124.80068615230772,48.62309300747183],[-124.541186828339,48.540621184073515],[-124.4494534503158,48.56940548160061],[-124.41881147628821,48.55894388158344],[-124.44929540881321,48.524264362649646],[-124.44139166556104,48.510035496553456],[-124.32466903476357,48.50559834208237],[-124.16755124010814,48.42813810572005],[-124.01846326775855,48.406002223163206],[-123.84390305603831,48.352768384206485],[-123.71759420327616,48.341613318388205],[-123.65736239083984,48.29758449498919],[-123.62092489883868,48.31690684846966],[-123.5536624207126,48.297661963858914],[-123.5298625214858,48.30726176350644],[-123.51444287358889,48.34771577216336],[-123.4779692409643,48.36317854600523],[-123.45583370117777,48.398402833972995],[-123.37215241131973,48.40290581770469],[-123.3113723472303,48.38875800173335],[-123.26836192789906,48.437931479729066],[-123.29674368791254,48.48488140351556],[-123.3626536365948,48.52164092285209],[-123.3627457065496,48.57200382437897],[-123.38813071092434,48.60691853653413],[-123.4012433471045,48.67925710737016],[-123.45714764747632,48.67452789137837],[-123.43292156639743,48.63742607425803],[-123.46392287931384,48.61433026262099],[-123.47078568999225,48.55799857758519],[-123.52820364372145,48.52078185234231],[-123.54148120627137,48.535248856790936],[-123.50616586158992,48.60644835258789],[-123.51320940190779,48.65085973527676],[-123.56330753737961,48.715279056020805],[-123.62743028589745,48.76014328051197],[-123.5820427505516,48.75227865635498],[-123.57268602023986,48.76277306626061],[-123.59157528726257,48.79604243620714],[-123.58321384594646,48.815504142938615],[-123.74718025209316,48.92955153353066],[-123.75715687528692,48.950742985568844],[-123.73791156449165,49.02447389739334],[-123.81604361383022,49.10632706508413],[-123.91207761942202,49.15800337588727],[-123.9461358924424,49.22219783250083],[-124.09921241284043,49.24596276112896],[-124.15206938058934,49.28522932782208],[-124.22817434055735,49.29812827735139],[-124.33563571139224,49.344192528504365],[-124.58313186176223,49.37989712638892],[-124.7631703619096,49.450891178244255],[-124.84385389140799,49.5017888131569],[-124.97037294337176,49.65503865279579],[-124.94985049450821,49.68080970456054],[-124.89594050086636,49.66077931643868],[-124.8774482409976,49.6707671199238],[-124.88022210878742,49.70020573136151],[-125.03843112623959,49.818485265401215],[-125.11171633106167,49.85489852841984],[-125.13825416980467,49.89555719038946],[-125.19025245961771,49.9200092236074],[-125.31620588795896,50.07988516830869],[-125.36890430333696,50.11563632278923],[-125.38679336169149,50.21457793151462],[-125.42520014047821,50.23989828814759],[-125.46032611798526,50.312174071308],[-125.48708189796722,50.333782076486024],[-125.69896752370666,50.33326638193917],[-126.06031479573072,50.42132101333811],[-126.57299528785093,50.46390291233822],[-126.73197777792537,50.51849100132183],[-126.83834822522498,50.52563712174034],[-126.94822061817192,50.56821336414933],[-127.08634824794729,50.583386859213526],[-127.13809417812513,50.60776990572938],[-127.20557108248119,50.60119669161662],[-127.38933783904118,50.695076678162394],[-127.41472604649816,50.730718493245405],[-127.48212679995558,50.72019968206506],[-127.49007844770705,50.760232912643765],[-127.90897474264904,50.86282073952061],[-128.10365227263026,50.83888100669754],[-128.2034626209343,50.80231321831511],[-128.39293997308278,50.76584350637628],[-128.39998490688467,50.75339557465842]]],[[[-128.36472366187334,52.082108084323814],[-128.31306504355024,52.0848779314852],[-128.34213718680732,52.10208795206062],[-128.36472366187334,52.082108084323814]]],[[[-128.3644802825962,52.18667921429777],[-128.33816030552242,52.172453290286214],[-128.27329756637678,52.205515417780745],[-128.32770636296536,52.215607398474646],[-128.35890485500184,52.20444553024897],[-128.3644802825962,52.18667921429777]]],[[[-128.3434560619096,70.53496767983742],[-128.27553583002612,70.53019513706988],[-128.23944334655243,70.56106136365341],[-128.1235525421797,70.57343279150494],[-128.10080640855625,70.60165074889827],[-128.1862899797036,70.6369730977583],[-128.2639742062519,70.62998071824384],[-128.3434560619096,70.53496767983742]]],[[[-128.30967271870384,52.74264086372858],[-128.2625312320488,52.67637023294446],[-128.25964658115376,52.59851187526149],[-128.2463360351724,52.59143987599153],[-128.1429527353657,52.73821889204094],[-128.1420934946644,52.7680509553192],[-128.15345877788562,52.79360046078089],[-128.1727497099213,52.79671646071245],[-128.20844983490258,52.762519116110354],[-128.2952924773665,52.76150183001763],[-128.30967271870384,52.74264086372858]]],[[[-128.30817222109,52.13390486074696],[-128.27343304255652,52.134565745496054],[-128.20778500124712,52.19736551461002],[-128.2853618810461,52.177571265937836],[-128.30817222109,52.13390486074696]]],[[[-128.24979482117902,52.109515991722766],[-128.2095518247738,52.06678965144024],[-128.2209975835901,52.007603620579765],[-128.20579730010385,51.99142693909439],[-128.18567859159344,52.00061406097983],[-128.15096540135414,52.062095110967846],[-128.12933367505266,52.15832338656506],[-128.21383419646864,52.14597481679138],[-128.24979482117902,52.109515991722766]]],[[[-128.193041544345,51.862260232175885],[-128.17879861364509,51.84377501421387],[-128.09258031849566,51.84320180259203],[-128.07611018956413,51.82551905780739],[-128.09770435127132,51.794227970905425],[-128.08812364155298,51.783935216789025],[-128.03333011324028,51.78970145368783],[-127.97070921939597,51.8826705519325],[-127.94504710232084,51.97812809852345],[-127.94887609513964,52.0200016470526],[-127.99965337059254,52.0471358618121],[-128.1320807673083,52.02163511411383],[-128.193041544345,51.862260232175885]]],[[[-128.18860391945788,52.278938695628305],[-128.15569763805215,52.26112530964035],[-128.08283780696092,52.29281739735071],[-128.0722359297169,52.31229991057812],[-128.08904579422983,52.39490723560353],[-128.10389714334104,52.39354642681355],[-128.18860391945788,52.278938695628305]]],[[[-128.16289274528862,52.22120732163603],[-128.0709581646312,52.20850715199257],[-128.00894090935302,52.27572591587396],[-128.0634410790167,52.272198723163775],[-128.0894407977196,52.2452724841927],[-128.16289274528862,52.22120732163603]]],[[[-128.12669165640438,51.62473096446141],[-128.0695976333554,51.47455654750641],[-128.028938491825,51.44411040661586],[-127.95898078143343,51.43977084414811],[-127.92924538046167,51.40739365224025],[-127.86722126783945,51.421785083890455],[-127.8953548676053,51.49004743343539],[-127.89517284366805,51.56846837355391],[-127.91413751438913,51.58907394745055],[-127.99352100948671,51.627398766312666],[-128.07380768219892,51.622165073828114],[-128.09303597364325,51.65650950530301],[-128.12487536994843,51.64308296575791],[-128.12669165640438,51.62473096446141]]],[[[-128.1166270240174,51.7363303997185],[-128.1156550799518,51.72494673075363],[-128.07117955612583,51.73502128886653],[-128.08761244250982,51.752698300305035],[-128.1166270240174,51.7363303997185]]],[[[-128.09050275555512,52.10332887863106],[-128.08150194869447,52.086818142855],[-128.03679412663328,52.073244899200915],[-127.94291228064257,52.0750841236772],[-127.89633519399678,52.120949779576954],[-127.92038261952182,52.13999707720727],[-128.09050275555512,52.10332887863106]]],[[[-128.04766531150776,51.66880203697286],[-127.99599953276243,51.65391845252577],[-127.97363108463696,51.677604770457386],[-128.0032766315013,51.69253639484022],[-128.04766531150776,51.66880203697286]]],[[[-128.0370738315184,52.17930734917988],[-127.9974353499056,52.16776309859372],[-127.90229544335234,52.19934749869671],[-127.92719616640917,52.25340904542477],[-127.95921539807497,52.26370996571056],[-127.9876804917152,52.22223712415359],[-128.0354845340498,52.20146193028538],[-128.0370738315184,52.17930734917988]]],[[[-128.03239180098493,51.741045914506174],[-128.008895383345,51.72589541763964],[-127.9793946383646,51.752123197274344],[-128.00735190314018,51.761714143086806],[-128.03239180098493,51.741045914506174]]],[[[-127.96506284955225,50.910986061789465],[-127.90933365045095,50.8939719312148],[-127.84916513595746,50.919717925539416],[-127.96273047945735,50.925500680607634],[-127.96506284955225,50.910986061789465]]],[[[-127.88171879315726,52.002531929664244],[-127.86702012317038,51.9351403387879],[-127.84651683106443,51.9267078357562],[-127.73917524855716,51.9548591500217],[-127.6259501006129,52.10422272005946],[-127.24933353507532,52.26978810187644],[-127.2028429747094,52.33058905942026],[-127.24977637122257,52.40635927254126],[-127.27084213412321,52.40498072099205],[-127.3837829577581,52.3642195590506],[-127.40663808998283,52.32308347478121],[-127.4514260885853,52.29197645353881],[-127.58908850656273,52.24038107524078],[-127.71959996699677,52.21251715093959],[-127.83353329992917,52.12549526221985],[-127.81398101400887,52.073492961424186],[-127.8680892669199,52.07011527403696],[-127.8592019726176,52.03987962347629],[-127.88171879315726,52.002531929664244]]],[[[-127.8228122056284,50.88037197368787],[-127.73109407081911,50.847149188430045],[-127.6406298009257,50.84257004332339],[-127.65593556412666,50.86640199429277],[-127.71362622803397,50.89632817498824],[-127.79646214495766,50.895725849394196],[-127.8228122056284,50.88037197368787]]],[[[-127.74296519179245,51.491582917185596],[-127.7183602839872,51.47488182188396],[-127.70209005526513,51.49828765330305],[-127.7294168295081,51.504223510519004],[-127.74296519179245,51.491582917185596]]],[[[-127.67219320404408,51.46198399959259],[-127.64445665850353,51.452231826989745],[-127.62712918318681,51.464211422166436],[-127.65992540149246,51.47603200558382],[-127.67219320404408,51.46198399959259]]],[[[-127.65471169241924,51.50133428167634],[-127.60717539416517,51.48690817830106],[-127.5598560325586,51.534887845173806],[-127.56449984776913,51.54699877387139],[-127.59015600497248,51.547628147428796],[-127.65471169241924,51.50133428167634]]],[[[-127.59041162432428,51.06537737818773],[-127.58654758152757,51.047303049985224],[-127.56826736594861,51.04405220586119],[-127.52160100655601,51.06453720094242],[-127.59041162432428,51.06537737818773]]],[[[-127.58671841883842,51.298879112217634],[-127.58374275802822,51.27849095967675],[-127.51034437212402,51.26946610259146],[-127.45432236052,51.28336844407727],[-127.49721172099619,51.30334958923792],[-127.58671841883842,51.298879112217634]]],[[[-127.30936590238723,49.9917192977763],[-127.29780264421575,49.97842533615353],[-127.26376388047564,49.994648335758995],[-127.27088762305416,50.01337181957052],[-127.29243138851491,50.0172774313143],[-127.30936590238723,49.9917192977763]]],[[[-127.24616388029641,50.061050119387765],[-127.20986571240097,50.064399208788835],[-127.24039573170671,50.07863279415084],[-127.24616388029641,50.061050119387765]]],[[[-127.24550229691887,50.01870300847292],[-127.21631141441512,50.005970669005855],[-127.19514772025875,50.02319764915052],[-127.23249119470096,50.03496714866364],[-127.24550229691887,50.01870300847292]]],[[[-127.1355721619336,50.657088765247295],[-127.13523033216535,50.635893376060515],[-127.11658201258442,50.62501535417851],[-126.83724993103439,50.62270542670593],[-126.85766688709762,50.64269121915651],[-126.9145941584264,50.65564698866492],[-127.1355721619336,50.657088765247295]]],[[[-126.94961737253509,49.807729317799755],[-126.87998653906897,49.778579494792424],[-126.81158778973321,49.80679639327827],[-126.77480294141387,49.798704424123386],[-126.8524604562564,49.749820333428666],[-126.93947016700997,49.72248353775773],[-126.94081332854194,49.70655656046104],[-126.87817300203214,49.674970986706846],[-126.8060688620852,49.60049930512546],[-126.6601446827745,49.57172374516571],[-126.61770356794375,49.6022152848317],[-126.63652805686549,49.709086318367234],[-126.68978213511299,49.82499823507974],[-126.80158829900658,49.85470383890967],[-126.94961737253509,49.807729317799755]]],[[[-126.89087193795446,50.80723428201058],[-126.7722689208381,50.76925730673054],[-126.65035708135683,50.79432310721799],[-126.56729389644005,50.78630146117634],[-126.5968432097589,50.820591391962324],[-126.6527889358859,50.835956651181014],[-126.89087193795446,50.80723428201058]]],[[[-126.87761660912376,50.844825703481476],[-126.74765380414614,50.8571839275104],[-126.77878964205895,50.875359275633066],[-126.84909648953867,50.868315825992156],[-126.87761660912376,50.844825703481476]]],[[[-126.7943074719014,50.58358774158746],[-126.77165579732929,50.56449971034303],[-126.7284501876037,50.56023385751296],[-126.71878930457783,50.57721661529503],[-126.7943074719014,50.58358774158746]]],[[[-126.69895850040024,50.744550215377906],[-126.68591976490183,50.72588609383059],[-126.64790365241763,50.731367804953614],[-126.65246298396822,50.74720405231211],[-126.69895850040024,50.744550215377906]]],[[[-126.66380906009178,50.69687799478684],[-126.63264374300302,50.674838473942444],[-126.61310315922518,50.68739555743691],[-126.63467371700322,50.70885810232458],[-126.66380906009178,50.69687799478684]]],[[[-126.64701740622058,50.57134547320111],[-126.61884467595732,50.55983861415863],[-126.55766628742187,50.57339137201234],[-126.57152412578759,50.585975250621004],[-126.6396198397127,50.587417252753056],[-126.64701740622058,50.57134547320111]]],[[[-126.60489137443093,50.52227373116967],[-126.58027202727673,50.50768306566625],[-126.47954242075674,50.51376508744124],[-126.4095014566726,50.49556226992496],[-126.29286829705019,50.51845192206826],[-126.34301103747444,50.56671293986037],[-126.60489137443093,50.52227373116967]]],[[[-126.56785247494915,50.670237723445105],[-126.53625789799747,50.63681534830763],[-126.46855206647231,50.64285583901309],[-126.45672940735699,50.66823597246531],[-126.36129901963305,50.645195616589746],[-126.28544654841066,50.655852206112286],[-126.18545350325213,50.73823507003421],[-126.21586161190254,50.77406362414773],[-126.29866382138306,50.80350220494467],[-126.34047126072397,50.80264921138745],[-126.52890499587639,50.720484117971765],[-126.56785247494915,50.670237723445105]]],[[[-126.55808023207915,49.619469273573024],[-126.51679971633045,49.60905796948214],[-126.47335700819576,49.64563833331426],[-126.4989607828698,49.66920799672383],[-126.55808023207915,49.619469273573024]]],[[[-126.5287632335588,50.61048984904913],[-126.519508582857,50.59249781512347],[-126.45642814327569,50.571856729183544],[-126.37933906628078,50.60238849301891],[-126.38833573621453,50.6165565356755],[-126.5287632335588,50.61048984904913]]],[[[-126.30091167874664,50.58500561951618],[-126.24161914436331,50.53997570770753],[-126.21083960106766,50.54284279986508],[-126.28009848171449,50.59606188017048],[-126.29703339397645,50.60174576039757],[-126.30091167874664,50.58500561951618]]],[[[-126.2237712936215,49.3132372185639],[-126.16069075714582,49.24738256777518],[-126.06385497191175,49.24688265721262],[-126.06068351104345,49.28248131604426],[-126.11337651133577,49.35017517048688],[-126.1946633281204,49.35995695382721],[-126.2237712936215,49.3132372185639]]],[[[-126.10701542055706,49.392533976303895],[-126.0960696737854,49.379209505153995],[-126.05587820611127,49.38744370209733],[-126.06006484220642,49.40323211550596],[-126.08567598571545,49.405819116612335],[-126.10701542055706,49.392533976303895]]],[[[-126.01297399199017,49.18821112008771],[-125.99189668816956,49.15165346097366],[-125.95259637604006,49.14634882790638],[-125.94601937185962,49.1849244352755],[-126.0065956714119,49.2019665877166],[-126.01297399199017,49.18821112008771]]],[[[-125.94078268807687,50.42953864685433],[-125.92701715442858,50.413039410852264],[-125.76815310295702,50.41325204213014],[-125.80271763540154,50.45143853353851],[-125.94078268807687,50.42953864685433]]],[[[-125.93900473510598,71.97320875218655],[-125.9218670586964,71.94495038456675],[-125.8127161589914,71.94346843552287],[-125.34175903570625,71.9756350848344],[-125.25922008463887,71.96377584272564],[-125.09352825021743,71.9729347274213],[-125.07322343154613,71.96074199718888],[-125.18824476101177,71.92491395813512],[-124.00774513213528,71.6751569143097],[-123.93989241341107,71.64742272108242],[-123.7891459932152,71.54270150888729],[-123.63465697377654,71.51302691136617],[-123.56122937217886,71.46907506994758],[-123.43222928748888,71.32484506455913],[-123.35599930425231,71.2108106410502],[-123.19824737481632,71.12465359922868],[-123.01365838947535,71.07508751164663],[-122.73530692246071,71.08926169438384],[-122.66073645271426,71.1025256835228],[-122.54090040981887,71.16991339622436],[-122.45508878464341,71.19604331300926],[-121.95076428442046,71.30841315506916],[-121.71908610473443,71.43243501562891],[-121.7565814171896,71.46291961380413],[-121.75014761473398,71.47509571647318],[-121.6507994940828,71.47615476386653],[-121.5351140865714,71.4361458962169],[-121.54495329858494,71.41778876274105],[-121.53235281005331,71.40453525090075],[-121.44420412861568,71.37947712109364],[-121.32468245101214,71.37388741106581],[-121.17803516085549,71.4039822533716],[-120.614408085816,71.46520697065435],[-120.56682730402193,71.48665181734748],[-120.44800716311894,71.55137479917903],[-120.38170194982601,71.6162314359439],[-120.37176453104536,71.69216783485197],[-120.4078926985544,71.74522759780562],[-120.33407365455278,71.85754602322736],[-120.37624486403806,71.91906183264543],[-120.3554536334493,71.96096168969162],[-120.19026324091244,72.03839577561523],[-120.09511205776195,72.11024816949511],[-120.11820026372331,72.15377488390554],[-120.21114305972172,72.2254951983919],[-120.17904314394458,72.26860408881356],[-120.13174826600002,72.27844131455278],[-120.08789533420853,72.25987223676613],[-120.10019499068224,72.23788059739915],[-119.97334787755973,72.2076451065747],[-119.83591747802303,72.20475661209187],[-119.66898393961814,72.22952309829489],[-119.5810402000673,72.28136246465937],[-119.32382610796995,72.34840994271407],[-119.28012479827606,72.37970561485407],[-119.17623107053251,72.52160141929129],[-119.09925124351986,72.597317617137],[-119.01748585427967,72.64212652367281],[-118.80592412014637,72.70594161612142],[-118.50064439793933,72.73244093563247],[-118.40330433532039,72.79510453316979],[-118.33376294676243,72.81777560177599],[-117.83645217875059,72.90875502876234],[-117.4672318895424,73.00969819782986],[-117.12437361051111,73.07947112148177],[-116.88915824294823,73.1515796385611],[-116.68075490585223,73.18058690353638],[-116.55104882731229,73.22299991378779],[-116.33888164978293,73.23927356522236],[-116.06585898625521,73.2992953459284],[-115.74383901619026,73.34560016239594],[-115.34323245473638,73.46541765135137],[-115.30515615441378,73.492452239693],[-115.28796917056184,73.52640966970009],[-115.3165502289095,73.55065906309851],[-115.52911792899255,73.6060776973281],[-115.5756442454501,73.64484472681943],[-115.81470510150544,73.69936219830122],[-116.072515186223,73.78138442192014],[-116.65499560069057,74.00570388839473],[-116.98277900987557,74.0998542177104],[-117.20641350269293,74.18265608149449],[-117.40830267891057,74.21855138021535],[-118.09511318029291,74.26451107699033],[-118.75092667145636,74.19691377130893],[-118.82543628087092,74.17422236938559],[-118.82457676577346,74.1504895510502],[-118.7493229016069,74.08912867591042],[-118.86847637528297,74.01939155817573],[-118.95139061091255,73.99376479571816],[-119.11981886839126,73.98610502394712],[-119.14526819867605,74.00354550673232],[-119.1271884966329,74.03667995555898],[-119.02020346986811,74.07783123214531],[-119.00624886106043,74.09589202179305],[-119.01215653777962,74.11362604815895],[-119.07016444683003,74.14394025330581],[-119.0655831691389,74.17740011596285],[-119.09682729409734,74.19422444516766],[-119.45712407684366,74.21871818308884],[-119.47255070966979,74.18386723794904],[-119.6452353279545,74.11486754350649],[-119.6604162373376,74.08919648193296],[-119.66029602456025,74.0266509524103],[-119.72583555528198,74.02106877262783],[-119.78259416714273,74.03671889010045],[-119.82456522127792,74.0687967805381],[-119.82437093274298,74.09093873935855],[-119.77895575614684,74.13658767259685],[-119.59122539050422,74.200040946094],[-119.63409516694401,74.22840688536901],[-120.43429253409397,74.32746706904861],[-120.73243106521593,74.38552576335593],[-121.14168090817375,74.5138258468132],[-121.34439905888132,74.54383588850779],[-121.9257409076157,74.5114459337107],[-122.61640610247906,74.43747566450105],[-123.05268416324411,74.44239337711798],[-124.56277029864937,74.36626475378667],[-124.68062217088827,74.33866783279517],[-124.67746515705842,74.31814611975264],[-124.56178767977494,74.30156219125762],[-124.57243956794166,74.273471438068],[-124.4799008480675,74.2575828740914],[-124.42629047432477,74.22864878893797],[-124.45398000349385,74.2020056348613],[-124.39216707079501,74.15715082469052],[-124.41718106780566,74.11755220150975],[-124.41689867926746,74.07572752204347],[-124.29201564466368,73.99198371267347],[-124.20156229082562,73.88832518297518],[-124.03729046348339,73.84627293131565],[-123.82129769232881,73.8322517880813],[-123.76237504543528,73.7871665806431],[-123.86536263484727,73.71418370795809],[-124.00219595092685,73.65720444323344],[-124.00523444597539,73.63963802387855],[-123.94406992506866,73.58536876393615],[-123.95307230107386,73.5442457082008],[-124.32470007784121,73.44601371864826],[-124.46549935255918,73.32831146827549],[-124.61460935915102,73.16702098577387],[-124.80376888068308,73.14292772479799],[-124.86627406377103,73.11452431405904],[-124.85371380589675,73.05109601970658],[-124.8111297635257,73.02295366095944],[-124.66965831415283,73.02097628131419],[-124.57498471538692,73.00045911958021],[-124.47788271160263,72.95160437954493],[-124.4983281425997,72.92560642986298],[-124.59708096279317,72.89950243474752],[-125.06676146614726,72.87691183208096],[-125.07391465222119,72.86228167175402],[-124.97808552424331,72.79611950475639],[-124.99259871718706,72.7669373355441],[-124.97998333587432,72.70731777864022],[-124.99723130792779,72.68354806127114],[-125.08353159316499,72.65490934412283],[-125.04340029551864,72.60913207730539],[-125.0043282510927,72.59779795103692],[-124.98842993391666,72.57715227869255],[-125.00305042687866,72.55950435660577],[-125.2968427763199,72.46182011734992],[-125.39388543784914,72.38084549794817],[-125.39501644995865,72.3556283710362],[-125.47670454736321,72.32906223038853],[-125.48878270560206,72.31754904080319],[-125.47474695213155,72.29462243722831],[-125.49830524996548,72.27147268654285],[-125.59274298310892,72.25254318407582],[-125.62141514914926,72.22852819059956],[-125.58902789232535,72.15824859894872],[-125.60331559059331,72.14437866199854],[-125.71553937092892,72.14358669260794],[-125.73417835356696,72.12505233831206],[-125.65233662019045,72.058950965146],[-125.69398370628939,72.01723219259488],[-125.84007690374723,71.97779456741252],[-125.93900473510598,71.97320875218655]]],[[[-125.9142687174116,49.19600836860907],[-125.89384867842074,49.174505934578015],[-125.85898631489292,49.19612426885909],[-125.8357686238433,49.19279954008274],[-125.82251573527603,49.17643718251707],[-125.84352742096614,49.15192031913508],[-125.79184930901006,49.12410368509351],[-125.77274381872965,49.20135964305461],[-125.78271315454748,49.220799490394185],[-125.8979681862412,49.222679131355186],[-125.9142687174116,49.19600836860907]]],[[[-125.7633579785919,50.37849581270127],[-125.70937824698457,50.360383582190906],[-125.55836225075645,50.380632506598936],[-125.51997100104873,50.40309913830082],[-125.53207596752907,50.41433984802687],[-125.67403924033368,50.40100651283748],[-125.7633579785919,50.37849581270127]]],[[[-125.49859655680413,50.36244093100175],[-125.47781274091085,50.340761915315106],[-125.42674084407174,50.336763467770155],[-125.33254553192498,50.40454665261465],[-125.34739917477681,50.426284707731426],[-125.41757608808459,50.435400945026934],[-125.49859655680413,50.36244093100175]]],[[[-125.37859502940654,50.30702039293898],[-125.3472881751978,50.28692965936931],[-125.28647582688684,50.314829481432064],[-125.18582451332934,50.31205136626103],[-125.14490883399519,50.33515713942672],[-125.18375063341885,50.379441392274025],[-125.26895105830965,50.421809019583996],[-125.30474263563445,50.385084669859815],[-125.30272723026566,50.349518610934915],[-125.36609384634077,50.32840311304217],[-125.37859502940654,50.30702039293898]]],[[[-125.36219269837206,69.72449895549437],[-125.27705290448075,69.71260382473956],[-125.2578730318844,69.72973750195048],[-125.31870808838751,69.74396190291658],[-125.36219269837206,69.72449895549437]]],[[[-125.34420961494637,50.21355464541817],[-125.31985821794864,50.13582411617919],[-125.19939548853759,50.012215445414625],[-125.1506543813376,49.98470537949775],[-125.14163829235638,50.002938576863656],[-125.20107717136274,50.09160795357704],[-125.15467006126772,50.17755785439926],[-125.18160261803752,50.22196336353109],[-125.23348072532154,50.27141975584425],[-125.28697804002395,50.28607064743952],[-125.34312348354852,50.259716901545815],[-125.28089140941815,50.22705850664251],[-125.34420961494637,50.21355464541817]]],[[[-125.18291279433883,50.282517286290066],[-125.1474829139925,50.231355086167035],[-125.12270863188718,50.23011747410378],[-125.10084299498297,50.25828274899205],[-125.11692653643426,50.29675061288697],[-125.18291279433883,50.282517286290066]]],[[[-125.12338486923079,50.38231939211578],[-125.09589791559672,50.3665953988837],[-125.08780345705947,50.382577680785325],[-125.09990799863591,50.39382822707255],[-125.12338486923079,50.38231939211578]]],[[[-125.11719745381153,50.130983508251894],[-125.09932543459112,50.11975300236516],[-125.07766601986494,50.16307786911239],[-125.03458754604554,50.186871204888135],[-125.04240983353202,50.22621218334079],[-125.09049685417,50.2121401894171],[-125.11719745381153,50.130983508251894]]],[[[-125.11592562420734,48.88882683096583],[-125.04419818900939,48.90754967698609],[-125.04472756961118,48.93394709698428],[-125.08000813495296,48.927629596646725],[-125.11592562420734,48.88882683096583]]],[[[-125.09609970021229,70.12137449808505],[-125.02558450857725,70.10852149218755],[-124.93792345037363,70.13355467986328],[-124.98374192130758,70.14879584011517],[-125.09609970021229,70.12137449808505]]],[[[-125.07319869932769,50.04660686681507],[-125.0448122101853,50.03694822446621],[-125.03221571419637,50.05451571485847],[-125.04882104952655,50.06423171973618],[-125.07319869932769,50.04660686681507]]],[[[-125.06902315910473,70.18235433107148],[-125.01157289391963,70.17100119853981],[-124.99387774121847,70.18183772100048],[-125.01481402591997,70.1956443840347],[-125.06902315910473,70.18235433107148]]],[[[-125.03655392332637,50.10056457940758],[-124.99377823065475,50.07667431722141],[-124.98558683586396,50.007176555788696],[-124.88652271448586,50.06077581916041],[-124.92563626937594,50.15818504390232],[-124.97133344455655,50.2115995382342],[-124.99371229760665,50.209905286464284],[-124.99686291126122,50.191716459235806],[-124.9631507847521,50.14957463596123],[-125.03655392332637,50.10056457940758]]],[[[-125.01510664294648,50.29227521785252],[-125.0029859830743,50.269671914712404],[-124.96994652349377,50.27669334497514],[-124.96781283282604,50.28886256962931],[-125.01510664294648,50.29227521785252]]],[[[-124.94100862030994,50.24055402861543],[-124.86568276980059,50.1683711222443],[-124.83776710820992,50.11106313389506],[-124.81179966836582,50.10814093255061],[-124.76268063781764,50.13943147166801],[-124.75823682442018,50.152328455163165],[-124.82273798693228,50.22238802196487],[-124.81987674344057,50.2746072926509],[-124.91586985481538,50.29446309016477],[-124.94100862030994,50.24055402861543]]],[[[-124.93433749405554,49.96138709879754],[-124.90725344308264,49.953216202886814],[-124.87830486029256,49.97614779433363],[-124.894890078549,49.993469962126],[-124.91472825076046,49.98874407416488],[-124.93433749405554,49.96138709879754]]],[[[-124.84948357681566,49.93622957565896],[-124.78611977445732,49.92298958938694],[-124.77335744069627,49.93285536738178],[-124.78522600759466,49.947877780468076],[-124.83338300829192,49.95297951344828],[-124.84948357681566,49.93622957565896]]],[[[-124.8294938250709,49.56904816226672],[-124.80235413737776,49.52316541585493],[-124.74732399011319,49.48261622801781],[-124.71832598730195,49.48283363397796],[-124.79130023162541,49.57231969297731],[-124.8294938250709,49.56904816226672]]],[[[-124.77190559308174,50.22564507468242],[-124.7327467287604,50.20238075005666],[-124.70285085972627,50.15706537192087],[-124.66394101352944,50.16408853937861],[-124.65865844270162,50.22845306612347],[-124.7004712290291,50.27366136230471],[-124.73715156542032,50.278825660051005],[-124.77190559308174,50.22564507468242]]],[[[-124.69150515568477,73.69362171301043],[-124.59875210393916,73.66473415333255],[-124.53379889783844,73.67397170149415],[-124.60473985774152,73.70210269621433],[-124.69150515568477,73.69362171301043]]],[[[-124.68852546314208,49.52299213799511],[-124.67207903366841,49.49056447462043],[-124.65345261436104,49.48914900660638],[-124.59447123936947,49.51799264838299],[-124.65509086279246,49.543427114538446],[-124.68852546314208,49.52299213799511]]],[[[-124.68113384219356,49.85694846223701],[-124.67165911877176,49.83731227354775],[-124.62488191491963,49.84507112411353],[-124.65313327024796,49.86613232947673],[-124.68113384219356,49.85694846223701]]],[[[-124.63687812950387,49.74070642117333],[-124.5888441538791,49.705369624578026],[-124.4675018422597,49.661847240427086],[-124.30440760057729,49.533662708647775],[-124.20459334486436,49.51326844314733],[-124.17682169544763,49.48827992097858],[-124.13630040038312,49.492057498178106],[-124.1442154144211,49.52528936848971],[-124.37196681532103,49.68544201666322],[-124.60565197832403,49.775599929536305],[-124.63121103846225,49.763377804730574],[-124.63687812950387,49.74070642117333]]],[[[-124.50907448926212,73.89890001382135],[-124.45669872408583,73.85851212805626],[-124.42647716265881,73.86467012647532],[-124.41011127933285,73.88983888711793],[-124.44041146558712,73.90656072573802],[-124.50907448926212,73.89890001382135]]],[[[-124.36128479896665,49.479265275539426],[-124.34377142794905,49.46414092520292],[-124.17816991130171,49.42942002302595],[-124.16079201798709,49.43696996332678],[-124.17695167894158,49.46561150760553],[-124.28937350265959,49.49516931704628],[-124.33923072520821,49.49965774217778],[-124.35895834686366,49.49513197607157],[-124.36128479896665,49.479265275539426]]],[[[-124.33277144641424,73.56505173225219],[-124.26520990462434,73.54980189993029],[-124.10610476469242,73.56654549046384],[-124.113954112956,73.58636626511772],[-124.18947069283203,73.59861163678427],[-124.29217934296413,73.64137887233029],[-124.327398327317,73.62685092454456],[-124.31654140347464,73.58637629450818],[-124.33277144641424,73.56505173225219]]],[[[-124.19024847762964,49.695211037536644],[-124.15421461805461,49.65592968120175],[-124.11468777975541,49.64987198178244],[-124.09254053916871,49.658818383660936],[-124.06426271111378,49.71698747319953],[-124.00915297187069,49.76292020688701],[-124.07442838516806,49.768433866003996],[-124.19024847762964,49.695211037536644]]],[[[-123.83816515417594,49.18935493446813],[-123.83396473815311,49.15313833423173],[-123.81347668283176,49.137198702244504],[-123.72725155150452,49.13297226586622],[-123.72475602863595,49.14498269714082],[-123.83816515417594,49.18935493446813]]],[[[-123.69719777089607,48.98504931727206],[-123.69161320036548,48.96994389555415],[-123.66297227347087,48.973545784366415],[-123.6741119872657,48.99246592468606],[-123.69719777089607,48.98504931727206]]],[[[-123.69442795105482,49.100371581284165],[-123.6244465432883,49.02148983707451],[-123.60019122752715,49.02735444136879],[-123.65993591242822,49.100119560888345],[-123.69442795105482,49.100371581284165]]],[[[-123.6530920113871,48.9448281733205],[-123.65117320713414,48.922954635688356],[-123.61796169491313,48.92422223722826],[-123.62673661181293,48.94389200707889],[-123.6530920113871,48.9448281733205]]],[[[-123.58273430368249,48.91123932686331],[-123.55386482731139,48.86426042345272],[-123.57018051245402,48.84405184021758],[-123.52130553404018,48.7736715319613],[-123.53575029072732,48.73161589479463],[-123.45542235305616,48.703100060148294],[-123.43745907319496,48.7443467368653],[-123.37475083273198,48.7475169212489],[-123.39106628515248,48.78538041706343],[-123.46995024047531,48.8312186537344],[-123.45013567085252,48.85061632269986],[-123.4624102662317,48.8673527656507],[-123.56192949906497,48.92539393657125],[-123.58273430368249,48.91123932686331]]],[[[-123.5609322401134,48.98185277144675],[-123.53403348193545,48.949297173169306],[-123.40476317618828,48.89320930106135],[-123.35191856083986,48.851978789908905],[-123.30039999542643,48.85906658332346],[-123.38232969639184,48.92089256027718],[-123.44956658474072,48.93880920499898],[-123.53106920746366,48.987697703726894],[-123.5609322401134,48.98185277144675]]],[[[-123.47412926963248,49.3711352435082],[-123.44908071238652,49.356557190384535],[-123.42786601525708,49.37444871245021],[-123.44832267165326,49.390483388455905],[-123.47412926963248,49.3711352435082]]],[[[-123.44537750420514,49.47959588113023],[-123.43552933655388,49.450802775833246],[-123.40231538269846,49.42937504104253],[-123.37308016028894,49.444168138401814],[-123.34329561975659,49.43104532749057],[-123.30451611667927,49.4563968285011],[-123.33336490280959,49.50729614800185],[-123.35645495311002,49.51504630851134],[-123.44537750420514,49.47959588113023]]],[[[-123.41112234703968,49.34415449909558],[-123.37341598941883,49.32417358187136],[-123.34898553651058,49.333765039425714],[-123.31301922875599,49.390011054419766],[-123.39544483458488,49.37347782050234],[-123.41112234703968,49.34415449909558]]],[[[-123.40058811703028,48.81784225130004],[-123.34965657704016,48.79856880347213],[-123.34268306655146,48.808262765319405],[-123.3831816179312,48.82897157828239],[-123.40058811703028,48.81784225130004]]],[[[-123.33048954722686,48.690675521532846],[-123.29292756353692,48.69327122455455],[-123.31179570099032,48.71157069687801],[-123.33048954722686,48.690675521532846]]],[[[-123.31340540696944,49.519144245156234],[-123.28819795070946,49.50455685049231],[-123.27274883851273,49.51877721786376],[-123.28992513850109,49.53018808585799],[-123.31340540696944,49.519144245156234]]],[[[-123.30839743190992,48.613656802413],[-123.28556898975627,48.57055906255174],[-123.27033709496584,48.59223474993538],[-123.30839743190992,48.613656802413]]],[[[-123.30584568037064,48.773236468061285],[-123.24716038508762,48.7470462804615],[-123.27461060446866,48.79251891270563],[-123.2903992076657,48.79866624986614],[-123.30584568037064,48.773236468061285]]],[[[-123.28855531141592,48.82724865146456],[-123.22836444645253,48.81464425866277],[-123.25027277215705,48.848745901055715],[-123.28855531141592,48.82724865146456]]],[[[-123.18968471537539,48.76525303419497],[-123.18321772075956,48.75236815814764],[-123.09125878663495,48.74220676941776],[-123.06210964430394,48.764416478567185],[-123.15687908754029,48.79801619865693],[-123.18968471537539,48.76525303419497]]],[[[-123.1717424101373,49.17801626487033],[-123.13104837055329,49.11423705091173],[-123.10817655438626,49.11014488207797],[-122.95803628544695,49.166346897080494],[-122.97609884229131,49.17934207944686],[-123.15301889645617,49.191358737044176],[-123.1717424101373,49.17801626487033]]],[[[-122.98961077773741,76.10584523527069],[-122.98190831921883,76.0824248190279],[-122.89466520133543,76.07743659356574],[-122.63700575295458,76.1680497107004],[-122.51370751453074,76.16871248274062],[-122.48404824509086,76.15346403291372],[-122.5744194962104,76.13216557905886],[-122.58903702496691,76.1156364171047],[-122.47005635888225,76.11038758473272],[-122.42621388222575,76.08363831632555],[-122.46112232309173,76.05364292467912],[-122.58488707967433,76.01371563921893],[-122.60645039909602,75.98892496152675],[-122.59333177669728,75.96616550002366],[-122.49611833312574,75.94369302633348],[-122.36932205201806,75.93744381479807],[-122.22712115978487,75.95526584640847],[-121.95478776618472,76.02631951890676],[-121.7354298152998,76.0280847359488],[-121.40393262569378,75.97700762072321],[-121.28917242369162,75.92662769547223],[-121.23966442924848,75.92456633045356],[-121.00860752312649,75.9731113111124],[-120.95394794037233,75.95129689333483],[-120.88204125041065,75.95340017805016],[-120.88150804033057,75.97004555460379],[-120.92218231160099,75.99697608130687],[-120.96915048979211,76.06939577235435],[-120.95925358362568,76.15690130863375],[-120.89709796677701,76.18181585307951],[-120.78929306264163,76.18191734037302],[-120.62032707892423,76.16075543881739],[-120.59259129797493,76.14530196947621],[-120.69878912582561,76.11044845817077],[-120.66782579006413,76.06770975480067],[-120.6925507907333,76.04309424717106],[-120.66865670905536,76.0253918426944],[-120.53000591361395,75.9902264708267],[-120.36715565455728,75.99237023928654],[-120.35846977629151,75.96577954590566],[-120.4592258110955,75.91130975980094],[-120.45008389985666,75.82412495038463],[-120.36753309606732,75.80698948565694],[-120.28607455166217,75.81184528843711],[-120.07021028695341,75.87800435571143],[-119.95060231191685,75.85185783311795],[-119.80316836268223,75.8576833014765],[-119.60776688778581,75.91935578733639],[-119.59667868250116,75.9350689203083],[-119.63376477314321,75.9569680489889],[-119.60727231179361,75.97236311434027],[-119.48772833134797,75.95506347036014],[-119.43885167443953,75.9617579968131],[-119.38671967408003,75.99781922753944],[-119.46202228825298,76.05600686208929],[-119.65144123573135,76.07376226454126],[-119.68894190531944,76.09563810503327],[-119.50561456478682,76.10829163573133],[-119.56519329319708,76.13888972719968],[-119.51018519787957,76.17344431335165],[-119.6626062991506,76.2441542199377],[-119.65133336512021,76.25984130135483],[-119.54539562267094,76.27387197775262],[-119.55143532603466,76.29514069871584],[-119.5229137873049,76.31422562429344],[-119.42554138358548,76.32917279734698],[-119.40085509325407,76.30603092067378],[-119.42273517289665,76.27849040129814],[-119.3065047286322,76.20598080740399],[-119.20537554359991,76.11021261262812],[-119.14657343671377,76.08865334982033],[-119.02013377242966,76.09000393118693],[-118.86011753370511,76.16699915929676],[-118.88733229515188,76.21522243716441],[-118.86091325353324,76.23591361157362],[-118.61728747645725,76.2822812362909],[-118.5601391766081,76.30758099777827],[-118.54537731792027,76.35411589230152],[-118.66014429650025,76.43219928822037],[-118.8929198933348,76.50121209801536],[-118.74593316770273,76.54734592456909],[-118.50578084997183,76.49702023457806],[-118.4508884746477,76.50568692458273],[-118.43498474608607,76.52881014520162],[-118.3206987359812,76.53915735000139],[-118.29829300608392,76.55378639318151],[-118.32361443646359,76.58759830267124],[-118.29900862235627,76.62406378887431],[-118.33955057027232,76.65295135523301],[-118.41872555777175,76.66750056187058],[-118.3915354916636,76.70236962553184],[-118.24031992491598,76.71046382915124],[-118.22874949838402,76.7222563188545],[-118.25095261590754,76.7401820283549],[-118.22585913440035,76.75316918592505],[-117.93455955363147,76.74813837811847],[-117.89851162151884,76.75492549877598],[-117.83226884663699,76.8001764035721],[-117.775465624766,76.80872385560697],[-117.70899433135679,76.78753458493264],[-117.78055355885748,76.71666874357759],[-117.76419478187944,76.70189114724674],[-117.86799851746945,76.67481180849451],[-117.89900496185848,76.62718773665488],[-117.91130135908931,76.55410601750185],[-117.89852191998727,76.52278117385097],[-117.96874578867404,76.48051728224645],[-117.98627689069856,76.43935649622105],[-117.94743151712709,76.40131114418406],[-117.78161104609464,76.33148889890364],[-117.63459175538931,76.3013791747573],[-117.59718239028354,76.2777336745243],[-117.31606650389807,76.24321594599677],[-117.24544572969002,76.25123165144922],[-116.92904651313222,76.31626746325466],[-116.94606772147547,76.34711749042519],[-116.91510986634788,76.37127001952074],[-116.93367822761077,76.39835034739681],[-116.93299632556284,76.43242375907451],[-116.97764820472608,76.48594587758265],[-116.96177995769129,76.52492460729333],[-116.78195125056223,76.53292181344193],[-116.54383712161106,76.58314870317419],[-116.32990317006768,76.57388387004691],[-115.99668589619839,76.60799713801678],[-115.95363231556396,76.62036920777246],[-115.94850987804107,76.65817198306618],[-115.84765737735631,76.67330100135818],[-115.97073784571938,76.73999267533537],[-115.951907573254,76.77885518459942],[-115.95945753709967,76.79428560031332],[-116.20280755642456,76.85146345736902],[-116.30686512801206,76.90365233217993],[-116.28012276574573,76.92182419707024],[-116.21272092721027,76.92897431638517],[-115.99256371403983,76.89834100348051],[-115.73579030199447,76.92544201724144],[-115.75975106343994,76.94128940916895],[-116.20019377077863,77.0277608656592],[-116.2339015542842,77.039337658792],[-116.21516443139973,77.07285768750812],[-116.33689795713828,77.11489636493802],[-116.22876538132019,77.13758279756837],[-116.21265796875561,77.14765380492517],[-116.23020375707222,77.15879466364512],[-116.17832227852891,77.17164178654276],[-115.5805134486707,77.25085229666776],[-115.45137297804646,77.29235258982253],[-115.45399686790522,77.32572527366553],[-115.7399499342644,77.41600820739225],[-116.00216207034057,77.45304012923155],[-116.09205605606195,77.488793571357],[-116.2578067666972,77.52050906087402],[-116.7685946332037,77.53102251565029],[-116.88003674141027,77.51882359223077],[-116.92188519563001,77.49950297216492],[-116.85810553715685,77.47602639894002],[-117.0286195245735,77.45546958235853],[-116.96175583822253,77.40555570711021],[-116.90878973279753,77.38837417126577],[-116.67166935870843,77.37323903666895],[-116.63156982929785,77.35854110367308],[-116.63771315368578,77.347435446431],[-116.77414550119938,77.31173147987894],[-117.06067332738068,77.34244919249504],[-117.08776221249953,77.32952953519977],[-117.00044823988564,77.28659073933751],[-117.05505130224469,77.2804028142632],[-118.06180763828588,77.3641389528661],[-118.7593976414518,77.34061917065226],[-119.10570539135983,77.29596254182971],[-119.22947018247517,77.26502976989316],[-119.57700776785931,77.11602521372394],[-119.7081123252069,77.08578031257554],[-119.84394183964503,77.02774626248367],[-120.32894268265541,76.8761772659305],[-120.36729457912428,76.84511885176423],[-120.40185536022946,76.77777476331174],[-120.4503005979096,76.7566759032377],[-121.14557279588828,76.67279265646648],[-121.17251845695367,76.65349702303283],[-121.1854165706219,76.60993533094917],[-121.3617178509801,76.55682121702598],[-121.4380755519619,76.46422383381487],[-121.47684548108332,76.44729742668507],[-121.67549410126225,76.43194715183935],[-122.1065375073212,76.43042893193943],[-122.29296074299015,76.40476753087187],[-122.44231881368346,76.36433845012026],[-122.58010482056994,76.30646370484442],[-122.61455718116265,76.28400077689237],[-122.61792007036283,76.25385970245596],[-122.76016897993793,76.19517122546087],[-122.88884210400127,76.17322139049423],[-122.98961077773741,76.10584523527069]]],[[[-122.89179269112601,76.00499468380256],[-122.61530387768252,76.04942304804023],[-122.89023885871387,76.02379127626496],[-122.89179269112601,76.00499468380256]]],[[[-122.53629393505659,75.89255245063028],[-122.34198758869454,75.85866338463939],[-122.28522464337807,75.86883540256754],[-122.27689317741596,75.88465218054642],[-122.30453581976201,75.9112975449127],[-122.36888145107086,75.91705158252623],[-122.52820218235868,75.90837320652693],[-122.53629393505659,75.89255245063028]]],[[[-121.15109526430125,75.74953789255645],[-121.07083049608607,75.72131026173395],[-120.9460071723556,75.74390935642828],[-120.9226490006826,75.7815066620916],[-120.81541076899141,75.84813322392857],[-120.81938155665382,75.87166690520318],[-120.8683883376228,75.91615930462663],[-120.93865552965501,75.92158250239493],[-120.96925427677554,75.83726505222823],[-121.14901759989797,75.773684072232],[-121.15109526430125,75.74953789255645]]],[[[-121.0785834774816,76.72539487469022],[-121.05227112131729,76.7115978722439],[-120.94839315859726,76.7073570320667],[-120.8461694049971,76.73771496243985],[-120.91549051354903,76.74908484511384],[-121.0785834774816,76.72539487469022]]],[[[-119.3862210988024,75.60758408354118],[-119.29068511173314,75.57158498130867],[-118.93289110975695,75.55825948122052],[-118.68431319134339,75.51184384949866],[-118.4534341876599,75.54542915421214],[-118.27235606720258,75.62100180896496],[-117.92173746840929,75.73028474035993],[-117.82689860560362,75.82587974989447],[-117.63305597242132,75.97362132409532],[-117.44735571772185,76.08049656389781],[-117.57784890818421,76.10662461850663],[-117.75297147269339,76.10340540506678],[-117.83104330699001,76.09092486338751],[-117.8919067579575,76.05822789593145],[-118.19510060943243,75.96155631851609],[-118.55446701034174,75.92037355098456],[-118.70680984346617,75.84401147299963],[-118.9316714346392,75.79491714677124],[-119.18739193413715,75.68409168371778],[-119.3305169556065,75.65885904450928],[-119.3862210988024,75.60758408354118]]],[[[-119.10001205779044,71.80683064068008],[-119.07202603754482,71.71597943978497],[-118.9212526190338,71.58344493067013],[-118.89098571601464,71.57799088542897],[-118.81733442108256,71.58911345339642],[-118.85330558326847,71.63631910920218],[-118.7974498043994,71.65255896276294],[-118.39906606298143,71.63360426543413],[-118.37928367080391,71.61756405261379],[-118.41694468454864,71.58169691680804],[-118.35084459598482,71.56585703710263],[-118.1800985280116,71.59772136476258],[-118.15460483372463,71.62475345474809],[-117.85106797635433,71.66314109949624],[-117.79861828095291,71.6583354745049],[-117.8081610424784,71.63703546731155],[-117.9575334813232,71.60631336430404],[-117.89367064288376,71.59194885712462],[-117.76714057488189,71.59788750596256],[-117.6366145392758,71.57125686043614],[-117.74244235616328,71.55308017906233],[-117.78034070626394,71.5265249046392],[-117.918292043602,71.53021496785772],[-118.05444473758706,71.5614871811615],[-118.1152557781605,71.55410810746739],[-118.26222016732206,71.47913049296989],[-118.27405167790208,71.4555827132317],[-118.25064138924935,71.41241105482567],[-118.21236700370923,71.3950328756676],[-118.02479779705179,71.36838918376694],[-117.87509383438922,71.3828879624269],[-117.77293059374219,71.35489771700271],[-117.67672860657702,71.37569254997683],[-117.53452559306403,71.36699926499936],[-117.49981078084308,71.39127998743893],[-117.50219726635311,71.41299170406867],[-117.6333231192543,71.47071273668337],[-117.5618266878165,71.48841723451024],[-117.32962432671458,71.44259894257327],[-117.38305760686248,71.3996650073464],[-117.36620267539088,71.38514990200949],[-115.73070316916493,71.53748990048243],[-115.55564892285366,71.53458658617394],[-115.48347075469285,71.50433576408513],[-115.17371871126076,71.50824816573277],[-115.12758604736895,71.48589695621673],[-115.17553205597311,71.47187396067866],[-115.27642453776596,71.47568192388015],[-115.35481455754206,71.45286278167431],[-115.69008060950877,71.48383220853822],[-116.0277229167541,71.45786947730782],[-116.12247446400454,71.43468327427443],[-115.96245529616404,71.39780284788183],[-115.69166434010933,71.38931464275579],[-115.70992827768394,71.36922654097836],[-115.78439596495268,71.35924839593544],[-116.07119384015206,71.34581430506269],[-116.2501657409159,71.35852656589893],[-116.3744373264462,71.33181500430813],[-116.63960206009712,71.31437179857316],[-116.7287249588546,71.27677371763158],[-116.81889796330285,71.26089233459972],[-117.04100851893769,71.2459048000482],[-117.79627078182976,71.14633621816064],[-118.15498623332893,71.07444480500226],[-118.32965498095693,71.03041210339636],[-118.34685879498552,71.01161797945704],[-118.34708464965408,70.97834295032692],[-118.36931086266328,70.95899983489268],[-118.19728421788993,70.8516636829016],[-118.11023032631921,70.81106611590356],[-117.66418510089008,70.69028865936488],[-117.64420386967394,70.64317283967225],[-117.59194387139199,70.61654608674499],[-117.41529334566027,70.60718205569191],[-117.38900811691434,70.58839580535798],[-117.32776885677366,70.58311799933497],[-117.23506296354863,70.60916334455695],[-117.11112189089432,70.61694284964358],[-116.72955493607961,70.60061146952604],[-116.1981108728177,70.6285087688922],[-116.13063229747438,70.62174705992305],[-116.1169872087184,70.60874608155646],[-116.12465574558813,70.59512677215446],[-116.07850097238457,70.58763838714826],[-115.70858473557736,70.60086921942818],[-115.55264792032341,70.57127994180571],[-115.41548336708516,70.59751313391577],[-115.15657066791692,70.60629635643134],[-115.00090500341682,70.59254385277005],[-114.82336297259415,70.62816294366573],[-114.54407527851298,70.6382478389116],[-114.37037550607712,70.66742478309553],[-114.18322333270275,70.66537154241747],[-114.00023280196623,70.70240591250636],[-113.90434213345253,70.70495052827175],[-113.571605064702,70.64516951622731],[-113.44554426643428,70.66147225503555],[-113.32447612099577,70.63578965335024],[-113.19325765774508,70.63442534712635],[-113.07460336029918,70.59231001694863],[-112.79649501974916,70.54588917807335],[-112.42729076672796,70.52933023085843],[-112.13891276463391,70.47960952556001],[-111.97062681293382,70.38626585347198],[-111.75831388449839,70.35407768097767],[-111.39722716213097,70.34047471319343],[-111.38166487843037,70.32761557739778],[-111.59155639422943,70.30509957694142],[-111.580897363857,70.29179886005066],[-111.45975582400322,70.2724616364468],[-111.49783204646846,70.26720295147594],[-111.85485188038923,70.25764140600248],[-112.15883968609155,70.28635703215205],[-112.45016528474042,70.23526392458342],[-112.5652895031246,70.19010255795209],[-112.82794819191407,70.24327763445663],[-112.95954925493429,70.23571503732248],[-113.14150785378685,70.26784148391378],[-113.88044074557725,70.2713901786557],[-114.19749464398893,70.31921529392362],[-114.47901187708602,70.3161919434384],[-115.09855941456443,70.26812819787041],[-115.56141444248867,70.25765206153851],[-116.88997863455356,70.12536762660869],[-117.24869640496236,70.05323627624684],[-117.31281718966548,70.00293065961314],[-117.32105470846646,69.95593174477177],[-117.29745358665187,69.88915480216083],[-117.17039614449533,69.73992492523445],[-117.03591222404513,69.69275647449128],[-116.8382143757793,69.65527184817654],[-116.8065846567787,69.62991347881395],[-116.87420004668789,69.58844329920787],[-116.7212697865975,69.54717262506551],[-116.57895996093524,69.54113688988863],[-116.51646388654154,69.4848709658589],[-116.57933221957651,69.46969533196588],[-116.55430091075438,69.43981605457205],[-116.28513119911766,69.36352795373875],[-115.64594730295647,69.27004613704257],[-115.14185834437724,69.24806420470684],[-114.94761921246793,69.27074777297688],[-114.78145654154358,69.25181874829231],[-114.58572844274774,69.25606020092931],[-114.2778642946111,69.28358890413743],[-113.67865452022987,69.20509496421813],[-113.62636257819238,69.18555368884792],[-113.62211955973653,69.11556517502626],[-113.55979098489362,69.04843185065171],[-113.57427584978467,69.01798438669222],[-113.53385628176451,68.98803018940934],[-113.5735033713008,68.92778688886064],[-113.58482645954439,68.83451536499051],[-113.62855910350721,68.81525573429552],[-113.62338312438848,68.80311609454137],[-113.41723144916664,68.69948805814434],[-113.34338996725404,68.59212742304135],[-113.18181967930215,68.57552729896523],[-113.0267270619877,68.52381007886639],[-113.00676360306427,68.4989692091487],[-113.19149225374065,68.48429356165228],[-113.19776484846943,68.461972321502],[-113.15688902354938,68.45384343875729],[-112.77472323814365,68.47883517225075],[-112.61472860372398,68.46885809920133],[-112.48275615794553,68.50066512214265],[-112.36438718749645,68.4932782410854],[-111.88767169748783,68.52947062725079],[-111.20383211044937,68.52370208046301],[-111.12774512479639,68.53989736721121],[-111.3089379184501,68.57424023866017],[-111.3140179019132,68.58804825852913],[-111.2627462745349,68.59835379866173],[-111.13362965836575,68.58220559473213],[-111.00532291700428,68.58732375060096],[-110.84053742589401,68.61718916996209],[-110.76946942170828,68.62006666964142],[-110.74048909255306,68.6069699113966],[-110.93388155922489,68.57630515207212],[-110.96098972199458,68.55945155595217],[-110.86235681897476,68.55803778663939],[-110.49470572414349,68.62613448942987],[-110.35691086686853,68.61024364838912],[-110.26506832990044,68.57586164340267],[-110.13831101469725,68.64072679785303],[-109.8407450591528,68.61906790967441],[-109.04450838216447,68.71540094385676],[-108.73543748546564,68.79201471355235],[-108.44022121733464,68.92686461344356],[-107.9113860918541,68.93743633637992],[-107.54407824098523,68.97348095436051],[-107.29005545183809,69.01997402243306],[-106.92857729244051,69.18777199796247],[-106.89960974900202,69.21609982368011],[-106.88897220112726,69.26078521921711],[-106.92197149651662,69.33932841505336],[-106.9129855148878,69.35934108016406],[-106.75916235895959,69.36092596889375],[-106.66361290210531,69.41469470424457],[-106.6217099279822,69.45782397248136],[-106.53900767095892,69.48085938283387],[-106.41630990406932,69.4572277711844],[-106.27939583647041,69.39590548006954],[-106.2290897533566,69.28866754764715],[-106.26693721712114,69.2563872981224],[-106.36190730579918,69.22916728953585],[-106.37711348677719,69.2106738906294],[-106.3511465590569,69.18953200414434],[-106.15886739887758,69.1510895500374],[-106.02806380804536,69.14542277268941],[-105.85990420036939,69.15425025250887],[-105.74412559143644,69.17901715339474],[-105.54816374995401,69.15067508519756],[-105.43480278288833,69.09805321201459],[-105.2303710293904,69.09102456445608],[-105.07414423501486,69.04943991875588],[-105.01674480341114,69.06322376229093],[-105.07777142298471,69.08943465293297],[-105.09403479267134,69.11469944254236],[-104.9456406796209,69.10061989599978],[-104.8737732304338,69.07144626797717],[-104.87432232478281,69.0399934360612],[-105.19365814773076,68.93743405218645],[-105.18349573730096,68.91526360698025],[-105.02375948962447,68.87390528735429],[-104.60132217148471,68.86135551656164],[-104.55007643174777,68.86599033559571],[-104.36470917849266,68.93211245246478],[-104.03930558103207,68.86055647242634],[-103.92008353013198,68.8650406353275],[-103.78478527812224,68.8405911215278],[-103.49393584919297,68.82571658328219],[-103.39046413541631,68.79420495405505],[-103.30581950719592,68.8001136588872],[-103.29004259570472,68.80952380696294],[-103.31018200657671,68.8242515128658],[-103.26585727611004,68.83513709974116],[-103.12933080128573,68.83119065981256],[-103.03692986243425,68.8024951082008],[-102.8368567269717,68.80827869533015],[-102.67083977620075,68.8436726966071],[-102.66679393054967,68.85954063363285],[-102.70705008276771,68.89253563453026],[-102.68440021896045,68.8970811893308],[-102.59651623707428,68.86620482708094],[-102.43922866490402,68.87136178030896],[-102.3881687391537,68.90660067521749],[-102.39707005511968,68.94795569274085],[-102.3611748379567,68.95645622727154],[-102.32327697038936,68.94416824351012],[-102.13068984663309,68.94709700673747],[-102.11018326215037,68.97399866948099],[-102.0211177971071,68.99852105007493],[-101.9512755466101,68.97708235958117],[-101.88494234556899,68.99708579165376],[-101.74499865808147,68.9992161324265],[-101.73489408770611,69.01350883653625],[-101.83240521756998,69.04606558252411],[-101.71822552712996,69.14956863501799],[-101.71477389225844,69.17053726988411],[-101.8138763830198,69.2378796636631],[-101.88985204203877,69.26090537038024],[-101.94141822685663,69.25366436787166],[-102.05561866169288,69.19690048567733],[-102.11970446841603,69.2134601504054],[-102.19320324795493,69.25907937171642],[-102.19365470120094,69.27472244979667],[-102.10507560393833,69.25918294605796],[-102.04051288694778,69.27228017173496],[-102.04716909622633,69.29285428588338],[-102.08364489755387,69.31397708377702],[-102.07584755398919,69.33513713990759],[-101.96806908599527,69.3828189158172],[-101.91316739143933,69.44231475016167],[-101.92831230921945,69.45912303487121],[-102.13323537299297,69.50990359178648],[-102.27725510828166,69.51094980980659],[-102.40659248022739,69.4968426855869],[-102.48709646998927,69.42920332824846],[-102.75993475389308,69.38951640186458],[-102.99784577959936,69.21696212794285],[-103.09837983120426,69.17052799355677],[-103.08448746080786,69.13283017303871],[-103.10352316305833,69.11801315238479],[-103.18956269491272,69.1000316238459],[-103.2043839961898,69.11325841197979],[-103.15891800811727,69.21467355118],[-103.00283267243938,69.27065812819791],[-102.9879789115062,69.29741702856259],[-103.01881131240283,69.34129127514474],[-103.0107666407184,69.37302373763323],[-102.95918010662659,69.42056123711596],[-103.00340754779424,69.46030100188831],[-103.00036524696812,69.50571192137099],[-103.03080080484736,69.50775917222339],[-103.05388124199406,69.48935530685064],[-103.07439225951317,69.43793862047151],[-103.1251308938964,69.44079479169342],[-103.14739252932937,69.46064529394442],[-103.12914334180708,69.50501230102965],[-103.1893719476446,69.54574626183197],[-103.19228996836446,69.59256354523623],[-103.34109080346859,69.6029654310999],[-103.35443663421668,69.62498553745188],[-103.41532282225299,69.63955424907692],[-103.40377241512884,69.68706896544771],[-103.20987138341212,69.69093499824146],[-103.10129518656849,69.61586387376485],[-102.94429578095477,69.5830080459545],[-102.92829855056566,69.56628855318041],[-102.82906383660826,69.56728498684757],[-102.78340655641892,69.53796582523113],[-102.66111538805659,69.55722479895847],[-102.58104524082613,69.54159065011439],[-102.47851113016199,69.56163079277003],[-102.4479799193028,69.61675329256236],[-102.46443803353895,69.6785950724354],[-102.60640672125906,69.74029859948077],[-102.6117822806723,69.76962444478377],[-102.47402946355189,69.76332277520886],[-102.3931253837115,69.79096221925985],[-102.3594113173633,69.76633518931986],[-102.31921761889842,69.76623417188974],[-102.23745186431388,69.80605157670429],[-102.27108923241576,69.83069898715603],[-102.19978819530677,69.85793277447597],[-102.22418880463385,69.9003579321207],[-102.20588758092089,69.92016067571001],[-102.16135816620628,69.90806258324547],[-102.11665358554764,69.83525390141823],[-101.9610184692838,69.85175299359454],[-101.92573423401352,69.75939849790505],[-101.68444388755707,69.70971186081766],[-101.67316773638711,69.67368974110623],[-101.63229748337035,69.65441399059847],[-101.59891870302421,69.65917686434977],[-101.5844613156647,69.67701453968975],[-101.58846371558248,69.70637020251635],[-101.52802374465725,69.75364253596359],[-101.43751772964583,69.88525933631873],[-101.3863740963496,69.89920330533637],[-101.36812013947542,69.8895043992863],[-101.39321050513952,69.83832504022635],[-101.37769656140382,69.78683930688632],[-101.31613169909234,69.73191316790093],[-101.31113265634886,69.68179845714344],[-101.26908455603372,69.67460466440778],[-100.88190353974323,69.68099509176626],[-100.86279966057572,69.70241585809246],[-100.88566205847056,69.73112667238858],[-100.83056989426234,69.78486196617759],[-100.80181384584338,69.84472543221426],[-100.80014657345298,69.89325997815862],[-100.88137896557463,69.93215407949488],[-100.88640630695747,69.96837174847491],[-100.8689529746294,70.01390741431122],[-100.93748461320439,70.07748326769357],[-101.00130899459703,70.19307198916367],[-101.07762575079353,70.19228081584406],[-101.18520260881712,70.15918077428927],[-101.37727653260922,70.16978079678375],[-101.38975367244413,70.1607501058882],[-101.37151823324056,70.1509562459914],[-101.37755221241972,70.13688838366046],[-101.48844594538328,70.10004737319677],[-101.51554579800218,70.10600218085483],[-101.52141699298066,70.12482408812052],[-101.50177157897859,70.1429034563869],[-101.51437587184436,70.15104197626674],[-101.61666391157314,70.16812199583624],[-101.63235698091862,70.1849205920987],[-101.63267489225876,70.20218795605598],[-101.54340353266845,70.24358386499316],[-101.53662558951989,70.25417367173027],[-101.55663960412284,70.26906468569946],[-101.71806128819986,70.2926537378857],[-101.79430849270284,70.25859393526808],[-101.8602497960122,70.2561203271375],[-101.9278972600093,70.28997758813777],[-102.1681932210552,70.33099574580548],[-102.19524749678152,70.3646083780313],[-102.26224452096385,70.39321846125421],[-102.36839182236481,70.40110220472457],[-102.59650016690826,70.47331229886414],[-102.80178718075678,70.50814041670252],[-102.81579591311011,70.51800563075382],[-102.78062275275785,70.5350343165904],[-102.77692807247196,70.59421677605032],[-102.89865551562507,70.61165366185608],[-102.96916711157586,70.65889079297907],[-103.0370407692018,70.67161396563546],[-103.06408075051506,70.66007902946455],[-103.06552425453872,70.55754694017787],[-102.8951364578671,70.52157513542305],[-102.88299441641982,70.50293525101296],[-102.9002062555569,70.49359284657764],[-103.06258623218973,70.49694257317428],[-103.20874761047577,70.5895012850627],[-103.35457977818501,70.57604854782551],[-103.53655795126825,70.5989899061826],[-103.68840675723814,70.69797678050813],[-103.9893117820323,70.78461230559952],[-104.01634888606489,70.80936889885982],[-104.02700341563944,70.84538390478232],[-104.01380463362426,70.86335123476849],[-104.0281703336306,70.8835194970016],[-104.15541140473435,70.9538753375508],[-104.26064056409076,70.96275736281599],[-104.30247154067789,70.99548309820146],[-104.4235449253367,71.02595808964281],[-104.50346816086372,71.07067679991636],[-104.55043903921336,71.10144212350906],[-104.55403398555464,71.12037128875386],[-104.4188295450566,71.19838905268715],[-104.41257860116899,71.32206741807086],[-104.37847291365617,71.35328922824029],[-104.3391869310757,71.3621410097174],[-104.27279035115444,71.34792392707091],[-104.2243066833816,71.36071264348146],[-104.26307892056914,71.3970212216083],[-104.26162697932949,71.46312496929555],[-104.31563741688588,71.55426522660986],[-104.28161006504223,71.57505143253888],[-104.29207897515623,71.59705093307282],[-104.4502803615531,71.68504190843322],[-104.47177450292612,71.7291005535546],[-104.52160671757852,71.76318090272655],[-104.58350736831271,71.77583366218809],[-104.67188362162071,71.8305216215796],[-104.75207061958251,71.84576177932041],[-104.78455026737073,71.95353927930783],[-104.77267810096913,71.98532449080858],[-104.79350785165714,72.02596906103821],[-104.8587427282216,72.05406335063584],[-104.93083555417175,72.06263499301225],[-104.96052422440533,72.08718660521815],[-104.94814996047292,72.16076007432932],[-105.02291779586767,72.28028371448057],[-105.2081640345974,72.40132646429623],[-105.20727537131638,72.42044042186971],[-105.1611540962701,72.45226075840863],[-105.19362970584264,72.52172073795144],[-105.26012434635871,72.55839631291475],[-105.3796493081456,72.6791136293415],[-105.44281348674191,72.76958987112785],[-105.40588674015348,72.77661521914524],[-105.36585448557727,72.75779452641484],[-105.30806775280007,72.76935429122531],[-105.31851438437984,72.78788956585711],[-105.42993184982615,72.81880322085048],[-105.4308992731815,72.8413243192919],[-105.33088278673989,72.82029616865799],[-105.29086503453208,72.8326239115702],[-105.40343310419584,72.87561507980395],[-105.70083770295862,72.94051902794672],[-105.74807667852036,72.96060260201152],[-105.79608743219143,73.03106924497844],[-105.82525169085405,73.0400363602638],[-106.16108707973704,73.07288989393953],[-106.3005383643791,73.13331782496361],[-106.39276002170494,73.2030716065224],[-106.4554044306967,73.22575678132456],[-106.57518659598567,73.21588197498309],[-106.72772450890979,73.2735797203644],[-106.83185289799515,73.2940109203382],[-106.94850460600047,73.2875547487782],[-107.02384230578609,73.2467937431038],[-107.00238790122309,73.21496409883338],[-106.8892781474669,73.1812077486517],[-106.93257311381247,73.1648733059653],[-107.10138490540508,73.1832087105244],[-107.59403725085185,73.31856478143492],[-107.92117867425543,73.33403036949379],[-107.95264360789527,73.32692838416237],[-107.96662450736532,73.29640627991144],[-108.05817425209187,73.2804302288111],[-108.0493277918173,73.26002520429512],[-108.020404667764,73.23730476162875],[-107.88271306332798,73.21427867107828],[-107.81471525603517,73.18692168861361],[-107.88390591251553,73.17400759511594],[-108.0562039428106,73.19499517326996],[-108.14007496830318,73.17764462167979],[-108.16898373072489,73.15136012858505],[-108.16133854335908,73.08372577620383],[-108.12890983485961,73.05601571439018],[-108.14214538487596,73.0080385322492],[-108.08941348284843,72.98503676686272],[-108.03236486286566,72.83134906627427],[-107.87367497669128,72.59819485940021],[-107.82291655188824,72.58391959340378],[-107.82726841611291,72.53992072037127],[-107.88279147869768,72.52768274346921],[-107.893493293296,72.50957016026014],[-107.82538959688753,72.4613293456011],[-107.75800123635452,72.43933536054529],[-107.79923728301907,72.38956264178131],[-107.66946344383872,72.32595271410216],[-107.69664832549941,72.29804573188666],[-107.79022242103734,72.29216993221846],[-107.71264005034777,72.14309590686868],[-107.61339223323976,72.10558004225535],[-107.62916056734554,72.06082396352224],[-107.59806059200713,72.02256038847885],[-107.38994734181098,71.9726016052002],[-107.3367259694827,71.925162846814],[-107.2630473709912,71.91572670402927],[-107.25232691796613,71.89894826965698],[-107.32585848351596,71.88208817771951],[-107.45153082386169,71.88479047578164],[-107.40483352705279,71.85617391485147],[-107.30000827956289,71.84171708344275],[-107.28491614198107,71.82698144427052],[-107.28735225958847,71.80406685879446],[-107.30461313348044,71.79599770274167],[-107.50902556835422,71.79193399898044],[-107.5574933227904,71.78008253202312],[-107.62218462547763,71.71636382712919],[-107.73526846907218,71.72664322690741],[-107.81944773066408,71.71061608133769],[-107.83186870420022,71.68708806065446],[-107.71204420573679,71.63179666696568],[-107.81414037782564,71.60933997761764],[-107.92610843318857,71.64405975476626],[-107.98805949577576,71.71189311642895],[-108.17717219160203,71.71858273462313],[-108.18515641367223,71.7303071745678],[-108.15543835517911,71.74455490002396],[-108.26230249373553,71.8023421160641],[-108.27960603944759,71.86790482106414],[-108.20635625303989,71.90086208858743],[-108.17037979186654,71.94711625753055],[-108.19291060805949,71.97190384619326],[-108.28353434873219,71.95531218362225],[-108.32225059460343,71.99482781426862],[-108.36120332313521,72.00981380453938],[-108.38602686948822,72.1098485926306],[-108.36602019145428,72.14625527930399],[-108.47644075404214,72.1564780642859],[-108.63106439503031,72.3391257341388],[-108.60103640428773,72.39370514992177],[-108.60287115339548,72.43567088377922],[-108.54507697674141,72.47634569851938],[-108.57806249237855,72.52147033829935],[-108.69055167380814,72.57889566426812],[-108.73607093010833,72.58465675398611],[-108.91553408501383,72.55856714817442],[-108.9942827924725,72.56192750342643],[-109.00568841369832,72.57697364745682],[-108.99213904694929,72.62881067375812],[-108.92659995908468,72.65073944136492],[-108.89950991461987,72.67716649876726],[-109.01739425599057,72.6850299693306],[-109.12464343956017,72.74794600411659],[-109.25182549051367,72.75152624384829],[-109.57015636263807,72.83844653167411],[-109.62927024400807,72.86768223451193],[-109.59298112986187,72.89655305333734],[-109.61180155175416,72.91988771981653],[-109.76588303643146,72.91077505924606],[-109.79395056341168,72.91582833995376],[-109.81442316906761,72.94082910031197],[-110.01456702574333,72.97229620520977],[-110.43098436267282,73.00910682049022],[-110.54723762259194,73.00402513383199],[-110.65982964495335,72.96039161814163],[-110.65974159514774,72.93922955347358],[-110.4544244083532,72.84700094905635],[-110.20289626325248,72.82489670009333],[-110.0757014351345,72.78661750810738],[-110.17533034214257,72.75644040627321],[-110.15877091867631,72.7365090349245],[-109.9736787642675,72.7640381934168],[-109.75833249121655,72.71086231093135],[-109.77860296151113,72.69177498453514],[-109.77384437187716,72.66396195860037],[-109.89499135605999,72.6676537599614],[-110.06288572934892,72.71353281062481],[-110.12432077504856,72.7090534218571],[-110.17075861949529,72.66514739215938],[-110.04012606240394,72.65008774172432],[-109.90499030908529,72.60702228284674],[-109.85102900580199,72.54753798365594],[-109.76771002871544,72.50951650628637],[-109.78454862265626,72.50125844932941],[-109.85929019164503,72.49941640795934],[-109.90149439105645,72.52274455539914],[-109.98191902199767,72.52044963172493],[-110.00754719720291,72.55202766457701],[-110.16245835157225,72.55473808004085],[-110.14877764999758,72.53807466386944],[-109.98509218796947,72.48845490393789],[-109.97005229062393,72.45948431593867],[-110.01649857744196,72.44742661442073],[-110.10283261748756,72.46042108924573],[-110.21950832975295,72.5170330699658],[-110.29427585558032,72.52905399380153],[-110.42405561593024,72.50877793329485],[-110.37852573526233,72.47512225697497],[-110.26715703603071,72.439347483853],[-110.3096403451189,72.42731665974642],[-110.56494563491724,72.501586819873],[-110.56522683497786,72.51569245439119],[-110.4394759905506,72.54112450890925],[-110.66528169081684,72.5575160509261],[-110.74671372979346,72.53544474184034],[-110.77247366268271,72.51046359116877],[-110.71226078340817,72.4673168535659],[-110.89147476079339,72.47115921351],[-110.92554061065022,72.45614385317495],[-110.92330214327987,72.42622472248634],[-111.01704132131852,72.38526426449054],[-111.03162166955423,72.36815918386681],[-110.96919484078543,72.30229239454562],[-110.97694073287857,72.29101358099454],[-111.05074126974858,72.28874677252686],[-111.09049960936495,72.32808256631954],[-111.25985456131542,72.35526298418888],[-111.27289700683264,72.37018538631028],[-111.22869254090925,72.39319063806336],[-111.24198077598732,72.41517987499313],[-111.15832374221861,72.45376470661478],[-111.24279615944282,72.46291396851001],[-111.33102731077172,72.4363922339663],[-111.35301610962433,72.40806823124748],[-111.52757992174254,72.36025189705911],[-111.49334276619872,72.3346652439244],[-111.35514264422854,72.33700034021268],[-111.35400397260096,72.31582032151096],[-111.54338292227386,72.30569286972403],[-111.62377735412781,72.27778597803635],[-111.6547796156455,72.29302527259942],[-111.59419661473828,72.32991253764558],[-111.65661071004371,72.34077491880977],[-111.76947948177468,72.31013294953968],[-111.92214561526222,72.3044889850938],[-111.97327454276171,72.27705988922571],[-112.03185926346328,72.27742413370791],[-111.99313987784716,72.31804863504463],[-111.86630204749042,72.35890910259813],[-111.53613855092125,72.40921628186712],[-111.45913198394287,72.43495000957529],[-111.42324490200507,72.46091737501263],[-111.42328889421591,72.48747543599426],[-111.1845057951765,72.58443693895188],[-111.16058541384474,72.61105164772712],[-111.1539635830506,72.6505479408769],[-111.17266865796327,72.69862311312588],[-111.19263359427079,72.7147030836324],[-111.38321557671426,72.7475497002581],[-111.49196412439122,72.78850038061051],[-112.05266005086513,72.88148281072436],[-112.33252082836195,72.90279863748478],[-112.73681055132106,72.97551842763433],[-113.00761506089148,72.98445831026751],[-113.12132034874547,72.97643179748133],[-113.24255850931722,72.94617505773493],[-113.3058280860721,72.90674012642964],[-113.33259598698105,72.861537804731],[-113.54949043551089,72.76005465450974],[-113.38971718983359,72.73320987815057],[-113.35656618455188,72.70044415167422],[-113.35819762897151,72.68429207877023],[-113.40038722268925,72.66078595819458],[-113.5878181625226,72.61524044141584],[-113.62452077796185,72.63336828653487],[-113.43088881595278,72.68492416011794],[-113.47867061546904,72.69664230971205],[-113.74322455742431,72.64399910033141],[-113.8529571163904,72.65721894048177],[-114.01686784302046,72.62416660763994],[-114.10178471627106,72.62513288535322],[-114.37540558945837,72.55449490736785],[-114.50474379403013,72.56905034780533],[-114.53847496371108,72.58920014104557],[-114.53065214808217,72.60432925270725],[-114.41186683438563,72.62822901394331],[-114.34110096191219,72.6636707796265],[-114.18771043921726,72.6781142126735],[-114.16143218020487,72.69310434963795],[-114.2623728947199,72.7088063827073],[-114.27273764272152,72.72400365162773],[-114.17237019623003,72.78896283773148],[-113.99590247785714,72.79995039723889],[-113.92284741037722,72.82270852593254],[-113.93524023862719,72.88068087690642],[-113.99528583697392,72.91997576084516],[-113.99915283147172,72.94110872319607],[-113.95802687485,73.00032763385052],[-113.97257355373388,73.08309494729228],[-113.94293540515454,73.13586666913396],[-114.0580509052391,73.225675370625],[-114.21432697005353,73.31187006673946],[-114.45069144278038,73.36200594124034],[-114.5451176484206,73.36223896119132],[-115.85583568611794,73.12876866612537],[-116.33493740061881,73.07662890815136],[-116.83693669299704,72.97353536529035],[-117.23020967818606,72.92060444792072],[-117.35279730211238,72.87997679992134],[-117.54399740518228,72.75677403057406],[-118.06076464741048,72.64554169177464],[-118.26124674660564,72.58209212310587],[-118.46730495569453,72.4717575934581],[-118.50290263587013,72.40510396178283],[-118.48397263589958,72.3668432038312],[-118.42798498667119,72.34218645055897],[-118.12840363153022,72.33515158612298],[-118.09811364331559,72.31118757508118],[-118.10355982893843,72.28667350789978],[-118.0653296275047,72.25630154621572],[-118.06724637894358,72.2340616629003],[-118.09707574208274,72.21951075230612],[-118.55071165498121,72.16942411339738],[-118.63865725851218,72.0833015465141],[-118.88135679924883,71.99280846799336],[-119.06958192775406,71.87531462030464],[-119.10001205779044,71.80683064068008]]],[[[-117.61875722953481,75.27068487991924],[-117.57663057742657,75.22762570471829],[-117.48907304640655,75.20163794241994],[-117.00778654931185,75.136855443381],[-116.87222461887605,75.14043784077543],[-116.75652078671477,75.1079135204991],[-116.61112375809188,75.11947671577965],[-116.58308014899869,75.15985668585449],[-116.55246355236198,75.16802147441238],[-116.16795598850081,75.18480111476583],[-116.15049569356371,75.17200442389434],[-116.22078495439672,75.12079826419856],[-116.19053661556751,75.10378921504739],[-115.95314214712698,75.11418403006826],[-116.08509697055347,75.07734720695709],[-116.12303726564593,75.04876475538609],[-115.94089740451487,75.0166515992523],[-115.90454877499045,74.98937958539244],[-115.6201930849012,74.95189715224573],[-115.51305462348456,74.98098290998291],[-115.4803865848511,75.02497646535589],[-115.60013138879123,75.10043756138165],[-115.57383981496342,75.12783104968904],[-115.3352978362161,75.08943378933446],[-115.28974810077032,75.1023104293899],[-115.22888584978722,75.15753862798871],[-115.17241876677129,75.15701245951503],[-115.12485661196676,75.10925740970707],[-115.17533990005423,75.05675532306319],[-115.18159080131511,75.00791233495917],[-115.1403756243002,74.97571998058748],[-115.04140534012318,74.95743260296932],[-114.70538857790167,74.98589195743665],[-114.40520402325116,75.06598269423496],[-114.29231933771756,75.10897409408],[-114.25306807793015,75.13889372334162],[-114.25128828809277,75.16567242234132],[-114.33977520383858,75.19225070103168],[-114.39372984039265,75.2412494539742],[-114.57585620982064,75.25837944147558],[-114.58573357067465,75.27180473865332],[-114.42936377850579,75.28102567709581],[-114.29537438594915,75.2687208890674],[-114.27040139382504,75.26002354846194],[-114.27814885154403,75.23808293311838],[-114.25614937727677,75.22033507572226],[-114.15321119267392,75.22150301632664],[-114.09206419888162,75.2796882536262],[-114.017940957371,75.31035983712486],[-114.0062203640583,75.32906860097518],[-114.0429821226214,75.39890384325697],[-114.038609445341,75.42932011732637],[-114.01176199174682,75.44740525896684],[-113.96029049134268,75.45142829593104],[-113.92060808838295,75.44214536140842],[-113.87343118962035,75.36956204846247],[-113.81238403396024,75.36553612493016],[-113.7315048056906,75.36823063656206],[-113.42539230649447,75.42888677347915],[-113.24365171958476,75.4178268454021],[-113.24133400979875,75.4038710126943],[-113.74608247376311,75.30513249050804],[-113.83085617275822,75.23110608206474],[-113.80743246225549,75.18870058088797],[-113.76058919105478,75.17281584688132],[-113.66512619774623,75.18568836711736],[-113.62234314144625,75.17306120367888],[-113.86309019765774,75.12575109972275],[-113.8943720988847,75.07708513194149],[-113.89233119994235,75.05244820867553],[-113.85365119926833,75.04313761476547],[-113.7023332613477,75.03736784569305],[-113.26301600753985,75.06099036122684],[-113.07779598308474,75.10883165736539],[-113.0339899209547,75.1067846867602],[-112.97337595301049,75.07782467636262],[-112.8578926329458,75.08474336408797],[-112.77135914120173,75.1053471324366],[-112.69198576680913,75.14484717867074],[-112.69126518463156,75.17481790881416],[-112.7219897966336,75.20782252726801],[-112.71129910856952,75.2351352845551],[-112.63487523218059,75.25307437106191],[-112.58524977649463,75.24608745167245],[-112.56510136177394,75.22819945565453],[-112.59517473807051,75.19957935885301],[-112.56406390893983,75.17187135345027],[-112.48750914896827,75.16516737110585],[-112.43229013541315,75.17098164551157],[-112.37828803865308,75.20308892619377],[-112.27967718087557,75.20138658012375],[-112.26848402215725,75.17224504244726],[-112.3734282000235,75.12415555526384],[-112.33179905609977,75.09900054752295],[-111.87874618801212,75.1296998931429],[-111.73676291731736,75.15729675704206],[-111.63533677591415,75.15200210469835],[-111.54036659539709,75.12703303145464],[-111.46719193646821,75.13554739587586],[-111.39264946481977,75.14945802812966],[-111.1585234306236,75.2476706143809],[-111.11045342718366,75.25443511404171],[-110.98404673056132,75.24528841146969],[-110.87180119560674,75.2159347340258],[-111.09437546892994,75.11183274271083],[-111.26318590717612,75.09694040787943],[-111.30743849566035,75.06052563193894],[-111.35967370338318,75.05170192976973],[-111.47153826277406,75.05456256261321],[-111.50388611917373,75.03995977545594],[-111.48440501201718,75.00797793066363],[-111.53292435586393,74.99579652873977],[-112.33666869757582,74.99113904224957],[-112.83621043198397,74.96278584459844],[-112.96966234034754,74.94199608227372],[-113.15125924615396,74.88029530620392],[-113.11564135318656,74.86710042993579],[-113.10693832642387,74.84125057841655],[-113.67099914996591,74.82518702737423],[-114.05466433959617,74.77106105209944],[-114.31329195590226,74.71575993147535],[-114.39971134896041,74.6586220339842],[-114.35661951705067,74.62841144723608],[-114.05155967127635,74.52923625025245],[-113.73671354765796,74.46989910287623],[-113.05267218991426,74.38496129439059],[-112.74028113620278,74.38830207313627],[-112.00876047438842,74.46870220704761],[-111.72803454215826,74.48410598078195],[-111.41337601381377,74.53140355813349],[-110.78245280582674,74.64924551573232],[-110.58043769289486,74.70128314537826],[-110.54472448462617,74.71945391904998],[-110.57034979941452,74.75977856777673],[-110.53610499307962,74.77960962246549],[-110.36797088964566,74.76438334666214],[-110.26133772550757,74.78534942854874],[-110.29583069425533,74.81462957363394],[-110.26574354866781,74.82535353995573],[-109.98433389304932,74.82416889037457],[-109.82115813148287,74.85721995013304],[-109.46649588483521,74.85655596156056],[-109.21376052504347,74.95548306434767],[-108.95592171801259,74.98291981861779],[-108.7089905522106,75.05461209073442],[-108.61241531152041,75.06012755747865],[-108.50663389423691,75.03835426919962],[-108.49263740055461,75.02183413736107],[-108.49024882423062,74.98725177914844],[-108.50551714526782,74.96555147059948],[-108.4906430897444,74.94028448132873],[-108.418309818758,74.90966286233548],[-108.33729910753256,74.90034966583545],[-107.96360612636344,74.92459518381519],[-107.92185934597062,74.93898090529058],[-107.96889607908409,74.96414695529204],[-107.95941819585262,74.98546087138436],[-107.80671818514234,74.98678815762317],[-107.72914169456367,75.01523009480513],[-107.73921127360055,75.06141381237738],[-107.67111871962534,75.07711653252672],[-107.60497432505838,75.05291800446302],[-107.62315792636943,74.99999344869902],[-107.58569057718873,74.97778856112147],[-107.32897873999799,74.93069532979466],[-107.09280135932782,74.90825919621258],[-106.86972633326228,74.92983900666381],[-106.65851383765806,74.98687257033052],[-106.27379949967116,74.99845877145383],[-106.03189745566345,75.03391545694896],[-105.9634764455382,75.05083568799789],[-106.0182236170049,75.09139738628306],[-105.84492462346613,75.16122718617447],[-105.82015807816042,75.2036243200808],[-105.81709793624066,75.2484292143993],[-105.78295344660299,75.27745840040014],[-105.62180749343973,75.33953202613012],[-105.61570117798011,75.36041251934746],[-105.63618398327169,75.3904877620532],[-105.57598226944941,75.42221789199144],[-105.58980917502258,75.50238348729633],[-105.41242149580697,75.56482161817166],[-105.35338477768725,75.59985162892018],[-105.32201366016295,75.64568276438537],[-105.38250297005222,75.68431251657094],[-105.40557536404235,75.7279625526233],[-105.3820458694834,75.80606335967869],[-105.39374582118145,75.84321969100311],[-105.53651315033665,75.90756813267697],[-105.73792667669467,75.96255177880056],[-106.06476869520807,76.02227128965806],[-106.55010567172506,76.04374585605858],[-106.76401521685496,75.98077389161156],[-106.81001923700003,75.95802494470962],[-106.83850612815728,75.9137026965025],[-106.85454215934902,75.84417250843758],[-106.83243621298209,75.81594754334772],[-106.67329747514837,75.8096101124078],[-106.63294247264031,75.80285784003134],[-106.6176673141204,75.78293565654323],[-106.7794751609846,75.7478853493058],[-106.80641929332332,75.71055487828991],[-106.81182270505094,75.67239407785968],[-106.87268807281505,75.65233627956779],[-106.93627924089718,75.67161443889353],[-106.94325675938548,75.72471973902046],[-106.9732376359297,75.76285627687064],[-107.08263396801036,75.82996469262237],[-107.02637029180529,75.86532291437896],[-107.07580760383644,75.90077561230176],[-107.38723203177744,75.90126768092469],[-107.66382485940225,75.86000956083075],[-107.85404174651985,75.78488004318956],[-107.9821190593721,75.78686068296606],[-107.99834325386398,75.81364497311411],[-107.97072192457061,75.83927902534218],[-107.84674425567114,75.85942299035881],[-107.82671234400092,75.86908778202205],[-107.84410900286373,75.89745875940528],[-107.72602875130403,75.91720960152522],[-107.59609081322883,75.96504280583738],[-107.59933827361638,75.97700976008967],[-107.69535570348641,75.99806805204757],[-107.77999023789238,76.04724087786967],[-107.95105238857553,76.0628256454542],[-108.07506520823094,76.04097873114354],[-108.3604606335372,76.04003714847897],[-108.37531961160008,76.0565698592796],[-108.35577630952866,76.07480739431524],[-108.36901587971299,76.10523323403781],[-108.19946138875908,76.18123313161355],[-107.99808017072891,76.20696822637969],[-108.11716997535726,76.22679041523847],[-108.12192863308123,76.240334310746],[-108.00508989135243,76.2720304004152],[-108.06840015418481,76.28612834196848],[-108.20136333542257,76.36901370206539],[-108.51651351960945,76.4167440857932],[-108.4603182439277,76.43507372373786],[-108.49870831221591,76.47621685360336],[-108.46244376527093,76.48496122884448],[-108.52955805876883,76.50910278369112],[-108.52458482026977,76.51974385039253],[-108.45368584413815,76.53879071262654],[-108.55927239681907,76.56446708964063],[-108.63383980109236,76.60375006568063],[-108.35634611928296,76.71242358938291],[-108.4556766357589,76.73838963816755],[-108.66006586646053,76.75562766607653],[-108.68165051410696,76.77005039621598],[-108.61107163078262,76.80630076209292],[-108.64213338808212,76.81510539530548],[-109.0138047584066,76.80122785108979],[-109.15996258416462,76.78155026397646],[-109.33670498037651,76.73253062442356],[-109.49732300597745,76.66171515657545],[-109.53401402371217,76.63898250225088],[-109.52824695322269,76.58915231919761],[-109.56592065962663,76.57500769811864],[-109.68377534797487,76.57367465881316],[-109.73465066369188,76.53624823636027],[-109.67348227854708,76.49119948827136],[-109.69186945877802,76.47282340035811],[-109.87882934292064,76.47451130201523],[-110.26335742958909,76.42471144418298],[-110.29489925400621,76.41241356033352],[-110.31239843263131,76.38019766786667],[-110.314437813571,76.29840957568487],[-110.28356328721627,76.28985503406892],[-110.13695592399202,76.27585873668555],[-109.9458008751801,76.21756020151015],[-109.70948303163031,76.20689408392654],[-109.33078841763597,76.12428959007303],[-109.29197722510642,76.09172801627393],[-109.32047833717924,76.07628103883613],[-109.3112171195426,76.05952461267091],[-109.24201603260185,76.03216905246126],[-109.45628051310432,75.9941392855674],[-109.59391480075264,75.95158824371809],[-109.86667394997433,75.91665885283781],[-109.9486790653334,75.87707032299373],[-109.87400855987622,75.85192411929478],[-109.67211069055445,75.86376095072441],[-109.62594653058022,75.85255535196978],[-109.56349987877262,75.79544206895818],[-109.08024256499685,75.73979167878068],[-108.91647980654581,75.69175001511758],[-108.860890140501,75.66888099984818],[-108.82797021809982,75.63254523112766],[-108.84282019499892,75.5797714674826],[-109.02440084973087,75.55733635096847],[-109.00941219012087,75.5408858801375],[-108.87087583640034,75.51051304099087],[-108.90438197203244,75.4861472370921],[-110.46931514321452,75.56501232927407],[-111.20119537207862,75.52146995225351],[-111.26141009456671,75.53848791659027],[-111.27705272890397,75.55322519507182],[-111.26471492267058,75.56803859347691],[-111.31563396862862,75.59612466720819],[-111.36183182913206,75.67882830786085],[-111.34414172701184,75.71497593987579],[-111.39182389310099,75.73282872440997],[-111.3645701274592,75.74683953227789],[-111.49441761499921,75.79426970446708],[-111.41966479610765,75.82371557110072],[-111.78441966116176,75.82399720470147],[-111.92262824316138,75.80067118843132],[-112.17254319640837,75.80644548334475],[-112.14547920984356,75.83290793001139],[-112.06613941710988,75.85758757641158],[-111.70940266335049,75.90434905590864],[-111.71771275107864,75.92479632299263],[-111.76823221190153,75.94412523413673],[-111.92360542523868,75.97933294053698],[-112.35861660185613,76.04805894308784],[-112.41128194475844,76.07429709721158],[-112.42866500279591,76.10116806754726],[-112.39928406031105,76.13824230499552],[-112.40510726922355,76.15533262097392],[-112.4427547525855,76.1685728655891],[-112.9831096239985,76.24361199953026],[-113.15270509528476,76.24932099560725],[-113.3964553553718,76.23724267218857],[-113.7218025461788,76.19075254106265],[-113.94013861047661,76.19942770663968],[-113.96318298699708,76.21711572877757],[-113.95639399809023,76.24586070377781],[-114.1182408402193,76.32926101755412],[-114.02769229037543,76.36239937907884],[-114.05896699879938,76.42004631999649],[-114.30489964281816,76.4795803673106],[-114.56405870518968,76.49211415159785],[-114.72045874131494,76.51750401629388],[-114.8693044114694,76.49913038958947],[-114.9335966109692,76.46937151321781],[-115.361501793241,76.4450563209199],[-115.56779916567332,76.40922212422501],[-115.74996805414342,76.36255610263531],[-115.81178149349277,76.32194277997277],[-115.80810722253628,76.28309811665272],[-115.71923955965688,76.24224743397511],[-115.23701124188675,76.22932146938834],[-114.91793626658425,76.17093419594318],[-114.7487269755699,76.16643049637827],[-114.6403250522655,76.1464641798513],[-114.66732726551312,76.13369472063839],[-114.81670472499269,76.1291744095565],[-115.3980152907034,76.1951622289865],[-115.73503380771471,76.1803454504594],[-116.05508755131521,76.19501432673523],[-116.27041126548247,76.16819623340882],[-116.54539242264221,76.09652599030444],[-116.65365886381593,76.03887829790132],[-116.6391098250531,76.02398045232876],[-116.46539763442684,76.0067335873854],[-116.4504235223845,75.98653216950055],[-116.68050015371588,75.94696486094007],[-116.70304862408689,75.92701599972243],[-116.61894094000549,75.8949416292145],[-116.35900780783011,75.8779706621923],[-115.97566860491504,75.87134357131937],[-114.85184033997932,75.89921635980828],[-114.79530653810906,75.8894960876672],[-114.80452024274402,75.87455834654834],[-115.34512452688907,75.84347752606566],[-115.5438198790399,75.83956939731488],[-115.62503295272809,75.85604382010459],[-115.92507614533372,75.81481356141133],[-116.69477638372926,75.79138031991525],[-116.93162784444102,75.74345558867311],[-117.13078561888766,75.6661340313482],[-117.17485139152333,75.60266967585846],[-117.09324790787925,75.56688803746054],[-116.99202003219143,75.56169193595728],[-116.19768678395803,75.56054143882595],[-115.6546938615636,75.64109901641194],[-115.33780346274891,75.66227376960472],[-115.17995251048589,75.69486586067394],[-115.04996864942473,75.70548740121828],[-115.0004600605466,75.68996348519374],[-115.227533710106,75.63936194309093],[-115.23653492399725,75.62436274179366],[-115.22118986728563,75.60776289882642],[-115.44713734627432,75.59428322390575],[-116.06653295923934,75.4716486429949],[-117.10090080406354,75.46358220944248],[-117.31800953592226,75.42543483429246],[-117.47761534657177,75.36360170292822],[-117.61875722953481,75.27068487991924]]],[[[-117.27157964141095,70.54227648163491],[-117.18318036402549,70.52201817767124],[-116.90031737016908,70.51979731098803],[-116.85924148837714,70.53754349773862],[-117.09243918702475,70.5697610177812],[-117.23480810762726,70.56880063067835],[-117.27157964141095,70.54227648163491]]],[[[-116.73735267181951,70.54672108406771],[-116.72477653414934,70.5298898321365],[-116.54958235444302,70.52523961238009],[-116.44681641876583,70.4953350927217],[-116.30162917472674,70.49784640428953],[-116.60273507654455,70.5645322594824],[-116.73735267181951,70.54672108406771]]],[[[-116.63467880442711,70.47669692619004],[-116.61441275077323,70.46264194273114],[-116.53632139791921,70.46649732602513],[-116.58970458022034,70.4856713262395],[-116.63467880442711,70.47669692619004]]],[[[-116.237830236165,70.5253642376139],[-116.16573131198919,70.51919162275219],[-116.11747141538687,70.53579262232803],[-116.22894021718697,70.54828822024712],[-116.237830236165,70.5253642376139]]],[[[-116.05757690581343,77.61531415330694],[-116.00782730673691,77.61014210629781],[-115.93727827009118,77.62783004809415],[-116.05115247818313,77.63174904677503],[-116.05757690581343,77.61531415330694]]],[[[-116.00032673725616,70.54935174182569],[-115.99977644347422,70.53843818148977],[-115.93895638973811,70.52728546707391],[-115.78634403889886,70.55390356253216],[-115.82897221660386,70.56359037355902],[-116.00032673725616,70.54935174182569]]],[[[-115.77930218128027,77.6994956996667],[-115.6926813580657,77.70231525366972],[-115.67566647248115,77.71767671787946],[-115.765740427786,77.73760444826897],[-115.77930218128027,77.6994956996667]]],[[[-115.60143317027904,70.54396733395188],[-115.60109386819097,70.52219545733777],[-115.52751865479586,70.51412915485038],[-115.52922019840886,70.53215522222182],[-115.60143317027904,70.54396733395188]]],[[[-115.09597527173948,77.95763512237787],[-115.01287447820407,77.92118471871858],[-114.844840085445,77.89411939365166],[-114.78610527213304,77.85075094093041],[-114.54031548622741,77.7989738053465],[-114.35851134448752,77.71661382846685],[-114.18424029126638,77.68796107575112],[-113.72308895882362,77.72723558952643],[-113.57491613092033,77.77876507860928],[-113.55732234962753,77.80084838922413],[-113.56037660617322,77.81461979725472],[-113.60611638637302,77.82918658731737],[-113.57727857087275,77.86064075782589],[-113.60308423669925,77.87295162920672],[-113.81502620770027,77.89256477036137],[-113.85487394506663,77.919617131439],[-113.9957337718077,77.92445572774456],[-114.00940435358537,77.93932024054749],[-113.95159792202645,77.96227774227549],[-113.97301367771811,77.97663915158337],[-114.30760525465251,77.97574481624982],[-114.3299368392289,77.98481893942827],[-114.3173252201522,78.01542658942003],[-114.27240835808523,78.03582536445822],[-114.33475824439978,78.05450040557783],[-114.67073534741877,78.01463957307433],[-114.80475232387535,77.96528274355924],[-115.01476274898187,77.97024642488144],[-115.09597527173948,77.95763512237787]]],[[[-114.86851618818868,76.78049393872942],[-114.8434874586255,76.76293965443928],[-114.72792030570506,76.74675495614123],[-114.04614510609673,76.6872534751781],[-113.59601715112497,76.70511975427591],[-113.43607381551767,76.79876170286019],[-113.59195231762463,76.84061594434868],[-113.58268564295146,76.85708674966851],[-113.60852486811294,76.87636884027462],[-113.96378866203294,76.88670086981136],[-114.36984492206483,76.8718104795156],[-114.61719180130837,76.83264068334948],[-114.68840017248675,76.80093696514268],[-114.86851618818868,76.78049393872942]]],[[[-114.45850342329696,68.8935760543505],[-114.42914292187979,68.8716234270442],[-114.3853475576324,68.8675688195749],[-114.33752359726903,68.88754218155111],[-114.36103120366246,68.90843036155651],[-114.40019023002895,68.91293542462675],[-114.45850342329696,68.8935760543505]]],[[[-114.37289839090334,67.79170322458783],[-114.31288543046271,67.77171297371602],[-114.28957501827728,67.77808902288068],[-114.31894296067149,67.8018557307042],[-114.37289839090334,67.79170322458783]]],[[[-114.23117018980184,67.95558256211038],[-114.20862771681526,67.94007256803795],[-114.10949610977029,67.94278811588171],[-114.11183636364213,67.95700960948616],[-114.23117018980184,67.95558256211038]]],[[[-114.21140572189366,67.88681478673728],[-114.17338394304458,67.86294065507376],[-113.91165164746103,67.86802974092191],[-113.92574798463991,67.88150291540717],[-114.13319671447465,67.89910304745369],[-114.21140572189366,67.88681478673728]]],[[[-114.18028960181351,68.65552996538992],[-114.03108041048851,68.60923395035252],[-114.02978454578992,68.63650463696578],[-114.08863649995563,68.65876224151656],[-114.17500871312204,68.67245795980728],[-114.18028960181351,68.65552996538992]]],[[[-113.97735747660529,67.96369514297022],[-113.7790985138267,67.96316657126543],[-113.7189072314459,67.97193803250403],[-113.7194122331417,67.98451702744889],[-113.91646342076254,67.98344072407313],[-113.97735747660529,67.96369514297022]]],[[[-113.9437101567209,78.2665451495281],[-113.89042904407587,78.25949250189453],[-113.82089211459905,78.27603611380843],[-113.90021146503503,78.2884411848405],[-113.94222529652825,78.28235406806171],[-113.9437101567209,78.2665451495281]]],[[[-113.92552470918113,68.59584340012248],[-113.74977555416281,68.58132928896187],[-113.87969024825111,68.61192714537886],[-113.9250503126818,68.60679821460135],[-113.92552470918113,68.59584340012248]]],[[[-113.84962877249342,77.11611928071058],[-113.82526920066952,77.09850946257245],[-113.72728911265273,77.10168226858362],[-113.6578049483912,77.108207653601],[-113.65243040499597,77.13307985656932],[-113.80251781954473,77.13340060650214],[-113.84962877249342,77.11611928071058]]],[[[-113.81689507364722,67.8682637859721],[-113.78263067136537,67.86143186419298],[-113.72047527751387,67.87943564766378],[-113.81152909154683,67.88519759890042],[-113.81689507364722,67.8682637859721]]],[[[-113.71635700072764,78.30346303393569],[-113.54003650478411,78.30044466581265],[-113.63164309912628,78.31567747825979],[-113.71635700072764,78.30346303393569]]],[[[-113.50913299114154,67.90919091701049],[-113.46530850596137,67.89067145380756],[-113.27659383830215,67.88854124819625],[-113.24085858578813,67.9160456248356],[-113.31007841198864,67.92453080515659],[-113.50913299114154,67.90919091701049]]],[[[-113.38816455839037,77.07738565800962],[-113.30056204949544,77.07626092884855],[-113.21630851168072,77.10112037312751],[-113.3084308060639,77.10552960886747],[-113.38816455839037,77.07738565800962]]],[[[-113.35323850370007,68.23738575112607],[-113.35156686265962,68.22313388888954],[-113.31661652952367,68.2161508882788],[-113.2668200214834,68.23255759596321],[-113.32287088934669,68.24798429125734],[-113.35323850370007,68.23738575112607]]],[[[-113.2646512682033,77.79855123122967],[-113.19345539934817,77.74205046140366],[-113.18434478920047,77.67110890101301],[-113.07974786166073,77.61319437985492],[-113.07287140447445,77.59623827505908],[-113.13825814789821,77.55541208748565],[-113.10203480084127,77.53501892986374],[-112.8993597010959,77.51655433858247],[-112.86359262272524,77.49612709328314],[-112.87155379604648,77.47814116747556],[-112.84780078286968,77.46048608634683],[-112.48663102451866,77.44828218893882],[-112.42204545141665,77.42963244504969],[-112.44005000791171,77.40066029850827],[-112.42031752312613,77.37932016788616],[-112.34272558274756,77.35618589578637],[-112.03509496593703,77.33333543864651],[-111.48980850998468,77.39898768106809],[-110.8086195984528,77.42066632622978],[-110.25565325994407,77.49933604381451],[-110.17480420797165,77.52609115784178],[-110.11536255132297,77.57225257033404],[-110.11491985269244,77.59992482905714],[-110.14645735294572,77.6412467636497],[-110.12492424604623,77.67855836814782],[-110.13944801351049,77.70533904992924],[-110.12767799344779,77.73697868853874],[-110.09080676967228,77.76119770516418],[-110.10583971161866,77.77417975425563],[-110.63771267993204,77.75639131508058],[-110.84371899698509,77.80556251279987],[-110.84666983496373,77.83474662847568],[-110.78796088107906,77.86036575120055],[-110.52197776609316,77.86422150556504],[-109.98897325279138,77.90572005245733],[-109.60011804615624,77.97503991068295],[-109.5096461008517,78.01888965149273],[-109.53663634880199,78.05696046601808],[-109.78499375827118,78.0995935609791],[-110.31231344807857,78.1159528247406],[-110.56556175136805,78.09771955672852],[-110.78019382877623,78.06237416618029],[-111.22687619726356,78.07278111561162],[-111.48029462928999,78.03635172748379],[-112.31951256748086,77.99007136852826],[-112.59470174134003,77.9477204676213],[-112.70160854270102,77.91691172573267],[-113.11386299606202,77.89682546680609],[-113.14691782050788,77.87916817841874],[-113.14894521185698,77.8511742072107],[-113.2646512682033,77.79855123122967]]],[[[-113.22795251236758,78.30381130470853],[-113.11940621748592,78.25301568535478],[-113.06843756400814,78.2473795285862],[-112.92925180598121,78.25747769665189],[-112.6591955078434,78.31328182703852],[-112.15918242710646,78.34728675809698],[-111.96510944222427,78.33056094626986],[-111.66213884094842,78.25754651716018],[-111.3972672054525,78.24971559461255],[-111.33309844623001,78.26523727079696],[-111.40403339716335,78.28722188075506],[-111.38506936955923,78.29863582530731],[-111.17698223534566,78.31496103902975],[-111.21018802491487,78.36653193600127],[-111.15993782061096,78.36745675023076],[-111.0275150511905,78.35729688052692],[-110.5360981831637,78.27111066364947],[-110.24201777451184,78.2723338595754],[-110.0463808948082,78.30615774692666],[-109.75226660727215,78.28624485341497],[-109.475459255873,78.28762003502808],[-109.3033170922097,78.3213927489193],[-109.27584070899417,78.38591398210589],[-109.23559815154262,78.41000884414383],[-109.22011647848768,78.44823835326527],[-109.46280068858276,78.57527326002064],[-109.70649427254574,78.58433919270747],[-109.74509033257733,78.59454095869049],[-109.73389910848611,78.60700578114317],[-109.83557034977645,78.61922542316557],[-109.85136730082928,78.63214521348364],[-109.83006266304686,78.65028626880026],[-110.08572335638635,78.67398685549902],[-110.12404479226326,78.70460339486678],[-110.59362435257793,78.74327136120273],[-111.10476684985134,78.66606554879165],[-111.50959907919442,78.55884732031029],[-112.14445752584218,78.5346487998772],[-113.07393528670569,78.39813576962354],[-113.16643773758085,78.36132712801846],[-113.22795251236758,78.30381130470853]]],[[[-113.13773317927185,70.30586995794539],[-113.11065792294306,70.28702326120032],[-112.92321478696066,70.28593241896563],[-112.95826934047423,70.3076382103271],[-113.13773317927185,70.30586995794539]]],[[[-112.89847572371507,68.15401692923241],[-112.77431641759938,68.11890691576144],[-112.71721751999263,68.13227898167028],[-112.86441747836885,68.1721304751545],[-112.89847572371507,68.15401692923241]]],[[[-112.69137274028428,70.2943471781498],[-112.66301084396365,70.27378606001388],[-112.5922070432794,70.27177971363497],[-112.59380098592554,70.28596207106376],[-112.64005794707259,70.30297412472457],[-112.69137274028428,70.2943471781498]]],[[[-112.2528929410682,70.35434719003737],[-112.25237127626002,70.33474091697236],[-112.02837974043364,70.29510411379957],[-111.75966700292304,70.29682771058211],[-111.92197019614126,70.33362137457377],[-112.2528929410682,70.35434719003737]]],[[[-111.82143291088866,68.1795335799922],[-111.79821581836161,68.16755971962846],[-111.74995880315556,68.17428690850056],[-111.75669047676026,68.18975449754534],[-111.82143291088866,68.1795335799922]]],[[[-111.71821621989797,68.24917515072089],[-111.70475849324858,68.23084993856854],[-111.61325033658656,68.23109070233303],[-111.4792613526488,68.29279249011127],[-111.66699723789692,68.28481457937578],[-111.71821621989797,68.24917515072089]]],[[[-111.60028143639644,68.33266867749504],[-111.55408872809043,68.31579507883644],[-111.5146137641048,68.32154094546608],[-111.51446965570992,68.3412187906469],[-111.60028143639644,68.33266867749504]]],[[[-111.45172919286055,68.2615478443954],[-111.43268866392692,68.24196598456133],[-111.36108392156096,68.25621380927902],[-111.45172919286055,68.2615478443954]]],[[[-111.10352240838762,72.68100761322303],[-111.08624264818995,72.66820640827865],[-111.03614378117923,72.67210862769768],[-111.0340836894477,72.68999972004873],[-111.10352240838762,72.68100761322303]]],[[[-111.07944150116958,68.41773814120025],[-111.02596611292473,68.41754618719634],[-111.01145151825088,68.43141657748576],[-111.02327609583283,68.44809210841859],[-111.06428984449552,68.44415530961933],[-111.07944150116958,68.41773814120025]]],[[[-111.02555024183457,67.86185994947766],[-110.87897613530389,67.88334895503064],[-110.78188806918435,67.94276259036424],[-110.79221023529315,67.95785884083878],[-110.8190961811516,67.95526036363255],[-111.02555024183457,67.86185994947766]]],[[[-111.00583002658641,68.47833472362363],[-110.87951601330609,68.4511463591263],[-110.70534323208527,68.48004750506192],[-110.67617360894702,68.51492511857036],[-110.8216929032908,68.52799777886084],[-111.00583002658641,68.47833472362363]]],[[[-110.67768199721614,68.55215902179515],[-110.5881865551152,68.51418453647605],[-110.48971181505368,68.52681844828875],[-110.4852593242889,68.54148419942258],[-110.57035479787766,68.57287616367584],[-110.67768199721614,68.55215902179515]]],[[[-110.51022573453682,72.56929843385394],[-110.43247860831652,72.57515787201271],[-110.50209278187228,72.58055201911857],[-110.51022573453682,72.56929843385394]]],[[[-110.49698954370788,68.57964776075124],[-110.40044172521152,68.57426145135709],[-110.42009874324913,68.58851475437845],[-110.48529465197981,68.59136647598139],[-110.49698954370788,68.57964776075124]]],[[[-110.43138210006667,72.60874406663157],[-110.38264329744035,72.59301203809434],[-110.3230441772215,72.59924896510908],[-110.32425407429159,72.61505593203641],[-110.38264169739132,72.62123666285069],[-110.43138210006667,72.60874406663157]]],[[[-110.40582354980268,68.01241892906864],[-110.31854954611964,67.9956817084825],[-110.2904119905821,68.01788263825071],[-110.29136697046705,68.03385318342168],[-110.40582354980268,68.01241892906864]]],[[[-110.29234703329483,72.64028307214066],[-110.26449318521962,72.62118738884809],[-110.21574842403402,72.62658131782935],[-110.22420651342763,72.64363212932359],[-110.29234703329483,72.64028307214066]]],[[[-110.20052040071734,68.0547193319995],[-110.16927580865583,68.03623372031109],[-110.14334703386821,68.04042869590305],[-110.0545743068064,68.06462119714512],[-110.02516273222714,68.07793802323299],[-110.02482818994517,68.09220561599105],[-110.10235076060837,68.09404518047423],[-110.20052040071734,68.0547193319995]]],[[[-109.95703583344506,68.11971912782715],[-109.95260658672073,68.10588657529334],[-109.86595094415684,68.11191566630328],[-109.84210446534364,68.12658070490993],[-109.85295340250683,68.14334306794535],[-109.91388824775818,68.1414587123052],[-109.95703583344506,68.11971912782715]]],[[[-109.75433809623898,68.1681953617379],[-109.74568311978422,68.15474688065814],[-109.68360900053598,68.15486609016085],[-109.53479164743672,68.22133707343832],[-109.54226686079399,68.23309138277028],[-109.60454726951059,68.2330235181129],[-109.75433809623898,68.1681953617379]]],[[[-109.49565663496527,68.03114407793338],[-109.4131706760993,68.02067723862083],[-109.39216143149334,67.98700091509525],[-109.3443101471553,67.97868596414834],[-109.3094383193541,67.98352813966767],[-109.31233058810008,68.0187805407511],[-109.29380138186498,68.03458997702351],[-109.36493210499097,68.07280762955769],[-109.4376662509459,68.0824600020388],[-109.43490505778377,68.06309636363152],[-109.49565663496527,68.03114407793338]]],[[[-109.32675198022706,68.17193050294998],[-109.26733487467422,68.14516542931446],[-109.23754789628788,68.1512334004007],[-109.28371528098268,68.17924480008723],[-109.32675198022706,68.17193050294998]]],[[[-109.32444249876696,72.80628596374639],[-109.2107923599922,72.78242286825198],[-109.16835674636881,72.78887234538493],[-109.16312682271457,72.80495185073569],[-109.27030115016144,72.82048546426486],[-109.32444249876696,72.80628596374639]]],[[[-109.1388174349226,67.78177874312036],[-109.09343065973489,67.7609172360932],[-109.04706192949527,67.77731927800065],[-109.05947306824794,67.79044272824326],[-109.1388174349226,67.78177874312036]]],[[[-109.12010402898753,68.20035629066032],[-109.1132934356392,68.18145316629771],[-109.02789402387411,68.17451710792453],[-109.03336539685746,68.19882875484417],[-109.07439762946767,68.2113326382772],[-109.12010402898753,68.20035629066032]]],[[[-109.11675156412015,67.94701712355555],[-108.98342851902616,67.8980943715819],[-109.00603256128801,67.8730836434673],[-108.93255985232445,67.836802537335],[-108.88471839415976,67.83558156630177],[-108.83600697995368,67.86448278070733],[-108.88924023579568,67.92208602685973],[-108.89150652111901,67.95734760602328],[-109.10756085922264,67.970800280834],[-109.11675156412015,67.94701712355555]]],[[[-109.07569267828117,67.84051420445458],[-109.00430660087417,67.82357118070546],[-109.06843610534919,67.8517373762072],[-109.07569267828117,67.84051420445458]]],[[[-108.56241225142168,72.62765111013779],[-108.52729283821235,72.60369836412636],[-108.46584195239218,72.60771907665577],[-108.44995499388008,72.6262229586172],[-108.5070377082517,72.64006258593325],[-108.56241225142168,72.62765111013779]]],[[[-108.52251629118516,67.9314741000757],[-108.51919192949492,67.91758479226276],[-108.45900605037735,67.90299453621732],[-108.42797621820114,67.91441100402459],[-108.4819960016622,67.9348077395687],[-108.52251629118516,67.9314741000757]]],[[[-108.50964688982364,68.03874575995812],[-108.47351902231689,68.04170277080509],[-108.43240790552714,68.07686166208819],[-108.4590322623496,68.08177116544547],[-108.50964688982364,68.03874575995812]]],[[[-108.48490514478085,72.5696595463281],[-108.40049283800666,72.56638860887563],[-108.44633591098491,72.58096486144005],[-108.48490514478085,72.5696595463281]]],[[[-108.44784737935049,67.54274542814593],[-108.4388672145741,67.51875067079132],[-108.3522908945417,67.4639092473535],[-108.3039798875674,67.49273980160297],[-108.26792646996653,67.55234534080601],[-108.42814539068495,67.55675794179686],[-108.44784737935049,67.54274542814593]]],[[[-108.40936623844269,67.6132740162799],[-108.39520959437779,67.59669479878241],[-108.33256402899468,67.60894896728773],[-108.4093494608208,67.63801339524986],[-108.40936623844269,67.6132740162799]]],[[[-108.37617541751082,68.07793425877642],[-108.30147687627566,68.0715139804113],[-108.29216162485217,68.08820658601249],[-108.37617541751082,68.07793425877642]]],[[[-108.23201523754405,67.46327416351089],[-108.15905059326019,67.45689532316905],[-108.17503884460444,67.53513352427146],[-108.2158724815817,67.50886282998941],[-108.23201523754405,67.46327416351089]]],[[[-108.19988254802175,67.91877370160901],[-108.17037492359356,67.89992623164241],[-108.07471777959243,67.89692680305099],[-108.05123498670528,67.9554562663129],[-108.14420651890251,67.95332638773161],[-108.19988254802175,67.91877370160901]]],[[[-108.16166732704787,72.05811771065505],[-108.12434426818105,71.99569048994296],[-108.07824824234821,72.01095998242545],[-108.1100376762844,72.04925943015834],[-108.16166732704787,72.05811771065505]]],[[[-108.11865740670653,67.63349220644906],[-108.1071007968481,67.60433750245582],[-108.05144459800059,67.56290457000873],[-108.10500772050277,67.50904335301557],[-108.10527134242,67.49307820286397],[-108.07635142089966,67.47420315408603],[-108.02003594707,67.4805598171062],[-108.01014036862007,67.51314054191525],[-107.90720186889767,67.54441385730303],[-107.90657029069888,67.56039511966773],[-107.95485936472603,67.60602997713819],[-108.03648002635104,67.66133964505106],[-108.09681405727251,67.65299131004619],[-108.11865740670653,67.63349220644906]]],[[[-108.09634824195709,67.40182175689873],[-108.08703571196546,67.38493827969559],[-108.0024664472386,67.35635115504307],[-107.95826605692875,67.31749221851935],[-107.9113357342215,67.30714175398525],[-107.88789858156755,67.31440761975746],[-107.91636227311886,67.36689749078599],[-107.86744561763716,67.39553179263241],[-107.88942266416628,67.42742667555247],[-107.87252350904336,67.46413365284909],[-107.89254906382233,67.48374252970738],[-107.92698130084074,67.47919124252267],[-107.95345695115897,67.44349428196799],[-108.00269285465544,67.43244675668552],[-107.97727342653836,67.40262548084964],[-107.99635485813843,67.39579977473733],[-108.09634824195709,67.40182175689873]]],[[[-108.09430676129018,66.9808260759027],[-108.01749015272256,66.89696749301372],[-107.95348049348048,66.9040475016891],[-107.98748592669857,66.94191166673615],[-108.0069515886384,66.99512957199508],[-108.06720718408731,67.0061016221302],[-108.09430676129018,66.9808260759027]]],[[[-107.95640349395053,73.58996386698303],[-107.94257096894205,73.56290057806521],[-107.86527164851057,73.54135952586633],[-107.58571964365547,73.5803336755654],[-107.54917278829113,73.59803121480019],[-107.5861679803917,73.61512078564427],[-107.67528406537491,73.61861228181525],[-107.95640349395053,73.58996386698303]]],[[[-107.92483258090488,67.956586718268],[-107.92033378753234,67.92330040597255],[-107.89309500632798,67.91667967602201],[-107.86785938356488,67.95568500768076],[-107.8888577157207,67.96817327715675],[-107.92483258090488,67.956586718268]]],[[[-107.87283989751285,66.93010061334833],[-107.86257860775439,66.90264246420706],[-107.80703927369971,66.89123678392336],[-107.7866325024578,66.90355411650914],[-107.78184720672864,66.92864920081409],[-107.79053913091569,66.97924061955246],[-107.83996899994361,66.97880784915924],[-107.87283989751285,66.93010061334833]]],[[[-107.86693645969847,68.0900885931131],[-107.85502626819127,68.00087014354852],[-107.8085770165264,67.98508723236675],[-107.78344487551485,67.99052519530225],[-107.77246438788565,68.0302714170377],[-107.69777614063179,68.06607119104022],[-107.8109630044441,68.09970800254635],[-107.86693645969847,68.0900885931131]]],[[[-107.82857098543668,67.06809648170336],[-107.82036101905412,67.04405568444945],[-107.77588241268704,67.04586276660471],[-107.73680026863025,67.10906262792585],[-107.749417962382,67.13284136453575],[-107.79755684335021,67.12896789537045],[-107.82857098543668,67.06809648170336]]],[[[-107.67597422362499,67.25180664762793],[-107.6660970687705,67.23318024312991],[-107.62388998368634,67.23115682514405],[-107.61710784056923,67.25289151126319],[-107.65357803054948,67.2959850264286],[-107.67597422362499,67.25180664762793]]],[[[-107.61368931767282,67.17722251049177],[-107.5668380070521,67.12261561452067],[-107.45851343577716,67.07115847211853],[-107.41839824555427,67.06366689091081],[-107.3415649184973,67.08200657651692],[-107.54108815313276,67.17768680722624],[-107.57432072161679,67.1891947151297],[-107.61368931767282,67.17722251049177]]],[[[-107.50320711019677,68.1690571717788],[-107.49951434213605,68.15343837840992],[-107.39832810114616,68.1593388118456],[-107.43492097918585,68.1741864014505],[-107.50320711019677,68.1690571717788]]],[[[-107.3828763761286,68.20102186389398],[-107.35459336078668,68.18375710752218],[-107.25151541193941,68.1948683742834],[-107.2423277926964,68.21321535520478],[-107.32706629309615,68.22105803830516],[-107.3828763761286,68.20102186389398]]],[[[-107.32875962798626,66.96832711540256],[-107.26298944501642,66.9363629109599],[-107.24365767529432,66.9608347949259],[-107.32513836047359,66.97915607826067],[-107.32875962798626,66.96832711540256]]],[[[-107.01995326415006,68.30512636645567],[-106.8914396392107,68.26851106176986],[-106.86358260326465,68.27932038476028],[-106.87617309644021,68.2942875020598],[-106.97218655958945,68.31381389935936],[-107.01995326415006,68.30512636645567]]],[[[-106.98843716602255,73.49916349012274],[-106.93266347982667,73.47090469821778],[-106.68139517070851,73.451591071379],[-106.61368754423802,73.41355219043],[-106.1478992902856,73.29232521604652],[-106.08122177365802,73.26283565319301],[-106.06761806016742,73.24096008064029],[-106.08914500928962,73.21726892221491],[-106.07973657568425,73.20211679268333],[-105.8151375820925,73.12205907303033],[-105.71039634386,73.06668659917067],[-105.65335475760412,73.01055055523106],[-105.40099066724292,72.94332793604683],[-105.34530386784333,72.88717818321494],[-105.2258084804738,72.86354405830902],[-105.16760862171229,72.87506201573355],[-105.17672693840143,72.9126953605194],[-105.06643212111149,72.94747106639636],[-105.04003803911161,72.9851215525382],[-104.94903820687479,73.0136199810356],[-104.91616655190656,73.0723014565767],[-104.84245984455387,73.13284906716919],[-104.55957290111874,73.27357915600084],[-104.50704883218629,73.32087224228323],[-104.4769475274156,73.37746610984229],[-104.50251274031704,73.44716404123118],[-104.43638444287438,73.50528673920009],[-104.4262741462416,73.55404533336181],[-104.43447335022488,73.56924376610678],[-104.59505046199949,73.61748195745169],[-104.8430635571653,73.6444202149385],[-105.01618591663959,73.7212435900434],[-105.13962856722935,73.75355866800443],[-105.32098709113367,73.76764462640665],[-105.62219282078324,73.73437004957549],[-106.27912305483574,73.71735128545656],[-106.55951321992266,73.68375705912219],[-106.68722542279302,73.64396473604886],[-106.72593116176449,73.59162755731909],[-106.79219070386107,73.5533330612667],[-106.98843716602255,73.49916349012274]]],[[[-106.18082826963779,68.45642470774887],[-106.17772653473814,68.4408033955268],[-106.14206099323656,68.43614700788046],[-106.03593139447615,68.45363445613246],[-106.18082826963779,68.45642470774887]]],[[[-106.04900973931383,77.71064134541872],[-106.04159438644255,77.69217733911691],[-105.81271282200241,77.60746807702857],[-105.80279256632957,77.57560039819292],[-105.86440273219979,77.5546169324673],[-105.66527228996695,77.51282441569457],[-105.64683915945953,77.4896934953995],[-105.66765136124859,77.44651725317614],[-105.40782679251211,77.27260776127903],[-105.22785652662125,77.18751837137552],[-104.93654123348377,77.15556990228691],[-104.85195480039198,77.12289152514806],[-104.75972064150845,77.11093721671087],[-104.45398197976301,77.13167036065005],[-104.35169279536056,77.16055934360263],[-104.35504560433205,77.1875806718562],[-104.40128932910044,77.22166028715851],[-104.39446816504787,77.26764350512673],[-104.41473993168623,77.28567877320465],[-104.66824578603534,77.36008860790339],[-104.70814594506064,77.3943447490876],[-104.95283527518376,77.40964156589942],[-104.97117838372927,77.43441373158967],[-104.95180698509601,77.45037822479688],[-104.96420109410747,77.49904317077404],[-105.37720715509381,77.65738981018985],[-105.62990389005132,77.73468577489979],[-105.72585552229995,77.74473311481468],[-105.96613790332698,77.73577971721073],[-106.04900973931383,77.71064134541872]]],[[[-106.01395794012836,69.10779135119655],[-105.95855010927282,69.08493629023857],[-105.93156369827173,69.09019761121614],[-105.9601502443435,69.1182152359979],[-105.99710524609782,69.12288789854986],[-106.01395794012836,69.10779135119655]]],[[[-105.83261329498603,69.03855599211542],[-105.81300328984754,69.01875316172828],[-105.75186489658836,69.01378748607668],[-105.74993799459313,69.02970298511248],[-105.76991376302206,69.04070157548435],[-105.80893337778012,69.05050957261477],[-105.83261329498603,69.03855599211542]]],[[[-105.62445145072928,79.20121054386559],[-105.61654486353027,79.16287849923201],[-105.55887076801085,79.11934142826281],[-105.5549138755919,79.05569225079017],[-105.52998074360643,79.02791700775616],[-105.31362123125852,79.00297341434857],[-104.7806964479883,79.03960923480355],[-104.68130602595296,79.02577580895253],[-104.66652486653238,79.00779479221964],[-104.67467720743939,78.98573111487298],[-104.91658024584466,78.865947470292],[-104.97766067156822,78.8035645121038],[-104.95281686212932,78.79421416388288],[-104.67497567444171,78.81460552818503],[-104.36424112823846,78.92612297736567],[-104.11190045958446,78.9618678205957],[-103.86574714928604,78.89004480339355],[-104.10950067036897,78.79933953586826],[-104.05700819863803,78.76398767852801],[-103.93137225666838,78.75744678105188],[-103.77485954830836,78.8020416228167],[-103.73007269455422,78.7999684978867],[-103.72324170932738,78.7431305576846],[-103.56563570935427,78.75083269760715],[-103.42159144425881,78.77810152618517],[-103.35575150574414,78.75804881467302],[-103.3689404706756,78.7275976130457],[-103.51370737482425,78.66508790157927],[-103.87935650373436,78.66328609202095],[-103.94389637530288,78.64641804446431],[-103.93979161945914,78.62970700656497],[-103.89238587316022,78.62264260774252],[-103.41537333379455,78.63421337800446],[-103.35029809218813,78.61413878071113],[-103.36494624603873,78.54837353702072],[-103.39645209511248,78.52068189078186],[-103.48554159603484,78.5031327660915],[-103.99902478166344,78.50207841673263],[-104.25482042375853,78.52816549993638],[-104.3828818306435,78.56296625833123],[-104.56269578023034,78.57597657992791],[-104.84525251320846,78.5469899560399],[-104.95437927611562,78.49304980008749],[-104.92525998810352,78.44682247562426],[-104.85267124241919,78.41878466585109],[-104.77330008420229,78.36067033836991],[-104.4009877563084,78.25448621606783],[-104.03333283043314,78.22686433788036],[-103.83956958141327,78.25618254758227],[-103.66751215445694,78.30652295824396],[-102.69890789746292,78.37617817524813],[-102.6285986383628,78.34270064766338],[-102.6398310770065,78.32059107029012],[-102.77219529454273,78.28036885756536],[-102.7418035394647,78.25760442699996],[-102.5023766743115,78.24349376028714],[-102.29915702588265,78.27699612826625],[-101.9769019887033,78.27618160751172],[-101.44603743180653,78.22265894770148],[-101.24272798828339,78.15995607912365],[-100.96719790884661,78.1822754292275],[-100.95182485798875,78.13239392533542],[-100.89893077905471,78.12335369330751],[-100.87989856992762,78.10023865328114],[-100.74486074003191,78.07108442229834],[-100.75318685284029,78.05421917828286],[-100.82144011081509,78.02607883214893],[-100.66679007951703,77.91513844442598],[-100.58428995981811,77.89151272671118],[-100.53465872196325,77.85061277306224],[-100.35986265527902,77.81365364933421],[-100.20075494595584,77.81315771971536],[-99.96069631196146,77.78716361224663],[-99.4692329859252,77.81030801579014],[-99.14226453794487,77.8536853325765],[-99.07836344930222,77.87807370383511],[-99.02555512796837,77.98756192279579],[-98.95598569711068,78.04700340032056],[-99.03380203263221,78.08934603846976],[-99.3942104840252,78.19281823550483],[-99.44268311973468,78.21383600644134],[-99.46529985389475,78.25358091775823],[-99.71659147933067,78.28811334152628],[-99.80292278045594,78.38363069650984],[-99.81729165275934,78.42016500897216],[-99.64080805655428,78.50297444206856],[-99.62988570996504,78.5397727542653],[-99.52883385152292,78.58297145365196],[-99.53652880384682,78.60453899305588],[-99.66922374316925,78.59749036450364],[-99.75155727551893,78.61462820320746],[-99.7957140606201,78.64060623461936],[-99.95921530675355,78.64629476467258],[-99.9820148838009,78.66094743844783],[-99.94218540031463,78.6882401711406],[-99.97681796977241,78.70936728879332],[-100.27504300104691,78.76781729358439],[-100.2986185470127,78.82071155472774],[-100.35326081953811,78.82804815681396],[-100.45514281619548,78.8063193939845],[-100.72517367962426,78.79655573227639],[-100.97045047625947,78.75537309185104],[-101.03124984493101,78.7908524424454],[-101.1545937320674,78.81346052773418],[-101.15442243055912,78.84680412379242],[-101.00513468172093,78.90964211739359],[-100.99661767268393,78.92650151125497],[-101.09939365206148,78.95786639909971],[-101.37131197475377,78.97754424095532],[-101.53913416741834,79.01255960851567],[-101.56499991302853,79.05867155474341],[-101.79591254584658,79.07887656284693],[-101.9994475943475,79.06620035652082],[-102.28037924241971,79.00834235407021],[-102.31395166793386,78.99254706754623],[-102.35716144242876,78.92151490320873],[-102.41475546354614,78.88839603008547],[-102.52684584763132,78.8741063577147],[-102.5748822270407,78.88134616026511],[-102.60015177822535,78.92083685126539],[-102.50988275291368,78.94299897780242],[-102.51613569824316,78.95282465819955],[-102.70388074483888,78.93341841775809],[-102.78759816080535,78.94137836369711],[-102.68013380975623,79.00407550508926],[-102.6734426835871,79.10106711807609],[-102.70490440059636,79.14862814024761],[-102.80568475801937,79.19302677025846],[-102.94553432637734,79.22801408639756],[-103.46611648031926,79.3168878042038],[-104.01306754735982,79.35926425395432],[-105.03438356001017,79.29506835823825],[-105.37694137734648,79.32477913090416],[-105.4369287088361,79.30109797909087],[-105.42065809544202,79.28318924437302],[-105.43643251278108,79.25077173740829],[-105.5629315913181,79.2317317620151],[-105.62445145072928,79.20121054386559]]],[[[-105.40024182894128,68.65005865488463],[-105.36976240999859,68.62567209249261],[-105.33308973978134,68.64014866973298],[-105.38072553426777,68.66003645830982],[-105.40024182894128,68.65005865488463]]],[[[-105.23963432082111,68.57221988389207],[-105.15696003092769,68.52649761080895],[-105.14429270900229,68.55172433562146],[-105.23113756089406,68.58506290180678],[-105.23963432082111,68.57221988389207]]],[[[-105.12508053855919,68.32695946179442],[-105.1112099752055,68.31733620603714],[-105.07118771057017,68.33376111418572],[-105.11265433452482,68.34172204009518],[-105.12508053855919,68.32695946179442]]],[[[-105.04619552833395,68.4280855654154],[-105.00473426429737,68.40945937739538],[-104.96423239756851,68.42587161571375],[-105.02374412481365,68.44166021310015],[-105.04619552833395,68.4280855654154]]],[[[-104.99676503815016,68.5535170885494],[-104.97945393883361,68.51430897485442],[-104.90810887511589,68.46074148572401],[-104.6861087113511,68.39847335565793],[-104.54203822091252,68.3944162461223],[-104.45121811328701,68.42753035823743],[-104.41365529999987,68.46292280109301],[-104.432102371638,68.50729112247727],[-104.71199593447595,68.57012324535474],[-104.8703453357793,68.58194473485304],[-104.96847850077036,68.57619032922264],[-104.99676503815016,68.5535170885494]]],[[[-104.84835978934903,75.14551155307345],[-104.77271913054555,75.10914815166913],[-104.57525961573553,75.05872057840944],[-104.18622169825446,75.0190909791803],[-104.0119643768566,75.02746128395577],[-103.78825176225662,75.07853229122432],[-103.66750844252826,75.1257398997681],[-103.61184044745882,75.17054041639788],[-103.61168063652862,75.19445052875368],[-103.73410714069914,75.24654151300714],[-103.77707054391918,75.33567530621455],[-103.82834607246545,75.35434768771432],[-104.17345386001693,75.42377484958624],[-104.33813130323028,75.4261450126351],[-104.70644045863298,75.28498330371823],[-104.6806769000829,75.24321827829402],[-104.75939341204051,75.20740893149762],[-104.76240369502999,75.17984242369941],[-104.84835978934903,75.14551155307345]]],[[[-104.6088871445998,76.57712094589371],[-104.55927392962232,76.52441532312146],[-104.38100756524189,76.4303400955951],[-104.38713810223732,76.40632000191205],[-104.43407274450247,76.38928319521699],[-104.43369556391292,76.37739322121828],[-104.32955209449437,76.35040673178081],[-104.29931007246088,76.3259488350499],[-104.16152913185543,76.3018355989597],[-103.71890738006023,76.29485328148613],[-103.38719315048488,76.31761747219788],[-103.19445958644624,76.34585594043416],[-103.08169464824034,76.37655019855693],[-103.01149103849424,76.41946660000373],[-103.04425129586713,76.43884472483992],[-103.27512886630439,76.48776521266338],[-103.4654973988508,76.49024909678228],[-103.58419595236893,76.5305608545606],[-103.54897854822623,76.54528931640304],[-103.56223102588078,76.55510093644577],[-103.7187811777082,76.59586540858712],[-103.84690708360924,76.589920292514],[-103.9123867334025,76.56570293766877],[-104.01702978496452,76.5570043799778],[-104.04475137168505,76.56631297211904],[-103.93829007528466,76.60726774212131],[-104.00267028735281,76.6510656123079],[-104.05936213305445,76.65930573101514],[-104.15749869034319,76.66276816487856],[-104.32076805786751,76.64180250041836],[-104.53225925077624,76.60547858875121],[-104.6088871445998,76.57712094589371]]],[[[-104.48521801321255,68.12137593154664],[-104.44080159500852,68.10460435853068],[-104.40626202468171,68.11188506860962],[-104.403734110207,68.1400089089957],[-104.37488307234811,68.1730714802569],[-104.42727978905896,68.18586644709734],[-104.47911306974385,68.16370172557791],[-104.48521801321255,68.12137593154664]]],[[[-104.43957962767823,76.12992343123715],[-104.3648988748617,76.10189531042693],[-104.15863624814686,76.06666296466288],[-103.98614660248406,76.06257771146994],[-103.92428291917372,76.04255259157189],[-103.58001922888356,76.03387339407405],[-102.95871998496455,76.07264063167561],[-102.75186948973158,76.10963035656124],[-102.54972511514265,76.17165226566999],[-102.5373953459453,76.18904613114174],[-102.54770326735527,76.20912852357465],[-102.65362089937338,76.26209268724035],[-102.75142276617855,76.28464679843896],[-103.10529571693677,76.28917915625223],[-104.17479594172342,76.21957926302896],[-104.43957962767823,76.12992343123715]]],[[[-104.41772928653592,77.10068678983671],[-104.4041548840628,77.08078374294381],[-104.34439148785728,77.0708656814284],[-104.15019238722239,77.07573777197115],[-103.92574208348553,77.12710554182061],[-103.9375928698887,77.1453424915674],[-103.98329229417112,77.15742581175526],[-104.18648400766575,77.1643475916708],[-104.41772928653592,77.10068678983671]]],[[[-103.92825578194699,77.06093875652098],[-103.8127958394701,77.05787135700079],[-103.79156630813445,77.07210799550093],[-103.90498007947244,77.08375120259858],[-103.92825578194699,77.06093875652098]]],[[[-103.85882660892078,75.90840967883128],[-103.79214787545517,75.89026223156297],[-103.6725264697584,75.88929171602523],[-103.21425193898435,75.90792736075566],[-102.49031895716334,75.98476696266094],[-102.25904380828396,76.02890165331247],[-102.27049894805778,76.05231756578655],[-102.4105310778094,76.07892900820916],[-102.72650730097577,76.06106539170479],[-102.97650615534914,76.03978715684903],[-103.17305424222798,75.99953191213093],[-103.58159027373934,75.95030189495307],[-103.81360110614511,75.93899898908208],[-103.85478184512735,75.92565240569827],[-103.85882660892078,75.90840967883128]]],[[[-103.7981801967894,75.84055645862614],[-103.68971649872705,75.822115766419],[-103.33283450163806,75.84443374765782],[-103.32853922359492,75.86157218886953],[-103.73428746397806,75.86324493832645],[-103.7981801967894,75.84055645862614]]],[[[-103.72180624609084,77.02180512034697],[-103.59373761639674,77.02240306586602],[-103.60612517621325,77.04234994027563],[-103.66960235326162,77.04713614365468],[-103.71011200958368,77.03908020117014],[-103.72180624609084,77.02180512034697]]],[[[-103.62022069566301,75.99335360634883],[-103.50488216491163,75.98868147877354],[-103.49982407602754,76.00420652965079],[-103.62022069566301,75.99335360634883]]],[[[-103.45358559798497,70.65141713976618],[-103.44303724053032,70.62586760083006],[-103.4137572870654,70.61848726526271],[-103.37329381386589,70.63420520884428],[-103.38309102635472,70.65812254951811],[-103.4078703837645,70.66737914992704],[-103.45358559798497,70.65141713976618]]],[[[-103.36109201967778,70.7198610038022],[-103.32335499491802,70.6920083965511],[-103.27678789041504,70.70629981801007],[-103.31001933577507,70.72389786034184],[-103.36109201967778,70.7198610038022]]],[[[-103.29739718322578,75.7671444179309],[-103.29697239509943,75.75351862512771],[-103.26429430050946,75.74441347770706],[-102.99219735789991,75.72769955603346],[-102.81030884307464,75.75043241373773],[-102.71168133560079,75.74667419952321],[-102.66395367913744,75.76176332432804],[-102.57018412248424,75.75444295847022],[-102.48647927326958,75.7807432295492],[-102.41663616341026,75.85087650798745],[-102.37159069082712,75.87261003294309],[-102.14678880523309,75.8977521456949],[-102.03378595402913,75.94007696673825],[-102.04483376262317,75.9635131136544],[-102.14907550574927,75.97591508608454],[-102.94984906936438,75.89765132903533],[-103.00982846284818,75.87868723915264],[-103.07948322627946,75.81351157011831],[-103.29739718322578,75.7671444179309]]],[[[-103.27874798965372,78.1577014383183],[-103.26580367372888,78.13787889143602],[-103.19293084187456,78.1264240364348],[-103.06993297461344,78.12635075509935],[-102.98995740601966,78.1419390742032],[-102.9794714799058,78.16408539662994],[-102.9181795245998,78.18416396969377],[-102.73034335277634,78.21259463828588],[-102.78930202395557,78.24125515617371],[-102.87891457465597,78.25236803943888],[-103.02983881817981,78.24338987702546],[-103.27874798965372,78.1577014383183]]],[[[-103.23751017090513,70.66109831956068],[-103.22926690528595,70.64063037116959],[-103.19417387112408,70.63181018396524],[-103.14830528824828,70.64771098645438],[-103.18998549815805,70.67365462737514],[-103.23751017090513,70.66109831956068]]],[[[-102.7755350059168,75.53338563416521],[-102.66191737900617,75.51139077345827],[-102.65604734094143,75.49957098744697],[-102.68133608336409,75.48177704984273],[-102.63715038668137,75.47460490040541],[-102.19809015187381,75.53900148215449],[-101.89119841946358,75.53923533275652],[-101.36598103429945,75.58737716462758],[-101.24744171063546,75.5648383404363],[-101.0798636068578,75.57247723452087],[-100.96959447915111,75.60408386244966],[-99.52763377969146,75.69244098016186],[-99.51768666680046,75.6824989636496],[-99.72138044309996,75.63119380648101],[-99.74818045318969,75.60860527803695],[-99.68761821142557,75.58941849736249],[-99.71262553192994,75.58215213718887],[-99.94951988774022,75.5350273519557],[-100.19647052493363,75.52138740946496],[-100.23329876475448,75.51045760506159],[-100.23491897459554,75.4951186166869],[-99.78107046256963,75.51802191236162],[-99.7027721608813,75.5059735396314],[-99.6959958119223,75.48401979338473],[-100.04593230355034,75.477008994616],[-100.0494208063496,75.46679397854744],[-100.00852870777302,75.44554281728416],[-100.10463655375284,75.4299544748979],[-100.2639695361031,75.44186499425749],[-100.54280530501926,75.42715088155967],[-100.53614104638993,75.40863166960406],[-100.40133080425575,75.38955309049341],[-100.39364992002757,75.36760718309613],[-100.66247753893525,75.34786931383535],[-100.65754723972772,75.33438273197959],[-100.524931241814,75.2830394621662],[-100.23772647458861,75.3047780270208],[-100.18388514228987,75.28382507419671],[-100.30924573443993,75.25896710944592],[-100.29065127495211,75.24414200622161],[-100.01543945515039,75.23981271312945],[-99.97045158505043,75.22380112532258],[-100.1373895500995,75.2049508777957],[-100.30124069517103,75.21670201862746],[-100.4633469805947,75.18412014114486],[-100.32910370185573,75.12246446464518],[-100.31614718570225,75.10406162710312],[-100.3497144191729,75.0471281692765],[-100.30038640527025,75.01764784705472],[-100.17254809655681,74.98980098784193],[-99.59009701605342,74.95253035882187],[-99.46358430415556,74.96858278615616],[-99.43998048051225,75.04729100155089],[-99.30136423937786,75.09400678280646],[-99.24209863492578,75.09508245971035],[-99.2384159732979,75.08155337580897],[-99.3242226330937,75.03412394832796],[-99.32338314467167,75.00694097772883],[-99.2162471108041,74.97489297795697],[-98.95891325366838,74.99471578961102],[-98.9546656759672,75.030497607778],[-98.91934140743957,75.04631556877423],[-98.87316752430468,75.04708515985493],[-98.83146837739527,75.01043832755548],[-98.6667883523724,74.98082721351616],[-98.09027367895752,75.01632155742817],[-97.93723768242097,75.04041554451997],[-97.920200074454,75.05593168217585],[-97.9733468598884,75.09091971990314],[-98.13709594042396,75.14986334022996],[-98.15432272496085,75.16999395784636],[-98.03719980949938,75.21398552120597],[-97.99758617615822,75.21449735809576],[-97.97749683743089,75.18082518393345],[-97.88620893985168,75.15483260105012],[-97.84675691454912,75.1196672334079],[-97.79813589502069,75.1083140349919],[-97.61999296225925,75.10878119195827],[-97.5695682280331,75.1229248922413],[-97.7330899674784,75.18717969068209],[-97.79536151839754,75.27127982665193],[-97.91399172813883,75.26467449232763],[-97.9307690343659,75.28146795165678],[-97.88874635047257,75.30740088565895],[-97.93093218186361,75.31709469261952],[-98.04976387793639,75.27651144849277],[-98.1047575252171,75.2842927809482],[-98.09541854970544,75.30304777023302],[-98.13200349812998,75.31956629569335],[-98.12875437697778,75.33489175132351],[-98.10342353695358,75.34200914858455],[-97.85532939184294,75.34171504270026],[-97.84530940976315,75.360459594861],[-98.00353850767198,75.38055125196576],[-97.9529367334773,75.39646682913367],[-97.83076427824578,75.38947087578364],[-97.7854999174262,75.3985064986406],[-97.78803012625166,75.41203386557923],[-98.03622095131769,75.44114831272312],[-98.04069464843661,75.4631411443307],[-97.99223999180762,75.49086465627431],[-97.9252445212789,75.49504251780891],[-97.85789898096633,75.4619828323343],[-97.76157807187084,75.4512922385624],[-97.74429188144715,75.46676279241308],[-97.75748736150851,75.53770046239563],[-97.71202823340826,75.55014461192717],[-97.46874045191475,75.47487406490238],[-97.46706745095442,75.42412369755381],[-97.44894990730292,75.39720732744067],[-97.29645808881351,75.36650694811922],[-97.23161488020327,75.38241264468503],[-97.35815859645516,75.41675636053655],[-97.37413861363247,75.43348761489484],[-97.38157180915735,75.5214732013764],[-97.35453830794523,75.60471438805392],[-97.38650507841898,75.67550947319431],[-97.74188891015663,75.71058127668566],[-97.80018456081291,75.72849917543266],[-97.79184044751628,75.75566544721248],[-97.62661142030304,75.79306725882985],[-97.58368805955475,75.82230143098835],[-97.57606303804879,75.8579090157507],[-97.62300216725183,75.9250172550565],[-97.6304380846202,75.96549479085014],[-97.53579356261227,76.02056056845355],[-97.52463798353712,76.03752063533767],[-97.54425820904852,76.06776265773112],[-97.46342074185259,76.12765997465091],[-97.46190334161804,76.15972372785066],[-97.4865299669418,76.17972956460454],[-97.66069933432047,76.27754198052966],[-97.6886170564107,76.34974974930904],[-97.63793521201832,76.38401196894523],[-97.6282839532436,76.40767201914468],[-97.64854372999291,76.43955462025815],[-97.87933554326592,76.51119233026371],[-98.34256281019847,76.54430906639328],[-98.34620417998276,76.55945305716229],[-98.15295372817133,76.5703410283961],[-98.29592570491957,76.59209703305376],[-98.32813961296974,76.60516369758683],[-98.36899753362133,76.65351554848462],[-98.60880318731556,76.67725782496684],[-98.8008140520469,76.65764159580404],[-98.73763677193801,76.64003723908255],[-98.5462671808967,76.63264768899437],[-98.52812441422707,76.61941368019522],[-98.58919946176287,76.6016792449433],[-98.87911641092516,76.59751738553764],[-98.99567880498216,76.57219505772673],[-99.00036813362203,76.53839359430363],[-98.92386058858449,76.4720889063042],[-98.82986983601653,76.44479872757282],[-98.81668970747653,76.42303743557761],[-98.89298630180839,76.41181207452102],[-98.97959580955825,76.43910918574856],[-99.06465519457535,76.43445343432899],[-99.07395157600199,76.41738462790546],[-99.01539193245958,76.38796648990329],[-99.07591967404306,76.373507759158],[-99.23859584899554,76.43840924024204],[-99.24312158247348,76.45354849364814],[-99.13469538788456,76.47717433636085],[-99.14494402476569,76.4871799200538],[-99.33423310988175,76.49254819956042],[-99.5506986068,76.60360618023462],[-99.62622800529826,76.61236402990097],[-100.01580133067677,76.60018304496555],[-100.1776800363258,76.62406223119714],[-100.36813306492871,76.60675053371983],[-100.69451920470004,76.5475537316922],[-100.74743116393122,76.53459406019131],[-100.76011743138864,76.51231618037325],[-100.94326303796689,76.48117978489726],[-100.71706360260798,76.38644879001684],[-100.53755986052155,76.3683216807004],[-100.1518088110352,76.37284136319342],[-99.96100924049405,76.31914178549377],[-99.93193201444187,76.2977006408302],[-99.81944394769859,76.28125942229127],[-99.81439133755256,76.26611649960815],[-99.94140513830645,76.26198956073675],[-100.07975570265339,76.29139915773337],[-100.18829042500192,76.25540876270999],[-100.39994489863135,76.24942835222151],[-100.43584944200799,76.23170380270248],[-100.41691784482715,76.21856434625408],[-100.16079420492245,76.17818251212411],[-99.91198434289485,76.1966195329154],[-99.6614559165354,76.14548503427181],[-99.45239461066116,76.15428630348067],[-99.4477764730179,76.13921640427357],[-99.48659898795626,76.12834143200999],[-99.62922999271814,76.11052990043854],[-99.73373070116362,76.1069756717994],[-100.01213370656336,76.13710385216675],[-100.12443555494887,76.11455789199329],[-100.114471813618,76.0860481945455],[-100.04957196668072,76.0415697201046],[-100.03979510960286,76.01304877871922],[-99.9427940623991,75.99464673043744],[-99.85268788389084,75.95566867547547],[-99.74387164968515,75.94257870920399],[-99.5837588399103,75.96587316646396],[-99.52200119692068,75.94668135094295],[-99.53191592129214,75.93295925620653],[-99.65547446404335,75.90522058020198],[-99.827395831765,75.87828989433964],[-99.93342617064053,75.88299581030998],[-99.95546298251932,75.90795060654429],[-100.09720448546507,75.91531804587525],[-100.08577709474822,75.9426590665922],[-100.26290266476556,75.98979720287426],[-100.28437304999822,76.03000283263849],[-100.47104042242145,76.05991995639565],[-100.46836390751078,76.07190407532758],[-100.37227285215526,76.09761684428867],[-100.39689048505483,76.10730077366294],[-100.55140104260423,76.08699930355928],[-100.6462309583702,76.09512203884333],[-100.61497271512513,76.12454090350751],[-100.84518763798962,76.20583859958084],[-101.04920446120556,76.25189136674008],[-101.0693317012307,76.31753304630115],[-101.29615668269427,76.37815270985854],[-101.35987333154088,76.40875773857786],[-101.56596363769262,76.44936636667371],[-101.83363091010301,76.44939916673863],[-101.95668688412853,76.39021849255153],[-101.9574595309378,76.37663711723216],[-101.90461076853572,76.35598110198627],[-101.99974655012298,76.34494511520023],[-102.0232813364245,76.33418301357736],[-102.02147145444566,76.30031460512208],[-102.12311959317893,76.27375225468586],[-102.03701530733755,76.24389233510277],[-102.09077012975521,76.22206355273957],[-102.08265336831369,76.20527018448304],[-101.95041056651385,76.19701100704886],[-101.80223843802462,76.21452995951238],[-101.72324446387695,76.19796543219769],[-101.41983185699176,76.25144229649074],[-101.35679207250081,76.23772683024137],[-101.70635738748044,76.16104553125628],[-101.7376920168733,76.15181110571923],[-101.74705369056304,76.12604916607555],[-101.87402561299811,76.09389201552645],[-101.83666883959606,76.02861810215258],[-101.69496126001371,75.9797753039529],[-101.30659868609312,75.97271146195902],[-101.56554426459888,75.9084529951986],[-101.51745709433416,75.86214890994187],[-101.3296322168915,75.8126086807935],[-101.29190763088533,75.77279756696316],[-101.02909773146635,75.78941939952807],[-100.91454167987295,75.81424494659507],[-100.86661818575307,75.79844653089656],[-101.02462226819968,75.76073331334908],[-101.29306507409314,75.725204760764],[-101.38340762006372,75.74329591357773],[-101.43872033511884,75.79279694306527],[-101.65588699988506,75.82962219554094],[-101.75933668200025,75.87443737235284],[-102.09638112894247,75.86517327992497],[-102.26363933238338,75.80770793984715],[-102.29684025976388,75.77607606881185],[-102.09906596252556,75.75290780511233],[-102.14472246039158,75.71758087657398],[-102.04685337367228,75.71519325978025],[-102.02188015691246,75.70573454214023],[-102.02556044616293,75.68349185843263],[-102.09018029611161,75.6748527849373],[-102.47043716541637,75.70632159773633],[-102.49366942374469,75.66984335649938],[-102.63544613713026,75.65018153872833],[-102.63708339536527,75.62632406297509],[-102.66676429664626,75.61686852655257],[-102.76714938797639,75.61201973158302],[-102.74596624534159,75.57013707643783],[-102.7755350059168,75.53338563416521]]],[[[-102.75202513159718,72.7710745629727],[-102.70903135657511,72.72439947528035],[-102.5985174469165,72.65437030799141],[-102.46751920699103,72.60223536229647],[-102.09289132866516,72.52762447414756],[-101.92945195073659,72.44362234950874],[-101.79704331295727,72.42566004178727],[-101.79080071989662,72.4085929476547],[-101.90031063873286,72.38082979510882],[-101.89274850719039,72.36040495282897],[-101.73203126345481,72.2933783368354],[-101.57313447285489,72.308990929967],[-101.47041862514031,72.27436016784112],[-101.48335304840572,72.24637909038003],[-101.42820660309413,72.2498939212686],[-101.25852527127776,72.3344925027385],[-101.17208899805311,72.33026216754271],[-101.13213738494399,72.29530283151354],[-101.0839358871607,72.28638605013728],[-101.05463979796079,72.2305235680419],[-100.97013107085054,72.17786614049675],[-100.89868334795028,72.1834724615219],[-100.85641506572031,72.21051159239093],[-100.65892428253663,72.1903905809417],[-100.50601154136366,72.11031437056468],[-100.47183956567085,72.06995242612575],[-100.39913095413807,72.03063636521271],[-100.37111243195922,71.99183347459942],[-100.04631700202228,71.87989477363807],[-99.86818572135299,71.8551220591678],[-99.83652094921632,71.79569872482345],[-99.66890858498242,71.74132541292101],[-99.6219889762654,71.66148966514909],[-99.58884997858723,71.63648343650456],[-99.4031122625883,71.58913614130468],[-99.38078031179148,71.51565460207321],[-99.25114769641482,71.37222566735466],[-99.10598993193427,71.37367969855396],[-99.00874064870963,71.39816332312208],[-98.95417359074573,71.3959123492685],[-98.82790302190736,71.32966351110079],[-98.71481942714935,71.30090131344302],[-98.53563590648999,71.31987250751351],[-98.41627015048715,71.3736571124974],[-98.19491487916882,71.43433857749596],[-98.1897588061659,71.46882285818567],[-98.11075878556737,71.514897252615],[-98.11584242928191,71.54571341469823],[-98.25378336766907,71.58978425293111],[-98.41603522434004,71.67468221408669],[-98.4342607077526,71.71386728852323],[-98.5117080932579,71.74684023882908],[-98.51620444927693,71.77086651853972],[-98.49130245799701,71.78506911645626],[-98.37057142414781,71.84734411603273],[-98.26601156638458,71.88002371028915],[-98.24747135948752,71.86833584121439],[-98.35605428371305,71.79774728579272],[-98.38074546555751,71.75093680908668],[-98.37704153416351,71.73037813124971],[-98.28358287356174,71.69763366374151],[-98.2560914704247,71.66538136969096],[-97.78042929987302,71.66443903506898],[-97.55670544837365,71.62638386411538],[-97.20891373430895,71.68058130489042],[-97.11976757462168,71.71084137596641],[-96.917904758171,71.821183268736],[-96.72270225440101,71.85057918532233],[-96.68424258310044,71.85093923193241],[-96.6663465729499,71.83572488694176],[-96.74590350435795,71.80578265794168],[-96.59366456255553,71.82429619383872],[-96.54280970177479,71.93290776790067],[-96.70516394328757,71.89714590793011],[-96.74963948751467,71.9001122427084],[-96.74569893694792,71.91387744540056],[-96.66703845738114,71.96091115308865],[-96.53585332721852,71.98100130465285],[-96.46826614221267,72.03470842730046],[-96.75116957651251,72.02536360434152],[-96.84145450443292,72.03820933027298],[-96.84288900049377,72.051918503683],[-96.4745903166542,72.10837261169353],[-96.4647580947203,72.12217090616574],[-96.50170287261412,72.16301784319633],[-96.54277239230139,72.18151327229974],[-96.54695259464162,72.22783034215863],[-96.60499537705455,72.24955027304256],[-96.60692914969059,72.27019331038564],[-96.81901379801353,72.30591352701965],[-96.83747430274833,72.32118222914971],[-96.62399870157556,72.33000450267434],[-96.54782511401662,72.36318795860453],[-96.44140484673629,72.37437275622104],[-96.31517386146969,72.4266688169343],[-96.35702617301571,72.52053767192803],[-96.42167904834206,72.54407124800228],[-96.43114088098712,72.58682752590714],[-96.5475925286657,72.67145432793451],[-96.54179136903505,72.73138200262899],[-96.56044344746789,72.74665430904527],[-96.6005703964323,72.74467811549547],[-96.62664224006282,72.71534092433163],[-96.665835909223,72.70468708720803],[-96.91701686490445,72.68527449773178],[-97.12083714648264,72.61119196473727],[-97.19617912733794,72.61720528034593],[-97.19878038054833,72.63772684108645],[-97.0712986066058,72.72304255318369],[-97.07668439572947,72.76753499807852],[-97.22112591808626,72.81214556948996],[-97.25473873813576,72.84937126646608],[-97.33316852047886,72.87073480367036],[-97.34633177620213,72.88089410269436],[-97.27304743146475,72.89881100424904],[-97.26353613876621,72.91607450338084],[-97.2922910190511,72.95680820500336],[-97.45105129089664,73.00456074681347],[-97.84343456188341,73.04212804285423],[-98.1050343690363,73.02809357824306],[-98.17924926297988,73.01663914801233],[-98.31042335805707,72.96662730894904],[-98.42902892418778,72.8859491056339],[-98.48232463998147,72.89016047505571],[-98.48570670146273,72.90727583654429],[-98.45382081724104,72.95229452661816],[-98.50572982397507,73.00794066958422],[-98.49066458230543,73.02015822389707],[-98.05535892980231,73.17939651136076],[-97.91336401182687,73.21392339307175],[-97.70716377582441,73.33134169004026],[-97.20686689666285,73.37824724396148],[-97.23600521887867,73.41728452801357],[-97.23168602837606,73.47535011217005],[-97.41827444436524,73.47670227205502],[-97.51170606450933,73.4994524032294],[-97.68147757856865,73.47000218796549],[-97.69549173509635,73.48348596339437],[-97.67559698408428,73.50943063097067],[-97.69599095264854,73.52446982131677],[-97.68187336678936,73.54860541540307],[-97.49229228976039,73.53047045186597],[-97.46975274912693,73.54093970133307],[-97.48546010419378,73.56643137583379],[-97.45097483079256,73.57703771540574],[-97.22053162415422,73.57108051316682],[-97.14442036360084,73.58727045610345],[-97.01764576123682,73.63806915588233],[-96.95574412543581,73.72738205929757],[-97.00693682115319,73.74735828633321],[-97.07404293645432,73.748423061405],[-97.11340183537709,73.7684944610987],[-97.13587241541242,73.80064750436155],[-97.22750046160938,73.84571071820622],[-97.45582205766769,73.85508550122066],[-97.63246820313876,73.88543737793108],[-97.78890104145619,73.86470969988484],[-97.86386947961087,73.87217666748315],[-97.73399927726199,73.90462384727144],[-97.77330276682589,73.9177620406246],[-97.90088649951048,73.90752026408751],[-97.991088390834,73.86197591083369],[-98.10286765028587,73.83645382935147],[-99.10132194373041,73.75493629011966],[-99.13555625886768,73.74571892995283],[-99.15194464877167,73.71296242236728],[-99.22705624664576,73.6961010045867],[-99.28853233487331,73.72223510482408],[-99.28122531289998,73.76676509640382],[-99.43069492305587,73.79967630856858],[-99.57353748084856,73.85313955636309],[-99.79628528379523,73.87918045303333],[-99.81463064628144,73.90092771848686],[-99.78430669310534,73.92382622057724],[-99.87017649861852,73.9441798083083],[-100.23042542496205,73.92909309457808],[-100.2960352002539,73.90190221513917],[-100.306857670592,73.87765491873438],[-100.28707045065644,73.8542343919042],[-100.23968538906892,73.83995396828776],[-100.1181612708534,73.8445556889386],[-99.95614585964385,73.87900168908448],[-99.90473766012884,73.87158683980522],[-99.89786579153501,73.84785463554662],[-99.91784714948838,73.83199728421116],[-100.06495944844453,73.78933652376188],[-100.34217129126074,73.81349100881299],[-100.53254228199475,73.87045704123555],[-100.9828095273572,73.81925195620383],[-101.03048916257133,73.79739924714964],[-101.0337133731047,73.75456362232163],[-101.10284863630423,73.74232811076878],[-101.08167387468635,73.7000652071314],[-100.91757247359854,73.66693057700526],[-100.89577823522768,73.63837586203526],[-100.65758212637144,73.59848222594394],[-100.57223146442479,73.55958558517239],[-100.60594062352865,73.51412976089173],[-100.48822967159028,73.42806910402737],[-100.55047993934008,73.41623174899654],[-100.60301280931971,73.43022046022789],[-100.68511024645066,73.47952152288937],[-100.83778471404544,73.53887563114095],[-100.90767563315809,73.60205135116995],[-100.9459349117206,73.6078608180072],[-101.21663031627172,73.6002867862906],[-101.33597537031591,73.56080920373486],[-101.46007945076109,73.55202827176286],[-101.5836964433875,73.51061165410194],[-101.61643159305419,73.48554447874685],[-101.48894207050017,73.43449862560907],[-101.37108673336323,73.408824078384],[-101.30884249140401,73.36947808712524],[-101.08336246252331,73.34168190231603],[-101.03671937646065,73.32763161720098],[-101.0002554933502,73.29087147440673],[-100.93014556828304,73.2773707545253],[-100.43702645589333,73.32143355422883],[-100.40497175024683,73.33422309531088],[-100.41939597550316,73.3612786474573],[-100.38261436696004,73.37765504725046],[-100.40222168515164,73.40284045597504],[-100.38156837724596,73.4136845951611],[-100.34387243103488,73.40768460091728],[-100.18183975763611,73.30723364226452],[-100.02657326853387,73.24407425765791],[-99.85651365659429,73.23096069485516],[-99.81201947190543,73.22001111046593],[-99.80781919982518,73.20466496881342],[-100.09607288212925,73.19616211661388],[-100.12776029515011,73.20398756332912],[-100.15062618888365,73.24109311351421],[-100.31417466134535,73.29025876822996],[-100.38979466196766,73.28488028245593],[-100.53931886820925,73.22964362101372],[-100.53129831170259,73.20406007141558],[-100.58288188642027,73.15989513518569],[-100.52208858325713,73.11684875072866],[-100.53650254248116,73.08728291336217],[-100.46931138601991,73.08053172337034],[-100.38762629917338,73.14091096760734],[-100.34067424021858,73.1421061422297],[-100.30157273429701,73.1105337052269],[-100.25710570024442,73.09966972713508],[-100.19393172696066,73.10636058401919],[-100.17889515941374,73.09475213179219],[-100.22514828270137,73.07128826673392],[-100.17701750296747,73.04842721466157],[-100.18138985029316,73.00203061886147],[-100.09242887331678,72.95793160007992],[-100.08072540736647,72.93763119308377],[-100.10641450417474,72.92492393474434],[-100.09176025063259,72.91503704760055],[-100.11645165943558,72.89896570702152],[-100.32449634081996,72.89199764302913],[-100.2482663892408,72.95058578983783],[-100.40076105333895,72.97076113811039],[-100.40899580733222,72.99800318170774],[-100.3269718293928,73.03780536133164],[-100.35004647282832,73.05615787915944],[-100.43290974609083,73.03856309261167],[-100.47226734648054,73.0134709766969],[-100.4937873792582,72.96833375822855],[-100.48144256981385,72.9086075084614],[-100.35920497915916,72.81218631809766],[-100.36299790290299,72.78635749359334],[-100.42135852455021,72.74874734901186],[-100.57244857414601,72.74985233752199],[-100.65745309378217,72.72518330695527],[-100.74234887943939,72.75555077195719],[-100.81026615149966,72.73303300019619],[-100.81843640286304,72.70356498739314],[-100.8780639251276,72.69151295878387],[-101.32005830256597,72.7163229320312],[-101.35174800983211,72.72397397955034],[-101.33472195168797,72.74164813125569],[-101.2694110377798,72.75399830333063],[-101.30422622468491,72.80447917080167],[-101.35147564753407,72.80652607183472],[-101.37137911593003,72.78014460704543],[-101.41735768142473,72.77872946025332],[-101.47359849020489,72.80614931830031],[-101.47286886048849,72.83717457222107],[-101.52752099228053,72.87499632151021],[-101.5466189734914,72.91227212482012],[-101.57409000798437,72.92342452443454],[-101.68242730617385,72.91485662403474],[-101.77094416723128,72.96356274849828],[-101.7680221393407,73.00327859056758],[-101.96811013621824,73.04830129111038],[-102.00761164245995,73.07451059029117],[-102.10070094051741,73.08516461548017],[-102.3305206168155,73.06870053167009],[-102.5276445738613,73.01705918372318],[-102.56683132161164,72.9846156627452],[-102.62031750411575,72.87418451322853],[-102.70100171011704,72.84365796129961],[-102.74422973628215,72.80758761817654],[-102.75202513159718,72.7710745629727]]],[[[-102.44601424215217,77.8147882366338],[-102.43538272770101,77.76794678828819],[-102.36430106747274,77.74112304169937],[-102.2311328442779,77.70067572274382],[-102.04330485029233,77.67507270602653],[-101.70676489176095,77.67968759100972],[-101.39703107753257,77.72374380222108],[-101.01525510951802,77.71851379360272],[-100.93989595138396,77.74353722606625],[-100.95624762649031,77.76173490327349],[-101.08863669768463,77.79085542697207],[-101.61164605871849,77.88190413963703],[-102.17149679252452,77.8804794992728],[-102.35258179356286,77.8608395196277],[-102.44601424215217,77.8147882366338]]],[[[-102.24787665214636,68.6848085914128],[-102.18867145689113,68.64902289955981],[-102.06950563769743,68.61927009782615],[-101.93794868233132,68.61082040989224],[-101.86483384609194,68.58951900872842],[-101.85377941520997,68.56910914528099],[-101.80057185647708,68.56598268552032],[-101.77686434654547,68.62951263240542],[-101.68151426965574,68.66111945489243],[-101.67940665497973,68.73422533272904],[-101.69167429265985,68.75978185858116],[-101.82377293799838,68.81531821343033],[-101.98106390172114,68.81070019448144],[-102.24787665214636,68.6848085914128]]],[[[-101.81945519885758,78.16910814803384],[-101.80962210875923,78.15090867406666],[-101.68424331138719,78.14532872158955],[-101.58321620159661,78.18618060587363],[-101.63997157783368,78.21674737592843],[-101.69060978768461,78.21893336547824],[-101.81945519885758,78.16910814803384]]],[[[-101.66681006571626,69.20535594531977],[-101.6610565555674,69.18650465922227],[-101.60614071461676,69.16602014947497],[-101.59556229119974,69.14735143120411],[-101.66572582157201,69.08909640038104],[-101.60161131814381,69.08638101588754],[-101.4781116609854,69.1292129021947],[-101.47240873883997,69.14331177510384],[-101.51168036026174,69.1765503789619],[-101.47040590573435,69.20244286521286],[-101.5017841984113,69.22551710506848],[-101.66681006571626,69.20535594531977]]],[[[-101.59225058169105,76.585846040875],[-101.58223558286181,76.56416238603096],[-101.5199960956491,76.555506569132],[-101.25626619627627,76.55168616246982],[-100.9930224560228,76.60008166863103],[-100.89751282594455,76.6343138239445],[-100.25718038187411,76.72043664641276],[-100.35977699643693,76.73864323925521],[-100.84234252194602,76.73022348021173],[-101.24629691480621,76.64499976991294],[-101.47667189028215,76.62090472742086],[-101.59225058169105,76.585846040875]]],[[[-101.42441151982881,79.04310859961699],[-101.41084722544551,79.0184225942693],[-101.35557635929835,79.01285574024608],[-101.31055972436316,79.02705939554993],[-101.31117371432806,79.04374110415037],[-101.36045981441971,79.0544084820938],[-101.42441151982881,79.04310859961699]]],[[[-101.41482706709792,75.52488759030462],[-101.34680549083478,75.507877374382],[-101.2572663454041,75.52214835395607],[-101.25593448607589,75.53578584181476],[-101.38841632035945,75.54253903162977],[-101.41482706709792,75.52488759030462]]],[[[-101.3229963287331,69.5530355824429],[-101.30094447756369,69.51221308651199],[-101.17093607763518,69.47347008627716],[-101.16259691842593,69.44435819425779],[-101.24325770963922,69.4328013590561],[-101.22393106499361,69.38317854011058],[-101.1348542385301,69.38115932537431],[-101.02967991436668,69.44548426570826],[-100.93662665268451,69.46604879721043],[-100.94632329418303,69.48300605702133],[-101.02598770061097,69.50283558777376],[-101.03806251531232,69.54577322294773],[-101.08669460253896,69.55962354884325],[-101.19367708428781,69.55246263466871],[-101.26611781258724,69.57938987003993],[-101.3229963287331,69.5530355824429]]],[[[-101.12701559501319,72.7445081630297],[-101.08501536923357,72.72337711838934],[-101.01463802252435,72.73744925355633],[-101.0903214611309,72.75586049642106],[-101.12701559501319,72.7445081630297]]],[[[-100.90330692296934,75.5393448913762],[-100.77206618775084,75.5340388664941],[-100.49113135364877,75.56594183473969],[-100.32942671387546,75.55248460942798],[-100.21145627014049,75.56525193633438],[-100.15507076583685,75.580023884081],[-100.14740951720734,75.59711289222443],[-100.15849801743747,75.61045616672543],[-100.34602246941643,75.61839900862358],[-100.80690450113184,75.57227206345536],[-100.87725569590307,75.56035952260773],[-100.90330692296934,75.5393448913762]]],[[[-100.87050529591586,72.90139610107059],[-100.78904266188036,72.90193348998267],[-100.76492684880556,72.91808058583561],[-100.82492680974826,72.9232835445888],[-100.87050529591586,72.90139610107059]]],[[[-100.80516490241662,70.31360890758003],[-100.78751556928061,70.2692403957343],[-100.73019359348758,70.24679737671056],[-100.69244557126373,70.25841131543329],[-100.69957893828604,70.30311173358194],[-100.78819469357965,70.326326290034],[-100.80516490241662,70.31360890758003]]],[[[-100.79386922303223,68.44059332242371],[-100.73408875141337,68.40961307668293],[-100.67111733072196,68.42222992328176],[-100.74955806952487,68.45249549610618],[-100.79386922303223,68.44059332242371]]],[[[-100.66036510482574,70.66567299920159],[-100.62493057069578,70.57513923332469],[-100.5948914635509,70.54149096941161],[-100.54013393525149,70.5120851148929],[-100.4524076851072,70.49397698164738],[-100.29582324816108,70.46917710833971],[-100.24686844132681,70.47925064505444],[-100.27150846967193,70.51484826689578],[-100.2295607709215,70.53328078729761],[-100.30321424889854,70.55705663556901],[-100.31292662651448,70.574097155771],[-100.13747258901152,70.57908899371043],[-100.17510944960993,70.60391798455171],[-100.32534155756638,70.60137899211523],[-100.40888567699925,70.64215471340758],[-100.57063412001474,70.68046917592258],[-100.61396712322788,70.68607180553302],[-100.66036510482574,70.66567299920159]]],[[[-100.64991243311945,72.8130656457989],[-100.63851484014184,72.79441416521414],[-100.478640261648,72.78497096061989],[-100.56986302531358,72.81688078605382],[-100.64991243311945,72.8130656457989]]],[[[-100.6031971334675,68.79408211348816],[-100.59927503696021,68.77857978828],[-100.53641351308225,68.77547130338591],[-100.40191393243443,68.79369495001725],[-100.40283997678726,68.71903483823831],[-100.3249422501334,68.71291648501857],[-100.29883615484077,68.7240981420123],[-100.28310624579234,68.7575091368516],[-100.22579406640357,68.77843390936705],[-100.1902151651458,68.81068791578184],[-100.13973717479531,68.88155408354282],[-100.34351032538177,69.02777996150967],[-100.45880179527448,69.02413472994587],[-100.55474249721,68.98294926040155],[-100.53399194550806,68.93849922699582],[-100.56444372290319,68.90634291299362],[-100.6031971334675,68.79408211348816]]],[[[-100.40819630280096,69.0742710057973],[-100.34941171149194,69.0519037877813],[-100.32167608447975,69.05794547775692],[-100.37625574656245,69.08220985597706],[-100.40819630280096,69.0742710057973]]],[[[-100.23377299202336,80.05399604663067],[-100.13057318330819,79.93411374830394],[-100.1648922578128,79.90720043876364],[-99.93457889072981,79.87753288385022],[-99.5787324057691,79.88074422983772],[-99.3178893197305,79.86263465611789],[-99.28225413147612,79.77392924220551],[-99.25700366765955,79.75778097613475],[-99.03397140644657,79.732412873474],[-98.8907614030101,79.69446530524401],[-98.73599445561462,79.70114557102214],[-98.72305237313529,79.71783794855146],[-98.75435936293631,79.75375494992555],[-98.7031613845285,79.82030047253049],[-98.70493234773329,79.87963311517493],[-98.74741424359927,79.92039475959709],[-98.72499795367054,79.96351475856345],[-98.74272892912602,79.98633849830064],[-98.92506342126022,80.08723873432321],[-99.39111996952367,80.12651135598085],[-99.50291029872392,80.16583943612088],[-99.74009895389311,80.16276241256682],[-100.2087551583885,80.09920113490764],[-100.23377299202336,80.05399604663067]]],[[[-100.22454087415808,69.03663903267791],[-100.16980348383755,68.98979036850878],[-100.04234161502676,68.9399293164914],[-99.96055836546991,68.9613715987661],[-99.95247740949081,68.98932630854576],[-100.03578417252932,69.05792803070314],[-100.09600992739168,69.14972783295107],[-100.1248718863076,69.14886762095934],[-100.14462476952566,69.10845749090228],[-100.22040496501829,69.05931361548242],[-100.22454087415808,69.03663903267791]]],[[[-100.16483140406962,70.40031535665095],[-100.16051694182865,70.38320383982429],[-100.0918723120132,70.37647775365905],[-100.05555878980701,70.41720455893665],[-100.16483140406962,70.40031535665095]]],[[[-100.13800580229385,76.69577063698331],[-100.01904756422701,76.69129849410739],[-100.01646265111782,76.70484473176009],[-100.1281421503599,76.70945950849789],[-100.13800580229385,76.69577063698331]]],[[[-100.13239724193447,68.31485867603129],[-100.08324216795994,68.28335459647947],[-100.04167951820254,68.2863889477373],[-100.06874883713142,68.3445731552397],[-100.12238175707323,68.33246872752142],[-100.13239724193447,68.31485867603129]]],[[[-100.05331137655597,76.74625182215867],[-99.92695323751006,76.7418761451643],[-99.93168610149854,76.75527904980234],[-99.99320934340899,76.76258722406553],[-100.05331137655597,76.74625182215867]]],[[[-100.02059273201647,75.60652702288435],[-99.88007262039761,75.61451932340239],[-99.88442698885227,75.62800214083775],[-99.9543713609111,75.6333873561164],[-100.02059273201647,75.60652702288435]]],[[[-99.88907954530067,69.0950779542792],[-99.80742427148589,69.09915256637655],[-99.84611579301136,69.12059343834112],[-99.87442489412507,69.11627956071425],[-99.88907954530067,69.0950779542792]]],[[[-99.83872422091527,76.72163934476892],[-99.82591414436264,76.70496270936626],[-99.58371919826651,76.6822859331763],[-99.5898433847449,76.6569046267823],[-99.52269852392209,76.65302758945678],[-99.43538177292119,76.67636743957036],[-99.44018408144508,76.69148363069966],[-99.53907609211721,76.7252321234277],[-99.83872422091527,76.72163934476892]]],[[[-99.57645869938693,69.03976569269045],[-99.46532695942018,68.96996745663468],[-99.46066989400929,68.92336633193324],[-99.44391916310738,68.91171123271621],[-99.32596889256628,68.8991754390252],[-99.27191887165563,68.8693471805132],[-99.1895576883496,68.86449690111542],[-99.07812417597361,68.8845948253437],[-99.0521780393991,68.90072959001242],[-99.08911405547302,68.9431255869154],[-98.94765129038039,68.96034843252914],[-98.85679751841275,68.93652460898753],[-98.8777210639323,68.89276143815742],[-98.84365553038084,68.8624456530215],[-98.67447446339892,68.79870057493851],[-98.58969166637677,68.80747284867591],[-98.55014573438895,68.79974046756654],[-98.5569739178358,68.78224535138543],[-98.53168869746098,68.77411128031623],[-98.3994303517412,68.78379748601614],[-98.37769591361548,68.79808034532924],[-98.39574949475374,68.85140548311075],[-98.33031248127122,68.86306095579918],[-98.23512447793242,68.83551889369075],[-98.23176084733277,68.81307792446223],[-98.2665464305027,68.78997873953627],[-98.26771931657268,68.76569127342405],[-98.12515293026284,68.7044325472429],[-98.02584430504929,68.70979914872866],[-97.80633985374878,68.67045068274764],[-97.57305453264398,68.58780240363066],[-97.36255735702034,68.56861965384795],[-97.19687159352092,68.52081821034872],[-97.12768918030004,68.53900404253737],[-97.1339475881641,68.60116025891823],[-97.05329103454216,68.60056426652714],[-96.96275362184022,68.54288854608427],[-96.57939905547958,68.47293190391024],[-96.31784132511521,68.5064877325378],[-96.12757390316217,68.5615999822356],[-96.00856997248563,68.63849870956142],[-95.91316207320436,68.62706122189823],[-95.84261400024803,68.63791094961113],[-95.82441804751299,68.65525015776613],[-95.81819947591113,68.72614348584244],[-95.77662846073116,68.75742790222931],[-95.63930994103812,68.7841184026315],[-95.56774183353605,68.78269605608133],[-95.53407055177972,68.77242997524631],[-95.53357120869912,68.75695539090329],[-95.57962353355445,68.7135470909267],[-95.5080630601026,68.70519183856457],[-95.43834706353137,68.76073568017554],[-95.25894044083606,68.85285929216032],[-95.25978857833299,68.89430268778867],[-95.29864452772702,68.91667073305447],[-95.39458356187532,68.91462337009142],[-95.62259483478896,68.84978581135958],[-95.68540270421893,68.86329865872911],[-95.70031972615108,68.8787898323597],[-95.69662612375707,68.90819109518598],[-95.8358848526241,68.90918113184202],[-95.86942286940376,69.01259560484205],[-95.98324866230622,69.06537797745302],[-95.95546544670714,69.09143719838927],[-95.98233643259269,69.14135304583841],[-95.96519022285752,69.18464602915226],[-96.00588936987305,69.218902321577],[-95.99228205069961,69.23620960323109],[-96.05097281800869,69.24105622616466],[-96.09348434342091,69.22169810908662],[-96.08624240583585,69.17691144403776],[-96.12222602504451,69.12830975275783],[-96.10939498787492,69.07655845513582],[-96.15690954358439,69.06064053644036],[-96.19735579956021,69.08970305857223],[-96.19246188602492,69.16921000012981],[-96.15865604644534,69.25233475757918],[-96.17010824813131,69.2781150185581],[-96.2208121314897,69.31049518651288],[-96.4106865626675,69.36762792091253],[-96.59880211108582,69.45559882870002],[-96.67784644435919,69.4599508987041],[-96.97637440271718,69.54295653473302],[-97.06888893022648,69.57974840023236],[-97.24974998253599,69.69310387321083],[-97.31832610359001,69.68527087411233],[-97.35482306125823,69.65715184362595],[-97.35425121992188,69.60883429609284],[-97.41696815570945,69.59413639703436],[-97.4858940216225,69.67248740038967],[-97.48737447077204,69.68461629712138],[-97.41002154631383,69.70294705616409],[-97.41268607640215,69.72536562249344],[-97.45619875284837,69.7557580039865],[-97.54406577988667,69.78207629262998],[-97.56748120832874,69.80933593467206],[-97.63881162375662,69.81864850954011],[-97.71063367297133,69.86925124965714],[-97.97724761332255,69.90976976609491],[-98.05758745743806,69.87725956179206],[-98.11407340436092,69.81936114585301],[-98.20584694803495,69.79862610848464],[-98.35921727030204,69.6956070502819],[-98.31665484272199,69.61528049588767],[-98.21693302931784,69.58088389962317],[-98.18086487723558,69.53835170290499],[-98.07595811267257,69.49707063288312],[-98.01990547169133,69.4514605166545],[-98.08249786252806,69.44167645240667],[-98.30516989451304,69.54290670834602],[-98.49169067615331,69.59449636022808],[-98.57542635280707,69.59277919834919],[-98.60310964676304,69.58013193817163],[-98.59838050490846,69.55258536770403],[-98.5108679586267,69.50251313683235],[-98.5921663247994,69.48700530000274],[-98.61708192486873,69.4605813740134],[-98.61295804724668,69.43651870175846],[-98.55941379438444,69.4099896861398],[-98.45863915208936,69.39473142928658],[-98.44703972560538,69.38464476607416],[-98.49817967863517,69.36627315592365],[-98.4061848006326,69.34398769656548],[-98.4278626110211,69.32622374402209],[-98.67882030507508,69.30540158443333],[-98.72004385782922,69.28901633942397],[-98.70117825925074,69.2375119792188],[-98.72654278380912,69.21445449407553],[-98.79591466832841,69.19391966545173],[-98.9184422549769,69.1980549179551],[-99.03821801434584,69.16241016159142],[-99.26471334177117,69.17589519316239],[-99.44572307662233,69.15742936621338],[-99.57645869938693,69.03976569269045]]],[[[-99.44784018525341,73.9121306338152],[-99.44290658865327,73.89346440588979],[-99.40818094153767,73.87876844287095],[-99.24187424573832,73.8530027444762],[-98.95142549738851,73.84653927948067],[-98.82331901746264,73.82315211479087],[-98.7585328708825,73.83457583195322],[-98.76111556405901,73.87377577752663],[-98.73814317816579,73.88100152452634],[-98.5888903493835,73.84428677297508],[-98.48485756043709,73.8459898883023],[-98.22133415289503,73.879120622063],[-98.0423793303762,73.94140595832592],[-97.83809874671283,73.97148168472748],[-97.74970913268476,73.9981824418657],[-97.71682409815149,74.02251190756486],[-97.69373804810043,74.07052429776209],[-97.70483613102286,74.09928955796973],[-97.79481620338153,74.1169577436987],[-98.28695351723199,74.08617221936758],[-98.46666311122517,74.05274633580713],[-98.76791991515962,74.0392179197974],[-98.86087749895465,74.01203093089435],[-99.0116040888177,73.99567102082742],[-99.03879263289502,73.97978768793787],[-99.03221532587897,73.95259764671157],[-99.0785069076898,73.93981196163648],[-99.23260795351673,73.93861760496692],[-99.44784018525341,73.9121306338152]]],[[[-99.37209530936886,76.61509875971853],[-99.25400482873508,76.61020786727727],[-99.20690137417976,76.62283953483086],[-99.34725217771387,76.62900382586379],[-99.37209530936886,76.61509875971853]]],[[[-99.22512805492906,80.18548077940929],[-99.09227585723464,80.15045221223896],[-98.84073417302662,80.17765766258225],[-99.00042058992858,80.22061351284181],[-99.22512805492906,80.18548077940929]]],[[[-99.14730968976967,73.81893186369261],[-99.1443881610496,73.8070531249229],[-99.08192006574944,73.80140379533093],[-98.93598679495607,73.80583308604818],[-98.93955436744105,73.82106986005124],[-99.00204681497068,73.82675775392939],[-99.14730968976967,73.81893186369261]]],[[[-99.14153628432412,68.46046040431713],[-99.06423238342039,68.42432784019753],[-99.0196557380621,68.43752294026073],[-99.11669714182983,68.47844949544738],[-99.14153628432412,68.46046040431713]]],[[[-99.09424075275554,76.66166971487758],[-99.08933128963687,76.6449333155539],[-99.00608290715122,76.6343525785505],[-98.96518434179359,76.64513317464086],[-99.09424075275554,76.66166971487758]]],[[[-99.07475818954565,68.37898666678133],[-99.05227636834665,68.35875594941776],[-99.00720520386312,68.3685489335838],[-99.03952867745176,68.39205186953681],[-99.07475818954565,68.37898666678133]]],[[[-99.06160894529762,68.04841537993357],[-99.04762581821211,68.02279383992986],[-99.02353646026876,68.01646392777457],[-98.96010816156758,68.02496297026275],[-98.95553939648173,68.05104461427189],[-98.97010111102033,68.08183079920052],[-98.9997929979443,68.09154218282526],[-99.03616269857207,68.087221842501],[-99.06160894529762,68.04841537993357]]],[[[-99.01594159836465,71.32915226879541],[-99.01061242588797,71.3034621877988],[-98.97733092716176,71.29902616571493],[-98.93046244010395,71.30514951799319],[-98.91733368926766,71.32094129793674],[-98.9623799376046,71.35608207077532],[-99.00350870596516,71.3466762148026],[-99.01594159836465,71.32915226879541]]],[[[-98.853713109651,68.40511164576976],[-98.82874788955183,68.39710769327695],[-98.76564108279543,68.41242231823652],[-98.84685986711438,68.41912560871313],[-98.853713109651,68.40511164576976]]],[[[-98.76900654044137,74.31710231505052],[-98.62121443868364,74.30428567391122],[-98.54661482925064,74.30885167763948],[-98.54321799357088,74.32253604579024],[-98.72149113383449,74.32989683347154],[-98.76900654044137,74.31710231505052]]],[[[-98.70977097537951,68.21974780199514],[-98.70604420012117,68.19729414532907],[-98.68133328590793,68.18917436809656],[-98.63782666776822,68.20742931409784],[-98.66367500375036,68.22245752926722],[-98.70977097537951,68.21974780199514]]],[[[-98.49036504427725,78.77285091639708],[-98.48345467211104,78.74970059890245],[-98.44067183008974,78.72021049719369],[-98.45571881532308,78.68509631859537],[-98.34489336127677,78.62316314118438],[-98.18782994954158,78.57329800920286],[-98.18022876081537,78.5450622900903],[-98.41238648481475,78.53586567181722],[-98.45838287917448,78.52033538846462],[-98.42444805655435,78.4907900323717],[-98.4224083857728,78.45412638884314],[-98.17714047460062,78.40850010322278],[-98.19787308151497,78.393349583479],[-98.19212018746713,78.37172517052882],[-98.10916681132593,78.33758654983214],[-98.13687677762562,78.31729113678965],[-97.9011219638713,78.26138664609704],[-98.0683136784805,78.24296044612963],[-98.0401595915969,78.22822178693308],[-97.76506982993637,78.2059684923884],[-97.42140658770182,78.20069594145917],[-96.95386011289851,78.1359905666763],[-96.93496855618822,78.12108990901636],[-96.96403503879053,78.1008696693446],[-97.03461689280897,78.0870216909603],[-97.73013817093981,78.08617186357772],[-97.76017104471943,78.07591351488898],[-97.76188400970929,78.0491874206327],[-97.86232146858782,78.02976688210977],[-97.79462782817464,78.01547231268604],[-97.6429017946571,78.02021450953148],[-97.48122246812098,77.97661279218539],[-97.12509364855593,77.91433778902422],[-97.11483234244561,77.89944915652232],[-97.20040634557675,77.84362295832348],[-97.14733053669895,77.81391299895279],[-96.9006069359534,77.80575079244122],[-96.77903383900096,77.83999461658881],[-96.6528795272411,77.84578654011524],[-96.62206666935224,77.85265487480686],[-96.68270806838758,77.88907666124265],[-96.5901375486019,77.91128185475961],[-96.54231459745638,77.90995591342077],[-96.48196586249293,77.87689764812997],[-96.34594661555731,77.8675560217674],[-96.0787858031802,77.90220139063906],[-95.88004528940726,77.90965157879204],[-95.55624532443166,77.9657313818387],[-95.24370321528174,77.9545982591666],[-94.9977252141806,78.07665033726153],[-94.98172805711718,78.10173801236509],[-95.08001645187622,78.15660337948142],[-95.29388325103206,78.2196998041723],[-95.45790504592277,78.23441149456715],[-95.45038423068804,78.24935057798007],[-95.3361222624096,78.2612926796384],[-95.26384578667165,78.29133969120653],[-95.25643018944709,78.31630253902684],[-94.93617808154256,78.34989519918221],[-94.92809199846825,78.37492876031443],[-95.6479042560199,78.51682459566328],[-96.01446384714464,78.5057089383866],[-96.24219813847442,78.52303166701114],[-96.34697147493671,78.5591637937924],[-96.3097640538575,78.59923462899579],[-96.312983388541,78.62580788942746],[-96.45828051776499,78.6399815254761],[-96.69596400296625,78.70521525169333],[-96.9349896237393,78.71365460369695],[-97.27653010532028,78.76606767647831],[-97.83558867343179,78.81945933422291],[-98.38154588087112,78.81066862893213],[-98.44689571888745,78.79993061812506],[-98.49036504427725,78.77285091639708]]],[[[-98.38454514009875,74.74029095904436],[-98.37545433901832,74.726820167437],[-98.31600704501061,74.72089250560803],[-98.19212688958169,74.74651601702543],[-98.27228962723068,74.75897974764254],[-98.38454514009875,74.74029095904436]]],[[[-98.03124134618643,76.5448453021551],[-97.79094597965312,76.53913664039786],[-97.79367559002536,76.5525857480319],[-98.00635394633046,76.56365135972752],[-98.03124134618643,76.5448453021551]]],[[[-97.99861731912361,67.8258332130923],[-97.95601350833542,67.81629403641872],[-97.90709796057922,67.82754797520766],[-97.94065404864678,67.83902359909072],[-97.99861731912361,67.8258332130923]]],[[[-97.9498430514925,67.87348485070908],[-97.88642203014295,67.8815842933116],[-97.9041694649903,67.91247116143649],[-97.94067821424748,67.91004245407436],[-97.9498430514925,67.87348485070908]]],[[[-97.87287154584594,67.79404265633477],[-97.87010717541622,67.77234668770382],[-97.83330306259339,67.77698069337404],[-97.83469861136564,67.80181329584327],[-97.87287154584594,67.79404265633477]]],[[[-97.78731531520783,74.50699744491533],[-97.68653326005327,74.47584756212646],[-97.4679065198252,74.50226644014063],[-97.30515047796948,74.56353321364881],[-97.27690390065398,74.58931047889614],[-97.27966462201825,74.60805035892687],[-97.37274988414785,74.62910001197508],[-97.51885120600666,74.62068776664906],[-97.57910277612787,74.59623588785611],[-97.6233967553178,74.55490283179383],[-97.74206387048875,74.53986159764027],[-97.78446558318299,74.52744784199734],[-97.78731531520783,74.50699744491533]]],[[[-97.63660804139667,75.43239436015112],[-97.62716188702076,75.41560446265069],[-97.53467019447983,75.42674208975988],[-97.53931893118914,75.4537948874754],[-97.58107984168615,75.46011461949038],[-97.62011574031793,75.45290775670931],[-97.63660804139667,75.43239436015112]]],[[[-97.61926823045974,75.3343520657527],[-97.54264603681085,75.31649037639589],[-97.47804621209164,75.32911932000573],[-97.55464175243789,75.3469116566841],[-97.61926823045974,75.3343520657527]]],[[[-97.55114713774594,67.6847992313451],[-97.53461362890472,67.65912054284983],[-97.46552766365745,67.65155652020955],[-97.33306345490104,67.69175304454551],[-97.32971997198973,67.70389836118179],[-97.37447289072546,67.73784176784399],[-97.43015170390922,67.74565672106816],[-97.43655309989853,67.71960960259017],[-97.53530179346562,67.70583741302862],[-97.55114713774594,67.6847992313451]]],[[[-97.51140009194144,76.9879058438903],[-97.35902975248504,76.9707797298292],[-97.2462567838877,77.00878368541122],[-97.24128560588657,77.023964990157],[-97.45140020193816,77.02709223293881],[-97.50138020955626,77.01488375020764],[-97.51140009194144,76.9879058438903]]],[[[-97.49520465352299,69.95192414721821],[-97.4449030531413,69.911247569854],[-97.35533452810927,69.91940715611683],[-97.36468264562902,69.95552458276747],[-97.3862093200089,69.96727497540985],[-97.49520465352299,69.95192414721821]]],[[[-97.32097987804231,69.88188396021457],[-97.24009372550519,69.87606941235047],[-97.24183260138248,69.89159372896472],[-97.28816803743116,69.90137097576252],[-97.31749768856571,69.89573171163076],[-97.32097987804231,69.88188396021457]]],[[[-97.2996165953518,76.58781489717558],[-97.22636834144515,76.58515191262111],[-97.16465853896592,76.60589471680495],[-97.16655347742176,76.61764006807664],[-97.28279589260084,76.61661297996757],[-97.2996165953518,76.58781489717558]]],[[[-97.27635757764774,73.93048315691965],[-97.17101297614528,73.92641232699931],[-97.17286771008766,73.9401195835831],[-97.25366130837573,73.94436405161252],[-97.27635757764774,73.93048315691965]]],[[[-97.27035883267989,73.88790208475037],[-97.17058002269115,73.87704571072447],[-97.17263802943022,73.89230006136115],[-97.22291250968931,73.900320944293],[-97.27035883267989,73.88790208475037]]],[[[-97.26252208048538,76.8422869455129],[-97.25994028508741,76.82715455990454],[-97.22819914751436,76.8139806502145],[-97.16762928860486,76.80436652358928],[-97.10211067516879,76.81002799065828],[-97.0903845613383,76.83030250223955],[-97.18300577816098,76.85472309056584],[-97.26252208048538,76.8422869455129]]],[[[-97.25580133506678,73.29743740715904],[-97.16013808343827,73.29337616529477],[-97.18679349870577,73.31532460296845],[-97.22251288519497,73.31657786360174],[-97.25580133506678,73.29743740715904]]],[[[-97.23617986479631,75.50925022664478],[-97.23264745357996,75.49248221772596],[-97.16594711693666,75.50250321242457],[-97.13142513099845,75.51455231043418],[-97.12981493557655,75.52968667832906],[-97.20297276449247,75.53068492050326],[-97.23617986479631,75.50925022664478]]],[[[-97.20167959963307,75.31664426415017],[-97.16997222585469,75.28305217861354],[-97.19606714303758,75.23362328990655],[-97.13373152901318,75.21721794828545],[-97.05350458042311,75.26207199122528],[-97.09700102474815,75.33280511697083],[-97.12473396795713,75.33941797159966],[-97.20167959963307,75.31664426415017]]],[[[-97.11808608694864,76.95610636555294],[-97.0708615782531,76.94134706310048],[-96.9476171365723,76.96077446334056],[-97.00947505647153,76.97543723238527],[-97.11808608694864,76.95610636555294]]],[[[-97.11090391385257,73.04775295332357],[-97.01389103755787,72.9717795721668],[-96.8696554568111,72.93552899219279],[-96.7476410060251,72.94012546314049],[-96.64514746984867,72.96327867833992],[-96.61841751285212,72.98913143599428],[-96.61073359693208,73.02849991995134],[-96.56685277019649,73.05967874690712],[-96.62186056521777,73.14127483180339],[-96.79201791710355,73.13632866914317],[-96.77756429993948,73.16553851678273],[-96.85582416242872,73.17849226891374],[-97.04494950299375,73.13051048074044],[-97.10869623450698,73.07513509662164],[-97.11090391385257,73.04775295332357]]],[[[-97.10231458332383,73.25981265770284],[-97.02125245014895,73.22819957442744],[-96.88062238331781,73.2415100434107],[-96.99734142795597,73.27628216944562],[-97.10231458332383,73.25981265770284]]],[[[-97.09063254851871,71.26782393641062],[-96.98911348141405,71.26897376137754],[-97.06498030241197,71.2784797803262],[-97.09063254851871,71.26782393641062]]],[[[-97.05160940326495,75.48741154187599],[-97.04395710087148,75.43329472802745],[-97.02173879066262,75.41822450486595],[-96.92219013066057,75.37671714215492],[-96.84109803626862,75.37232981602912],[-96.71775021546505,75.40888523398537],[-96.71434617706355,75.43428858718602],[-96.58244364894014,75.46234240141565],[-96.5845323375884,75.48092539638816],[-96.62128555654044,75.50612232062959],[-96.55357822177061,75.56580353309366],[-96.43655991556936,75.55133083513593],[-96.40582693866237,75.51596926939428],[-96.29296507333167,75.46755337629594],[-96.05312257855552,75.50612892910746],[-96.00122701215246,75.535168027011],[-95.97040754444895,75.57753730673515],[-96.07584383247344,75.61771691526634],[-96.26899258742465,75.64374178259656],[-96.36731090970406,75.67355642640398],[-96.47661214874223,75.67286570070185],[-96.51574421947633,75.65402555176526],[-96.49806802995619,75.61860153014601],[-96.51655743391717,75.6016086574328],[-96.96862670040241,75.52370561251053],[-97.05160940326495,75.48741154187599]]],[[[-97.05111540823172,75.62615724756265],[-97.04894896180812,75.61101399497166],[-96.94102388922059,75.61870793983046],[-96.7823469889148,75.65715616334928],[-96.77085237975939,75.67582705584071],[-96.84737567021033,75.6837081830589],[-97.05111540823172,75.62615724756265]]],[[[-97.03911595678696,71.72548374581876],[-96.92337790908235,71.71647352447569],[-96.84934187892152,71.7429670717508],[-96.85129055791299,71.76180820541376],[-97.03911595678696,71.72548374581876]]],[[[-97.0022356072226,76.73513372706974],[-96.88189697268129,76.71417347052908],[-96.65413695481693,76.70736065378618],[-96.56394107718695,76.68776652168094],[-96.46314874094207,76.637964309314],[-96.37543901834051,76.635070244526],[-96.3291221216272,76.61181882623936],[-96.10891731284788,76.58603382971654],[-96.01215082517552,76.557846260294],[-95.71846473869206,76.61113065203774],[-95.68132280276477,76.59949768680295],[-95.6950029980655,76.58258093264946],[-95.80849258370594,76.54520761618103],[-95.87258654318914,76.52979308911364],[-96.0461601974567,76.53076163794562],[-96.13836292102302,76.510122066312],[-96.03906359828993,76.44656127175682],[-95.81967881750072,76.39528520744256],[-95.48867527961757,76.35922712859758],[-95.3174881379796,76.3680545169825],[-94.93096362398404,76.34156434121014],[-94.95244120995454,76.3213349836838],[-95.15204686141868,76.32285619706406],[-95.4287186189273,76.29368118241648],[-95.41221578570239,76.24320079231555],[-95.38359000148733,76.23652157624188],[-95.12152772964505,76.23184194187627],[-94.79543869966773,76.29612417288851],[-94.05734907090219,76.2562635239867],[-93.90044998545986,76.2659400450777],[-93.77351643814414,76.25532452339553],[-93.7305160665171,76.25857401907442],[-93.73617861451997,76.28053212399081],[-93.83491515217773,76.2960069247436],[-93.85511668879079,76.31297491849449],[-93.84716190867019,76.32472169722872],[-93.71880528128433,76.32765028062595],[-93.68443073679323,76.30890612312889],[-93.59858249755591,76.31365923010145],[-93.56109336316398,76.33532884122371],[-93.43060954906124,76.36004028882728],[-93.1597006511073,76.35178625292174],[-93.09572556297155,76.2872936363394],[-92.92074423394459,76.2051802330656],[-92.90277157703221,76.1797720212027],[-92.71369281121353,76.11590134881901],[-92.7175868972224,76.08721670223203],[-92.74789049426772,76.07061963730231],[-92.75103968950853,76.04696544017881],[-92.6644365281911,76.0142205817461],[-92.58816598406291,75.96116605160981],[-92.24714570281489,75.87533048857416],[-92.19998183631087,75.82582027728964],[-92.20334585637322,75.80556496669217],[-92.24997646266395,75.7722090017501],[-92.24914637074913,75.73666498666827],[-92.11317476196328,75.68791561130766],[-92.15620298076162,75.63593187444498],[-92.15874205613693,75.62070484430505],[-92.13294775415194,75.61195110268889],[-92.16492715297805,75.58348664574581],[-92.27043586730008,75.5609027378716],[-92.38711454938547,75.50786288961869],[-92.48802206620077,75.41903264414194],[-92.4989492606945,75.39031567430123],[-92.4702090899804,75.35616923429149],[-92.53386591964356,75.33307764720324],[-92.56690934273134,75.28764526382537],[-92.49725545645008,75.21406115621404],[-92.3975693187427,75.16907983883839],[-92.32048320624614,75.1530358766814],[-92.25104173336588,75.17268210230422],[-92.17163018059928,75.17185576701678],[-92.1535199008636,75.16144058887333],[-92.17734056320616,75.13627550759624],[-92.16593795765814,75.12602154593989],[-92.06262944287408,75.11132821351428],[-92.04550412164102,75.09584591609206],[-92.10841103919,75.0727404118454],[-92.23942765610468,75.07757373672224],[-92.29619178805775,75.05100971440483],[-92.26907920155465,75.0150751781389],[-92.15351656626332,74.95618977772095],[-92.090915467408,74.89945071496524],[-92.15054334526658,74.85255466725388],[-92.16047246776472,74.78979059397898],[-91.81198777516431,74.74667707761273],[-91.72559991112293,74.72347100035019],[-91.68502833781385,74.69910565211158],[-91.71601321391378,74.6706676593898],[-91.66069517578146,74.65634872809808],[-91.45006923275386,74.65005562042491],[-91.40872189489954,74.66307946387471],[-91.36211762632057,74.70323356056187],[-91.29977256243775,74.6921760475455],[-91.29574782406925,74.68014549445846],[-91.326311997253,74.65682148548485],[-91.31646330287477,74.64307066662943],[-91.27418726630323,74.63056869020268],[-91.16275726791375,74.64078938612191],[-91.16956007003041,74.66811016022676],[-91.23356253348113,74.70136292032885],[-91.24415639851529,74.74233403324158],[-91.23401522996195,74.75923324769069],[-91.04816269171876,74.78018008316187],[-91.00112516163445,74.81689818430175],[-90.81658289302621,74.8819480468679],[-90.7753227663166,74.86422261009253],[-90.89717732524267,74.76082657263233],[-91.04106291667328,74.72564724449849],[-91.04409579894391,74.71208863142876],[-90.99726048936496,74.69094039648213],[-90.95777643938656,74.69375989256827],[-90.82585499565592,74.73408050954377],[-90.79479292038289,74.72848538371404],[-90.65804788550489,74.62914590435652],[-90.58594918340086,74.60918442371204],[-90.3253701601279,74.59936425205366],[-90.18194012907696,74.5608414612579],[-90.09251740202453,74.58289664179388],[-89.99047103012629,74.56305086962067],[-89.64512242034135,74.55419508054109],[-89.40987386519203,74.59054398227394],[-89.26902945291197,74.58577580426864],[-89.16727678139395,74.60968283079235],[-89.15449566395569,74.62329599178284],[-89.15572557701668,74.67598033850338],[-89.2468565247582,74.7251069129414],[-89.24762403833584,74.75402915171915],[-89.09900048128802,74.75592326217922],[-89.04793872310675,74.80179925689455],[-89.08050093249231,74.82211274141397],[-89.0743101946611,74.83405433857611],[-89.03521954312421,74.84257782303092],[-88.95072976569081,74.83073866251469],[-88.92473537576957,74.7695611018191],[-88.93070416714752,74.7033228033562],[-88.87271854632017,74.67615667604636],[-88.83397988493404,74.67956382200305],[-88.76285138157,74.75765358531378],[-88.7628822186294,74.78821107362371],[-88.72362466615601,74.8578789563356],[-88.6843911069334,74.86798537042053],[-88.61971050433984,74.8527083201282],[-88.59342546787246,74.866222513471],[-88.5925735077997,74.91038837293065],[-88.53402762499981,74.91370852318356],[-88.49623806110908,74.84234522136214],[-88.42587644549512,74.7981105481822],[-88.42652841109097,74.76919364398628],[-88.61612450101133,74.62671790866288],[-88.62921346372016,74.60129809360465],[-88.59807859996305,74.54513337782899],[-88.56641354246968,74.5280960027328],[-88.4204176271809,74.504087404833],[-88.33148500539677,74.50386645399415],[-88.2412010409238,74.52917588235711],[-88.19678694250885,74.52566834175555],[-88.19112675655663,74.50865085940252],[-88.159693745841,74.50002683826844],[-87.94984711319536,74.49250380085742],[-87.81472865850907,74.51746424274462],[-87.74052644050337,74.48480358791701],[-87.64524309480757,74.48267354983872],[-87.50470505675402,74.49380171656865],[-87.40424091756293,74.55273342569214],[-87.3583905098907,74.56270632759511],[-87.34167245653805,74.53535464139578],[-87.35761697582875,74.50145044871726],[-87.31416650767565,74.48921998540378],[-87.20058648902716,74.47829636931755],[-87.00133644829232,74.49893149501173],[-86.72996604592679,74.47794959488492],[-86.65853140684713,74.49085271548022],[-86.78537068194596,74.54643665344166],[-86.82663110796192,74.57741819783216],[-86.82360031926706,74.60124342446773],[-86.78356916266844,74.61451192279291],[-86.7496628091228,74.57674338746908],[-86.61506048033526,74.5313003410152],[-86.42077862243252,74.50558538923242],[-86.250234618347,74.53954027260332],[-86.2285313389838,74.55457724263287],[-86.26314018165918,74.58051212098496],[-86.23980473383072,74.60746901583549],[-86.20636833279936,74.61558954308131],[-86.16835615364063,74.61174563000623],[-86.16668898903534,74.58279035863627],[-86.13091958738622,74.56539030653994],[-86.12696047872,74.5517098596333],[-86.15759301650921,74.5180673693331],[-86.04070973084809,74.49290687326986],[-85.54107379597585,74.54089424765871],[-85.51502964670745,74.5763278091386],[-85.6042278802877,74.64562596381543],[-85.60625391878138,74.66776560220264],[-85.54478323147522,74.68561935125605],[-85.50165360360862,74.67653135225943],[-85.4146111995186,74.59701816618126],[-85.42235096216251,74.5596738342505],[-85.39444142539303,74.53877907701121],[-85.25950215308113,74.5129380401025],[-85.15562967959536,74.52164613761884],[-85.07091836159442,74.55769674809638],[-85.06453562632089,74.58659051943856],[-85.12414960213732,74.63522170895746],[-85.1206076064895,74.6521248604958],[-85.02235953151018,74.68807610866244],[-84.94136780645601,74.67649627980798],[-84.97551657855419,74.63967755326395],[-84.97224666962026,74.56976301563688],[-84.96645839992388,74.53898382673388],[-84.92401560038049,74.52978468465847],[-84.66488593332635,74.54414608876677],[-84.27214479142326,74.53009931684772],[-83.52506434495629,74.5878043040868],[-83.42728227042879,74.67260636275088],[-83.35779112893164,74.70683396175325],[-83.33953668291669,74.76265266347298],[-83.53985534277983,74.88820012827624],[-83.48606799373455,74.91252801092678],[-83.4218071169689,74.90941938776163],[-83.28465392427384,74.85011258358158],[-83.13046494724794,74.84304723743483],[-83.08165714518455,74.79583317725742],[-83.1329820917105,74.77835681446896],[-83.1514925601806,74.72419281607604],[-83.13961869560406,74.70178379441082],[-83.09204801690316,74.65283283937724],[-82.98107955428232,74.60059938416335],[-82.74787953348473,74.55210888279721],[-82.63467735010924,74.54574086387224],[-82.5067467161342,74.56283158801527],[-82.41807063748152,74.6100004624094],[-82.3950285997936,74.60260585755522],[-82.43421277050612,74.55063296918524],[-82.41124436319961,74.54323806173768],[-82.2499728205623,74.54560110310165],[-81.79154958665762,74.49134568800217],[-81.52317623814801,74.53456698698594],[-81.37546695213896,74.57788357734985],[-81.07440955881886,74.61616866067152],[-80.91336295849008,74.6159275655837],[-80.61420355014073,74.58007936260354],[-80.28624581274266,74.61650630045241],[-80.20030654352364,74.65798549313094],[-80.27549065271043,74.68810005125933],[-80.22599335474368,74.70867751189262],[-80.2217385897739,74.72905898492903],[-80.25836763918491,74.75956807087127],[-80.21938849448391,74.8095168259699],[-80.22428884232149,74.82515386868143],[-80.24117322156879,74.84291214222567],[-80.42283686851815,74.88529465021233],[-80.45132054491897,74.90677520400673],[-80.44023040219855,74.92867150985337],[-80.36654629643084,74.93121974791143],[-80.11231893171721,74.87592824866981],[-80.06780974853649,74.84864352296232],[-79.91715897807153,74.83623004317501],[-79.47138323062006,74.89314951716364],[-79.42719999307192,74.90168367923069],[-79.41269608817623,74.92684476700002],[-79.51810660001023,74.96180670314453],[-79.54545531228369,74.98347346207697],[-79.55067241677374,75.0214181497196],[-79.60976571163015,75.04590213307326],[-80.0232258500794,75.01834984198611],[-80.03952276033637,75.00010755256382],[-80.27329306011096,74.97083259812699],[-80.30952077976957,74.97719204683294],[-80.30328490273017,74.98897960227683],[-80.36260398405679,75.04071164973313],[-80.04305082563197,75.11674004728938],[-79.95472260097637,75.15632812808443],[-79.61119950369611,75.2311170197585],[-79.56343064215407,75.26692613325024],[-79.47057599348244,75.29945824695108],[-79.47674378165348,75.31165470414668],[-79.55338769216497,75.31967381724701],[-79.53404385811066,75.39944210432074],[-79.65806520853842,75.44338015231982],[-79.62715117434317,75.47307245628663],[-79.83148584793811,75.49751346600496],[-80.19715436337853,75.47794989625986],[-80.3978825594661,75.48472199103405],[-80.38992615767798,75.49981960680104],[-79.95085283108631,75.56502404331538],[-80.050629744131,75.58222658233217],[-80.06566876073478,75.60488977378576],[-80.17214128742994,75.63593354529837],[-80.2949338428463,75.65034785479457],[-80.60475334102617,75.66390129433444],[-80.8913754359843,75.64233758316746],[-81.25666571120696,75.6688326912423],[-81.27962646714793,75.67799172878868],[-81.26914500172327,75.6998451616179],[-81.10902023460129,75.74448258743533],[-81.16992056711746,75.7752403054706],[-81.53003684380619,75.81974241509576],[-82.40551378433564,75.85162515357315],[-82.69356163191031,75.82636573972373],[-83.05742773901045,75.76177940613131],[-83.37868616575925,75.7501313574241],[-83.5421553107997,75.79766464008146],[-83.69675085683026,75.81098982223429],[-83.70373639923372,75.8314164847982],[-83.89606641487407,75.83689928782889],[-83.97591526373543,75.82482229963742],[-83.98389377423457,75.79956209796066],[-84.17380625390271,75.78784381054524],[-84.35136553003892,75.72324049665544],[-84.65462528145582,75.69446093069764],[-84.61330774474774,75.66998262564276],[-84.5267723808843,75.66011289875016],[-84.49113296096661,75.64085492869759],[-84.52760163896909,75.63301094762109],[-85.0181735669238,75.69505635172978],[-85.1770971088734,75.66005605412724],[-85.29486083299591,75.5922490078901],[-85.35927603104113,75.57960595233516],[-85.63980474581703,75.60538933399125],[-85.75466424956802,75.57460682721155],[-86.0378458951218,75.5507620500921],[-86.13390864254076,75.50607699475574],[-85.72845222549127,75.43191700804469],[-86.20870234340411,75.42046642526932],[-86.54673951580904,75.36442873280814],[-86.61396879590123,75.36336033568722],[-86.61826444811732,75.38034314607711],[-86.46601525105369,75.41283852195438],[-86.43598246433187,75.43287430001796],[-86.44607425019235,75.45506050322486],[-86.93113371333848,75.51850988799754],[-87.27241102478865,75.62744803088356],[-87.38282469023953,75.61288732190611],[-87.5033908665868,75.55771768121707],[-87.42635404148528,75.50653227284127],[-87.42930501033304,75.47436630891335],[-87.59321795378692,75.45321221560849],[-87.64647024324752,75.46190373832933],[-87.55608066920159,75.49193424302044],[-87.64191107817913,75.52116795856494],[-87.65279337240074,75.55506713438855],[-87.71926576135405,75.57735425721599],[-87.90994371163734,75.56798343210272],[-87.99319165798919,75.53783600699263],[-88.28624514818199,75.48956616167439],[-88.31969378375116,75.49813524106729],[-88.31926340721235,75.51163947384747],[-88.22332072537998,75.54191244895408],[-88.37763155489523,75.60316328140846],[-88.60125948590618,75.66605289818216],[-88.72415594217341,75.68140802781465],[-88.92212857835892,75.62897458539113],[-88.8133547536987,75.573178720684],[-88.83353845434964,75.56305433826685],[-88.83382858365106,75.54104185258923],[-88.79332385776502,75.46485691903375],[-88.83382540387687,75.43771264127521],[-88.9484794040722,75.46142849810057],[-88.9621992852957,75.4851274505507],[-89.12447235511537,75.50367865753373],[-89.1522030379695,75.54080420186696],[-89.19341099453685,75.56281719453703],[-89.19398036177891,75.58483564265806],[-89.24204735717473,75.60336372381717],[-89.41214393468398,75.59796077175807],[-89.67556426329361,75.56339088626676],[-89.67625780452968,75.5769800768314],[-89.61579938763158,75.59403660672817],[-89.67805565245747,75.61076812573437],[-89.62421602649073,75.62615093012563],[-89.46087032664056,75.62830863765424],[-89.3115084666558,75.654016757041],[-89.25789666574266,75.68282026767606],[-89.25154506225694,75.7132679072816],[-89.1985160927962,75.78269050873747],[-89.17126925461564,75.7928623583686],[-89.53313481914573,75.8783218640054],[-89.65703108031353,75.86110207857348],[-89.66966557350291,75.8374015150378],[-89.73690157699006,75.81016472576304],[-89.8127638660046,75.80820272342154],[-89.81465930427458,75.83688692737665],[-89.70039728090312,75.89810040431522],[-89.68774066698235,75.9151085381728],[-89.69556010550355,75.93531675116242],[-89.89959095857995,75.96839289657265],[-89.91458839979245,75.98691099635742],[-89.98537175217437,75.99670689544463],[-89.97281313554458,76.01534368179786],[-89.98721251482317,76.0254451941785],[-90.05048421264799,76.0251520142664],[-90.16762662313565,75.98870877672523],[-90.20596462701987,75.95390942236303],[-90.29777184621902,75.95036195972212],[-90.29988719081594,75.9673661309463],[-90.3322700074726,75.97640407963185],[-90.56296562260411,75.92438063593616],[-90.61475874059099,75.93875271154386],[-90.60271038676453,75.95714826424323],[-90.48313899663624,75.9857018204836],[-90.62660717532752,75.99812860684058],[-90.76719084276962,75.96821399358184],[-90.80165905891867,75.99751713547177],[-90.85075090864356,75.99654700732759],[-90.99172478272463,75.93441541743523],[-91.08766555201673,75.91207225017844],[-91.19621591566799,75.83411558249075],[-91.24246986151265,75.84314398895945],[-91.24837624134261,75.87876984138738],[-91.19734027590289,75.91866057277687],[-91.07092145417185,75.95242284463916],[-91.06441048557313,75.97938492765122],[-91.10067773686552,76.00361429574345],[-91.09705163771835,76.01870983985413],[-90.82577715465099,76.03846480771747],[-90.44008233062537,76.03911930829943],[-90.3001883662414,76.06211597461407],[-90.52206962979042,76.09791435113094],[-90.83920452360975,76.06905191364753],[-90.85749245739929,76.07951224161548],[-90.77439850565483,76.10187796469984],[-90.76907675253105,76.12207923863272],[-91.12885343734044,76.17803294047387],[-91.4300016513285,76.1600466875082],[-91.42702226269682,76.17351920070678],[-91.37475326863343,76.18635970674356],[-91.37020114485858,76.20656327692782],[-91.62461700364936,76.24185225214426],[-91.63615898307422,76.25549097166305],[-91.62687148244987,76.265461722749],[-91.51950296363718,76.26920715845844],[-90.9841006556051,76.19122110864413],[-90.24413937772358,76.13222852546538],[-90.10117400283167,76.13811830713436],[-90.16352610384237,76.16464824047307],[-90.419663055967,76.18414265183225],[-90.32250888653076,76.20118445414714],[-89.66718054733707,76.18528482052373],[-89.47700915297723,76.20265621858557],[-89.30144297554116,76.24005784357658],[-89.28767558353745,76.25700835168675],[-89.33158400523098,76.29733463313079],[-89.51138995679536,76.33413302470278],[-90.07993744235155,76.36598567129307],[-90.46574533228508,76.41973942242811],[-90.68394761425549,76.41135761519358],[-90.77671131656433,76.43975402023318],[-90.9852027107907,76.44106122749112],[-91.05726330832127,76.46905209361428],[-91.38234798805993,76.46659567177244],[-91.57670785392385,76.50097745169626],[-91.5880227899509,76.51459453058646],[-91.49739602440795,76.53202619884537],[-91.16527515188595,76.49920779426668],[-90.93447501866417,76.49764460586783],[-90.84059750453405,76.47101478087988],[-90.6860675073508,76.45522032630036],[-90.57424088989549,76.46870807336055],[-90.56994308984531,76.48384863523425],[-90.60389826785918,76.51640586311534],[-90.5929617005676,76.55500780865411],[-91.04888657687502,76.64595866136965],[-91.3451415025189,76.68855646620763],[-91.61267117822219,76.70353750602999],[-91.93329179848796,76.67338677432171],[-92.42049000339158,76.59722857956658],[-92.527294692688,76.6133063376805],[-93.05003542657225,76.62054764492636],[-93.17554349028754,76.60112407640105],[-93.29175136761984,76.5327549770767],[-93.42630032743614,76.48291257335575],[-93.59456383940532,76.45515163348438],[-93.61683690359631,76.4451014048007],[-93.56157441441013,76.417904983742],[-93.56994197499127,76.4044675629973],[-93.64943744932245,76.39475614441642],[-93.68484185401424,76.40164373893637],[-93.73216211302223,76.44054893242435],[-93.71591021822479,76.46401591009102],[-93.36337838107812,76.61392964288962],[-93.26679070334588,76.70420821513889],[-93.27175327900585,76.72782661700496],[-93.39048410480255,76.7856658539508],[-93.51367486259618,76.80804654977379],[-93.8376006836864,76.92530285096902],[-94.06735459447586,76.93271278906963],[-94.18026057645983,76.89607973589241],[-94.27687959271695,76.89117123392869],[-94.37260428701933,76.9148916889625],[-94.60985237241847,76.93199251163163],[-94.62432040668037,76.94874883771742],[-94.60190754326025,76.96386724404823],[-94.6093266094775,76.97390094441263],[-94.66127903856568,76.98575114804768],[-95.15365595554155,76.9855631228137],[-95.43940234498226,77.04208697580775],[-95.70313998399745,77.06992365021583],[-96.3327545394844,77.06051174175104],[-96.41203203219915,77.03321378405163],[-96.40066581560006,76.9996988465512],[-96.53109347423779,76.96534187172848],[-96.65389965093985,76.993135123352],[-96.75078323024233,76.99418438201609],[-96.82317168996435,76.97683517048262],[-96.82929363316427,76.96675722210372],[-96.80312221000851,76.94167769675337],[-96.9531916177243,76.90024165361825],[-96.88854924706352,76.86380278763464],[-96.78551030445887,76.86625519640292],[-96.72322172262707,76.84311507203198],[-96.50079539182657,76.83783407157676],[-96.41018609882032,76.81990515259929],[-96.4528637591429,76.80450501299107],[-96.56400687499384,76.81054766599128],[-96.59179592306101,76.79692110999027],[-96.42537784128518,76.75929631769596],[-96.5419869570405,76.7518626499055],[-96.78004087784922,76.77206056404826],[-96.83679422330937,76.81038977893546],[-96.91991202006467,76.82492539154833],[-96.96861916703463,76.8059881512444],[-96.9473579691141,76.76077068497791],[-97.0022356072226,76.73513372706974]]],[[[-96.95462512717171,72.7619512990148],[-96.87726889212023,72.74217417698235],[-96.76215844952704,72.74490311719359],[-96.64921657263507,72.76991152214934],[-96.62226983878091,72.79067692483946],[-96.70803269449753,72.83610716593667],[-96.68797544241379,72.86712503182946],[-96.71311309101019,72.88569880165883],[-96.7651549908688,72.88523178306745],[-96.82097668580295,72.86245341642248],[-96.95462512717171,72.7619512990148]]],[[[-96.92810081177475,71.65973654556358],[-96.87372849351051,71.66030102720029],[-96.81578750595085,71.6831427498361],[-96.9029425889162,71.6806072939351],[-96.92810081177475,71.65973654556358]]],[[[-96.86789803866675,69.59944291231275],[-96.84146008131944,69.57903426726571],[-96.79285642660503,69.58987984493193],[-96.82992295626379,69.61707987476842],[-96.86789803866675,69.59944291231275]]],[[[-96.7627403818065,75.77400698933879],[-96.76060553944356,75.757072056266],[-96.66383857771204,75.75102457115791],[-96.57062179484424,75.77872853532219],[-96.52689884213262,75.81796215545259],[-96.61740694687524,75.82410467457721],[-96.7627403818065,75.77400698933879]]],[[[-96.75707025943628,80.10753584668623],[-96.72214615476464,80.07161807821407],[-96.49322423366857,80.07107521624923],[-96.4914443215339,80.05960314600782],[-96.6060888760987,80.00645987646904],[-96.48586167968176,79.9642367085547],[-96.24515442414386,79.92579671166479],[-96.67571723521348,79.91391545915323],[-96.68244836211834,79.89746942325917],[-96.65032934474186,79.87296889699984],[-96.56310340185358,79.85523276655233],[-96.55973557894026,79.8339143548049],[-96.40838037651002,79.81978092599512],[-96.31075842680124,79.78893995621783],[-96.30566044947189,79.75101175012367],[-96.2569732059899,79.72986139301577],[-95.92472113182102,79.6469477532899],[-94.9251572748849,79.67675372820769],[-94.76853633961895,79.72615776963235],[-94.47118122439618,79.78529317111234],[-94.36015593460706,79.7736716045085],[-94.37090060212962,79.73749662221236],[-94.5108588610724,79.68324863045402],[-94.62164217848344,79.6618750874394],[-94.98834552242502,79.61404250395142],[-95.65327392282241,79.57189769081785],[-95.76936772411169,79.54185749715054],[-95.79379871963042,79.51046048704949],[-95.78980970062761,79.46425383294827],[-95.81503658722424,79.44436786781982],[-95.79496749948073,79.41800279575021],[-95.70283885121877,79.39350205418795],[-95.36242516938547,79.40408983608327],[-95.37882572533704,79.37763402060453],[-95.31530126815358,79.35791095927402],[-95.30565155903139,79.34470755216958],[-95.34071406951905,79.3297591543044],[-95.30427953962614,79.31333283101685],[-95.10773085715445,79.29038170229146],[-94.79591623653953,79.32031253949941],[-94.53644160425615,79.3714104724999],[-94.49955044451653,79.39446270042512],[-94.5621784534127,79.42428053437838],[-94.50777208759787,79.43084498748188],[-93.9164868586759,79.39187652416885],[-94.206433309703,79.33795568843118],[-94.21677436483375,79.3115303877961],[-94.26187927136482,79.29177046135803],[-94.18315459950253,79.27179881339693],[-94.10288445631497,79.27490606189792],[-93.82312917800449,79.32218289786945],[-93.7483972629098,79.35994909727235],[-93.586510695286,79.36937523750295],[-93.38009904606561,79.44452984805355],[-93.30923684153039,79.43436666389995],[-93.32106857690705,79.41292252151993],[-93.43431508442161,79.36713012973819],[-93.13567310872317,79.38732027349282],[-93.11608556260136,79.40044271312004],[-93.17014611891375,79.463424349182],[-93.14131041692141,79.47649648266452],[-92.93933625239585,79.43918634716232],[-92.58207410751822,79.46677512287539],[-92.3674670218585,79.4554715651158],[-92.32400674488184,79.44688164527368],[-92.3281913006227,79.4270829781829],[-92.57618605689544,79.40400073176441],[-92.62274118521138,79.39601159066432],[-92.62578504007706,79.37954937622071],[-92.3362093480276,79.34779722841549],[-91.18470752007562,79.39382378419285],[-91.27390955385964,79.36668841011833],[-91.53170955576324,79.34276285775962],[-92.62107980035893,79.30668540844367],[-92.69613117011757,79.28572168170903],[-92.62983569859054,79.25884086769219],[-92.30276813933096,79.2102614854189],[-91.78668500764654,79.22090819474867],[-91.16298770936385,79.26117817948413],[-90.52405025362808,79.25711743071057],[-90.46762013271355,79.24146520643897],[-91.10338065656364,79.22413965151692],[-92.08307995050852,79.16380071827732],[-92.84945715254612,79.16414746964242],[-93.0014339915557,79.15006811576494],[-93.3414220173959,79.17492423585888],[-93.51060806392546,79.16237069800606],[-93.55627448961562,79.14762432442107],[-93.59622433261607,79.09974033990683],[-93.8446700734916,79.05920890154961],[-93.9578997627437,79.05783478249214],[-94.19657217319619,79.00366987515116],[-94.37074301188385,78.99236516130924],[-94.36247215167393,78.97741989231099],[-94.2174673952283,78.9241635085196],[-93.92031917569527,78.8555002145019],[-93.44153379655341,78.83732566324696],[-93.09240807644794,78.75602692984116],[-93.31456874083057,78.75206819178285],[-93.58449300169958,78.77815193923253],[-93.6420803119657,78.79995677758758],[-93.88230215855847,78.78744279333927],[-93.88327483516268,78.7741686366388],[-93.85042997538373,78.75743428084019],[-93.71020838137811,78.70883098482422],[-93.5021855443588,78.6682070312221],[-93.55416158739598,78.65344003748032],[-93.30719135977802,78.60090345385309],[-93.0865848540573,78.61310005508031],[-92.98153942307442,78.64079728754622],[-92.7628894761343,78.6288541153503],[-92.7339658226338,78.60775056205911],[-92.66014674735813,78.5955642962695],[-91.81777078315022,78.56391729540539],[-91.71322847713446,78.5446471665247],[-91.81790360601518,78.52726789965028],[-92.48695725107359,78.52952996409853],[-92.73593171332938,78.49131361978633],[-92.94486640064136,78.48931635538479],[-93.01386090265959,78.47303019925386],[-93.01618668830942,78.4563611709333],[-92.97758770355554,78.43457857299263],[-92.62186843716039,78.33074755915047],[-92.26875931641725,78.32312390323564],[-92.27105105437163,78.31141326822684],[-92.36550029551829,78.29216877614503],[-92.07011258404465,78.21140293930823],[-91.82761610620148,78.23586301307982],[-91.55366940608391,78.18642059890098],[-90.44410041225453,78.13771374992722],[-90.33677769111405,78.16629765479414],[-90.42395416881746,78.22258961319766],[-90.38662486903137,78.2605298700502],[-90.72898156891286,78.32017440904347],[-90.70705676880715,78.33661320315974],[-90.36648798177309,78.34364794739857],[-90.25352792806036,78.33535906400714],[-89.97047845968555,78.25391757775296],[-89.75578952554615,78.23296083459248],[-89.71395817418063,78.21811017886148],[-89.65338661411498,78.16486655698152],[-89.57165982842784,78.15172565362072],[-89.48315666969516,78.17697063421406],[-89.58385713756542,78.22343939880795],[-89.75922324192199,78.39618819993461],[-90.10085615263914,78.50490398943353],[-90.11100460271562,78.545059329369],[-90.17851609120525,78.58940871560978],[-90.07179960114469,78.63307942676681],[-89.98756880656488,78.63165241006658],[-89.95243308476238,78.61522100143381],[-89.92294601855617,78.5670478138269],[-89.35971374995155,78.34215651793365],[-89.26720401838442,78.29062879128382],[-89.24988474951945,78.25733662942272],[-89.1340970836029,78.2074465799646],[-89.03545754383732,78.17582712210078],[-88.91360802057234,78.16585600507298],[-88.83235283479804,78.18259630283525],[-88.79955670804452,78.20927501599817],[-88.78297411238161,78.25919514248055],[-88.7251347831526,78.29919991638636],[-88.6495125132266,78.4124068572059],[-88.59101854636161,78.44228228793106],[-88.71483338587285,78.53885266317285],[-88.74794997216841,78.57545619353834],[-88.73953473879949,78.60040028710746],[-88.60470563993535,78.60699566912852],[-88.44645892926385,78.55526727832253],[-88.33129700706117,78.49520649474941],[-88.24847127681241,78.48503973903256],[-88.03024484457919,78.5062315226618],[-87.93095830020242,78.60904245759127],[-88.03708142181449,78.66083290864542],[-88.34051921635725,78.68477240209185],[-88.20362648712614,78.71441069018141],[-88.25202309191337,78.76763111133566],[-88.25524660336089,78.87549337557961],[-88.27170902083053,78.89217857168582],[-88.21734269619779,78.94344593184934],[-88.2230569550716,78.99980093000673],[-87.94232549393844,79.03899331881277],[-87.91365202011721,79.07367186776433],[-87.84123492670224,79.09997448001076],[-87.72775871859936,79.097951306606],[-87.72901759867055,79.08305260593806],[-87.77546014981954,79.05337782769102],[-87.96299895923882,78.99259168978735],[-87.99414995155634,78.91802899439224],[-88.0393232196223,78.8882812918235],[-88.04275672932548,78.83525166157592],[-88.0179464129296,78.82023628333384],[-87.99636990329466,78.76540943408645],[-87.96449668644335,78.73375695523525],[-87.74095784643885,78.66499304947094],[-87.66435767319685,78.66963406800885],[-87.55081410641883,78.70409037278255],[-87.35879134791283,78.81789919381949],[-87.11762752524744,78.8897390157147],[-87.03322883248829,78.93736832077933],[-87.04068301375212,79.00209443002005],[-87.01620484436422,79.05171806882747],[-86.96120205858026,79.0663574269648],[-86.90976735758804,79.06105131616489],[-86.90099010839417,79.00796656399991],[-86.71993919879094,78.99852896342348],[-86.42320450988481,79.09103555888618],[-85.88896495622117,79.16135462457738],[-85.39987357716208,79.20635460334339],[-85.01707204990703,79.26694462617827],[-84.91388483379842,79.31044210666742],[-84.91582197177829,79.33039318189425],[-84.9796445231499,79.35426603123192],[-85.43410708086735,79.45677458710588],[-85.51696856217818,79.51542044366488],[-85.51406589303195,79.58808297286008],[-85.57012894477816,79.616762815302],[-85.66657315741567,79.63243855516941],[-85.7299512197141,79.63470555899279],[-85.8306766672779,79.60087894383769],[-85.860510268145,79.5218579797258],[-85.89670665713204,79.48581219895492],[-85.99378082933835,79.4601201995204],[-86.1522929622311,79.47958383428013],[-86.05094122669402,79.5234187899509],[-86.13898793706366,79.53565919578469],[-86.08642451957199,79.5649870669875],[-86.08168844611329,79.58475828473796],[-86.15417102143958,79.62667703859522],[-86.39001007897532,79.68117743585721],[-86.76116349838671,79.66873632100011],[-86.79024520608148,79.65903167703698],[-86.69214888214069,79.5957111470046],[-86.76017883557753,79.57298602222419],[-86.88755737246818,79.57376546638407],[-86.88996491474492,79.6150331629245],[-86.97987510533663,79.62378184532174],[-87.41187813651588,79.53997250864502],[-87.48117148998767,79.56995063214495],[-87.45995675492412,79.5962461725337],[-87.1449350329593,79.68727332645122],[-87.09986069164115,79.73984240155362],[-87.10322798090269,79.77937576471537],[-86.96918176039624,79.91380043929689],[-87.01341448918313,79.93207656015349],[-87.1099466692764,79.91611713085888],[-87.15192409055231,79.8866979161149],[-87.45620628161261,79.85503940060715],[-87.49234649582682,79.86346243318643],[-87.34846935198274,79.8909017571],[-87.29629848612225,79.9301887070511],[-87.09288433594045,79.96540180435588],[-87.12581610481573,79.99683191454619],[-87.12364501631676,80.01161899213746],[-87.08451315506596,80.01803414081697],[-87.08152603263296,80.03606906808551],[-87.11643810425856,80.05763321808564],[-87.08410046143317,80.07883879751968],[-87.63490523969274,80.10735098549408],[-87.78014721750066,80.08979190384217],[-87.90334830276848,80.09828830830286],[-87.98723270400426,80.12318759781256],[-87.53042102959144,80.1793274192696],[-87.43062854725859,80.20519946286707],[-87.52087848091354,80.25646223043171],[-87.57344324143317,80.30746884564583],[-87.55111166819762,80.33035298589735],[-87.49004763064318,80.3498477210475],[-87.5401190956149,80.41720292883794],[-87.57802092284142,80.43207565616156],[-87.66520384279706,80.44707336146155],[-88.12840428327135,80.4597487897873],[-88.4848603078328,80.44220112790312],[-88.46600761641749,80.41108453118892],[-88.59565059044817,80.34729672741757],[-88.60596707575989,80.32595144235727],[-88.52892247433661,80.27996331210531],[-88.31664238321096,80.24690448485848],[-88.31949269205548,80.18785626177417],[-88.17708509700394,80.15639238005319],[-88.17787560963326,80.14496548505565],[-88.50476836168211,80.13386221386072],[-88.71512842930058,80.14714321440343],[-88.97545587563708,80.20625670935459],[-89.08228849136042,80.24559190459338],[-89.14146843746613,80.28494579687482],[-89.10339233278981,80.31939394439853],[-89.0259024911537,80.3391042589407],[-89.11494691903481,80.38993066749046],[-89.08598428481778,80.40466871474749],[-89.16518859170641,80.42101853401834],[-89.18570495430747,80.44393774395502],[-89.1563482763218,80.46524321179375],[-88.97883146612689,80.48660252094629],[-88.93938998768449,80.49643142103577],[-88.93948152724543,80.50957895528985],[-89.37003989319325,80.57630513763519],[-89.65778321178573,80.54803040071072],[-89.67674148579044,80.5365548857318],[-89.53455025201248,80.4941890692466],[-89.63257888441979,80.48255900643738],[-90.05841922729324,80.5649585697864],[-90.57146481820864,80.58942883249296],[-90.72354169750822,80.61071208363761],[-90.73947553840075,80.62066274394793],[-90.66079092538484,80.66734564218649],[-90.67847962510677,80.69861317170455],[-91.02395559703393,80.77893345023756],[-91.11335449011355,80.84192069595517],[-91.3364522216409,80.87989402448076],[-91.35996262751046,80.90125558526995],[-91.61328476230673,80.98331360040272],[-91.65661341040173,81.00974120844599],[-91.67294705815722,81.05881148270696],[-91.79034928011144,81.11990092686803],[-91.82215109532375,81.15434465179818],[-91.81521805530838,81.1771263687907],[-91.83127354547075,81.19512230122508],[-91.87759356357125,81.21662210962934],[-92.44879069464432,81.28041287655054],[-92.74458981878429,81.35014603636569],[-92.87115893324099,81.36537625675564],[-93.43973607726934,81.40003751238105],[-93.56162356167974,81.38422966120791],[-93.45641832339133,81.35950079244004],[-93.65293755860759,81.3455349855109],[-93.82263583180587,81.37513198815185],[-94.17837279941831,81.39207028376704],[-94.38656352253722,81.35173801270979],[-94.4213154553292,81.28683214456245],[-93.93345314867146,81.22112281386353],[-93.33336867426524,81.24379887616053],[-93.27341502293238,81.21922449417232],[-93.01997106685737,81.20677346074629],[-93.16270549114579,81.18134318866755],[-93.17079350254025,81.1326201932289],[-93.23563600992964,81.12150368927111],[-94.27921929130451,81.12900387372348],[-94.32174122586363,81.12254822815301],[-94.32236088416944,81.10953367221077],[-94.06081780879602,81.0912713395345],[-93.90491982637504,81.06648356854656],[-93.89603213553453,81.0534400426228],[-94.2426512973598,81.03782469880463],[-94.47359649689304,81.00064503435364],[-94.629633124981,81.00560568585664],[-94.67106860360141,81.02681120283592],[-94.63960394893546,81.0446860422263],[-94.66051249892044,81.06743780359551],[-94.74432863293165,81.08542539755877],[-95.00664086874123,81.08858758149431],[-95.51078573024888,80.93820311524335],[-95.43657266245887,80.90903197623967],[-95.19984117014081,80.92237694719331],[-95.1266413101911,80.90940322221863],[-95.50508400343735,80.85830629008767],[-95.48370216580777,80.84207650752884],[-95.29829550795701,80.83095501918937],[-94.94040590847773,80.86220814162048],[-94.85815767333449,80.85405257468169],[-94.84762468395088,80.83126156872203],[-95.000517444652,80.80180506033497],[-95.01054739383284,80.78709059852514],[-94.83690421014478,80.75780965144925],[-94.34858501463401,80.76242963237178],[-94.12642717269854,80.74086804015094],[-94.11742716517436,80.72125671704326],[-94.19895773869555,80.71320376630614],[-94.67539935212824,80.6990093355741],[-94.65524990209956,80.6728673353838],[-94.51515484198394,80.64168013299484],[-93.9945957167509,80.6115758652493],[-93.78679673999267,80.5816159372251],[-93.80805908242326,80.5653613396142],[-94.12868698012157,80.54642070035001],[-94.34626339090147,80.59086930657202],[-95.82999993467482,80.61924436957672],[-95.91775325242241,80.59450011535979],[-95.88577634250674,80.57985177955567],[-95.88422738831748,80.56511560600879],[-96.05064165083525,80.53678314348421],[-96.05913838267023,80.52366620924018],[-95.68449588349715,80.4461462244785],[-95.65328254693397,80.4249099048078],[-95.26762323686481,80.38792880554553],[-95.37418749123965,80.36489419240287],[-95.58914092934195,80.354632524623],[-95.64837271244399,80.36438096048599],[-95.65035675623687,80.38892729028868],[-95.68035753590064,80.3970715347081],[-95.90784787788273,80.40792302361633],[-96.59228860721544,80.38565957029408],[-96.67777387346787,80.3688154791982],[-96.67256635799397,80.3393808063854],[-96.63914618737563,80.31497476756718],[-96.37104351540773,80.28496197201059],[-96.11036992129164,80.21877373998963],[-95.93676752461722,80.22424071742046],[-95.64012586416092,80.26106492755741],[-95.26172824159048,80.2551591625848],[-95.26108518685632,80.24046565729914],[-95.29918471246074,80.22729502051006],[-95.7320542235714,80.20021830222532],[-95.73076921035656,80.18543137742087],[-95.63230044454887,80.16106789637185],[-95.51611201732226,80.14809123092397],[-95.09403425911695,80.1568921375033],[-94.84472415371411,80.19315243723891],[-94.7091956641654,80.23907626841591],[-94.63162132791348,80.24884533398146],[-94.505554062323,80.24876831004852],[-94.41988103913708,80.2158850690237],[-94.32353938978407,80.2043134487004],[-94.13099365487017,80.19745565309053],[-94.13189185654778,80.18266754337459],[-94.22902276410179,80.17136255791289],[-94.68100033843844,80.16845502525464],[-94.709900744557,80.14386688939496],[-94.81527848929328,80.13074383836194],[-94.82493079808646,80.11270703267942],[-94.79634312937279,80.08809737880065],[-94.59628761383595,80.05843213238846],[-94.53101680573394,80.005811694249],[-94.65440816772859,79.99764336663434],[-94.78668550823429,80.03553262775321],[-95.09161964779868,80.06985085333753],[-95.40519378165776,80.05142177514271],[-95.85293963240744,80.05864983485763],[-96.56421440113225,80.15781765411745],[-96.73406894515661,80.13884306165663],[-96.75707025943628,80.10753584668623]]],[[[-96.71920971536552,75.02749689221552],[-96.67655024282789,75.0006823696372],[-96.55160596176378,74.99644775402956],[-96.51327170917396,74.94414367803074],[-96.40565071127213,74.91265503127006],[-96.25057808405006,74.92891816108799],[-96.20185994460631,74.96992244273125],[-96.24471222206421,75.00866733814068],[-96.17998082959254,75.02088811882192],[-96.14638890406646,75.01257131423047],[-96.13731704161553,74.97869632786713],[-96.09721190859933,74.9704969015447],[-96.13999327681033,74.93461719773119],[-96.12492362455077,74.90754933735299],[-95.91838556239792,74.84070056161235],[-95.74956334518085,74.84313855268468],[-95.63782180217538,74.81802351864943],[-95.6617969509397,74.78063995466269],[-95.61518621109958,74.75191791580068],[-95.49288950414096,74.75909031023039],[-95.42994566654296,74.80679224611502],[-95.35250163310596,74.8154898596238],[-95.12394426886726,74.72590797161949],[-95.07160192889526,74.68014872450227],[-94.94960092506369,74.68704813559417],[-94.76306416354944,74.6446107730541],[-94.62214673129088,74.6393840059129],[-93.67697853129742,74.67079286943898],[-93.62464279637092,74.68412997194247],[-93.53047536755469,74.74144117095928],[-93.48551814368412,74.81925511510542],[-93.46435574516973,74.92440960387582],[-93.47060006675304,75.00759223447527],[-93.64373984358468,75.06273575311543],[-93.54875060938555,75.10296565821588],[-93.52661169685085,75.1299764958429],[-93.53108202473621,75.1588374484092],[-93.61315242208897,75.21510240126554],[-93.562155427542,75.2758453580559],[-93.7931372231171,75.31247469816786],[-93.78531124566483,75.32942374555746],[-93.73759685875673,75.34449091381236],[-93.74971357681592,75.36142979369293],[-93.88737252789463,75.4178569627815],[-94.01381125332279,75.4436491925878],[-94.31305021740937,75.57641545573512],[-94.50248334578067,75.6172925437259],[-94.74065256188806,75.63946490586565],[-95.1701884247179,75.62567811787966],[-95.52146481352607,75.56061678931862],[-95.70367431847588,75.54478806640711],[-95.85047533663145,75.50704849774527],[-95.86929285835087,75.48666357916184],[-95.86689145161772,75.45111058281198],[-95.79096122517846,75.42099558734625],[-95.86427680997222,75.41221230192075],[-96.16897910351942,75.43611388647206],[-96.26038015215676,75.4068003649388],[-96.2659412602917,75.39322266450372],[-96.17800137950748,75.38694503998292],[-96.01825054534646,75.40474309696526],[-95.9162632629437,75.38661426459417],[-95.90828092423358,75.36967353845611],[-96.08178829225172,75.35701962347929],[-96.2058200632045,75.32076762342531],[-96.21801135807888,75.30543174553968],[-96.13676600295231,75.29232773971043],[-96.20181893389712,75.27507715331993],[-96.20063696289982,75.26152941179026],[-96.09424355746732,75.26381919615007],[-96.08613558399587,75.24687446692138],[-96.40422846048422,75.23319411475852],[-96.48149826926024,75.20891434920792],[-96.5318603281783,75.18316609633702],[-96.58540154766399,75.12681945252581],[-96.67983294167037,75.08714178666466],[-96.71920971536552,75.02749689221552]]],[[[-96.70432109007113,69.59432481306949],[-96.70253773210163,69.57363724388591],[-96.563469007886,69.5060166346496],[-96.5463108334803,69.47507258995134],[-96.42241662323042,69.46416755643773],[-96.37082569325901,69.42836076850448],[-96.23017945459131,69.37945715837915],[-96.19046621259436,69.37120756762046],[-96.1374039641524,69.38366642606539],[-96.11103419759989,69.43733228823379],[-96.1461764426987,69.45087851363746],[-96.1137908122562,69.48387656845011],[-96.12784801962297,69.55628451842776],[-96.17949825697833,69.59040158033677],[-96.22902507315514,69.5934249902724],[-96.28592103003169,69.5568101143787],[-96.33016990769619,69.55294527139019],[-96.42655093696567,69.58495937983392],[-96.70432109007113,69.59432481306949]]],[[[-96.69145981824725,76.60112535387547],[-96.5675363125395,76.59854087925773],[-96.5556296710309,76.61881165496949],[-96.69145981824725,76.60112535387547]]],[[[-96.65441457330098,71.23975580365718],[-96.62097292586762,71.22283007896691],[-96.56325085916744,71.23710668850325],[-96.57240369636678,71.28001908245427],[-96.63739433259178,71.28804218938784],[-96.63939150921102,71.25016302547283],[-96.65441457330098,71.23975580365718]]],[[[-96.53571908595286,76.57522404919399],[-96.51289158569192,76.56522409007927],[-96.41277988354206,76.57929654743859],[-96.41444805448252,76.59445636638861],[-96.45177900852543,76.60267127259682],[-96.53571908595286,76.57522404919399]]],[[[-96.49941622496031,74.81017129781092],[-96.43414942195493,74.80382782317835],[-96.3900504832863,74.8159818046487],[-96.38511337647593,74.83303597746993],[-96.44407639213064,74.83771562311502],[-96.49458644674931,74.82378569322839],[-96.49941622496031,74.81017129781092]]],[[[-96.44356578748908,68.21839202241922],[-96.42905856344764,68.2098609041828],[-96.33339548635271,68.24357575702638],[-96.33914159556227,68.2591086370142],[-96.3670021831016,68.25885657661284],[-96.44356578748908,68.21839202241922]]],[[[-96.33930141209773,77.60512627091786],[-96.28628764860736,77.55015670211833],[-96.22129345258976,77.51870017804015],[-96.13301721290695,77.49063381680874],[-95.96148251184434,77.47127391217789],[-95.24327391620508,77.46654390973059],[-94.92712354197036,77.50032445882427],[-93.97836484059523,77.45572393879301],[-93.89976788997056,77.47558110940922],[-93.70744345415804,77.46483886339092],[-93.51949643491261,77.5795845452564],[-93.50864050718849,77.61130279666409],[-93.41153425461115,77.64601126176561],[-93.21335310173846,77.67177859245476],[-93.15682282021906,77.68315448504183],[-93.15541660574829,77.69482972342549],[-93.31497634344106,77.74416989569487],[-93.65834146416819,77.78248473979087],[-93.87337993560314,77.75479714152122],[-94.06251767261186,77.75532342697056],[-94.4565961570955,77.76441085465305],[-94.71676999019772,77.80130580478416],[-94.89054659323438,77.80130330005808],[-95.46559918498112,77.75379931198722],[-95.4976481426822,77.76379696706594],[-95.47494170663116,77.78051326169694],[-95.47604953181576,77.80225035732052],[-95.53987962514911,77.81216865721815],[-96.03290909091692,77.75200444880912],[-96.32637346219565,77.69715765912851],[-96.33930141209773,77.60512627091786]]],[[[-96.29301499101011,67.6055993661477],[-96.24709169732861,67.5990812411121],[-96.2254685065859,67.6182808623251],[-96.29301499101011,67.6055993661477]]],[[[-96.28468201937018,74.72835374088162],[-96.18723271326023,74.71878926213833],[-96.1819670667973,74.73403482693524],[-96.2606863611241,74.74887834510699],[-96.28468201937018,74.72835374088162]]],[[[-96.16418612104196,67.81949849101122],[-96.10402992188914,67.80964214739205],[-96.06011222229901,67.84282166724596],[-96.08777164892668,67.84778001564446],[-96.16418612104196,67.81949849101122]]],[[[-96.09962343605741,80.69034917813006],[-95.56242143583725,80.66230580805477],[-95.35940075413266,80.63493474862113],[-95.19869263739213,80.63669994478744],[-95.09826570414883,80.64820761608162],[-95.05853316029233,80.66792955661144],[-95.06967693932876,80.70215921117627],[-95.11043955757894,80.71197187908257],[-95.33366286680233,80.7264534038097],[-96.01105534619296,80.70692467491374],[-96.09962343605741,80.69034917813006]]],[[[-95.99490938557526,69.37776306598315],[-95.9102090121129,69.35069302245381],[-95.88124095514694,69.3560237533798],[-95.8683569338645,69.39751385382452],[-95.76874592499372,69.4757433810468],[-95.76988111713094,69.5015914718756],[-95.82484300494542,69.59026483981336],[-95.66869771562506,69.55390294041992],[-95.64688828148873,69.50045826717376],[-95.65984806602555,69.455587282367],[-95.6292568746756,69.42987386634024],[-95.75930397141427,69.36711286007802],[-95.76806099635714,69.34635703768228],[-95.73825999095487,69.33261811153189],[-95.50424167980687,69.35273507187134],[-95.47517828187966,69.36665115790773],[-95.50053988623425,69.39241434448054],[-95.42285277050051,69.41855608533159],[-95.37577830209653,69.49986436871762],[-95.47181262607369,69.57368574301822],[-95.54167019707262,69.59751610281286],[-95.8504304022343,69.63739591656916],[-95.95147900238044,69.58333781785429],[-95.9719924970815,69.40892850296719],[-95.99490938557526,69.37776306598315]]],[[[-95.94301196370967,77.15630289446285],[-95.9192723032346,77.14637784524966],[-95.80697885344203,77.15681525206115],[-95.8379134873642,77.16681287275098],[-95.94301196370967,77.15630289446285]]],[[[-95.94290457774557,75.94613288029227],[-95.85690433758427,75.90938846417033],[-95.80910286648306,75.91966484794375],[-95.79154092118611,75.96871993247058],[-95.89674401916048,75.98009680456431],[-95.93736324430188,75.96641715657981],[-95.94290457774557,75.94613288029227]]],[[[-95.9267233868642,74.58252859995069],[-95.71276025360245,74.52906476789371],[-95.46327954010822,74.50269596330463],[-95.34293476410554,74.51659854063541],[-95.3307873270995,74.54037001323648],[-95.34437562541356,74.56073207520862],[-95.40243275320667,74.58442305682708],[-95.66223251198636,74.66344878479399],[-95.80297031542825,74.65103507258063],[-95.82078333046594,74.62885496124149],[-95.90260775478653,74.60466161847033],[-95.9267233868642,74.58252859995069]]],[[[-95.89491792238371,73.11020315986345],[-95.78096922229744,73.06799978970757],[-95.75199812943765,73.07669422540606],[-95.72472525265877,73.11955440034868],[-95.77315846072914,73.14495186022495],[-95.81473345258782,73.14649480403013],[-95.88987498958981,73.12563113781974],[-95.89491792238371,73.11020315986345]]],[[[-95.85505323665038,72.82655600358919],[-95.77322629269933,72.80988197820798],[-95.75165033744094,72.84072091513623],[-95.76994301518884,72.8594290183057],[-95.82261622645332,72.86602654926065],[-95.85505323665038,72.82655600358919]]],[[[-95.85232885008425,72.98051520845301],[-95.84341036919723,72.9274895382588],[-95.80096829596458,72.89522249188416],[-95.76602374669511,72.89711482958234],[-95.74997404062019,72.92281290891411],[-95.78679192244736,72.95510961297292],[-95.80521430077683,73.0004463938524],[-95.85232885008425,72.98051520845301]]],[[[-95.70734630311141,73.00341379728302],[-95.68831090956823,72.97094391685104],[-95.62265292894459,72.93701141873866],[-95.66605591893317,72.86844421875155],[-95.66406135443792,72.82567372767048],[-95.62725291633083,72.78312489476589],[-95.56876866738827,72.76281301754382],[-95.56763989355579,72.73544499209675],[-95.62422244555933,72.71470443267533],[-95.49059424956137,72.680957273824],[-95.34500985554916,72.61968070811832],[-95.19364996999593,72.50023839452788],[-95.16403371617126,72.44550206100507],[-95.16806666265414,72.3581750128876],[-95.21639449980037,72.23985675853486],[-95.20929438589167,72.17470835082713],[-95.19214849444597,72.15417496095313],[-95.12465244317403,72.13198782559681],[-95.12435960091409,72.11489297894872],[-95.20734737963454,72.0838445567385],[-95.21655065737117,72.00153206784933],[-95.20523880438505,71.98445340529773],[-95.11638363378563,71.97601296862084],[-94.56152189218086,72.03098629694206],[-94.22914775236632,71.99256317596365],[-94.07952467738147,71.9904469791119],[-94.02900739026236,72.00398240450785],[-94.02814678353552,72.0262006004093],[-94.06645965571865,72.0400571149858],[-94.18924246053668,72.03021680994954],[-94.22738326178103,72.05428469202228],[-94.07599455521745,72.07959301801748],[-93.96334731036083,72.24197185888016],[-93.8820482784911,72.30157673424],[-93.64240432819751,72.34835570199846],[-93.54817522370972,72.40783884860976],[-93.52855977595127,72.44882787972816],[-93.49272678133329,72.47253892016383],[-93.49121743037608,72.49481364928003],[-93.62744518552994,72.59660320910825],[-93.77931917243524,72.64531270566673],[-93.79582196496109,72.65743957377389],[-93.79312760675731,72.70871791317504],[-93.84998885824467,72.72613375292462],[-93.98891796202801,72.7112831946376],[-94.29363655473534,72.73101993785427],[-94.31647484212301,72.73964846819042],[-94.29845747609251,72.758403209276],[-93.43498912365122,72.80428082240232],[-92.96807926374117,72.78711905447959],[-92.42679078015499,72.72019103975482],[-92.23686880629373,72.71964238890503],[-92.07610294806835,72.75363678706294],[-91.49733754394505,73.0896258415453],[-91.40035163361786,73.17025936917605],[-91.41075287440498,73.20973919021235],[-91.4776143272332,73.2330152274728],[-91.4748356974515,73.24838915188263],[-91.28399494114498,73.28473880734752],[-90.94910432371137,73.49119430168487],[-90.94539599930664,73.53725705587786],[-90.75658143466717,73.57157824933242],[-90.42056375032726,73.76007656814237],[-90.37782658210082,73.80881666692268],[-90.37916938907588,73.85330148273303],[-90.21969164982616,73.87575889519563],[-90.1841373387568,73.89381091844706],[-90.17747316883637,73.91927368233914],[-90.2645997810126,73.93986876860977],[-90.38627115924707,73.92339100396296],[-91.04615377184163,74.00857500192377],[-91.66779610977477,74.02976845946516],[-91.98717506113388,74.00833688639085],[-92.11850064883944,73.95871889409479],[-92.2998758767995,73.94203384737231],[-92.35298508218628,73.95969567941164],[-92.2966965906979,74.00854122698583],[-92.31852787088923,74.02922579835983],[-92.52702755771394,74.09270264305782],[-93.20001288847102,74.14254939669388],[-93.32874140329436,74.1690027875509],[-93.72895525288098,74.15584450116397],[-93.76669533908691,74.1474813818292],[-93.75672445384926,74.10830704691432],[-93.7705856267198,74.08112763277492],[-93.84534981817663,74.07636250863735],[-93.90542107496687,74.11909681229417],[-93.99811087715645,74.1314176795612],[-94.52178323017881,74.08833262158807],[-94.64595470926405,74.09353375668147],[-94.86352030538164,74.06470148698185],[-95.30154505379765,73.98751884084076],[-95.3563766256256,73.96186732899943],[-95.30525259485614,73.90065947181746],[-95.26135716425246,73.8768549913485],[-95.00348660194855,73.85169314856472],[-94.99713786818583,73.83979260696975],[-95.02765373932863,73.82613249411742],[-95.10691271284512,73.80559051717837],[-94.91653604306006,73.71194696298673],[-94.6858111309077,73.6881256052582],[-94.64357309242327,73.66591143505768],[-94.81334238647932,73.64886708997219],[-94.96463850700987,73.65735641594551],[-95.30745205764038,73.77450759322136],[-95.50238252777086,73.75862451264722],[-95.68250735255572,73.70689734953977],[-95.69943984650007,73.68291351686545],[-95.6863553766614,73.66086432086645],[-95.60575956685676,73.62360075760319],[-95.59870714639226,73.60315952226377],[-95.65748079895198,73.56545906236603],[-95.63786547086775,73.53141315229972],[-95.70704435374037,73.47135375650949],[-95.62622862925548,73.41195386659466],[-95.6298418755219,73.35904489532238],[-95.56838889946629,73.3199307806225],[-95.59303430593032,73.2020748969938],[-95.55594922948255,73.15947648522905],[-95.56657619267486,73.13547468074721],[-95.64735652003537,73.09590071158154],[-95.65021858939588,73.03609873099657],[-95.70734630311141,73.00341379728302]]],[[[-95.69125384713892,77.23598678743927],[-95.5366156208525,77.18277148976341],[-95.39219888192846,77.16298271094728],[-95.3026896722001,77.1933816506117],[-95.30323980932519,77.20849285361201],[-95.34167395694064,77.22013829583635],[-95.59402553031076,77.26309218903971],[-95.6846332798274,77.25281526950162],[-95.69125384713892,77.23598678743927]]],[[[-95.59635081360956,75.70243491512842],[-95.53440817017602,75.69757147698932],[-95.44656001807752,75.71808982991587],[-95.48779398390144,75.72474344421369],[-95.59635081360956,75.70243491512842]]],[[[-95.52413222530294,67.26109512216715],[-95.51468788267718,67.24036507972956],[-95.46522119282058,67.22847982805744],[-95.36667630667144,67.2253408904515],[-95.33575531443901,67.23929163373124],[-95.34512763597714,67.26353914460546],[-95.36769134209473,67.2686324064004],[-95.52413222530294,67.26109512216715]]],[[[-95.46946583532875,71.76593471017398],[-95.46899775060444,71.75221010108969],[-95.42494134169306,71.74548530456912],[-95.38142238379221,71.75586618821438],[-95.33828393707155,71.78169901427981],[-95.31760649983006,71.8297903745334],[-95.36754190852487,71.84173542124638],[-95.40573263316448,71.83302579291542],[-95.40466963614887,71.79871717574142],[-95.46946583532875,71.76593471017398]]],[[[-95.40293450817975,69.58947254339864],[-95.38756228641188,69.56707810270318],[-95.35783724727753,69.56891765779635],[-95.35836678655846,69.58961395635171],[-95.40293450817975,69.58947254339864]]],[[[-95.17541829678471,76.12214374823272],[-95.15981451615599,76.06656347888233],[-95.11059818770417,76.05474665214456],[-95.0125367243657,76.0667218385133],[-94.90076087582604,76.11735199110828],[-94.92907394785027,76.13757850897842],[-95.17541829678471,76.12214374823272]]],[[[-94.92042150139655,75.91654202575063],[-94.87167797271086,75.8692763110058],[-94.8920444186458,75.82359883956313],[-94.86426103916845,75.7847726210485],[-94.80221086980517,75.76279277808705],[-94.4865163010238,75.74908435615924],[-94.33448502157691,75.77589176749167],[-94.40923198588443,75.80980502568454],[-94.42248512560141,75.84027761280828],[-94.5322951060565,75.88265876892754],[-94.54566987456077,75.90122598061383],[-94.53085848376692,75.9687427264984],[-94.55150275890172,75.97884735691923],[-94.87872667090849,75.94014944699853],[-94.92042150139655,75.91654202575063]]],[[[-94.90739344201286,76.0532881937838],[-94.78152894530392,76.05663773280506],[-94.78825167299152,76.07013502386019],[-94.88661663913237,76.07516076486763],[-94.90739344201286,76.0532881937838]]],[[[-94.77925031716067,78.26672540667812],[-94.61602578665314,78.22003515269026],[-94.59227906852698,78.17834638231987],[-94.44620784083831,78.17154852238173],[-94.4048960650365,78.18980566768305],[-94.50947743850645,78.25495390724188],[-94.77925031716067,78.26672540667812]]],[[[-94.74143328437202,60.50884438272956],[-94.64310340081535,60.49842047033552],[-94.68874947666093,60.517489989180945],[-94.74143328437202,60.50884438272956]]],[[[-94.6540625311504,79.24251929267989],[-94.47662314412509,79.2490126252763],[-94.57422634345123,79.2656681330694],[-94.6540625311504,79.24251929267989]]],[[[-94.45307119642523,76.96032050780735],[-94.44601044230812,76.94016345515243],[-94.29699539836318,76.95005511261212],[-94.34874443816868,76.97029058634422],[-94.45307119642523,76.96032050780735]]],[[[-93.2577186398121,61.89109677404502],[-93.12079955203471,61.83916158098178],[-93.06261565793478,61.82973055376701],[-92.98845675801171,61.84262234919242],[-92.98762553248605,61.8564807345242],[-93.07625280785581,61.91321455044649],[-93.22378612606728,61.90632988984983],[-93.2577186398121,61.89109677404502]]],[[[-92.00642019079572,74.7047700724663],[-91.98855842945825,74.69440975925262],[-91.88900706955411,74.7119025962699],[-91.97670140423403,74.72826493628105],[-92.00642019079572,74.7047700724663]]],[[[-91.9912254890975,81.52594644660105],[-91.98443291341067,81.5113714920392],[-91.89916770105813,81.50267391970843],[-91.77513027366473,81.51315267187387],[-91.84621060497207,81.5314642862225],[-91.9912254890975,81.52594644660105]]],[[[-91.98282085536064,81.66364335395699],[-91.79022440915006,81.63645008151475],[-91.38477890315284,81.61730415470397],[-91.48078425297948,81.5677300640937],[-91.18937999321629,81.54757735600649],[-90.96985960319101,81.57164499850518],[-90.85289249009257,81.6387516235223],[-90.7342969795782,81.65547351547809],[-90.7435264633263,81.68469065045218],[-90.62116524512244,81.70791583943523],[-90.53239070157274,81.70542159324371],[-90.44533924333162,81.67534897869446],[-90.31229791057368,81.67245166457795],[-90.30524991222553,81.68690650220069],[-90.33073762733542,81.70342101780155],[-90.31154411870585,81.71939013737735],[-90.21547773962929,81.73136640550558],[-90.15009837443084,81.72748434917295],[-90.09580567602556,81.67986872873509],[-90.16005411382396,81.66273509480614],[-89.62245635898414,81.669514762491],[-89.47571465155802,81.65035327358008],[-90.10498736608339,81.60200527811153],[-90.63599790410343,81.50043030230671],[-90.82771715122385,81.48925546658806],[-90.88791006355983,81.47681919981387],[-90.89593773993714,81.45740394500059],[-90.41409373225743,81.38770684156228],[-90.04156312109323,81.45472369913212],[-89.62991878132853,81.49946039368515],[-88.46278516316937,81.5987358898301],[-88.11895683277292,81.5966994566771],[-87.19683373198555,81.54391024529119],[-87.39904790613488,81.52029595708291],[-88.21013663388547,81.56119914254596],[-88.49752204947163,81.56158228678719],[-88.63007461534981,81.55351725363808],[-88.85086598791048,81.50012543888815],[-89.40621479272077,81.4299840008681],[-89.63131974225817,81.38582272911788],[-89.99908615843405,81.37852265395368],[-90.01960894871071,81.36877469694366],[-89.42089295218331,81.31475292298175],[-89.31176634823736,81.28404712035703],[-89.03365439469256,81.29883097141924],[-88.9472945841576,81.28102229908286],[-89.11750860243252,81.24353215994138],[-89.23512602746422,81.24181372957892],[-89.69543425464194,81.25092164732347],[-89.94467645175784,81.28282710446307],[-90.11619867757572,81.27913644748746],[-90.3235075604792,81.23372058232339],[-90.36486362230217,81.16568744569277],[-90.36313035321042,81.1233262322052],[-90.11858729396255,81.08146165060938],[-89.31203918392667,81.06769044573282],[-88.26999519875788,81.12937529434625],[-87.0245273852299,81.12566154638797],[-86.346667106971,81.17419194745571],[-85.42876427576321,81.30928011579975],[-85.2123314145517,81.31233752694877],[-84.85397575668408,81.34488687354335],[-84.71496856995682,81.34024849362471],[-84.62893755888119,81.31501527353534],[-84.75144487757068,81.28036219452154],[-85.18206797305372,81.25022262954708],[-85.71340771517856,81.16341105003411],[-85.70684660469983,81.15029947366004],[-85.59734288542452,81.12988930381997],[-85.72177883032477,81.10312856343089],[-86.01564553964877,81.10858772429278],[-86.51662215474073,81.04165794369577],[-86.77600326166744,81.05123882876283],[-87.23246488748296,81.01582355612906],[-87.80158773317122,81.0632514593696],[-88.07391391787645,81.07045086653636],[-88.767361741935,80.9783530469302],[-89.17203361783383,80.95374374382234],[-89.27481879730159,80.93248476825342],[-89.28386530956055,80.90800226054795],[-88.34116789222576,80.76265755543731],[-88.21123324143714,80.7265434782234],[-87.85734350284983,80.71598156698873],[-87.45926630197721,80.6624288449451],[-87.218985592006,80.6500214576462],[-87.00456752523469,80.66545617112601],[-86.98223726062612,80.67844080250757],[-87.00888051724881,80.69977635232995],[-86.98659661482982,80.7111804380189],[-86.62417497792926,80.79421073072709],[-86.18932339396022,80.93366841817559],[-86.0251774908792,80.96511758029231],[-85.97602695863098,80.99088540184864],[-85.95631139161803,81.02176249647009],[-85.74549188524188,81.06095576103058],[-85.23376690698977,81.08284754068691],[-84.65530658475755,81.13114216586865],[-83.85967361688199,81.13366390180425],[-83.05443883653268,81.20477875088494],[-82.79274473353611,81.1961544300644],[-82.33978832749511,81.21869903050096],[-82.22839193564273,81.20867834171071],[-82.34868082052293,81.17301181323364],[-82.59344553262996,81.15715047030396],[-83.30367403814122,81.14289135959334],[-83.54590500745299,81.10689114015423],[-84.2175661252355,81.070939910766],[-85.0100461475609,81.06285884113798],[-85.39857970371101,81.0320961695281],[-85.6825337604389,80.96258622698069],[-85.75369136398203,80.93539877612733],[-85.81078233742892,80.88197619943595],[-86.04036899853696,80.79873738281647],[-86.65086836442116,80.67017184505225],[-86.60723778139202,80.63718273810153],[-85.92706686265412,80.55082133760975],[-85.80346159478226,80.5646029482286],[-85.79199657131409,80.60379547517124],[-85.76986546874441,80.611823792081],[-85.47667865295195,80.64866319488421],[-85.34147221905647,80.63111573594395],[-85.61961501380287,80.57788968530308],[-85.5638673933156,80.5643072844169],[-84.70116741277843,80.54447136060934],[-83.80318730608555,80.56331188527146],[-83.64418102169222,80.58095553674184],[-83.40084529544234,80.68100413943486],[-83.44071169792399,80.70120238994089],[-83.61599217156855,80.7167145908436],[-83.63632334295053,80.73666554841546],[-83.39489122394689,80.80710498776197],[-83.10176912152866,80.8538107605394],[-82.91289960487113,80.84118158927294],[-83.36821328641221,80.74280836377966],[-83.29754047149426,80.72214452993899],[-83.07376977948412,80.70413846531348],[-82.08814371704993,80.82635494767867],[-81.86396534034908,80.83725506855319],[-81.78245966571664,80.8209745319453],[-82.36180865477286,80.70455258526628],[-83.00408041821034,80.64733573712013],[-83.07568068459061,80.6286775819332],[-83.0989025995177,80.58637299486061],[-82.887175419392,80.57001395810244],[-82.27574061140675,80.58474352596214],[-81.63194847489832,80.64234994736279],[-81.07811788487781,80.6646686056621],[-80.49066159552441,80.71184835023482],[-80.33132525376901,80.75616114869216],[-79.50990399090072,80.85629627284149],[-79.05990581076067,80.9659035033221],[-79.05266235267648,80.9838979842535],[-79.16617768334015,81.02947603109142],[-79.05507381906727,81.08779112054005],[-79.0268061036964,81.12669199770089],[-79.30050469178492,81.17427857462813],[-79.32054334094109,81.21916594406166],[-79.23362064750474,81.22041647110201],[-78.9811878314895,81.17170824413469],[-78.59907781299925,81.14746988509465],[-78.54667874029836,81.15603247187859],[-78.55685893221653,81.20742881587852],[-78.52406062243725,81.22797828647877],[-77.99587725746352,81.33152638543467],[-77.42084111183483,81.41844359230699],[-76.73190979385748,81.46357924861951],[-76.7430772549475,81.43749213584726],[-77.02100155678907,81.38430893962969],[-77.65081372211634,81.32735314719993],[-78.13501957125202,81.21807990292054],[-78.29635615312623,81.17935730035381],[-78.3173015348122,81.16011525802823],[-78.27363350878574,81.13095985333693],[-78.34322904408633,81.10634428605992],[-78.73204437768807,81.04030025408798],[-78.85217182120853,81.00539861068295],[-78.8876485062015,80.96996904776042],[-78.7190666253396,80.93929212455103],[-78.77930163163937,80.91113091294451],[-78.76827446640549,80.89102151241643],[-78.70699679782567,80.87953589721513],[-77.41960612173654,80.94557907783837],[-77.1023359646738,80.91977510540056],[-76.36837790012576,80.92572104062906],[-76.33778822105543,80.90813189926543],[-76.5391909206062,80.86454514354783],[-76.64201505738488,80.85774811079139],[-78.07669276736199,80.83475501878044],[-78.54229682679046,80.79595651352784],[-78.6743159780836,80.76791271660672],[-78.96465241607922,80.7555198343541],[-79.53233920468375,80.6752356865536],[-79.89913903112235,80.66406391534306],[-79.97703577345011,80.64441024480602],[-79.63291536732157,80.63140947980786],[-78.93062281911644,80.65372458950037],[-78.33445648984458,80.6280804354681],[-77.85702984250928,80.62640029072848],[-77.91525895225682,80.61977028040245],[-78.9567177688103,80.57330480586664],[-79.98022811216771,80.58172621404981],[-80.23385939481518,80.51974424596739],[-80.5114621130532,80.48625400546216],[-80.92316588778766,80.49664693605888],[-81.43451430545385,80.43761449260096],[-81.98129125966942,80.42154045217563],[-82.62307407608911,80.3568305151921],[-82.99303542274829,80.34624519387],[-82.95685933786683,80.32269279935868],[-82.83299664384138,80.29925782016379],[-82.61035009571043,80.228078401103],[-82.49942006379118,80.16840898178945],[-82.48063834036948,80.1351302045504],[-81.93883595278014,80.03118618772173],[-81.95031184589726,80.01316518571011],[-81.91744314563051,80.00429972694413],[-81.5053795085239,79.96470957716204],[-81.50346666513846,79.95316591899268],[-81.54122932065658,79.93896555843267],[-81.6966291061771,79.91886990713715],[-81.6949437288469,79.8923708672105],[-81.57897825962274,79.83867988150793],[-81.61046779681956,79.78961062594266],[-81.55380272325253,79.76191138923464],[-81.56745456342121,79.74060849781895],[-81.53567479079247,79.73169075947493],[-81.2878791485129,79.7264705733464],[-80.89262237917812,79.6796048623778],[-80.66173852456511,79.67762656451853],[-80.12551172821615,79.72297937892408],[-79.81321904381684,79.72853067358419],[-79.7427152043137,79.71167441102149],[-79.92120052348767,79.67460218161837],[-80.4124757195565,79.63847656410574],[-80.63282838181968,79.60208630791317],[-80.98443716161339,79.61356797945835],[-81.4177617271229,79.65623088258111],[-81.5394881389554,79.6255607431695],[-81.71853176473348,79.61921986545575],[-81.76580063719551,79.63186078658143],[-81.65858080144201,79.65621699195987],[-81.6996210136954,79.67859168578747],[-81.64063352167415,79.69900644891051],[-82.03255082982595,79.7565138569487],[-82.16610559290937,79.86171052861606],[-82.38997684761084,79.94682543435668],[-82.65452834277865,80.0159401413484],[-82.64512906990468,80.03222824848966],[-83.18896602526432,80.1433447724994],[-83.52593491777874,80.24228471244767],[-83.72954918352933,80.2846375828702],[-83.98527558140421,80.30118149723832],[-85.31515974653256,80.29298585683908],[-85.99021835904946,80.35781681630597],[-86.27645614190247,80.34843081284001],[-86.48287633168923,80.30049664118751],[-86.45974964241148,80.27246719447555],[-86.46817418076796,80.23481010939086],[-86.66741097504271,80.20807248271028],[-86.56821382055365,80.12865776880402],[-86.56696844816258,80.08747573186672],[-86.42869246084958,80.02080616681013],[-85.81784077498429,79.99652396766763],[-85.270784477407,79.92893123856854],[-85.42526459952988,79.91728252170633],[-86.09762608122752,79.97730693358076],[-86.33555539413248,79.97081169445087],[-86.42599513401296,79.94672831377635],[-86.43885533040766,79.93039415255414],[-86.42642284925755,79.90064138879046],[-86.44269669162827,79.82666465167642],[-86.47502727985197,79.80545961254656],[-85.9518849613177,79.73726873675498],[-85.62241502266781,79.72454006769844],[-85.27596495855136,79.67823321808228],[-85.06662484687105,79.61335608273441],[-84.83974801073715,79.5016915735284],[-84.41529515965892,79.42362091887031],[-84.41265754182639,79.40702831985736],[-84.4674753510506,79.35636937824235],[-84.45282557380338,79.29983856006554],[-84.31967653956129,79.2516869504053],[-84.31574670449027,79.23833228405222],[-84.37921268562684,79.21097606288045],[-84.34921578004729,79.19734740677173],[-84.22715245748338,79.19236799154343],[-84.06555127197986,79.24155597994783],[-83.99338337898912,79.24390686051403],[-83.92212403490792,79.22290915322687],[-83.99717398258123,79.16920234913748],[-83.97670516608252,79.15403469117965],[-83.77472546159689,79.13104056808652],[-83.54938391082413,79.08271155387794],[-83.41871034804578,79.08059355121532],[-83.37540184755284,79.05998779466944],[-83.48145705733131,79.0384097348862],[-83.62116832221787,79.03894198979015],[-83.95135015554459,79.06560410481838],[-84.18915746159783,79.1304061769879],[-84.43469560347063,79.15698227014241],[-84.52361073746341,79.15480242393187],[-84.7051936708368,79.11562727969066],[-84.71787645660177,79.07765310778008],[-84.65273972291294,79.0386405586339],[-84.21162044986029,78.9812919385664],[-83.10153755967715,78.95381984054882],[-82.44542011078063,78.91180155896508],[-82.15340441391893,78.93767577538965],[-81.9012745023613,79.0141651505631],[-81.57352583372804,79.06379561985563],[-81.58106016917276,79.03728995555386],[-81.76679861139284,78.97456895064774],[-81.78428355891913,78.94493580749455],[-81.66866656433768,78.9040920917226],[-81.66819692745716,78.89070188709621],[-81.80028999238144,78.85680994392199],[-82.06517023864936,78.877413303397],[-82.56418561261314,78.84906288685384],[-83.05917051917973,78.8781979138374],[-83.18224649323406,78.85535723893706],[-83.19272466760583,78.83216405775025],[-82.90638998452295,78.76541562567569],[-82.774892229265,78.75468089511249],[-82.27268486754397,78.76485400923733],[-82.17809623215263,78.74960468543175],[-82.27539079076884,78.72822269437408],[-82.55842802312978,78.7255096237342],[-82.5610434476409,78.70387087069219],[-82.25163659996792,78.62749802167534],[-82.26408308405858,78.60431654719498],[-82.30108994533387,78.59845570342603],[-82.58504113636685,78.62249512991097],[-82.7462072010133,78.69068562591117],[-82.80892366292461,78.70187404377177],[-83.19257200673898,78.72047536574192],[-83.36066346657435,78.78335619911489],[-83.64188927135226,78.82795088991769],[-83.69833826158983,78.85718928779382],[-84.6905132718131,78.87796000961049],[-85.01959595958782,78.92840656862718],[-85.2649788995078,78.91791528127287],[-85.8499860020375,78.85729342369414],[-86.47467612181914,78.82756942972799],[-86.70307277065616,78.7976354058212],[-86.86842232740008,78.72561677182043],[-86.97425602153653,78.64476100406837],[-87.05586388131314,78.60532351160734],[-87.04066058548369,78.59192146619259],[-86.85525270786194,78.5958542737381],[-86.840890973408,78.58075891257381],[-87.10314668642722,78.56736095594592],[-87.5038989698279,78.42788349354417],[-87.48243684980343,78.39782100042652],[-87.52562124715094,78.29633702323774],[-87.4656354695521,78.24611437040349],[-87.16417128775805,78.23294404350405],[-87.16587333641786,78.21965229126486],[-87.40577111574245,78.19415786782041],[-87.48128383668605,78.17117237279467],[-87.49217913136431,78.14790033213716],[-87.46922768423998,78.13446913935317],[-87.14660566102104,78.11944908699579],[-86.78699010187312,78.13725272350902],[-86.70280368237758,78.15342028927218],[-86.53615198426355,78.22391409748572],[-86.42889391073676,78.22811352374617],[-86.35801590884569,78.21417973206125],[-86.18002331077787,78.24603446706998],[-85.88763015077744,78.37845999321858],[-85.82070335377024,78.38121144098243],[-85.79939506260982,78.36598846225753],[-85.95609970060966,78.29578050378693],[-85.94687996269325,78.26233671249904],[-85.9669980910214,78.24586926489643],[-86.08071216255952,78.21187014791879],[-86.12046377346081,78.17881347160342],[-86.2604912414266,78.1716904253208],[-86.29528617743078,78.15866446454721],[-86.28554464770382,78.12682129113794],[-86.25357013482363,78.08313716453819],[-86.15121484330366,78.06895137103038],[-85.72948239769913,78.10999171680783],[-85.43537225807944,78.11857848371191],[-85.38224864576604,78.13465971250935],[-85.36689553855513,78.16124063986457],[-85.30853039196651,78.19727885029876],[-85.21583313600348,78.20789457467173],[-85.12460290948694,78.26858916729202],[-85.0637276418012,78.28124308141103],[-85.03419284380844,78.32587043707518],[-84.98523564741265,78.35029731573415],[-84.96029451682057,78.43339731129171],[-84.90110737590602,78.46269763685581],[-84.88583284391366,78.51249022644737],[-84.81293194296423,78.55660461909676],[-84.656853225778,78.59788992590832],[-84.62540023917195,78.59078447250674],[-84.63292528891806,78.56759461376949],[-84.78583166196331,78.51122933784052],[-84.77864304007824,78.48119142436536],[-84.8283923765688,78.37668932605708],[-84.63359825386075,78.36412683251764],[-84.62915176572012,78.3523843408922],[-84.82950607019129,78.32001814659831],[-84.89309461761836,78.27404677477266],[-84.99323835066943,78.24199201924961],[-85.00037761640583,78.21695319208068],[-84.87858247405704,78.21378573285848],[-84.74975249775724,78.23381834665727],[-84.46418237422589,78.22988896203009],[-84.02491698457128,78.19999395734344],[-84.16323826064921,78.17875611321843],[-84.62692126339445,78.20883227869507],[-84.96498584037218,78.17149272362941],[-84.98701458671383,78.15168733368701],[-84.98237874658201,78.11321242127713],[-85.02691319934586,78.09871300202738],[-84.81552027764043,78.07432516891693],[-84.46266572714279,78.11293969709166],[-84.33014719849923,78.09761580941783],[-84.36845409953594,78.07981817217116],[-84.55494270065986,78.07910936349998],[-84.76814619021488,78.0452133068197],[-85.1191566487884,78.05971952113906],[-85.51097718029416,77.98072202095454],[-85.6086297602554,77.94169794626072],[-85.51252222270365,77.91050552546258],[-85.50940963361073,77.890431314829],[-85.42247038538522,77.8877343279075],[-85.25504733226035,77.91758520304577],[-84.79315240448888,77.93684507656758],[-84.33039103268212,77.90858210303294],[-84.65248637171936,77.90148701540797],[-84.87221115751659,77.86095288489747],[-84.93549389530453,77.86177966722815],[-84.95500689460307,77.87711106129889],[-84.87076106952571,77.89272662645901],[-84.88337029277066,77.902875086481],[-85.28084301615787,77.88112514709576],[-85.39354366730588,77.84559566502912],[-85.40042200693358,77.81888455608656],[-85.02067249754586,77.84275911291716],[-84.99575389734323,77.81904791699948],[-85.17672409559454,77.79446755950292],[-85.23056028405527,77.7716859807302],[-85.28638972258076,77.71047220517298],[-85.26232253341594,77.68166031778291],[-84.95742009126346,77.62247452623618],[-84.84534295169145,77.63107500933567],[-84.4343685458342,77.76270344081608],[-84.42084164134701,77.73233660981539],[-84.4871595321173,77.69806791067667],[-84.74752369010427,77.61799530974056],[-84.83493031386163,77.58565961583624],[-84.84870333016396,77.56571618860849],[-84.76361672195839,77.53769410265721],[-84.39754949883769,77.5390792203863],[-84.04859519006551,77.51348470738586],[-83.82750835131681,77.52317294623617],[-83.44023502262729,77.63723761270347],[-82.81155898420933,77.95744349649588],[-82.79565294845625,77.9924143299994],[-82.82637993199289,78.01310783550512],[-82.81897494071576,78.02974921566444],[-82.55798644407861,78.08482549958792],[-82.44057309232167,78.09240047131762],[-82.39484083028152,78.08646099335643],[-82.38685999044182,78.0695461010605],[-82.60670363266331,78.03387176222459],[-82.56775205408326,77.97936526097527],[-82.60404907766204,77.90294993398435],[-82.69226960969084,77.8730533084036],[-82.81318486042441,77.79815119905862],[-83.408317168745,77.52304572566932],[-84.13368652200566,77.40784048898396],[-84.2564088989246,77.36972993878251],[-84.50164487021534,77.40451850003755],[-84.70856706098989,77.41181444769126],[-84.92529769886208,77.35825078132608],[-85.02615747206657,77.39497435280353],[-85.42166690716321,77.42370950642986],[-85.61227954023241,77.4661734734224],[-85.78665864374523,77.4462845943557],[-85.84640050404799,77.45525457879688],[-85.87448603509357,77.46892235738508],[-85.88109537291984,77.54448146638305],[-85.95957462440686,77.6155931367708],[-85.96886791105764,77.64585780916155],[-86.0336370272529,77.67326433119725],[-86.05412767797075,77.72696834289331],[-86.22107868789091,77.80044825854564],[-86.66676684358478,77.88257292847413],[-87.31055957571866,77.89494451331764],[-87.98371440355697,77.83582777433276],[-88.19678892781666,77.85643178772762],[-88.22960235307447,77.83646651186045],[-88.19528102025137,77.72767556165124],[-88.21177991861255,77.70769935848256],[-88.19744448203758,77.67582813173127],[-88.16732830808611,77.65408893950139],[-87.72143014350996,77.55391632218588],[-87.69971106441895,77.53875691827888],[-87.70138223106777,77.5170643439423],[-87.79003942171964,77.4688185642993],[-87.79260962262049,77.43528418194718],[-87.73442501525099,77.3931697814113],[-87.46225733737464,77.35007947695237],[-87.23705995016697,77.37576346270826],[-86.92135954552064,77.38552423221171],[-86.84519629480191,77.38173113798919],[-86.8471506253635,77.36827995477765],[-87.07941800813651,77.34973258945207],[-87.18161607294508,77.32679747581226],[-87.23108553338852,77.29696140901915],[-87.1871863499689,77.27986939316261],[-86.91151649058445,77.28990362572392],[-87.20762032448164,77.23476476008352],[-87.23965676872992,77.22147597838402],[-87.21903233153269,77.20462999004873],[-87.42741704872037,77.16713709039051],[-87.42890724757854,77.15033574296811],[-87.36259116324563,77.13321057320402],[-87.39355343015728,77.12663277353784],[-87.59730763286458,77.12430706886911],[-87.6860059148337,77.14481596749098],[-87.94246346837045,77.14912893269083],[-88.09459883955769,77.12270615476284],[-88.17671420231329,77.14136182967503],[-88.48643547228941,77.1184613359224],[-88.54692815596724,77.09840067833363],[-88.50259892172907,77.0748508347221],[-88.64559544370624,77.05479542963292],[-88.72089999884517,77.01290279489804],[-88.98212356834672,76.99944280206176],[-89.01949937003687,76.991040660872],[-89.02647419325392,76.96583124867546],[-89.07107317941492,76.94902966014104],[-89.42609610940404,76.89312692846408],[-89.51394986231412,76.86765193380064],[-89.51892190090624,76.81721295918703],[-89.49390023828447,76.75512289455045],[-89.4268102325811,76.72827477055134],[-89.48490137189644,76.71302319683313],[-89.49663955951047,76.65582894774388],[-89.63361938514778,76.62351730508738],[-89.61637111257289,76.56971443700898],[-89.48579970382679,76.56828511416742],[-89.43193970272127,76.4976877906663],[-89.28693346787595,76.4744174407192],[-89.30117650090952,76.46091581260957],[-89.2287343248825,76.4424876963941],[-89.0850468904782,76.44598236702691],[-89.01977144610574,76.42078871187147],[-88.82622281512397,76.47132605974605],[-88.8478346195242,76.56566062339792],[-88.818780991045,76.58756009664346],[-88.71676365045512,76.59928057413245],[-88.67372809057886,76.57740447070474],[-88.71810999689089,76.46125451199096],[-88.71864326710156,76.40902891392825],[-88.64679014668997,76.40721697434394],[-88.61782510094677,76.42243886454469],[-88.62449401349187,76.46112005633046],[-88.56637805058241,76.49307936027019],[-88.52116780088632,76.57889835679347],[-88.62951408815947,76.61436208630099],[-88.65043053783897,76.6817069900651],[-88.7306973506206,76.72213608070916],[-88.59721222666296,76.80446684337015],[-88.52312426582886,76.82792791041355],[-88.48650145027509,76.81944439637375],[-88.56852005840611,76.7573498810308],[-88.51833207802801,76.7068381651733],[-88.51199999157339,76.67145581881893],[-88.34892913088352,76.52481238127832],[-88.41508074449442,76.48279211142943],[-88.40908981378438,76.44736396187095],[-88.4527871116648,76.41716405792644],[-88.38915495336074,76.39345098914958],[-87.92434774080323,76.3736654306851],[-87.90244728189319,76.38204924175157],[-87.92347271619208,76.3922556447724],[-87.92223638854227,76.40912091572703],[-87.86417277132009,76.41901626002566],[-87.76494523990199,76.40171539110463],[-87.74679771180408,76.35957109602077],[-87.7045322054178,76.3492361579427],[-87.57319057577203,76.3823506999109],[-87.50398832771633,76.3533530106238],[-87.42439912383163,76.36311536333993],[-87.4786946636539,76.3987851779225],[-87.48242872759192,76.43586513336587],[-87.58840550341648,76.4582396921292],[-87.55552152372469,76.50191514173237],[-87.60269778823415,76.5442757101257],[-87.61307921807861,76.59314254123915],[-87.63368294515467,76.61002921275822],[-87.61719971447215,76.63018360993885],[-87.56603225567538,76.63334931866993],[-87.44716576098389,76.58050406075246],[-87.46318437055925,76.56711218938707],[-87.44967100552617,76.55364759457284],[-87.38029477168344,76.52465353714005],[-87.37429463039535,76.51111163610892],[-87.41278055473416,76.48604234055425],[-87.39302449910048,76.46904922596269],[-87.12168054206887,76.44727740045317],[-87.18203907744082,76.4206742430873],[-87.19147235928371,76.40221485514581],[-87.1500259659352,76.38846299494125],[-86.72225703807455,76.37195816084585],[-86.68471796093954,76.38513532072223],[-86.67933292307308,76.42047130838672],[-86.69749233936192,76.44591908394578],[-86.66190512314978,76.49110813695624],[-86.61533908407556,76.5143272971786],[-86.44787673352698,76.52135287094275],[-86.38634328233884,76.54272256909188],[-86.56998881082845,76.62010826599608],[-86.56849499284354,76.6318236571343],[-86.51742475688604,76.63145732071648],[-86.37606392351479,76.60496249751654],[-86.26169948590153,76.55160153369985],[-86.25763466016772,76.53308906120792],[-86.28475514125732,76.5029620861387],[-86.38302382220812,76.4769615448443],[-86.42327971110147,76.45031404266355],[-86.44494223406,76.40496293181397],[-86.39745922268868,76.38934746943728],[-85.81325472214084,76.3699642911868],[-85.27085502993509,76.30076785166398],[-85.11045803011073,76.31543875926869],[-84.86559977421278,76.29678199275463],[-84.75216636657574,76.32037078185124],[-84.51640004252263,76.32002447908246],[-84.48551634340538,76.32793649692658],[-84.47924260812073,76.34982002535273],[-84.78095933766652,76.39850614325472],[-84.89422159304593,76.4322604484828],[-85.06068119845327,76.51392955345162],[-85.099161090261,76.59040680994731],[-85.00913020225364,76.60089179900442],[-84.95374039044337,76.58999510503011],[-84.83615120711288,76.54109859559709],[-84.81302271735714,76.51879993107146],[-84.82103382086926,76.49028347796252],[-84.59797333283363,76.43618474246787],[-84.5396397923418,76.43860622171192],[-84.33075129176844,76.46222657463582],[-84.2101468027948,76.50239170564709],[-84.21029875140778,76.52442593786057],[-84.25865344024298,76.5556190810615],[-84.22821454824846,76.58373432436925],[-84.22542682199928,76.61583491654345],[-84.18993481631486,76.63546819021305],[-84.37740580732196,76.66724808956411],[-84.32840312416539,76.68328463687635],[-84.24267986561897,76.67680709408053],[-84.05192120457433,76.6330617470968],[-84.02936187672393,76.61241958178888],[-84.06203339350186,76.55727412129471],[-84.04347246824993,76.54679337060199],[-83.89919987991445,76.52225434399026],[-83.68640046174899,76.44729443466498],[-83.40875921969788,76.41648600555006],[-83.27711123199377,76.42226572271926],[-83.25974706619009,76.4490015528587],[-83.30303523939169,76.46847760549274],[-83.25575811650862,76.49794436328267],[-83.24872640036101,76.51635427250228],[-83.26612768969817,76.52859700195316],[-83.24133198608205,76.55509807525308],[-83.29220385374637,76.57478326114901],[-83.30580792411622,76.59698079327502],[-83.55915138181751,76.70335577523329],[-83.43050013199382,76.77338605797236],[-83.3746141056682,76.78409763316604],[-83.33368417394288,76.77492300107384],[-83.39819677196665,76.74070593707695],[-83.4041683746642,76.70541575434586],[-83.23796724768083,76.65977335332907],[-83.18703439988028,76.62157402905555],[-83.06308013587918,76.58347704882985],[-83.07353169869414,76.55672694461525],[-83.03501369728284,76.52546811355073],[-83.08192976144583,76.49764844647781],[-83.00841503812339,76.46392663053399],[-82.77094657276103,76.40794037520062],[-82.65948107925341,76.39860102588668],[-82.58844371962918,76.4139366881291],[-82.2612011345286,76.41965911029686],[-82.22097952137955,76.42885086116638],[-82.17248652586996,76.48866838410294],[-82.23500363575877,76.52739636456027],[-82.2119771286305,76.57932178887434],[-82.23952692267648,76.5986297826119],[-82.52217665957711,76.65436538463481],[-82.63038507896009,76.71093262023908],[-82.64835105392045,76.75529174309571],[-82.69991917892571,76.79025508054524],[-82.78743307850823,76.81079145266736],[-82.77902741710359,76.83086225973672],[-82.66142904654781,76.82826484502765],[-82.59369752896774,76.81322174562257],[-82.51682689045617,76.76925076605671],[-82.48512329356691,76.7059729695136],[-82.37431708095089,76.65770634423961],[-82.1916594151606,76.63978292303939],[-81.95743335384765,76.67119093413496],[-81.86870813202081,76.65709698474298],[-82.05629640342397,76.6161574846538],[-82.0401785610727,76.6038639006987],[-82.06743081921076,76.5284078214863],[-82.0354257855977,76.51910663106773],[-81.72176976765208,76.49073134371176],[-81.4446917529889,76.49341379431729],[-81.3566369734062,76.50967277468074],[-81.29856781487904,76.55211968185584],[-81.20885203177203,76.55642175294443],[-81.2019231928601,76.52741576986008],[-80.92688063614443,76.48382802278464],[-80.81431465925957,76.44999777878645],[-80.78973142589308,76.42882971572426],[-80.80421963950053,76.4020732958104],[-80.97904713066835,76.33088881137273],[-81.02554694405012,76.28297750635357],[-81.0533607666647,76.22939154405238],[-80.96116026498709,76.20116340149949],[-81.06149316772107,76.17181942366015],[-81.02382913629658,76.14865844313378],[-80.97397875939237,76.14888287557632],[-80.89183253978827,76.17022925369959],[-80.62275091351556,76.18067809644089],[-80.29485651708507,76.24346326266264],[-80.18812597280997,76.25527449380355],[-80.04318356319796,76.2454180620475],[-79.7208646505939,76.3043984401864],[-79.28653829449262,76.3420284798464],[-79.19005201773072,76.37940442298367],[-79.1573078129116,76.40720048272138],[-78.92535290513815,76.47208477313778],[-78.86149265564528,76.51237998779304],[-78.82318198910494,76.56893160156773],[-78.77110216060483,76.58064835138097],[-78.63973452217668,76.57915655192656],[-78.5977943434795,76.5655894570212],[-78.59317061762849,76.50910063012287],[-78.54915542187628,76.4886993761966],[-78.41971255051372,76.47519057372747],[-78.33210296771554,76.51611948939728],[-78.17040037475299,76.54733288086011],[-78.14388717965683,76.56342732431636],[-78.15317444748565,76.59113236965852],[-78.13601546726044,76.61431145075368],[-77.89671344562667,76.65772128029666],[-77.79837645310728,76.6998776147475],[-77.78163247597631,76.72141467390747],[-77.79811647565599,76.7391877797099],[-77.77790456124438,76.76561769056146],[-77.8180494243538,76.79118329291097],[-77.74867520828433,76.82252685954035],[-77.9079612698893,76.89883874540911],[-77.91464877266021,76.9195811064583],[-77.8963023773877,76.96318635663025],[-78.14518466372397,77.03414218628625],[-78.34561029062561,77.02982012573827],[-78.41952644458942,77.01217174579868],[-78.47184098318642,76.97157399728982],[-78.57438633275076,76.94467814356723],[-78.60683630414688,76.92039845345835],[-78.69191924023828,76.90643092785442],[-78.70765203457167,76.8951399858129],[-78.71241302423245,76.85618526892543],[-78.7631570167835,76.83760392605798],[-78.9205673986699,76.8585336224978],[-78.93114350351198,76.8759747705086],[-78.89040178872351,76.92381511136388],[-78.99270077193621,76.9495746104946],[-79.31835327046166,76.93536548388033],[-79.44225927236967,76.95317717924887],[-79.42910812805394,76.97310322635605],[-79.31528463421138,77.03039945127364],[-79.09723049584696,77.09428857478424],[-79.05445926153594,77.13358670228966],[-79.0770700303776,77.15644608384383],[-79.04806777495621,77.17575864190611],[-79.34420853372897,77.24692831618604],[-79.61032345507329,77.26246249153348],[-79.79233980626088,77.2428438362845],[-80.11524558475158,77.16821515351498],[-80.16454199513927,77.13752900784846],[-80.34267296503826,77.08202191604798],[-80.44946655785908,77.09367410013026],[-80.35130719624503,77.1178233068609],[-80.14806040076873,77.20143388044956],[-80.15244686834616,77.21846841474537],[-80.25324192184856,77.2418523612966],[-81.18761057524623,77.28356007779892],[-81.44124599089996,77.23955222360833],[-81.48628897072597,77.21205638776816],[-81.85595771038783,77.18928637558821],[-81.90318081285817,77.21746057704122],[-81.8950593785139,77.24931015410172],[-82.17012732705317,77.31316984976525],[-81.95026125281662,77.32315400737126],[-81.7679841791642,77.30348583321228],[-81.25494082492025,77.3292868966619],[-81.18019837617922,77.33907946480697],[-81.16993141046095,77.35742510433457],[-81.24368261028391,77.37793015520579],[-81.6178441248239,77.40102464584666],[-81.73641480108601,77.42586990318372],[-81.76428849265677,77.4467396571197],[-81.73180210699572,77.51001501976178],[-81.75289170350776,77.54423505999942],[-81.97371890170625,77.63363858014463],[-81.99368063549062,77.65599105059538],[-81.97827251841534,77.67078882919084],[-81.84794015071495,77.67945529353024],[-81.75104487478495,77.62333815866484],[-81.57642956413251,77.58203355368269],[-81.58433382096707,77.53844178009547],[-81.33373723537636,77.4680340729288],[-81.32750509339394,77.45093976943087],[-81.28225658676013,77.43466279181281],[-81.06340267098626,77.42374498205098],[-80.78267159440539,77.34683820955485],[-80.611025061749,77.33689057061179],[-80.4797920716358,77.3111696825303],[-80.03447318657646,77.28424467010936],[-79.68825901256847,77.33100140977025],[-79.21913015245879,77.30546592834307],[-79.04720038123017,77.3302473375022],[-78.82806085676108,77.38716868570383],[-78.73830853481799,77.38230982697236],[-78.81925658578906,77.34609521003134],[-78.72823293866756,77.34289757780617],[-78.26922736302339,77.39600577796426],[-78.23247891505997,77.40320578317626],[-78.24975603867027,77.44117442557742],[-78.00064400533581,77.48970328067583],[-77.95415760468434,77.5084302859269],[-77.93766814317254,77.54852065983789],[-77.81793824187756,77.57968500166645],[-77.74614530334598,77.60931080707826],[-77.72742189463743,77.63234986913233],[-77.8512913569726,77.68463226516056],[-78.10519668482324,77.69560372806832],[-78.10082145728552,77.7107688634214],[-78.02462073852793,77.71646075083423],[-78.02328659314179,77.82668209940978],[-78.19660348576862,77.85152314607319],[-78.2774315161562,77.8916230818262],[-78.3819430802238,77.91225558800237],[-78.39791631725697,77.93311641863534],[-78.38224305587669,77.94274560443046],[-78.139698207966,77.98159279681289],[-78.00941392443963,77.98202919197826],[-77.15436100837074,77.94499891425943],[-76.90304930699554,77.9079643674733],[-76.3263223003842,78.01888508809628],[-75.92338795655053,77.98648942669445],[-75.81305207674276,77.99880473096903],[-75.67260286549356,78.04044991506807],[-75.68082912561462,78.06472236338648],[-75.64631183039663,78.12284349063057],[-75.81840306202616,78.157504481508],[-76.11202209005677,78.14607254686302],[-76.71845459287879,78.18770035884613],[-76.79108725931509,78.20758266073334],[-76.76939817410407,78.23044447125359],[-76.50219740665592,78.25722656486144],[-75.97734302062109,78.25610817212618],[-75.7596137935003,78.23162330540434],[-75.49202322634582,78.23204593842385],[-75.40040466871216,78.2553245568119],[-75.33992963007572,78.29698600511128],[-75.26399591911681,78.32089368544187],[-75.05893089652939,78.35444269476521],[-75.1276247189346,78.40006400361635],[-75.57748396547129,78.45535094397991],[-75.86276615093847,78.46725167157261],[-75.97518523277891,78.48209921200393],[-76.09730992774774,78.52100831992033],[-76.31852228571552,78.52990344881009],[-76.59183338610197,78.51182747413942],[-76.63174261065512,78.53199939134045],[-76.2957513601287,78.57814530099346],[-75.83977726877447,78.52242830247353],[-75.57954242858915,78.50982212357764],[-74.88171482033805,78.58344277951092],[-74.68322519275763,78.62919375475505],[-74.67275585149952,78.6457623772054],[-74.81173017491948,78.67573528620265],[-74.7456518634879,78.74098849070586],[-74.81153914346817,78.77449447090046],[-74.81880906488814,78.8291952082648],[-74.87620716175635,78.85548806881779],[-75.14394539666245,78.8907822113775],[-75.5393252493984,78.9156570971155],[-76.13565261102711,78.90217165063461],[-76.43111451306402,78.87981834316861],[-76.39893918617149,78.90223600793341],[-76.32140330702643,78.91789939799779],[-75.74853449775621,78.97495422813766],[-76.04024564991336,79.02536606519558],[-76.37330158120399,79.0296893853054],[-76.5834363376798,79.04945369979167],[-77.63470948597579,79.00756272725562],[-77.69994564945718,78.99468462172673],[-78.1766755199088,78.79504928908416],[-78.2859966963667,78.7885339726056],[-78.34365973718953,78.81228470015884],[-78.19669371276397,78.89167496411781],[-78.04140735492604,78.9286047205624],[-77.80286099085218,79.02673652665041],[-77.82762863390815,79.04771465741823],[-77.89335997898603,79.0533181383642],[-78.86706597633358,79.07388411278237],[-78.8489952721462,79.08512873553462],[-78.38990119666748,79.11299573296107],[-78.06936271519925,79.08422244722944],[-77.73560943803032,79.08001259766601],[-77.4291372171684,79.04765167514213],[-77.14724518255672,79.08163786395392],[-76.83752704733055,79.09757564487322],[-76.2292255490311,79.09857127552795],[-76.13811099021399,79.10859498984014],[-76.13456233808083,79.12028850800728],[-76.44862184431065,79.1625194173874],[-78.16725774406163,79.18312845915051],[-78.06519133579737,79.20676401428467],[-77.7427737334524,79.22481219540164],[-75.84451887603088,79.19702378894551],[-75.77236828822572,79.18067143567976],[-75.79520453947703,79.12741818629657],[-75.77179899473002,79.10785887402109],[-74.99648478689146,79.04238065974256],[-74.64503163577496,79.0375698339399],[-74.43130588777801,79.05886589543645],[-74.41411798515553,79.08020672999251],[-74.52062680391191,79.12565347873928],[-74.5144559794348,79.14581014193948],[-74.52828696303078,79.15652265747248],[-74.71409262091012,79.1746801710216],[-74.78389435991686,79.19973921629234],[-74.53286311300324,79.21961032769143],[-74.49389130359428,79.23661669834065],[-74.53870368076545,79.25210301500952],[-75.07967600135078,79.2713404869764],[-75.79864710948924,79.25436891550375],[-76.57111769703717,79.30366383086195],[-76.97638001215397,79.29794710815244],[-77.16800335694121,79.2692635908297],[-77.4525842679613,79.2554566894141],[-77.49870266577554,79.26371608581007],[-77.41304672747778,79.2961556576344],[-77.55198830329768,79.32092388561965],[-77.96172492714484,79.34778278777377],[-77.9982385248299,79.35727785488444],[-77.98791467119612,79.36871870868335],[-77.1952363932528,79.35088389000636],[-77.11976173181753,79.37183517695173],[-77.29701602742688,79.45011505386813],[-77.28233693180795,79.46481996894917],[-77.11946209472622,79.47100482885526],[-76.96998740672987,79.45575151512527],[-76.96036257092135,79.42014590046794],[-76.89665116396972,79.37587292888456],[-76.78882919313199,79.36533088530102],[-76.3441752674042,79.37117785895903],[-76.00520980696199,79.35516211964575],[-75.93146681842532,79.35570630695459],[-75.90464188065634,79.37160393440209],[-76.11158416819292,79.40806597354371],[-76.20988787578369,79.46060059103397],[-76.27533579240506,79.4765113109112],[-76.74312545939014,79.50505698325733],[-77.08154252101787,79.50839196375547],[-77.17064573151089,79.53827147170281],[-77.11171443282095,79.55974150400422],[-76.17213648751698,79.51984239658206],[-75.96731738944382,79.46334902496626],[-75.78843072436165,79.45828671150565],[-75.74858674750219,79.43650055012456],[-75.52068073726558,79.41077050874365],[-75.07063690426078,79.39453646644981],[-74.8514183353464,79.43133317803773],[-74.85135946786967,79.44651261499658],[-74.93933777522622,79.49585040409208],[-74.91955794423554,79.51189015813578],[-74.57907061573034,79.45727137997496],[-74.28999809911402,79.458652105454],[-74.0344305987124,79.469680556974],[-73.91283565552948,79.49151701161809],[-73.90693435859392,79.50314530134605],[-73.99713833176793,79.54107151669477],[-73.97643499330624,79.5570767124138],[-73.86372687604583,79.55727394347407],[-73.71586734411028,79.5066665182947],[-73.61457242236142,79.50560557286786],[-73.20067962720655,79.54137300608043],[-73.11680797824388,79.55455920320293],[-73.07222438361438,79.58651086580154],[-73.10252789718784,79.63212759105764],[-73.32322688718716,79.72540847144657],[-73.35259535408873,79.75219332123982],[-73.34417447745827,79.77214277152967],[-74.1922960323781,79.82372180447538],[-74.52774063636664,79.80877278541297],[-74.70532794785758,79.81927255530988],[-74.73624550016584,79.84755793999122],[-74.70424498763568,79.86482682700333],[-74.34828649196562,79.89444522038721],[-73.89982944290254,79.89106239813772],[-73.87459003912834,79.88148381269897],[-73.90932136551145,79.85593837698886],[-73.86770803613528,79.84397802771882],[-72.98235812345224,79.83077387727198],[-72.94881166012266,79.82073219657401],[-73.01213735451057,79.81000181842029],[-72.9429800335913,79.78474061345001],[-72.90315880424254,79.75235360531163],[-72.80750519207844,79.73269669985918],[-72.7817124559964,79.70423408352043],[-72.45078922920244,79.67006158089724],[-72.3238730521481,79.66571716822436],[-71.84370510103813,79.72445150128883],[-71.52315200763921,79.73946518366301],[-71.39443339541825,79.77234821409668],[-71.1738637781396,79.79551429525777],[-71.00572409370085,79.84525459339959],[-70.89068952200988,79.89764343314117],[-71.0360253114264,79.93414022877093],[-71.36910139235103,79.90966852579362],[-71.49701679921843,79.92110859025209],[-71.45407861502409,79.94800735340327],[-70.61550218558396,80.02066868096001],[-70.44700214975217,80.06694548840493],[-70.4162987685947,80.0962623834485],[-70.45313565642284,80.1614870932382],[-70.54913305566905,80.16977298329884],[-71.31317104124503,80.1136706634847],[-72.15131869826483,80.09209720784455],[-72.21278775594327,80.103405890997],[-72.1872565602684,80.12606200817048],[-72.0935696484772,80.13531456145377],[-71.79300698060551,80.13663613482433],[-71.81972000174083,80.1634460669623],[-72.1489364235134,80.20757613889663],[-72.20469420670887,80.23563919495216],[-72.12520842677209,80.25405390033399],[-72.0432545405269,80.24868960712082],[-71.57464903146978,80.14845515191755],[-71.46629180120257,80.14153239413757],[-71.04430135359587,80.19101690678791],[-70.80698092908092,80.19474296297234],[-70.51480961254249,80.22975000864594],[-70.18160522691332,80.21279617966539],[-70.06404151844461,80.22211541989536],[-69.80018378128865,80.28392014357065],[-70.09111424266052,80.31442558405712],[-70.43631623802996,80.37802567012794],[-70.43832232589742,80.38842585244541],[-70.31909410477095,80.43202160524845],[-70.34174924477767,80.4537025284126],[-70.49818106221703,80.49905977871944],[-70.49721034043247,80.5109394484394],[-70.65475518014871,80.52715862189093],[-70.67927230578384,80.53684561750754],[-70.67100169070389,80.55865168463843],[-70.76358154799127,80.57670498588918],[-70.72209438195524,80.58836292782003],[-70.5743025913171,80.57786560384416],[-70.35066830015707,80.51738333603433],[-70.20164578764151,80.5082584142513],[-70.12857562328219,80.48580672647076],[-70.01585411245264,80.40652745594228],[-70.01438286273658,80.37904132575623],[-69.99412193309536,80.3677309865484],[-69.73125629886438,80.3490518226949],[-69.6431142661372,80.35813774925921],[-69.50099191928639,80.39023755250501],[-69.378383047606,80.44389933223722],[-69.20167079041921,80.49302704609964],[-69.13289519676303,80.53922526869445],[-68.92799222484321,80.59542550430926],[-68.72892306032578,80.61584780026175],[-68.61922635266711,80.67015287018803],[-68.34836434714968,80.69352004748784],[-68.16467547486117,80.77146840946583],[-67.57157031431947,80.85639578111237],[-67.44863679400821,80.88754261294424],[-67.44393987827081,80.90461222000825],[-67.53627236871031,80.93212723322775],[-67.4688992205218,80.95260115326367],[-67.22120291965189,80.94057734091348],[-67.12152392618165,80.95063799217152],[-66.58564667027382,81.04857044329687],[-66.47872587830072,81.08930938489408],[-65.94644386785157,81.22546351479592],[-65.5184621719135,81.26855295384055],[-64.67422315407737,81.40180818024851],[-64.49422918267715,81.4556976824348],[-64.46838666863566,81.52589858748658],[-64.57426384430339,81.56531567690203],[-64.72861175646597,81.5831322428344],[-65.24192941673036,81.57793289546424],[-66.51956325077806,81.42226169910435],[-67.36896782919119,81.36095435155755],[-67.54257465507149,81.33055860440071],[-67.86463264034829,81.30432227167431],[-68.51642560657196,81.27078532594686],[-69.11910354151715,81.22032703164554],[-69.60202021195846,81.12607498250048],[-69.7212316131752,81.11645569822329],[-69.88346655942428,81.12927871143086],[-69.49915605182048,81.18762137295396],[-69.9984953209021,81.19939867396839],[-69.99684834712829,81.21119747669732],[-69.91747716708807,81.21764109443957],[-69.29627594105875,81.24256037403909],[-69.29406883567077,81.2544645590244],[-69.32997814956522,81.27493174340383],[-69.18295988570125,81.3018901307595],[-68.6628666341784,81.28663749095647],[-67.72115795811985,81.41197286214434],[-66.65139245999617,81.51052446023601],[-66.43473971184712,81.55063626902566],[-66.4344393506865,81.56957036747225],[-66.50884669629417,81.58223827488993],[-66.92992694884256,81.59769216377552],[-67.33600947486156,81.57579553456661],[-67.54859203386037,81.57982153022148],[-68.15148658586747,81.54166387301788],[-68.39191978093893,81.54335201387141],[-68.47231722586801,81.55921345037957],[-68.39555313642963,81.60322752289139],[-68.45200599627182,81.61968176184716],[-68.66661758958975,81.6385391417095],[-68.72499447534139,81.67534474435263],[-68.78534728391041,81.69013521672841],[-69.0277363816466,81.7133920227415],[-69.1149264764052,81.73274097467134],[-69.11595189698362,81.74798887010802],[-68.63411015647361,81.7204225360563],[-68.54134651175477,81.68360579526554],[-68.23766752047813,81.62626593123738],[-67.90437534051763,81.60293728559566],[-66.88728636544892,81.66769939171678],[-66.08050663636624,81.64366181448031],[-65.97829421388147,81.66926161090194],[-65.3655069769725,81.68390528961538],[-65.31245330500835,81.69482411714004],[-65.40965180871154,81.71232858709512],[-65.69359527448398,81.70037959951661],[-65.90238564121061,81.71697397946684],[-65.6432016199352,81.7512085415261],[-65.26880788174566,81.76003205692213],[-65.20847895401452,81.76880840873433],[-65.21806585167876,81.78318808130794],[-65.18291349474548,81.79165585390707],[-64.99194121787463,81.8035776295383],[-64.72462707769223,81.8075743854005],[-64.29679634058513,81.76023066294371],[-64.00622312355416,81.80618328848924],[-64.07053131989905,81.83083709552717],[-64.07747138282616,81.85400896613667],[-63.65313685593507,81.84303528185463],[-63.278913064466366,81.91008706910038],[-62.54611301619452,81.97294764344983],[-62.24038809673807,82.06518948801694],[-61.72917409684876,82.12718109478845],[-61.67562113669379,82.14325872209676],[-61.763916433426296,82.1752690108211],[-61.752339658925344,82.19047620873467],[-61.67144501335312,82.20671922220683],[-61.00263709892028,82.2605954580988],[-60.94229724349489,82.28166709142505],[-60.96431569175852,82.33985439783804],[-60.884163991635106,82.37381167789809],[-60.87233643395503,82.39971701366605],[-61.05343524634563,82.46228577069587],[-61.326890916990116,82.50721643147452],[-62.095193031385016,82.5508650846952],[-62.374742117937245,82.58802917690372],[-62.80089524926672,82.57014153493039],[-62.86605842336935,82.55460982741866],[-62.86216231773215,82.531727693215],[-62.983901144734546,82.4949260038335],[-63.15330963237158,82.49219082009974],[-63.24188117480691,82.50584910355771],[-63.24892914876529,82.52014251251205],[-63.09822218282056,82.57803599211663],[-63.16408387132418,82.59907512656079],[-62.9707012950369,82.62847924890062],[-63.36718973413201,82.67280105839909],[-63.19159058349856,82.70500869616899],[-64.07851478867187,82.77272415964978],[-63.92342304312527,82.79056606078186],[-63.60460484403807,82.77045598675433],[-63.518363916665585,82.77971990812136],[-63.567503642935336,82.79799107946866],[-63.439213189092314,82.83622819715774],[-63.926966427209784,82.88575422359492],[-64.06359196231502,82.88245546724804],[-64.38125205474854,82.8278395633866],[-64.53974922411287,82.82552048070883],[-64.80438328402815,82.85075348899586],[-64.81139437428986,82.86141516767127],[-64.77151936458692,82.89546065799443],[-64.76945416905457,82.91766755128083],[-64.94330391204129,82.9416250427399],[-65.35580178542148,82.9169389342976],[-65.36462722345122,82.90541641337751],[-65.24984647437797,82.88453221348283],[-65.40269911188386,82.85759649619601],[-65.26810150025483,82.8168713560712],[-65.32924599052889,82.80613841150054],[-65.48845387753872,82.81216682762201],[-65.58123974761786,82.8353881861857],[-65.59632147295089,82.8617535127032],[-65.67989693619845,82.87939454564813],[-65.84898787043366,82.88731313945782],[-66.23234977786595,82.85576985123245],[-66.82237534284891,82.76545079714055],[-67.40015832606831,82.7033104215786],[-67.54428591100685,82.6944509420197],[-68.05687122727599,82.71171833539351],[-68.53502065472986,82.69162670041497],[-68.6941554766538,82.69665068258519],[-68.32786939599845,82.75530522042246],[-67.22918103223667,82.84137743976953],[-66.69428228119875,82.89895655218459],[-66.39152935458702,82.94982793015745],[-66.37559013332712,82.96434235625401],[-66.43698807695591,82.98074431945805],[-67.0305435546803,83.01033406453827],[-68.28909467709556,83.01614993429224],[-68.34704382259989,83.03531804062749],[-68.27642983280344,83.06095127428618],[-68.44719096066562,83.07459322244976],[-68.63046923435301,83.06344422272359],[-68.7825676060779,83.01251053545793],[-68.85652109176287,83.0053960636443],[-69.08655289609473,83.03284952423336],[-69.01860858085358,83.06865452333966],[-69.04514295000467,83.07971877849951],[-69.24922389960632,83.07591965981527],[-69.57350411814281,83.04152850701901],[-69.76238371678518,83.0486767217624],[-69.79280963365787,83.05819776853556],[-69.74713698995548,83.08144514175872],[-69.77516605845793,83.09744861607629],[-69.87346753027411,83.1077520936548],[-69.80537098267276,83.14520491815775],[-69.91402112444632,83.162482940756],[-70.80586536160568,83.15116314788655],[-71.43819486387197,83.10663017223555],[-71.51608318640282,83.06135258755783],[-71.26892156435136,83.01486974211122],[-70.75117538996442,82.96351628467896],[-70.84845190924362,82.94539707054658],[-71.21980738331274,82.9485813217991],[-71.63503237285715,82.99762859825022],[-71.8619710009569,83.04158655299179],[-71.91523347377665,83.06640960623092],[-71.89531731042638,83.08725824826452],[-71.75102094313314,83.12041283812839],[-72.07771962427204,83.1524887162688],[-73.4695634351938,83.06581606751007],[-73.56141635150567,83.04731128771151],[-73.76325554548535,82.96642258407836],[-73.75211379175126,82.93819454151324],[-73.65937527615134,82.90423266022336],[-73.32974042803062,82.84974803147749],[-72.44958855284452,82.75228465242195],[-72.69971627333427,82.73904106009356],[-73.09767028527175,82.79474343838409],[-73.44972303636537,82.80251734683966],[-73.72995307274239,82.82753916191683],[-73.81291616303407,82.86616867064095],[-74.00323930928887,82.89801424504981],[-74.20861981293694,82.96466424258307],[-74.14753122162762,83.01035760687884],[-74.335896789761,83.03861203419972],[-74.85134065308081,83.06590476472802],[-75.50166429762051,83.05701749029784],[-75.92103231758841,83.09521785982153],[-76.88879244400643,83.11501693866437],[-77.32949498366791,83.10066656735377],[-77.47212336158849,83.08601448747154],[-77.51144577572849,83.06901783625455],[-77.45239411039333,83.05478178801087],[-77.44339788698461,83.01579742465958],[-76.89615514178885,82.94828321421605],[-76.66417250438492,82.8940129807216],[-76.6071512523327,82.86339608461381],[-76.28193839260625,82.82127701118557],[-76.48645427789225,82.782365764637],[-76.40894468442829,82.76579085426769],[-75.77503555899717,82.71035820296356],[-75.65739028641124,82.69574204250041],[-75.56635322690518,82.66552235377091],[-75.85124216001488,82.58484829442418],[-76.00169506754293,82.58560898079425],[-76.03075275257828,82.5994185264824],[-76.02497444028796,82.6189028327897],[-76.11782851932702,82.64908049633549],[-76.78764182199978,82.72951021473644],[-76.8462602524981,82.75047098932791],[-76.93638754541047,82.85343506812052],[-77.15431126779254,82.89100435388455],[-77.66927213841112,82.9430647846506],[-78.24664186065915,82.88742409338175],[-78.45602980135088,82.8868942223641],[-78.55200680992742,82.90336385738554],[-78.5615605258762,82.9359129991707],[-78.52821832434168,82.9610151223612],[-78.66792303891471,82.9847748213489],[-78.84314985168672,82.97214042312304],[-78.94136497191724,82.91593587556717],[-78.99382051857567,82.90565112504294],[-79.18172913589854,82.91246560096452],[-79.20196357936283,82.92737477534696],[-79.12055894501295,82.96130920291134],[-79.11439245694002,82.98696038835946],[-79.1908429409894,82.99972071759335],[-79.47557078422737,83.00491454328073],[-80.16494363986307,82.97994879316164],[-80.40259524616843,82.95496377667017],[-80.43098061520759,82.94094221208553],[-80.42751898189637,82.9200020456011],[-79.85072405271642,82.86508372433924],[-79.76158170091,82.84089604462854],[-81.28631650930593,82.85465507306657],[-81.4971947400248,82.83687065033541],[-81.5136296441911,82.81938463549298],[-81.45330273390127,82.80081080093694],[-80.93130445177975,82.74462183558673],[-80.89422334598034,82.73110333086262],[-81.02823969035612,82.68493378536193],[-80.78996421713691,82.65687405949059],[-80.58604780058518,82.59709356339563],[-80.73780163926418,82.55758762820136],[-80.87458691977965,82.55822679852893],[-81.05903847797597,82.57416919427159],[-81.12873460018757,82.59300229907777],[-81.19941848794903,82.6375979282958],[-81.30116360534396,82.65045328211828],[-81.81472054799877,82.69670993587401],[-82.17357166516176,82.69192929871971],[-82.30045348107411,82.67594905321931],[-82.3272059090203,82.64254155655186],[-82.31899356099734,82.62154377737606],[-82.08639834560509,82.58454532840416],[-81.60432215615315,82.56479079037179],[-81.48893352817676,82.54050431591634],[-81.82944785674114,82.51967448492992],[-82.40462727948686,82.5131975417797],[-82.51217765714154,82.50167342830159],[-82.58158281190195,82.47523193091521],[-82.63319536518557,82.42272067776649],[-82.63290283973093,82.39047345437008],[-82.1480364647142,82.32572502831125],[-82.10583573059499,82.30256871188347],[-81.85686820849143,82.28271801480692],[-81.65766304888884,82.24738292636077],[-81.03570185576483,82.21801978520917],[-80.9825978649489,82.19764423414915],[-80.99395963069709,82.17189671873187],[-80.9518210391473,82.15331950142092],[-80.43769748431744,82.0825113374592],[-80.47296634540899,82.07014696551332],[-80.71686471653527,82.06158825306686],[-81.20273351092068,82.09750198748871],[-81.29897135020066,82.1364515163704],[-81.28543007651759,82.15238136403475],[-81.37844012258837,82.16853472632535],[-81.82041224892163,82.2094093575652],[-82.63169909871452,82.32592310253764],[-82.76226165790769,82.32919380399237],[-83.0349605785272,82.30193111356589],[-83.0060717665109,82.27418514461506],[-82.94449892886826,82.25885082571148],[-82.60602662951929,82.19632363708168],[-82.64945030205098,82.16942193647978],[-82.64671787412702,82.15641812454385],[-81.96354401464421,82.135473102987],[-81.79685668923925,82.12156915686865],[-81.77510204581904,82.10508046046094],[-81.91220866976978,82.0812732352442],[-82.01800577001472,82.0811876922139],[-82.31657045795602,82.10661996663417],[-82.72295898264913,82.11542709475138],[-82.7842876539191,82.09518825550704],[-82.98911430928113,82.08812103537456],[-83.05480302351744,82.09540601089331],[-83.04628035662475,82.12601435181939],[-82.83967361653461,82.16871584753872],[-82.83832271175206,82.18806559535743],[-83.18927464084629,82.232840935204],[-83.23817143850374,82.24957114185116],[-83.24643195701707,82.27390904113514],[-83.43090356925684,82.34213461688779],[-84.01020260459654,82.38705443163184],[-84.4776373304234,82.39958929831987],[-84.89768678485747,82.46432715733994],[-84.71859617749328,82.5045749794542],[-84.75096092306336,82.51286260348668],[-85.62356540121435,82.51945898055448],[-85.94121252335312,82.49421361179381],[-85.61913643415218,82.46807911609888],[-85.6265006918471,82.41671999465859],[-85.45519382800737,82.38823801863515],[-85.49612053337191,82.37727387740078],[-85.51397094244697,82.36291756658072],[-85.50578588510633,82.35324001646447],[-85.33358092452673,82.33104842888328],[-85.36693062270655,82.30876825939662],[-85.52847344219585,82.29543536324704],[-86.36387392428354,82.2700632573521],[-86.68000848190833,82.25065795051029],[-86.81783346150779,82.2239077517173],[-86.69718135933108,82.1831855711488],[-86.51505778377424,82.15488439611555],[-86.00049889630809,82.13915006160238],[-85.70979787072964,82.09535787259142],[-85.08283564742764,82.07937621753145],[-84.62845177088649,82.04957528320308],[-84.42538034109718,81.98943107936344],[-84.46283325435918,81.96075315915706],[-84.52268805943324,81.95645968037678],[-84.66599168425819,81.9949715409245],[-84.78998395241616,82.00416824530295],[-84.88864716886012,81.99049860726122],[-84.89614872932613,81.97439076506042],[-84.84676717203143,81.95458860264444],[-84.58622175111009,81.91982549979174],[-84.73766627631268,81.91645224011407],[-85.00265763585502,81.94138048776978],[-85.06909816472394,81.97588459191138],[-85.05364943404308,82.0113003799933],[-85.12677472168262,82.0312941828784],[-85.37724774953016,82.01708431964119],[-85.41745876465157,82.00288473802911],[-85.23857914562166,81.92879271068688],[-85.24636072687262,81.9094682761892],[-85.35443346077022,81.89740060925836],[-85.51745351429048,81.92289706524953],[-85.58906534821953,81.94757886000869],[-85.70287718567337,82.01624714288414],[-85.87697794554884,82.05292896578439],[-86.95717899113941,82.07634169658596],[-86.84999294214701,82.03397799306201],[-86.94826444958598,82.00866240270177],[-86.91614055872796,81.9971947746352],[-86.5798011132098,81.9504800337431],[-86.60839798153978,81.92957802605572],[-86.80262081525237,81.93696789523692],[-87.19654587656672,81.98378793411591],[-87.22863543014485,81.99999509919326],[-87.17109668625804,82.05788577101245],[-87.21419147051556,82.07901497424312],[-88.06375416886586,82.12953882938889],[-88.511216141006,82.10270889639746],[-88.95595945524138,82.03032646120651],[-88.96776920476879,82.00777965008052],[-88.77058225027272,81.96903331078846],[-88.72498245279458,81.9335230924753],[-88.85150922219232,81.87868602387208],[-88.9199759731919,81.86575836363872],[-89.04569217849253,81.86894493842611],[-88.93199247032712,81.92226327582496],[-88.97806214320082,81.94972330671258],[-89.05882271588496,81.95938909981976],[-89.24346487368244,81.9495172191718],[-89.24265715596987,81.93500064094442],[-89.11517203479143,81.89635880590322],[-89.26343878618526,81.88663209842863],[-89.21586225608507,81.84300893094641],[-89.26084326494913,81.83328335015536],[-89.32882415700507,81.83161299459483],[-89.45763798568244,81.87827191538774],[-89.65579297923549,81.91995211262729],[-89.80594496714433,81.92940361338532],[-90.50339639973011,81.91070056631035],[-90.58711828070484,81.90346895619722],[-90.7100625920019,81.86087646863257],[-91.07025357378424,81.8462501743603],[-91.13182558507276,81.83545968306603],[-91.13704536650634,81.8225625514326],[-90.96585120851327,81.796876956895],[-91.0036784182029,81.78744963517272],[-91.34110490103689,81.79503332332945],[-91.40078755744504,81.78746873815761],[-91.41942768709791,81.76655808696727],[-91.6532703697817,81.7440295984543],[-91.77122932476489,81.69461581423394],[-91.96605412496443,81.68141027748278],[-91.98282085536064,81.66364335395699]]],[[[-91.86134626510346,69.84974085940236],[-91.75778695743244,69.83940992303486],[-91.68332359880559,69.8692761800183],[-91.6917587493789,69.88147537043183],[-91.77664528076859,69.88288486667315],[-91.86134626510346,69.84974085940236]]],[[[-91.81499756319045,81.59453627428358],[-91.72273056726749,81.57115886790719],[-91.59589733212289,81.58649303732197],[-91.63465349286128,81.60294340397148],[-91.7430103515994,81.61019819497767],[-91.81499756319045,81.59453627428358]]],[[[-91.71758923666692,69.80422129373301],[-91.54036840152757,69.785607011396],[-91.5423640445537,69.8063564236466],[-91.61916499500018,69.82850743760316],[-91.71758923666692,69.80422129373301]]],[[[-91.6358553802523,69.74584644891453],[-91.50112329537127,69.74697222911159],[-91.6238088864443,69.7611984027002],[-91.6358553802523,69.74584644891453]]],[[[-91.54999982440587,63.6365844289673],[-91.49413127103377,63.64567450872065],[-91.49961134393509,63.66663653244429],[-91.54820914638543,63.65219375572875],[-91.54999982440587,63.6365844289673]]],[[[-91.5236265726519,63.59431278897178],[-91.52188033853871,63.575196737871536],[-91.43143987186254,63.54873302750153],[-91.33899021216519,63.572541036305786],[-91.5236265726519,63.59431278897178]]],[[[-91.51117874859396,69.84732337355557],[-91.5026091454832,69.83676646980207],[-91.44111573112525,69.8459674774514],[-91.46432188382576,69.85854084265296],[-91.51117874859396,69.84732337355557]]],[[[-91.3838392476664,69.82769588006444],[-91.28989936860427,69.82077216763466],[-91.30657705481904,69.84180849404319],[-91.35078594867531,69.84779642199257],[-91.3816989641713,69.84146796672421],[-91.3838392476664,69.82769588006444]]],[[[-91.33229768757056,77.20632538215123],[-91.24230322825792,77.17333832246302],[-90.94836004685963,77.14094488636462],[-90.80754610911578,77.15747233521286],[-90.78420400581314,77.18573104106723],[-90.86264800093892,77.23054026118442],[-91.11512273783725,77.2540354079392],[-91.19891820871051,77.25339563715588],[-91.32816953443515,77.22311079701889],[-91.33229768757056,77.20632538215123]]],[[[-91.2959726594467,77.5966807325851],[-91.27273262851169,77.50596385494771],[-91.29143776216124,77.43242387267706],[-91.28095078186018,77.41217427003242],[-91.0616422194357,77.3406331028394],[-90.45462850487169,77.2229524660704],[-90.22914781981328,77.2144297421025],[-90.03488238871316,77.22803518054117],[-89.77069617139037,77.29167554441406],[-89.67489223542779,77.35399598731865],[-89.72312429003738,77.38907614731707],[-89.73416852162573,77.4409625557484],[-89.75949859821532,77.47435996074744],[-90.37310041088975,77.6262300371076],[-90.72422208616456,77.65638007127478],[-90.94383038894907,77.65600667746969],[-91.2959726594467,77.5966807325851]]],[[[-91.29065625597663,63.52106782927116],[-91.2851433820386,63.50351961830035],[-91.25476356401069,63.497578499992045],[-91.20649169576997,63.510260808752264],[-91.29065625597663,63.52106782927116]]],[[[-91.25536064919909,62.68138280259691],[-91.11554319449081,62.64994204426183],[-91.06634621653372,62.65028830012895],[-91.04097315345801,62.67219863930089],[-91.21545928955442,62.69767211079696],[-91.25368368472785,62.695231615243436],[-91.25536064919909,62.68138280259691]]],[[[-91.1145338019574,63.499200013826965],[-91.0786074679174,63.47566074183579],[-91.04390135407309,63.474748277623945],[-91.03375709202547,63.491894774009445],[-91.1145338019574,63.499200013826965]]],[[[-90.96176354501513,63.53508752421614],[-90.81997039319414,63.491257994738895],[-90.72202691412255,63.52323042114431],[-90.75456197242801,63.5398206476613],[-90.96176354501513,63.53508752421614]]],[[[-90.85781695644103,69.24341576626288],[-90.82659620457956,69.2271413335895],[-90.7874402224163,69.22801899779104],[-90.78469883054086,69.24345152819019],[-90.81189284027386,69.25448199915157],[-90.85781695644103,69.24341576626288]]],[[[-90.78373549029801,69.19325782518918],[-90.73170828882014,69.18516118062998],[-90.72923123426358,69.19894185402563],[-90.78373549029801,69.19325782518918]]],[[[-90.77489078007014,69.32623033878497],[-90.75291841053405,69.31190612493643],[-90.65607557046708,69.3062834096906],[-90.66081871784635,69.28047738761376],[-90.63373015944362,69.26767453623073],[-90.62652724819505,69.22775123585077],[-90.59913159175001,69.21843829500517],[-90.47248482651506,69.24309600570919],[-90.48172424436788,69.27099497721653],[-90.54058472246483,69.32082963607688],[-90.63601229571555,69.36115475916374],[-90.71448040420916,69.36120092841195],[-90.77489078007014,69.32623033878497]]],[[[-90.76985300536599,69.16186020400497],[-90.72006781609804,69.14172402211749],[-90.66963689106346,69.15264883042379],[-90.76985300536599,69.16186020400497]]],[[[-90.74915596317315,63.468407574857544],[-90.6938813841298,63.44772995277229],[-90.6383219470603,63.45648998899607],[-90.70881096257239,63.479390465263855],[-90.74915596317315,63.468407574857544]]],[[[-90.66470129646605,63.514626017455484],[-90.63989413567279,63.49823968523346],[-90.58575084965705,63.4966448483059],[-90.56742484499152,63.515192312417376],[-90.63165461610514,63.52756174799073],[-90.66470129646605,63.514626017455484]]],[[[-90.62376435060213,76.75441589612983],[-90.60913698476207,76.72885788901542],[-90.40049134341054,76.64137763995994],[-90.24336938864195,76.48864568782824],[-90.03064003978308,76.47653034894803],[-89.95240885253712,76.50620997396196],[-89.8794562812826,76.49805542137594],[-89.7868699507299,76.5186056138443],[-89.80286265478077,76.53879969156577],[-89.89943738110017,76.57547934946567],[-89.92358880776294,76.60569932231331],[-89.9179051475859,76.62755446442203],[-89.75572441992485,76.71234573725063],[-89.76531283576739,76.74930910262653],[-89.99377899503038,76.85269036188355],[-90.24360153809765,76.84106871161964],[-90.57224899227522,76.78058699874622],[-90.62376435060213,76.75441589612983]]],[[[-90.4986281885332,69.36133917381255],[-90.39225383424676,69.30341508875165],[-90.38411898541534,69.270370734557],[-90.3218602695083,69.26365918842629],[-90.28514048472398,69.27657836554701],[-90.278234165668,69.31100389626485],[-90.17878129357312,69.36549467456314],[-90.17522549565668,69.38274992083136],[-90.27174660006473,69.44055212566097],[-90.49070266007206,69.37673596425532],[-90.4986281885332,69.36133917381255]]],[[[-90.32222382260761,69.11481912171814],[-90.32071763305079,69.09752287724562],[-90.23292319270739,69.0761808677934],[-90.1477409866301,69.08957125019266],[-90.16813120955975,69.13164406680266],[-90.19095812967569,69.13915797931736],[-90.32222382260761,69.11481912171814]]],[[[-90.24112069413967,69.22867785857846],[-90.2403723557281,69.20789581096768],[-90.1818343180897,69.18396454620034],[-90.1116701686925,69.19422735476164],[-90.18754333298222,69.22730434034871],[-90.24112069413967,69.22867785857846]]],[[[-90.21156849890554,74.02587546833324],[-90.16623961080901,74.00958048830935],[-89.94176906245765,74.0117854855093],[-89.88101822283069,74.02907717621963],[-89.85157261973853,74.05477124811777],[-89.93314402410573,74.07144074530271],[-90.0323114730609,74.06922786043444],[-90.21156849890554,74.02587546833324]]],[[[-90.11451039026933,68.89821380087442],[-90.06409366735951,68.88652089532467],[-90.03763344699712,68.89790663844542],[-90.03261076854163,68.92206053332161],[-90.08450882879316,68.92687193651619],[-90.11451039026933,68.89821380087442]]],[[[-90.11396487402772,71.92432723879124],[-90.03843743037015,71.88689976704012],[-89.9660257795342,71.87528761374804],[-89.97550452935958,71.84606231823942],[-89.94567019346908,71.80672076043467],[-89.85015807467765,71.76770300861894],[-89.84382620451,71.7471709308062],[-89.89095687060492,71.70572739154329],[-90.0286050733674,71.62769502893367],[-90.0311830859271,71.58130036151773],[-89.97429225690873,71.53862070366324],[-89.98664957682693,71.46985523674037],[-89.93467993631835,71.40833437186234],[-89.82941454849487,71.34866877666875],[-89.5646953495003,71.30857793788178],[-88.11924414583774,71.23106509532248],[-87.93063863110616,71.27148800363392],[-87.86808600712169,71.23509759324452],[-87.875794354831,71.18530692744665],[-87.84486814102902,71.16273094209112],[-87.37861321703438,71.05147682254375],[-87.1098960326293,71.03550856468485],[-87.0689801047465,71.01956913129962],[-87.06470775045771,71.00748308102831],[-87.09199926067318,70.99748417841765],[-87.22848832560037,71.00894586406778],[-87.42194623565936,70.9606218363412],[-88.17139487887592,70.94745106582047],[-88.30794166766353,70.96506691074194],[-88.41788413142828,71.01184263790076],[-88.5707833677018,71.03448389937184],[-88.88300149532614,71.05359969917784],[-89.13710181366959,71.03793799293247],[-89.32372342898039,71.09258740506537],[-89.52542279127137,71.09546189496294],[-89.4979547557803,71.06978782322695],[-89.38616937665455,71.04942366704137],[-89.34805054241984,71.01348497899205],[-89.23157921647663,71.00163018960022],[-89.20492072018715,70.98622867959867],[-89.21518240658432,70.96387801878018],[-89.35704975752495,70.93946086713176],[-89.38797495253975,70.91703861393438],[-89.39209063495406,70.87738517192304],[-89.30619929307423,70.78638627966468],[-89.00201237578143,70.68016843616924],[-89.001765081891,70.64569520542628],[-88.94424316238066,70.58550479016213],[-88.7685492807873,70.4907638080227],[-88.70665847736328,70.47356718191854],[-88.41849891323893,70.46445045695471],[-88.35243300715666,70.42298974184277],[-88.14253307692468,70.3929963437548],[-87.91904305283633,70.3368507078903],[-87.91442831141472,70.32476252638506],[-87.9404664893443,70.3162921619806],[-88.16448240464189,70.35341981430882],[-88.24148408178354,70.346791431808],[-88.24184884606585,70.33129291095264],[-88.09429178989737,70.30494184601896],[-87.96354835278851,70.25264935098555],[-87.81036304149933,70.25531412790086],[-87.70076537706323,70.3029520747186],[-87.77146837925788,70.32058121639277],[-87.78088854896512,70.33618099602765],[-87.5043504047064,70.33610123572382],[-87.21550412790774,70.29756177574548],[-86.9853078359166,70.2989406842689],[-86.97304308182682,70.32119507845451],[-87.07032470437679,70.38416009941642],[-87.23420717644773,70.38738813337376],[-87.2330365984207,70.40463658032971],[-87.13373249493806,70.42615379040083],[-87.132077796965,70.44680414478483],[-87.01119660837283,70.47497754078424],[-86.97029405896374,70.47106950019791],[-86.95591347467207,70.46057502148777],[-86.98280215592894,70.44540527390471],[-86.97863417579808,70.43496284149064],[-86.91344574594486,70.4170771323113],[-86.91963431384198,70.4033630730228],[-86.89993219633207,70.39624399267099],[-86.78569060008041,70.4088219355957],[-86.7926312884726,70.38819686547356],[-86.88247165518891,70.36164038312393],[-86.8791804155309,70.34086186375717],[-86.84956923712987,70.33026109855648],[-86.77164903685856,70.34148090711136],[-86.70318599246612,70.30798842237716],[-86.66174499475706,70.31434453746094],[-86.65925515541697,70.33673690400056],[-86.70299387174832,70.36140570702021],[-86.69550633348794,70.3854322496923],[-86.55583362815462,70.44409576604332],[-86.42347718026058,70.47522250634036],[-86.38551096090558,70.49196866873118],[-86.39321946250034,70.51444606473112],[-86.37102471792086,70.52624110405071],[-86.3205843703207,70.51695093098745],[-86.30758803132565,70.49608347071383],[-86.37901949365117,70.45741026298202],[-86.56047297399266,70.39938798042473],[-86.56512904699049,70.35458448830387],[-86.49333978146878,70.21580001824174],[-86.36771476581266,70.15724330222228],[-85.85388730436017,70.01332254274396],[-85.49932414900874,70.02106526644238],[-85.3766459179147,69.9981174248503],[-85.30430739570588,70.00881335894519],[-85.33560612405103,70.03356139547229],[-85.63658179273133,70.0839200381493],[-85.70234057738975,70.08502490123364],[-85.8018169764366,70.06082833870792],[-85.89686565520965,70.06922671171041],[-85.87184688738333,70.10338226983325],[-85.82461566006951,70.1146526004635],[-85.33290963817939,70.11296452994576],[-85.00345570075034,70.08226483076851],[-84.95754058398818,70.08299019405472],[-84.87504168158726,70.1192321447296],[-84.82953458605613,70.11827885105973],[-84.80689305427175,70.10226626028316],[-84.86198174322739,70.05164831377749],[-84.572403243294,70.00548380539766],[-84.41483475816655,70.01035944936861],[-83.67531164614219,69.97215995460955],[-83.26966394069692,70.01747955430987],[-83.09376868014189,70.01206740383316],[-83.00567554752814,70.00063808584612],[-82.9257999170065,69.96003893098934],[-82.84033807466791,69.93988517811255],[-82.52408176154233,69.88081688412355],[-82.27430088972532,69.87376515533168],[-82.2313378278006,69.84971121506945],[-82.33879136426255,69.84312998143922],[-82.34285170881513,69.82944156032711],[-82.19445525527398,69.80505739630605],[-82.16379309686174,69.80733416853914],[-82.13682929592663,69.86191963243911],[-82.07966084113778,69.88410652900119],[-81.98706659867078,69.85810569383698],[-81.94665112184244,69.85825757610604],[-81.89864649574487,69.88254992733368],[-81.82396148078433,69.87968810039148],[-81.77015286096206,69.95217738457744],[-81.98151649571423,70.00360431924378],[-82.03895452656619,70.04728093100925],[-82.18896427072573,70.08743931437344],[-82.88244515214822,70.22873201405022],[-82.9939536213791,70.27034278018597],[-83.0229511073367,70.29544914431108],[-82.99278728948774,70.31012133162317],[-82.87928768209791,70.25807502055218],[-82.14077793633012,70.11169270929454],[-81.77905672139062,69.98726164709014],[-81.61147029840885,69.98766078025648],[-81.59339871573424,69.96616225191269],[-81.61011966648297,69.94604695376722],[-81.4767585902363,69.92161208434743],[-81.19146335310506,69.82658662211593],[-81.05274491980425,69.74947701600794],[-80.93407817798563,69.7304258285996],[-80.84695018429333,69.74924237295672],[-80.82269051354201,69.78816369552585],[-81.19399680789438,69.9639340904576],[-81.25459961637942,70.02194092848575],[-81.35669377891402,70.05042116703461],[-81.4427077922221,70.03659168429903],[-81.77173004946937,70.11880182231951],[-81.7608219246409,70.13576771377012],[-81.1930863101959,70.10972991941486],[-81.05913670562161,70.0850912742697],[-80.67535879418612,70.06159792244668],[-80.515103259465,70.01448276575918],[-80.03095492507332,70.02846160423465],[-79.92231845436858,69.99545708190635],[-79.77216195274832,69.88008328720429],[-79.68233038758072,69.86514111822096],[-79.49810295029593,69.90465817306875],[-79.21547837784567,69.89004879591725],[-78.86619958435088,69.8991931987381],[-78.82439143970124,69.91268750882192],[-78.73799891835868,69.9777600745782],[-78.71736131385747,70.02206800631077],[-78.83696009360445,70.20485109302963],[-78.8813431195473,70.24217128224281],[-78.9491048495495,70.26318351979965],[-78.9870735597623,70.32623915243494],[-79.0552023057715,70.3577236914421],[-79.11527403976989,70.36253666805645],[-79.2352212817877,70.32692757776498],[-79.29172305041044,70.32807702597673],[-79.4585942138218,70.38359091697103],[-79.64880256054681,70.37557782432083],[-79.69588143113415,70.35002980856305],[-79.69102618144801,70.33763353126223],[-79.5940698622511,70.26314502507157],[-79.59358634997751,70.24050838266506],[-79.65256850969993,70.23468031033109],[-79.7367190120111,70.2910888874],[-79.79294087391199,70.37736415747897],[-79.6638711319108,70.40071514174782],[-79.64698770629961,70.41549854081138],[-79.63786686501916,70.47248746021116],[-79.75717235274122,70.54616905272594],[-79.90846439592146,70.57080587282876],[-80.12565081973462,70.63995551188192],[-80.23733446283433,70.64852806360092],[-80.3156918444039,70.63647887099614],[-80.33421661474844,70.61642293386308],[-80.31915287347431,70.60179054391547],[-80.43667579329393,70.58273673402321],[-80.53007812644309,70.59728721928838],[-80.51113292580109,70.64508805029153],[-80.70203625092084,70.63950674789584],[-80.77289432975005,70.64591974223285],[-80.8505010512302,70.67527211757165],[-80.88349260834309,70.67140539434837],[-80.89012212323219,70.6543148327219],[-80.85651852018204,70.63208945414748],[-80.9383090434443,70.6233598352495],[-81.08664885366113,70.67460080645776],[-81.09208918131809,70.68871041454962],[-81.05024749485374,70.7303950982915],[-80.83105930083427,70.712573593178],[-80.7166692105971,70.72337854016659],[-80.69260890193561,70.73108786521748],[-80.68316595299491,70.75493447872681],[-80.62997821393105,70.77006421760053],[-80.60284564822108,70.75844009124161],[-80.62266203585035,70.73498994126781],[-80.5937012481696,70.72858651047684],[-80.46982703300351,70.73534520517447],[-80.4600054440734,70.7470284604224],[-80.49854121907528,70.7556820689445],[-80.49838565664754,70.76950473444917],[-80.41418971482939,70.76935181932423],[-80.3309823267976,70.72742031399578],[-80.47560483279399,70.68174649636946],[-80.25151334106765,70.66479379097188],[-80.11765326867878,70.70909199288297],[-80.04468414178113,70.6953912580118],[-79.98655901318796,70.63358732545149],[-79.94980959358875,70.62135249608592],[-79.8164227741953,70.6272853984392],[-79.72901179740819,70.59877018171359],[-79.51359573445367,70.44721480255882],[-79.45722652685333,70.45666829259194],[-79.46088247646651,70.47247452690743],[-79.53524627497548,70.51619458558906],[-79.54082211572535,70.53914362690197],[-79.516651840071,70.59368586507084],[-79.47710179847329,70.61383666471873],[-79.430885181775,70.5981160599896],[-79.4343549711425,70.56691964562168],[-79.46321985045883,70.53705081956322],[-79.43514812070653,70.51819963228162],[-79.36798180172495,70.51663692690656],[-79.33901057136657,70.54649272171977],[-79.27053977718228,70.55869972708763],[-79.25618750639858,70.54407292751335],[-79.2723450661687,70.52053489634079],[-79.33980457955658,70.47514580250048],[-79.33209598444286,70.45729082248761],[-79.26290981331246,70.4259800604591],[-79.1871943970791,70.45513114078881],[-79.18368037400057,70.53169050724128],[-79.08479280807612,70.57537017858091],[-79.04936540611884,70.60666548391636],[-79.15768249857139,70.61043316965704],[-79.15031188067103,70.63792286087434],[-79.04479903374062,70.67264334201565],[-79.00455575950294,70.66879414531984],[-78.97395533970628,70.64453734463115],[-78.92606403409081,70.64551310044955],[-78.91784559934288,70.66253016328233],[-78.945432826967,70.69364556048563],[-78.93728064869266,70.71057260898398],[-78.90043439173456,70.71040328291748],[-78.80889307386731,70.60448626994587],[-78.7257365875483,70.57044494007252],[-78.7881773090191,70.54935722727795],[-78.9056939792528,70.58875644376717],[-78.9563947372769,70.54777783223575],[-79.06859360046089,70.52051786945673],[-79.05482290733936,70.49369474422816],[-79.07683511334821,70.46866032056433],[-78.92841782955601,70.42953371595432],[-78.90165371609423,70.44202835099875],[-78.92524905108864,70.46943785666694],[-78.89154199215338,70.47461412301791],[-78.76113323828206,70.43108706296002],[-78.6736336099346,70.35302538273999],[-78.63224694991202,70.35254350347238],[-78.60648838840582,70.37382233903618],[-78.61169545320972,70.3846218766086],[-78.5729709470145,70.39992736567893],[-78.44061910321258,70.40490324167965],[-78.42780067238662,70.38838778038662],[-78.49620177516809,70.37647948983819],[-78.49948533084672,70.35920631807593],[-78.41338917336564,70.35444361483313],[-78.4057054620894,70.33828164495162],[-78.54187298394474,70.3144299361876],[-78.39862939714354,70.21568079829854],[-78.32741090828517,70.2238442866228],[-78.21622261339715,70.20879236810107],[-78.19112547887626,70.21783637709898],[-78.21934860645672,70.25442626368822],[-78.20826693811436,70.26597401030351],[-78.08716565704944,70.23978600552157],[-77.83145687578693,70.24412241794786],[-77.74433221549354,70.21260892872478],[-77.66133060100113,70.13413702117526],[-77.66328930947714,70.10095961509504],[-77.72659306588945,69.97879995070537],[-77.68737799659725,69.87660178791499],[-77.69088652997075,69.78041959468483],[-77.6718363361398,69.75828504135522],[-77.59752658814995,69.75536264693311],[-77.55361572618322,69.7719464617069],[-77.52906324844406,69.8090033314225],[-77.55135524988856,69.83490568816403],[-77.47765737528766,69.8688645735086],[-77.13158184116422,69.94340828293437],[-77.01754928505555,69.98346383831276],[-77.0224349700196,69.94693629816081],[-77.04939776903569,69.93467547876958],[-77.20799514193524,69.90624512135378],[-77.33376895818549,69.86164566265852],[-77.34265908709527,69.84464662998924],[-77.17675980422875,69.84106746592897],[-77.05788704062101,69.86331449945199],[-77.01536281445071,69.85700802171012],[-77.0396962800285,69.82173035072022],[-77.00307993931834,69.81408531379637],[-76.83338632806533,69.8451169946869],[-76.77611155599196,69.82903369820228],[-76.8977546786996,69.79316553410683],[-76.90309805110854,69.77417310683917],[-76.85266641087652,69.75504896989514],[-76.8392202567649,69.73311171354986],[-76.85841276060444,69.71675434927158],[-77.16744812781178,69.68785969844193],[-77.19112381016308,69.64373217102592],[-77.17622845992726,69.63403591321797],[-77.08835754721669,69.62827124005271],[-77.03506062802683,69.6055383506386],[-76.887342543921,69.62736720567389],[-76.85777035643727,69.61662568410617],[-76.89718360019829,69.59992025179916],[-76.89468999479575,69.58568916281135],[-76.76141610562958,69.56278786210534],[-76.70739623944455,69.56963919116218],[-76.68283611459493,69.6137089769944],[-76.60267850970999,69.6399266659891],[-76.59802064527922,69.65718527967088],[-76.61474535059362,69.6723163413148],[-76.5994778487502,69.69069497892792],[-76.43191788318775,69.69151704512527],[-76.393804279834,69.66953873041712],[-76.21268876979684,69.66748914543184],[-76.17860286695013,69.64749255764036],[-76.21877261206542,69.53413501162093],[-76.24789708692822,69.52739852476269],[-76.31660740728043,69.55688112786477],[-76.27105832520753,69.61001905757124],[-76.28664799134216,69.61817709250495],[-76.47719176764343,69.64716577996398],[-76.51807050558519,69.63766339428567],[-76.63351846959368,69.55757048849664],[-76.51389435172905,69.51070980771217],[-76.49895195036584,69.47452473546701],[-76.39631306476016,69.42514213515186],[-76.18734102564504,69.42282073400943],[-75.90768696236414,69.32690660520288],[-75.81976096057994,69.31515804174619],[-75.65300638648446,69.25163720448988],[-75.59877817654505,69.17518148581723],[-75.60059350904815,69.11357850639595],[-75.63062823488319,69.09647365656919],[-75.78454254467606,69.08679401443445],[-76.02169729955801,69.01792458298328],[-76.23715252148703,69.05471293145017],[-76.51661276592095,69.0482003384339],[-76.61355360268662,69.01447011228231],[-76.64807300500924,68.98701194841978],[-76.63748387898805,68.90700173265407],[-76.51950960848438,68.87229431678927],[-76.5331318570169,68.84685619282523],[-76.66894416729268,68.76664097858512],[-76.6906811041287,68.73477755146844],[-76.6858567564223,68.7167961019553],[-76.64521336419108,68.69278477423242],[-76.50620465823515,68.67231108867267],[-76.2238521148517,68.71888819717398],[-75.97251151761158,68.80265632229288],[-75.5808763449254,68.89668453906418],[-75.5329942827962,68.91947472962664],[-75.52575294777502,68.94017747877551],[-75.58743600314105,68.98548832883586],[-75.58599775955265,69.00481005880805],[-75.5533278770031,69.01823045873607],[-75.4380926795511,69.0129178212871],[-75.37118429524787,68.98480258871254],[-75.26608007827592,68.90591581432776],[-75.20247897855423,68.89738072697969],[-75.1559431455169,68.9096295783203],[-75.1021009512469,68.98146322819102],[-75.04810948362679,69.0213823514453],[-74.86176640506832,69.0851661985767],[-74.71734129153792,69.04448255192011],[-74.74897109660947,69.02580414799638],[-74.97009663757018,69.01171209388096],[-75.01075446639999,68.97780866685214],[-74.93243780358169,68.9449398467781],[-75.07260703466481,68.91724514628535],[-75.08280495146575,68.90033609315455],[-74.74873806168749,68.91603520560535],[-74.73012689058751,68.89854230962995],[-74.74223132735084,68.87119121481142],[-74.77140689601255,68.8558318292608],[-74.94948324161989,68.82952977150632],[-74.96881721927856,68.80633177866467],[-74.83973130335042,68.76933229019124],[-74.70766138529847,68.80103146218538],[-74.72397814353602,68.82185570313946],[-74.71551055360128,68.8353911559964],[-74.60279204967597,68.82402964443675],[-74.59811063635648,68.81159247870747],[-74.75264438191651,68.74452860799205],[-74.61006435946214,68.68317736870179],[-74.56644986103746,68.64410337506746],[-74.5724175686556,68.6268723039243],[-74.55762684994656,68.61141729219175],[-74.42696761578196,68.5490456480768],[-74.25431700083129,68.5307926974815],[-74.15157779508499,68.53974316144131],[-74.04675474387064,68.52172827997255],[-74.01494318622443,68.53315265941578],[-73.97754908906622,68.57609482021206],[-74.08619473075387,68.6637437487725],[-74.21428742401693,68.69955193528587],[-74.22664465821944,68.71835407417478],[-74.21456047237568,68.72970904671809],[-73.90981920016348,68.7017080842314],[-73.81795013457885,68.67062455464567],[-73.72000880807295,68.67085435660556],[-73.72530623174228,68.64823110732965],[-73.79057764658415,68.63087937905547],[-73.76351462958986,68.61248905422048],[-73.79046118534313,68.5792384459895],[-73.8531111220576,68.56526416357285],[-73.74559378795206,68.52196530122363],[-73.87072936499796,68.49384712150957],[-74.02177938534447,68.42540627319445],[-73.97935866489655,68.416313824605],[-73.79426278240368,68.44800273318262],[-73.76985421726606,68.47785993305041],[-73.73559475522218,68.4855249902457],[-73.68724917457308,68.46342666130721],[-73.60500753355308,68.45601128197589],[-73.4486545702155,68.47214782225248],[-73.48380495041118,68.44151340742752],[-73.54526577924433,68.42927403480188],[-73.70380752667477,68.43101664122133],[-73.90096479951096,68.3880858458059],[-73.86287781169572,68.32786979952041],[-73.70345422551097,68.292242690077],[-73.71536977850057,68.26665762693165],[-73.69595847215417,68.25950073692272],[-73.65407435958383,68.25755781667982],[-73.48488023858053,68.31691470440494],[-73.43139340170481,68.29605273603946],[-73.46961448139885,68.26750101683386],[-73.43332410522528,68.2570466434643],[-73.35967499584658,68.25911837882325],[-73.3190498831895,68.28392777620248],[-73.28398084865006,68.27887346324447],[-73.24653692920396,68.23439959635238],[-73.2114152063854,68.22227209922848],[-73.08952005088923,68.21083324488986],[-73.07364841072507,68.21999082525625],[-73.07695490261383,68.23637567181171],[-73.04417086297363,68.24222570525893],[-73.01836761528338,68.2165958930202],[-73.03601350541962,68.14151235921318],[-72.99142016711671,68.09446326655845],[-72.989471395315,68.05503965653577],[-72.96288860115442,68.03816663977021],[-72.91905195246393,68.04649756858346],[-72.84870926115232,68.09329729160865],[-72.78211958686887,68.09943823093721],[-72.89037083339349,68.01874325416465],[-72.96318119647918,68.0096093610281],[-73.01188961294184,67.9660922991891],[-72.98751493600027,67.94588397491934],[-72.92165993257271,67.93781389827309],[-72.88649350806244,67.89867789742473],[-72.91137808757401,67.87607451504053],[-72.89488961711797,67.86551450125889],[-72.77205184255999,67.87865145036254],[-72.672805165572,67.78848196394891],[-72.60391054327147,67.75132668572226],[-72.68917627242584,67.70251288092958],[-72.6598734785729,67.63517241881048],[-72.55422399749934,67.63182252128367],[-72.53811346964002,67.61416280513748],[-72.5419303848829,67.56086491616676],[-72.48124078513021,67.53014040816596],[-72.48074986053396,67.51350398765432],[-72.5076213725817,67.49476707093753],[-72.46107999834659,67.44705905714329],[-72.46759774894039,67.4101358929683],[-72.41318201655156,67.37414345229423],[-72.42155955163219,67.3481908936147],[-72.3935858723836,67.30764585083249],[-72.32583506416773,67.28463201048432],[-72.26044323637981,67.23848138984812],[-72.3217531640418,67.16234004756754],[-72.41921785331624,67.10074238938783],[-72.47261457659275,67.08290101368796],[-72.69176141155748,67.07128237749804],[-72.85654988934277,67.002040919559],[-73.0389573482162,66.79866948167941],[-73.04657351443159,66.77258514507405],[-72.98507391304987,66.74137143402743],[-72.85266925689095,66.71544872814225],[-72.53135893322688,66.68782533823024],[-72.3582878769633,66.69652970450551],[-72.26648333211155,66.67788844035601],[-72.3806401129948,66.66307900824681],[-72.66896196944924,66.66442737455594],[-73.0990886977279,66.72605280238511],[-73.16916330747088,66.72225801659766],[-73.35078617911763,66.66348125715648],[-73.5367847312596,66.5229821042063],[-73.76747209515392,66.45979889349256],[-74.17439408044143,66.28314470138291],[-74.40485197839932,66.22826415990822],[-74.46544359572265,66.18410497675164],[-74.48703132037853,66.11497525329222],[-74.38729099877366,66.0202557118232],[-74.04788586564659,65.84355486140703],[-73.9169518054869,65.82182206796544],[-73.76796023990934,65.75714458288903],[-73.73136273359364,65.72323978793224],[-73.73176822047087,65.68576456953065],[-73.66387272873618,65.6540239681448],[-73.67891324999536,65.57696846950151],[-73.54863663358861,65.46916421411174],[-73.55248492186863,65.45523774948522],[-73.74512187202369,65.4783956902348],[-73.87108553993313,65.53558566461595],[-73.94134704125935,65.54072860249045],[-74.10586884360247,65.51602202731891],[-74.17049730147161,65.53119511619627],[-74.25100502907507,65.48741505426237],[-74.35455837343706,65.47069316111687],[-74.37944634330937,65.43399966958494],[-74.56289357376328,65.34119917041154],[-74.67691711088582,65.32716570652717],[-74.6957842400819,65.33966721045213],[-74.6594174758853,65.37535723662069],[-74.75138301160916,65.39470029930557],[-75.09028407493504,65.374597060479],[-75.12528223792063,65.35655754989804],[-75.11077970912709,65.3356957521305],[-75.13378238769477,65.29160215141252],[-75.30887197713882,65.26495063633655],[-75.63691801058519,65.30316681144015],[-75.61831198904572,65.33163150829343],[-75.65477173139466,65.34372153189146],[-75.76924435723177,65.31836477447852],[-75.99362097979595,65.33598984118797],[-76.02314377191684,65.32785855202414],[-76.01189317790075,65.30739141410373],[-75.9560347350421,65.28316186265278],[-76.06438389402136,65.26942796259749],[-76.0534610190776,65.29151621271565],[-76.27235533508313,65.31180458785373],[-76.42623314217025,65.34412215866706],[-76.48845599883859,65.37400542352594],[-76.8090044489439,65.41407586277015],[-76.85433551284285,65.43534034299348],[-77.04838164036957,65.41889232419186],[-77.15611871794134,65.43430230701141],[-77.21916020505896,65.46385853445973],[-77.32822633146688,65.44757542687734],[-77.42111673864001,65.45814575352736],[-77.4516858515747,65.44634680564079],[-77.44731707829757,65.41780888670924],[-77.3582778215542,65.39866405502147],[-77.33731889564817,65.36892877996405],[-77.39719980660908,65.35761410997846],[-77.53163148663576,65.38893577877779],[-77.5612306693115,65.35936248123728],[-77.51373119471872,65.30298137290457],[-77.42389475784854,65.25743611908237],[-77.37990394811155,65.19406955673647],[-77.39841143162941,65.17080634799075],[-77.54799285135427,65.13463081348532],[-77.65425843298819,65.14088934948364],[-78.0195484533583,65.03576063098085],[-78.18543829912544,64.95448492713601],[-78.1951964510663,64.86725498307501],[-78.12314176446388,64.83042470275994],[-78.13052721873541,64.81154701380653],[-78.21366243303696,64.7789164995223],[-78.23791605805575,64.7594750631856],[-78.24467172896316,64.72129707251584],[-78.2933610779595,64.71248227022107],[-78.29146515181324,64.685957106741],[-78.24155680018282,64.66658992643808],[-78.2136605967923,64.62234649704875],[-78.20926605441859,64.59207803003254],[-78.22987519460649,64.57070618723266],[-78.1406704615986,64.52723155873869],[-78.11830194100897,64.5009983181592],[-78.0304652473987,64.47509632777404],[-78.08353391742043,64.45445374369534],[-78.08578379821523,64.43872298014408],[-78.04029987549949,64.41954155157349],[-77.90603516690906,64.43946141206436],[-77.89989692973981,64.41430230020867],[-77.93472467664823,64.37824598217297],[-77.92161830608038,64.37018839199784],[-77.84130799395999,64.36761270212952],[-77.72412126920801,64.33585585140048],[-77.70274157909455,64.34826657494762],[-77.72519631475792,64.37290851996868],[-77.65045963464252,64.38652897177037],[-77.55491439556589,64.36153124850213],[-77.55942052657414,64.34067036251082],[-77.5463853418659,64.33266860157788],[-77.41369735626057,64.29047075055689],[-77.42886222211868,64.26350720309793],[-77.40258681761917,64.24906735172327],[-77.16093944821536,64.28260940400891],[-77.11191814131885,64.26451597566954],[-76.8763794486943,64.23640639081478],[-76.82807176104714,64.20758466462074],[-76.72951392900679,64.2011491455082],[-76.71011058211873,64.20831328004768],[-76.79297031180546,64.28769958418145],[-76.7281146978475,64.3053052017187],[-76.68620893795035,64.28938689971605],[-76.59255710315226,64.30587684954293],[-76.59446134360138,64.28520496288556],[-76.56225614425028,64.27539518192256],[-76.44100772433453,64.27378538046003],[-76.42372400220933,64.29354978393366],[-76.37754981846828,64.27011561083368],[-76.229350147105,64.29968875996622],[-76.26230790332052,64.31672909213866],[-76.40274085118826,64.33068647504744],[-76.41700845646172,64.34429746541055],[-76.4075517462909,64.35581378784642],[-76.28264294554296,64.35210052044188],[-76.16788961835589,64.3792580182692],[-76.1049920073629,64.37373411826735],[-76.0128045065041,64.40453280397732],[-75.97968890363924,64.40519656548129],[-75.94701796139391,64.37922636774647],[-75.7797325308449,64.36957256339865],[-75.76297972041736,64.37865715054919],[-75.81052779074611,64.40773791170778],[-75.80751055273807,64.43936194042806],[-75.8514404000575,64.4592215833675],[-75.85271634632517,64.47351422258161],[-75.81398777303744,64.48598619213611],[-75.71760691650101,64.44721763377633],[-75.6944501080342,64.46106306232917],[-75.73171105118111,64.4945923200995],[-75.827285175239,64.53505797880194],[-75.81872298526955,64.56972060609542],[-75.84468561886894,64.59327128982565],[-75.84015421789776,64.61946955988327],[-75.79570898594169,64.61727740225065],[-75.71576350749618,64.57822625349588],[-75.56930702173733,64.57377448388918],[-75.56603216656816,64.54689123600127],[-75.4635611468233,64.5375514192313],[-75.2318932952295,64.43259735029784],[-75.16224333855705,64.44019406353615],[-75.19646102112516,64.47003932657681],[-75.16443816561463,64.48475613479008],[-74.88813026979906,64.40513156210878],[-74.77541895045461,64.40845674493282],[-74.74159675015727,64.3783981289726],[-74.69886124951903,64.38140218152851],[-74.68617620643786,64.3978970358132],[-74.54151635431549,64.44597644021034],[-74.53250545722686,64.4628053795046],[-74.5571897135782,64.48666530127812],[-74.611417503094,64.50087975808289],[-74.66046588202123,64.54128963561477],[-74.62052431598478,64.56222073674614],[-74.58068534442069,64.55123427800022],[-74.54481698237802,64.57974131205788],[-74.5574128249596,64.59525362753094],[-74.81209912196388,64.71066038344844],[-75.04825783886123,64.78463196802076],[-75.10003805676246,64.86228794808845],[-75.13873128243175,64.89259099372934],[-75.14788691579872,64.92362899313567],[-75.11564769133165,64.94546762338928],[-75.0889103221477,64.93232597942747],[-75.07927039643258,64.8941222829555],[-74.97980391423195,64.79593371938982],[-74.91640003191516,64.78993126985443],[-74.88151920185626,64.76888669803036],[-74.80759621111078,64.79024793926173],[-74.77997076141186,64.7875816394455],[-74.78362377653485,64.76484835094539],[-74.76557677297171,64.75951955587193],[-74.72037496567009,64.76586803199258],[-74.69977207380592,64.82077917926507],[-74.7243381385405,64.83732969599855],[-74.71631758181482,64.85255703349438],[-74.63135572805702,64.8550232151903],[-74.6008867723806,64.88054865085658],[-74.5543643623353,64.88143838828384],[-74.54888079907663,64.86840377004519],[-74.60915393162475,64.78710173120255],[-74.68780403981114,64.7253258864785],[-74.61445455226502,64.65947118034029],[-74.55715798855717,64.65032141096333],[-74.53991091135907,64.62013528630906],[-74.48290221451977,64.61809291267772],[-74.41332548384449,64.57029599823953],[-74.37082924296305,64.58741661509103],[-74.41359119521293,64.62372631793342],[-74.41485818994175,64.6523553109539],[-74.36564250968138,64.6509953824718],[-74.28747966882338,64.58805008710848],[-74.23005447462467,64.59471325622773],[-74.24502476430756,64.62826713705444],[-74.23570158411513,64.64516470000795],[-74.15406574441484,64.67262839802544],[-74.14980512706823,64.68821041446455],[-74.17422171463515,64.71201645581355],[-74.15532397101768,64.73866383621161],[-74.09113301133708,64.73400469211683],[-74.06885663497621,64.71390327178403],[-74.08976171628494,64.6839367521836],[-74.05606937098824,64.67691411000898],[-73.99382935800494,64.7062578179758],[-73.94382972526564,64.70651042876939],[-73.98249621547559,64.68195695637937],[-73.99633521593886,64.64949915581762],[-74.08827065690848,64.64097389450404],[-74.09074774948091,64.6216177234767],[-74.05304626198357,64.60707089891378],[-74.07022450862662,64.59101954595775],[-74.1695986308228,64.57614036645417],[-74.16429051391269,64.56317838763736],[-74.07699408168051,64.5560841087821],[-74.13376843866969,64.52792630148396],[-74.07854848456265,64.47773773159003],[-74.07902256334562,64.46179969300914],[-74.14106617526427,64.3932592221293],[-74.19757399595372,64.36519223568767],[-74.1461970703705,64.33848809251317],[-74.08691636574423,64.33421171284279],[-74.00122484392814,64.4003368009018],[-74.00300408689384,64.46465368412888],[-73.87161448949064,64.47788807352573],[-73.86231624250718,64.49479153647812],[-73.93662279888316,64.584538310973],[-73.87820688130992,64.5927870059424],[-73.85134941188144,64.57389534931676],[-73.85484861899731,64.56004449154965],[-73.7989332337135,64.54888035666781],[-73.70827961363204,64.57694293805228],[-73.69288070588439,64.58962748838445],[-73.71501168065811,64.62400053904777],[-73.68088563928947,64.64008214759275],[-73.63372425454206,64.6351549213929],[-73.61662518241585,64.59944924264742],[-73.59491076704498,64.59357857719097],[-73.53136200846765,64.61014682439894],[-73.45081502304286,64.58370922904322],[-73.45860736123704,64.56313651398256],[-73.64048495633607,64.55730284957154],[-73.71449460563659,64.52935644532793],[-73.65218434285859,64.49251808332897],[-73.6683632540431,64.4566768642858],[-73.71249481154298,64.4220693697172],[-73.67791099374428,64.32203547528786],[-73.61495199883196,64.33138654955846],[-73.5726784778734,64.35547441945045],[-73.58757229362025,64.38746218622595],[-73.54634167230266,64.45272975216646],[-73.56068344376992,64.5006857869528],[-73.5471262325002,64.52430361514027],[-73.51309809764456,64.53321128033251],[-73.45135009137952,64.51053370415838],[-73.32730812509095,64.54552912537325],[-73.34422599165991,64.6170702477193],[-73.33157627971575,64.63897879035306],[-73.29998740207672,64.64990316459273],[-73.28244492137902,64.63725959886506],[-73.28717889000313,64.60023550810811],[-73.19604662922605,64.59937974393159],[-73.27055697761136,64.52155234176624],[-73.47148094850957,64.46087408163007],[-73.4881977449865,64.38045092549352],[-73.37051503535706,64.37676119610379],[-73.43737597328533,64.32498042577093],[-73.41959973958575,64.30524209611364],[-73.43700968222655,64.27487420169662],[-73.4272867625005,64.26311336221991],[-73.33036578555442,64.26697648707336],[-73.30427459432337,64.31239422146878],[-73.22568917512494,64.36294396997694],[-73.16348816958048,64.35616696649102],[-73.2305721763902,64.29014657565834],[-73.15399855654857,64.29428153225437],[-73.13279129092267,64.28120702367475],[-73.12908729283963,64.24502002789097],[-73.08957001333276,64.21379459413447],[-73.09077155516447,64.1835576816276],[-73.03776185663804,64.17592421610355],[-72.99801789776899,64.19478214651969],[-72.88519863899462,64.17678569220165],[-72.94160788703599,64.1365898369822],[-72.91190039990026,64.11710775757041],[-72.98642349625628,64.08064265645216],[-72.90028763275997,64.05310079220365],[-72.90238068492353,64.03545103797371],[-72.87961389349238,64.01860569078724],[-72.78570872309399,64.00437137937871],[-72.72031220281693,63.962925992712286],[-72.67328955001638,63.966456153729155],[-72.67451754413659,63.99891754819998],[-72.6368468663035,64.0143647304201],[-72.58841521306984,63.99266072048658],[-72.64368754657885,63.920117877277306],[-72.61265547531191,63.89675121352456],[-72.61784593880245,63.881247929722036],[-72.66137975095535,63.85575313104652],[-72.48320412896503,63.80650854838154],[-72.55722608586463,63.78459607896888],[-72.5669568381557,63.77494524847572],[-72.55183871152245,63.76600837370358],[-72.39550233980023,63.77652252319411],[-72.40431515212254,63.8026845093239],[-72.38823853522678,63.8295329704517],[-72.26571075722995,63.870802289499544],[-72.29617196627163,63.92821297427286],[-72.23747278033419,63.937492617556124],[-72.21505282403999,63.92762431148501],[-72.21257959864019,63.89141656264623],[-72.18787412863534,63.85798019401297],[-72.2558632629213,63.799578223152714],[-72.24837143094635,63.77172707724945],[-72.30830021335926,63.712425895258434],[-72.30517048764912,63.69052180983158],[-72.27289836878955,63.66334184553078],[-72.2199823713515,63.66420355599556],[-72.16069135676463,63.72180991130273],[-72.08147773779108,63.685432150381715],[-72.02899038534804,63.691733050500495],[-71.97108564173773,63.83934939810239],[-71.94608500102092,63.847159048578824],[-71.91561350402745,63.843486723267326],[-71.92349483213374,63.79766782061021],[-71.90977254689122,63.786986398547064],[-71.80971342705288,63.7515051978303],[-71.79242394738009,63.700851552347075],[-71.76119203539112,63.69876949533256],[-71.72070760265527,63.74428436571936],[-71.6644528271085,63.73015746683515],[-71.69877546178382,63.67500100638446],[-71.65584082210968,63.64627315138693],[-71.60530706769083,63.701257783806355],[-71.52684183079556,63.69695338456457],[-71.55136794860799,63.65141197206539],[-71.5494724479323,63.62227505255687],[-71.59326309200522,63.584482478306484],[-71.58811245445496,63.57311270843748],[-71.4900314278746,63.587869552208396],[-71.42614495035606,63.62498861078287],[-71.35999407603288,63.60769230574607],[-71.42610624358394,63.567309580137824],[-71.28117189715347,63.572495179577814],[-71.26720348880364,63.55629417808899],[-71.32046239414043,63.53594274301427],[-71.48826231749446,63.53902964045917],[-71.49343583687522,63.518024034321925],[-71.43506226478792,63.50176386204996],[-71.43865166018836,63.48959925603395],[-71.5530856126004,63.46782850130683],[-71.69183478106656,63.40591331371546],[-71.89220210402355,63.439583761168564],[-72.07956102835453,63.43538265609643],[-72.08022175052851,63.421082522189195],[-72.01863443491472,63.410075038140704],[-71.77277914979878,63.38536563188555],[-71.75370980231344,63.35779623236998],[-71.79671591691879,63.33969790624069],[-71.7770212503563,63.26713081622913],[-71.68566529679852,63.24676179537762],[-71.74359169316139,63.210786879199844],[-71.69558549482478,63.165164094241895],[-71.54057960751668,63.12594267713524],[-71.52391861121387,63.10760505817194],[-71.48405646489657,63.10790957401877],[-71.4526821208738,63.132765409761134],[-71.40840116175512,63.12713216757528],[-71.39907581150905,63.0971630298928],[-71.4405494394334,63.07536857668175],[-71.40663410599322,63.05299617026099],[-71.27721160352371,63.030982490006345],[-71.244030004807,63.001527347934015],[-71.22154245761847,63.01838883541469],[-71.23573069249893,63.04013891178315],[-71.21804580844957,63.068469118857436],[-71.03980266615736,63.07960231320554],[-70.98361783891669,63.155347739097145],[-70.92310397768479,63.156405539340675],[-70.93640248463602,63.12925641616063],[-70.88540840058482,63.12800854864793],[-70.86959912909,63.1151399091658],[-70.8819439087673,63.102236297449345],[-71.04681765617774,63.024537269100215],[-71.12770663307072,63.009818884920655],[-71.12283913862599,62.99843317608919],[-71.05208660207958,62.9910137511705],[-70.90654030498688,63.03864226678328],[-70.88573185249564,63.021493285199064],[-70.8942086262436,63.00820077441054],[-70.9519501447543,62.99230681769843],[-70.98277545306678,62.94396908693018],[-70.84088585505086,62.94870432983195],[-70.79332327765738,62.92978116937786],[-70.85022004287093,62.902955849242765],[-70.522709750181,62.869884140368306],[-70.29063925374057,62.76403026684571],[-70.04081854985249,62.77105879808408],[-70.03302948978961,62.78268747567129],[-70.060294777826,62.81908605659098],[-69.98001192433895,62.844196540713426],[-69.96670762045711,62.840493922943104],[-69.96678779191586,62.79881322026116],[-69.93499455756856,62.78701895764152],[-69.94107469007142,62.7661643802385],[-69.85055203597389,62.753436128495515],[-69.80022016241323,62.72816230709918],[-69.76260052913162,62.74272400141197],[-69.84152255347921,62.7847451323792],[-69.89083037510261,62.83529624028748],[-69.86705480207107,62.841009498320126],[-69.7989725168941,62.800595586100286],[-69.71580420794976,62.788783389648806],[-69.68750432112849,62.74842618780995],[-69.66107516160126,62.74647866969788],[-69.62058752935108,62.77700659294973],[-69.44398049376464,62.768025491090675],[-69.44814994968581,62.750369499250596],[-69.52949042003048,62.74759289769569],[-69.5810948234847,62.72413037464023],[-69.58517512005248,62.706470544261784],[-69.49351700336838,62.71328376298164],[-69.48087702364103,62.697002133440535],[-69.61289870131837,62.65417089400976],[-69.53901723755139,62.62900598944081],[-69.53322280863226,62.57364323787123],[-69.51106279839168,62.554009277769026],[-69.47228047181586,62.56484013909912],[-69.4600936046626,62.62306380865816],[-69.40817890818279,62.60094682514265],[-69.41707560419871,62.55310701160532],[-69.39279219553336,62.536835648071836],[-69.35835818902133,62.54095817009363],[-69.33319608627815,62.60642098241603],[-69.26737924472951,62.63313998889871],[-69.24567568602029,62.62447635622107],[-69.27919079724965,62.59306304034849],[-69.29719714062736,62.52106559462774],[-69.2263512572562,62.452407994169775],[-68.92489257811155,62.365505886318964],[-68.90149272891263,62.371090507415296],[-68.86610935878396,62.45513784249354],[-68.79651900916016,62.470210288523596],[-68.78456099337423,62.45924709175098],[-68.82429457867369,62.425105553614124],[-68.82858573983891,62.40209272872406],[-68.80702662347363,62.382348505364945],[-68.82440568040052,62.357634547328864],[-68.76980980539452,62.33475298997477],[-68.72158975536496,62.35293856477838],[-68.7301829494653,62.38531671965116],[-68.66996619364207,62.38162495634266],[-68.65064817305506,62.33666923667797],[-68.68187936001975,62.29217606776515],[-68.65821504857195,62.27577796511462],[-68.14164059414392,62.22479275480724],[-68.02542616794582,62.20086462169958],[-67.96653967941639,62.21720909747416],[-67.88454157048876,62.20040006212363],[-67.81494286097634,62.20947022028546],[-67.7536086915313,62.170232248608556],[-67.56105565196623,62.170224500491734],[-67.35085141283837,62.14141403268221],[-67.31855762835734,62.12691605747098],[-67.33601833297537,62.09302464213215],[-67.32021356971565,62.077496074487584],[-67.26751628210278,62.079833454538345],[-67.25606761733577,62.10556249374415],[-67.21723583055821,62.11008082556958],[-67.18007434498332,62.10211308227511],[-67.1524888443407,62.06074959471897],[-67.12478505172744,62.050531270321976],[-66.8253451744982,62.03151265785871],[-66.62714906752623,61.962639749142966],[-66.61023262577208,61.933894937973896],[-66.57727784895785,61.92088958971842],[-66.27007099037878,61.86744507682918],[-65.98594123956579,61.88960577960673],[-66.00263519958725,61.94257097251142],[-66.11971500686427,62.013177183917016],[-66.12936535220504,62.05562886523085],[-66.17373463719007,62.08930865435301],[-66.16198719929544,62.103895404303245],[-66.11663321033608,62.10152059682453],[-66.07146656064882,62.04913752475345],[-66.03935182598053,62.054562110519086],[-66.02892656616667,62.06760016675304],[-66.05987425075749,62.10825037901068],[-66.05767025316817,62.135594731697836],[-66.03604839873213,62.15770974225162],[-65.9252713663906,62.192028426722146],[-65.95731931306592,62.231002853508286],[-65.99431049931614,62.23930380932396],[-66.09345032775906,62.219633972695306],[-66.23640198020256,62.24447632009447],[-66.13324409806827,62.26919529849904],[-66.21759467029514,62.342988081798524],[-66.34059666722044,62.33828390157558],[-66.34467834417292,62.313148621932655],[-66.31134385319075,62.28518726917492],[-66.38752251736283,62.289083183346676],[-66.43697811615309,62.32715350284132],[-66.3346361320607,62.390895088811405],[-66.39651247340834,62.43848607757342],[-66.49183582721953,62.428857907714004],[-66.49584858255027,62.4591408604963],[-66.4758335419338,62.49446813370846],[-66.48630941624553,62.516551326866285],[-66.52183474128913,62.53738303364888],[-66.60952702529372,62.542922589899746],[-66.62647451062946,62.55686913425947],[-66.60008394937206,62.58015497389178],[-66.62911903914654,62.61454893171771],[-66.69376944581965,62.64941609448219],[-66.76540412407844,62.65026041988929],[-66.78743813525652,62.68345541785009],[-66.86916477792326,62.67119108998392],[-66.92967817866217,62.68117607751977],[-66.95363368617348,62.70174692658135],[-67.03865437997761,62.70101133198254],[-67.05473248596701,62.71649273691199],[-67.03379809934385,62.77935128996887],[-67.05252378051863,62.79161478110939],[-67.10211069232221,62.77944461289765],[-67.1439924220887,62.80844601584727],[-67.2336834316926,62.817380406900845],[-67.19799817117139,62.83743783918265],[-67.21905818780124,62.85188397356368],[-67.31730822763276,62.860401886602865],[-67.31682649460505,62.87679540637219],[-67.27504982886833,62.899566527911205],[-67.36011811726509,62.94076732075761],[-67.53014240154035,62.97708834188238],[-67.67663400663966,62.91207749159585],[-67.70262394854939,62.925378372225055],[-67.65691220812423,62.97503087935195],[-67.51237303710849,63.0110148779788],[-67.50235463517643,63.02408434734283],[-67.5260960488953,63.0352188138638],[-67.66412213280054,63.023956581719524],[-67.72814937561382,62.97705191027483],[-67.79164621482542,62.999870945790065],[-67.79469727042155,63.02241833985662],[-67.71289731241168,63.06092397624998],[-67.6170596071455,63.06980932866367],[-67.59396781620283,63.07895936540099],[-67.60202528424394,63.08946524706606],[-67.78932154159368,63.109605131548285],[-67.85085797223772,63.13020302176193],[-67.90561447966132,63.116622806590954],[-67.94398752429734,63.065738022444165],[-67.98871602625923,63.05984396053298],[-67.99831203449024,63.06868606478125],[-67.9489198533707,63.13983138259622],[-67.97285043547011,63.16182049937513],[-68.13417225437814,63.1682960930157],[-68.2251736477194,63.20955267125208],[-68.24092613771118,63.24305786772832],[-68.35276115805661,63.349570585280084],[-68.44445901080115,63.40721621604988],[-68.43242757787273,63.43464862966351],[-68.61785924042304,63.47122512463401],[-68.70484079331129,63.55886485788366],[-68.80351889425478,63.57513392272898],[-68.82629694801851,63.616709049564136],[-68.864583262271,63.620446413657604],[-68.85043859188053,63.6567161032203],[-68.88821003599479,63.700524585451056],[-68.97562403253868,63.73312863539869],[-68.99374158071053,63.76486075964868],[-68.9690012402899,63.77042082828159],[-68.9089246081513,63.74537609368854],[-68.85356723403244,63.76481110538975],[-68.77134412073647,63.74199440952414],[-68.70478218873102,63.77617919657331],[-68.51243424661467,63.751707304349566],[-68.4739579641501,63.74240916354837],[-68.46392127880657,63.70075769797629],[-68.41938314534482,63.683172344167104],[-68.4007937024408,63.65851717166031],[-68.30581912765922,63.6370480331532],[-68.28217042921453,63.65737434208701],[-68.30438583863159,63.68813759626067],[-68.26727590697978,63.69905100778],[-68.21412865856631,63.67098029643926],[-68.23919953229372,63.62715832104442],[-68.16902082887145,63.600125545584156],[-68.10722462717972,63.60548304294633],[-68.10512764322822,63.5648633915942],[-68.08563050627917,63.55278017859913],[-67.9905930346768,63.564111573527455],[-67.96131118994683,63.55409802765361],[-67.79701011863288,63.39878247950848],[-67.72381634227204,63.381991812432034],[-67.6807422364582,63.3954631126245],[-67.66433369343423,63.41680352565928],[-67.67385391457259,63.431134504041474],[-67.83580756632018,63.55152020240948],[-67.86135802403176,63.64156509819612],[-67.9411950991956,63.74168327525577],[-67.88158962023108,63.74917403836916],[-67.81798076479997,63.70835729902519],[-67.81731520864477,63.67707225628273],[-67.7842753378212,63.66100134333832],[-67.6818503722802,63.654488434209945],[-67.67174667863553,63.619841346868704],[-67.62438231852441,63.58505543896655],[-67.64767781671951,63.544567632016246],[-67.54946016512719,63.5385188268368],[-67.55821198817917,63.49028523174107],[-67.46832288668631,63.42114168163403],[-67.42161617262236,63.42303933688619],[-67.40295546204452,63.467846280533195],[-67.37579241353738,63.47101440358836],[-67.34771933360058,63.39671423642145],[-67.24647070943479,63.32735547751568],[-67.20455420441331,63.27643953919746],[-67.18154316015477,63.27459197875511],[-67.15202023329782,63.30675799554792],[-67.03138693360017,63.278223342854105],[-67.05140679675927,63.371705689459105],[-67.04052906485607,63.39575594796992],[-66.98021948756919,63.404457854428564],[-66.9566633673492,63.38226280365509],[-66.9725227202122,63.33689352477825],[-66.95079280381762,63.28178104444822],[-66.99904270542028,63.241617867687125],[-66.89676606175608,63.169765244014854],[-66.86158210106602,63.16771300123481],[-66.83131046981771,63.19050675494785],[-66.88759041129522,63.253116823835086],[-66.88676830095973,63.26959349730151],[-66.8304550229594,63.27330822923527],[-66.7863701429553,63.21079874474819],[-66.75214009138652,63.19236546366044],[-66.77287123330332,63.12562503918112],[-66.74904719996628,63.09405135154537],[-66.60547519964811,63.024235821677756],[-66.5612274384546,63.01867511587201],[-66.55007476825439,63.04268557420845],[-66.61438483673349,63.07917727884716],[-66.58561066270782,63.11505894656487],[-66.62606545936288,63.14576083853053],[-66.60803844194207,63.18345121254637],[-66.70436237244327,63.24170376450554],[-66.73735085228498,63.282173067371986],[-66.67405290325968,63.2792337973825],[-66.5668531262805,63.219151959033596],[-66.53575841219228,63.19178582432127],[-66.5089663444922,63.09864075481838],[-66.4284482267159,63.01684779256397],[-66.31042120544525,63.01185433972964],[-66.13532868993498,62.947165777925015],[-66.09837126825276,62.957508781980394],[-66.0872518081348,62.976018309215235],[-66.10512855367126,62.993831274660266],[-66.180330940042,63.03624656109123],[-66.19906997715597,63.07824265513432],[-66.28380659111185,63.129481163375694],[-66.29994082328245,63.17475175269687],[-66.25656706978019,63.202679222784404],[-66.21598791780006,63.12732113265293],[-66.14172520848615,63.08334560641832],[-66.13845752959826,63.06239161312069],[-66.08060456340905,63.05820606361079],[-66.07029168760609,63.02119793857301],[-66.03419007500828,63.00583184982323],[-65.9581344110411,63.003921595835884],[-65.93781224052697,63.04314311455748],[-65.82841753417566,63.037291994466244],[-65.95118586025937,62.9434379589382],[-65.9421711559695,62.934543677704056],[-65.86417485257184,62.93035820245623],[-65.82287660051678,62.90652067797679],[-65.76944693097691,62.91207836589742],[-65.79587209771465,62.939001094277465],[-65.75409612762579,62.98930925448032],[-65.77789731515816,63.01934646858972],[-65.77234001940062,63.04066603611901],[-65.72800375066036,63.04973524122877],[-65.69195099246534,62.99519398442368],[-65.7149801797162,62.92862066167965],[-65.61977922377034,62.9157834713138],[-65.59856396369686,62.83405556696681],[-65.57564721157097,62.82268348144025],[-65.39790450215071,62.84530685708246],[-65.36076569823321,62.90380617100606],[-65.31462457996138,62.9291643919085],[-65.29755062014208,62.920517709368944],[-65.28782892211414,62.84064779406158],[-65.25860843882977,62.822479865814806],[-65.32526342074063,62.8157130967465],[-65.33545094577046,62.79891960812218],[-65.29851433243199,62.78115070149695],[-65.20723368088997,62.78720661662542],[-65.29455214042034,62.77011926916664],[-65.34316019958777,62.67934954597642],[-65.25514653853602,62.66365795350252],[-65.16413764472792,62.58955219083179],[-65.12073840989767,62.583621877836265],[-64.9194468494198,62.65340276838122],[-65.06901651725323,62.810844198238414],[-65.14712151146068,62.85286394630011],[-65.2313535914758,62.94046624599116],[-65.30366947091717,62.975571424394445],[-65.2695589032302,63.00120567910882],[-65.18224408721007,62.95965870939798],[-65.13700780130694,62.95530280575455],[-65.13811857283707,62.98723574857397],[-65.08145338390997,62.98636274075752],[-65.04531974914411,62.93331036802521],[-64.8567868054547,62.88639694197248],[-64.7873464842373,62.84387298103261],[-64.73172529440508,62.88426522152286],[-64.63366752962177,62.90747296670642],[-64.63157398737229,62.92392601188975],[-64.70813487778042,62.96767550647218],[-64.75754715957866,62.929954854310395],[-64.78806067138079,62.95605179294734],[-64.78122412468196,63.02017966398143],[-64.82751873833095,63.0471973326351],[-64.75874093944968,63.06459812328457],[-64.76099241271564,63.07623137862892],[-64.90100088358292,63.08086105677157],[-64.94154827332297,63.0863544360054],[-64.94604320970309,63.10014159316952],[-64.89570072296563,63.11542485237549],[-64.75328252446431,63.10850538213335],[-64.75544708669291,63.12001421445847],[-64.9332464626495,63.17621542785948],[-65.05663674762044,63.18142743920938],[-64.99517368304727,63.21889720521785],[-65.10758358741884,63.23694331541413],[-65.13721757384683,63.25526944117668],[-65.03007825897036,63.26426892587461],[-65.05850572671328,63.293528945126724],[-65.02918214582996,63.3032328824866],[-64.93407797049329,63.25096453661029],[-64.89257996442927,63.25100864889824],[-64.96818585908002,63.363361335225946],[-65.00164039552281,63.38226234837663],[-65.09941804665866,63.39395113188754],[-65.03175904208695,63.428574226452476],[-65.14280929722024,63.44443851453002],[-65.08037779484651,63.463289847419226],[-65.072788022709,63.476803603048715],[-65.10057013984407,63.54510319689471],[-65.03427111409323,63.60612217210655],[-65.03950800125564,63.62387937460541],[-65.1216356069684,63.673576550388866],[-65.17937653892028,63.7320136384853],[-65.30613567401497,63.7985203249336],[-65.26101447552392,63.81128966622678],[-65.2040231740552,63.799587636706384],[-64.91765457496433,63.609891472729],[-64.84728896463906,63.5004656910397],[-64.7487842719332,63.39523492167434],[-64.74920848975489,63.342990396626284],[-64.7249007464829,63.323696048211765],[-64.71897809501417,63.292727985229384],[-64.64815245549794,63.2650639766406],[-64.63019039451207,63.24313457277973],[-64.52294138229148,63.25174891804207],[-64.52574529806269,63.267277706323476],[-64.60737038165135,63.31561957624114],[-64.59084011178612,63.329475619975995],[-64.52339920789947,63.32104241017764],[-64.51254694927104,63.33777631580663],[-64.54820085528772,63.39096867858417],[-64.65317503344586,63.40424613768865],[-64.58770871721693,63.43544339737968],[-64.5202670118195,63.417702752624244],[-64.47325825593552,63.437325660215535],[-64.51421693115105,63.47082655261817],[-64.56583574606151,63.581109958199306],[-64.64107588644411,63.60945514988773],[-64.66942917313663,63.64814360971581],[-64.64552205388658,63.651423310169385],[-64.57581798864292,63.616574891132885],[-64.5360492214886,63.61880160356493],[-64.51645459133522,63.64520915064337],[-64.52281524723391,63.66133773307324],[-64.65052664344252,63.7065084425713],[-64.71242832943851,63.74550718123865],[-64.8697450429093,63.758212706488855],[-64.95456253808321,63.786089733973455],[-64.95495150674832,63.83283538387813],[-64.88271568835675,63.90419543659464],[-64.70946542431486,63.95977958578041],[-64.69992441463447,63.97487933986552],[-64.64789537264228,63.98072631480916],[-64.65008410356201,63.99223748769151],[-64.71841268823218,64.01549843117517],[-64.81459083506769,64.01731741930618],[-64.91922285909993,63.97210339764224],[-64.9523065489203,63.97781795664019],[-64.93938836333702,64.00169396408948],[-64.96893322082816,64.00681643117515],[-65.11553325330507,63.994775967291474],[-65.20089655800288,64.00389159907311],[-65.20973640703227,64.01287484057873],[-65.19754294387111,64.02188265169048],[-65.06197605685216,64.04527845788334],[-65.16769990370213,64.07451230954449],[-65.14838484158105,64.10100489246564],[-65.23437124661831,64.16230529344159],[-65.3994911452683,64.14932534942065],[-65.40351461227803,64.15929268469196],[-65.28823682704225,64.22164617937811],[-65.36691761948893,64.25353666862172],[-65.53791931526168,64.24879676710223],[-65.55075617259048,64.25837411354519],[-65.48837490591549,64.2757890234355],[-65.4927099756257,64.29510139039962],[-65.59019878676158,64.30575372420202],[-65.61394379525696,64.32270938667192],[-65.48115991417046,64.33225931386457],[-65.43515886357467,64.31149469786955],[-65.32875195013844,64.30107037970315],[-65.24135091765314,64.31238075421585],[-65.21534765061469,64.34148446960877],[-65.26847946308366,64.38767726394357],[-65.1152343244389,64.40466216840625],[-65.08567248876086,64.41830870790999],[-65.09588941197246,64.44984451670005],[-65.0545649539506,64.47637103695597],[-65.13322954255719,64.48964761884253],[-65.14398697904224,64.50637195516214],[-65.2217529155087,64.50644663542572],[-65.23658860738584,64.5331357470442],[-65.27628107618487,64.53228505592847],[-65.32387519556528,64.48443613473792],[-65.38970042808141,64.46378244832333],[-65.41534321279192,64.47373747202099],[-65.344002252365,64.51946950221682],[-65.37418054470416,64.52450895825815],[-65.50951756687859,64.4745183386528],[-65.5372571379122,64.47725230881713],[-65.5513854805792,64.49998099947274],[-65.72291404715952,64.50594739493961],[-65.73789144135917,64.52323752888269],[-65.70952711579545,64.56505008053833],[-65.71875921968002,64.58885104420763],[-65.60646662276241,64.63725223141095],[-65.58039080172688,64.70538016963025],[-65.55327338119066,64.73069609699836],[-65.59740974840912,64.7639588746466],[-65.66015649841324,64.76676753526084],[-65.73043789985731,64.73176699422555],[-65.74460705250318,64.7452523792132],[-65.72680501238918,64.77015959846855],[-65.67099621506732,64.8130672184644],[-65.83840242893838,64.88463487648188],[-65.88865424427252,64.87233577069883],[-65.95113507189919,64.88056641531139],[-65.96411871392652,64.8510628363643],[-65.92086612336881,64.83118076650415],[-65.93562894823363,64.79464044124181],[-65.88136954025929,64.7673887704697],[-65.89401453600712,64.74347490493516],[-65.82984636828377,64.65891330565664],[-65.84409229458842,64.64265014142227],[-65.90854575116221,64.6678905498028],[-65.96432736968377,64.7473257629761],[-65.99716009771358,64.75446113530383],[-66.05030844416862,64.71851536099572],[-66.07361669737061,64.73147086307969],[-66.02750212735876,64.81863930715286],[-66.04858941373482,64.82937614501172],[-66.08008452833006,64.82334643594147],[-66.20792312776791,64.70665993273691],[-66.25037428418176,64.72270011721568],[-66.23067926838067,64.76021518252482],[-66.35332065589853,64.75379319212436],[-66.38031703413439,64.7025174947684],[-66.35714689429305,64.66925591931066],[-66.38050176410893,64.6470841415985],[-66.40978623960245,64.64807308145384],[-66.43737485139171,64.7115334261543],[-66.40686370742687,64.76218425274061],[-66.24148112849021,64.8026718911135],[-66.22397273097855,64.81282957361051],[-66.22612104288518,64.83544271000974],[-66.16083717465095,64.86022514807495],[-66.21827737508204,64.8841322633724],[-66.31641725222315,64.88665820507757],[-66.4762930922942,64.92828555123135],[-66.56311148202269,64.98422363212264],[-66.5765658561003,65.01406034091303],[-66.6207938713284,65.03378910226651],[-66.67102966240262,65.0414970563845],[-66.70855662023132,65.0233281036517],[-66.6534438043875,64.95019294871769],[-66.67005828409326,64.82912671596624],[-66.66071964724344,64.79450174719344],[-66.67453399083065,64.77816137923959],[-66.75862199127609,64.77088122299011],[-66.7424332825075,64.8052488670191],[-66.77596351960003,64.82701826034511],[-66.76240615498277,64.85813519930043],[-66.78599893311018,64.87656430271218],[-66.7694982360605,64.91639798575002],[-66.82805144271191,64.95487417116591],[-66.76336524990126,64.99480848065151],[-66.80741904857462,65.0199459572435],[-66.80959778239834,65.0479720149877],[-66.91472888018068,65.05289674750807],[-66.82557514434885,65.1112293783815],[-66.80023308766725,65.14064239664157],[-66.80751479974533,65.15281504892063],[-66.86105096837356,65.15166093631866],[-66.96268867159489,65.07861082590402],[-67.11958948077115,65.06358649567338],[-67.10526474005606,65.09085519108659],[-67.0263080952293,65.10665880608991],[-67.00103212877973,65.16729946152938],[-66.94242048174071,65.21559375857876],[-66.96659475124805,65.22840486773909],[-67.18034735166817,65.21439722044872],[-67.19559489689729,65.22765496123489],[-67.18206755552677,65.23857826556207],[-67.11554478668604,65.2599807975432],[-67.16942879342766,65.28452934593136],[-67.17828246899282,65.29501250990504],[-67.16537197213042,65.3152333059442],[-67.18310597398855,65.33069611089621],[-67.248426621979,65.3422125523398],[-67.37484069152144,65.33328117683834],[-67.36096597882543,65.34964510552999],[-67.272213071529,65.37144930804176],[-67.13714296210155,65.35888495859547],[-67.11220626841516,65.38830117168374],[-67.1112199622855,65.46181987953017],[-67.3622363133918,65.45826793321108],[-67.39307572741976,65.47932579741324],[-67.36793989876178,65.51420616659027],[-67.39884927897805,65.53526226459704],[-67.33442366869377,65.55899644448465],[-67.32409462142137,65.58684641171385],[-67.28611524492027,65.61074938996879],[-67.2906883697279,65.62607820855501],[-67.39168693309034,65.65913111735806],[-67.6897966869002,65.65426471801798],[-67.76493554761421,65.62276470031263],[-67.7678780346811,65.6030231120652],[-67.74324055880443,65.57933240053511],[-67.89583057148174,65.57722653920945],[-68.081221526555,65.46421238524412],[-68.08224087389792,65.49548324497263],[-68.01801190102864,65.55779243471541],[-68.06412909240537,65.57717169869551],[-67.96049398220529,65.59553800601034],[-67.89053513043355,65.64790769418511],[-67.89145294927678,65.66824985801516],[-67.9518966055056,65.71887240256244],[-67.95535638185747,65.74686743105367],[-67.85617579964706,65.77504495824323],[-67.83009841043861,65.80620903302605],[-67.86997392883261,65.82281205552964],[-68.00282588854256,65.79198346164821],[-68.11371472512882,65.79826031185685],[-68.14309571410948,65.81142569040263],[-68.13600186792037,65.84159715187391],[-68.19328823942804,65.86964024529487],[-68.14323211682814,65.93043172828635],[-68.26558138713723,65.91794705039547],[-68.35420556328052,65.93557418864567],[-68.35555276946731,65.9503627717539],[-68.27734371859245,65.96899620456846],[-68.31911553934093,66.00573293078466],[-68.30568488233205,66.02221089078604],[-68.25566812353196,66.01724005280721],[-68.20476243181658,65.97002263804077],[-68.15094107008404,65.97543526574702],[-68.1588753760319,65.99842141886475],[-68.2165394976373,66.03191354480116],[-68.20540656122535,66.09997565456595],[-68.25406471579188,66.11752810069852],[-68.34740922888408,66.0918398358357],[-68.37848221962554,66.10336276484824],[-68.4027608680852,66.1395076579252],[-68.51812019634761,66.18061401452867],[-68.62918713372744,66.16072949834845],[-69.00101727659609,66.17519316890547],[-68.79909744616332,66.21199732335087],[-68.53315622362264,66.20637895839263],[-68.49004997794454,66.23708868374456],[-68.46142627698195,66.23877611970427],[-68.4097056201256,66.1916348448255],[-68.28878571737746,66.21733667658222],[-68.27396352086497,66.20801635686519],[-68.28619058674289,66.17675404568915],[-68.23226011560733,66.14383518951851],[-68.02934385384701,66.12156450006576],[-67.96606949080743,66.09446975417686],[-68.00711182523803,65.97019613716154],[-67.99131586978702,65.94047133817686],[-67.93414268815418,65.9068938924005],[-67.80528939983192,65.90536120185084],[-67.81153744815667,65.9300409398453],[-67.77757604152045,65.94365174709581],[-67.67908230044338,65.91141648933471],[-67.59583263007212,65.90334701477595],[-67.29776184439962,65.9103067754532],[-67.26456842540061,65.93305628023117],[-67.30577111144396,65.97939672986705],[-67.22543643685248,66.03035007828164],[-67.29710154916184,66.05725318839119],[-67.30271807605831,66.08741066378205],[-67.34090799556648,66.1112407656012],[-67.7476371843212,66.24011357678674],[-67.71621067393954,66.29807965855728],[-67.76486216250026,66.37996329260328],[-67.85855729596119,66.40392850250075],[-67.91361781236799,66.46825964175514],[-68.00905011161704,66.50683498124971],[-68.00622835987348,66.52110870914461],[-67.9649352187619,66.52101238591632],[-67.92390000362005,66.5044431597934],[-67.84296982164754,66.50255854585112],[-67.84213236353902,66.4767664801089],[-67.823122815104,66.46685267285562],[-67.71397694702958,66.44446308986217],[-67.67643892715844,66.41359602674073],[-67.51500957247208,66.36723883216392],[-67.49587274452722,66.32602822877745],[-67.423935411058,66.28288024677963],[-67.28107111173001,66.2791738096171],[-67.21425326982732,66.30826715691384],[-67.20137235781252,66.32297309730772],[-67.23038476966256,66.34731003568174],[-67.32921774240057,66.36502564535347],[-67.35053773895903,66.3826975066289],[-67.31137233117889,66.40109461348958],[-67.18681238201614,66.37056634647314],[-67.17916366048458,66.38971353018918],[-67.23245618838891,66.42302465537976],[-67.24297305801849,66.46303886318464],[-67.33889006374343,66.50046578464553],[-67.3879938424891,66.54415442875711],[-67.46310405197981,66.55829700127302],[-67.69328091159062,66.54793789627968],[-67.91704785312885,66.58221466011925],[-67.91127681942568,66.5997171408312],[-67.88503423570236,66.60353018917851],[-67.746373692441,66.5772011173357],[-67.68373045422875,66.59612249067573],[-67.60052315322609,66.57000008360639],[-67.58221507525731,66.58576408691906],[-67.59524868816494,66.6078221161273],[-67.5342774856772,66.61950687982875],[-67.51234260751698,66.61277955120575],[-67.51198076409806,66.58153133090023],[-67.38087440776877,66.58351849923841],[-67.26392304007511,66.54872956348484],[-67.21982795150711,66.48919511376236],[-67.1735050739412,66.48448838531796],[-67.13041458012869,66.49126608280422],[-67.15227685097757,66.52383956592153],[-66.98418393231216,66.53113169966907],[-66.92045262181128,66.56075564641378],[-66.99397634018673,66.60249323045338],[-66.98226544496941,66.61551004545444],[-66.80993335675673,66.59091576078274],[-66.76429923451278,66.56959552344667],[-66.77358236584857,66.5543853725524],[-66.82930575408629,66.54390892849327],[-66.79994184810182,66.46416804766855],[-66.72266249285278,66.42721191856423],[-66.75528262618585,66.38587594559483],[-66.68668469702997,66.37031956933927],[-66.54928660403259,66.37974760553172],[-66.54491699940785,66.36428125640437],[-66.56785175369443,66.34922362894973],[-66.51811025926831,66.33828018335998],[-66.51512634673614,66.3212342314251],[-66.48464399414304,66.30934954388354],[-66.53830789871476,66.2655036753439],[-66.52348799469404,66.22643016632567],[-66.4893477089449,66.2084986213091],[-66.42162884412396,66.20762165857455],[-66.40971385600969,66.22068190635605],[-66.45412066038816,66.26232644526607],[-66.44119856020873,66.27151100310238],[-66.33834330753096,66.26364956488753],[-66.27465125669949,66.24300630339599],[-66.18999678606019,66.15082342649104],[-66.01993754442084,66.11210951813595],[-65.90316827741593,66.1294489601004],[-65.61713057793317,66.23385600903826],[-65.59222353635086,66.25043275031791],[-65.53332283718292,66.35086200800248],[-65.5092104120839,66.37122410051603],[-65.47290359498726,66.36564224563772],[-65.51413312259594,66.25505033350485],[-65.57595622795596,66.19966548572957],[-65.67645399306359,66.14657016179486],[-65.90289581702987,66.07571482218815],[-65.93769400592868,65.99398418201615],[-65.93378621580291,65.9636998215154],[-65.91498828522708,65.94967550752415],[-65.52094894188748,65.9719552595683],[-65.25543387766538,66.03051102578165],[-65.00088349564028,66.06635789258831],[-64.87856761666562,66.12127962870714],[-64.73108976733053,66.252473493162],[-64.5728261064068,66.3090833305709],[-64.40781637806518,66.33462222484198],[-64.3958603589843,66.3233914429924],[-64.41602705082391,66.30792921225022],[-64.67910344376037,66.23478652724627],[-64.72928616570937,66.18869436531854],[-64.74599399719658,66.15779800682375],[-64.7378288986845,66.12850342001414],[-64.8616708085287,66.02541804379102],[-64.8067844678031,65.99225858679556],[-64.81929734121077,65.97940177693734],[-64.97374231597085,65.99499668912605],[-65.29361621182437,65.9231734956673],[-65.4268287293039,65.86431945707888],[-65.50907847257002,65.76209071972579],[-65.4200479017169,65.74616998705145],[-65.44391701446227,65.68674530928877],[-65.34012452297605,65.66272786468001],[-65.25993046762471,65.66664180754906],[-64.97651277757991,65.72703709303066],[-64.86834871609686,65.71687532924248],[-65.01577012667754,65.6905731365269],[-65.1345280735513,65.64644478144068],[-65.29250044677737,65.62716856825335],[-65.3716619297354,65.56179717763108],[-65.32540651287427,65.54882114095498],[-65.2560159923001,65.5748537891041],[-65.20484675753707,65.5479893794781],[-65.13324434843668,65.53823921839552],[-65.0393815354948,65.5471910589834],[-64.83115695237397,65.6660298114607],[-64.81459344701955,65.65030632218271],[-64.92576149232788,65.54354538275493],[-65.14691086341914,65.48086645400964],[-65.1113716776086,65.40428310788307],[-65.07226421776372,65.37928721441139],[-64.93821912408089,65.40758021478057],[-64.73954232778993,65.42332319572888],[-64.63897868440384,65.45329855666944],[-64.48963433758472,65.43576491722558],[-64.51743551176048,65.41614843097959],[-64.62732659078397,65.41391952958371],[-64.82720336955032,65.36880117223727],[-64.83868327582633,65.35204942203094],[-64.76552783793008,65.34923497824099],[-64.75223765307715,65.3302043613903],[-64.76375056922208,65.31345849536635],[-64.87772144365061,65.30630970553645],[-64.89610341383073,65.286886196874],[-64.83103836346814,65.24252232560467],[-64.73045290336442,65.2687519903456],[-64.64195356406645,65.24455919027596],[-64.70251240810265,65.22298448574654],[-64.69859832805643,65.20365534785942],[-64.73092386841782,65.1697911633961],[-64.67420152064683,65.15466892592174],[-64.66781216686418,65.13313539823854],[-64.60740969549869,65.08931067116677],[-64.57532816074219,65.08568078991209],[-64.51775573354313,65.1507719115673],[-64.48212800628312,65.24375529711335],[-64.49707516594842,65.30243894929372],[-64.35453100721219,65.39435590506487],[-64.29719565194206,65.40705008238868],[-64.27572223521673,65.39218090988533],[-64.41500121696548,65.28104419280089],[-64.39210505265193,65.1798676842165],[-64.32926185598475,65.16168216858581],[-64.18472825515178,65.20061691496804],[-64.15029995196413,65.19472687967487],[-64.13206956392716,65.17663432333953],[-64.26606223909143,65.13962126836762],[-64.27315174944164,65.11845365848424],[-64.17184592924158,65.0485133086397],[-64.13996677382583,65.04491633050542],[-64.08839094929381,65.06596871404822],[-64.12180617847505,65.10925684277194],[-64.09948516962923,65.12781493761734],[-63.98578646560521,65.11195813776048],[-63.88146884441956,65.11815165010216],[-63.89935466040127,65.08187922203108],[-63.87301735046647,65.06785238923044],[-63.89127511072625,65.04473814635944],[-63.859543513910026,65.0316910643171],[-63.692389730689015,65.05681950924551],[-63.6661851815604,65.04275646852045],[-63.83208668693222,64.97805608327518],[-63.81653478260167,64.96222174127506],[-63.78160170620951,64.96170106716092],[-63.68538887214233,64.97847081656663],[-63.65770339908446,64.96604355287758],[-63.66052691597613,64.9045545725483],[-63.61844055630978,64.89324084218579],[-63.5601851924411,64.9299261021415],[-63.55207597198747,64.96048807405707],[-63.58719104250939,64.99685245799041],[-63.572784961592866,65.0112066535445],[-63.468521739397424,65.02650479561223],[-63.43120639135292,65.05938861995988],[-63.44991897083319,65.08535664322045],[-63.37106153780107,65.13719044721822],[-63.447557108728844,65.14138875550316],[-63.487852270794306,65.16360479092467],[-63.44270111052578,65.18195518229602],[-63.37387133856416,65.17909798324757],[-63.35605980708476,65.19669975244082],[-63.41227628452736,65.22547126453608],[-63.39124977869014,65.2688100241487],[-63.47988286215445,65.2788902533429],[-63.44055711865062,65.30016702403124],[-63.46272570403646,65.33610272811748],[-63.49907595610859,65.35379265647269],[-63.49329687873039,65.39980657237967],[-63.558477103896585,65.41120634536897],[-63.66188734200371,65.46121926803731],[-63.601282895697814,65.46757847162523],[-63.420398022765795,65.42274195128662],[-63.346537263504274,65.42854588466697],[-63.37408707848202,65.45037119320172],[-63.53747500615443,65.49029981599308],[-63.56269010100851,65.51917462433765],[-63.64302774052242,65.52942641367456],[-63.57519066447814,65.57404167915182],[-63.53281021409159,65.56664478144633],[-63.497545202217395,65.53417279108459],[-63.4244780931155,65.53448343403873],[-63.3885665244139,65.55649563932221],[-63.37874594727118,65.61498661073787],[-63.63016021778496,65.64559089954689],[-63.711632064283265,65.63711912265279],[-63.747793058525836,65.65081029880571],[-63.417530382496615,65.67073444814127],[-63.41457774434052,65.73609088111607],[-63.52246106235433,65.83193116810102],[-63.529202148354905,65.91025264987768],[-63.48495438953246,65.93086873792593],[-63.468697778680934,65.92426587842523],[-63.461319987843375,65.87785882962379],[-63.37071570519893,65.78306666698532],[-63.36206348784843,65.75143997439491],[-63.22560216238592,65.63522918386039],[-62.99586569310691,65.59261962866097],[-62.96937201258743,65.6049591708023],[-62.959853333362595,65.64473743790845],[-62.88141275505446,65.66283442142738],[-62.830064100894454,65.60267732874938],[-62.67367783454553,65.59910911605539],[-62.655223421955476,65.61654045234033],[-62.67740619439283,65.67357524483467],[-62.796571022605804,65.69117476782672],[-62.84274478908211,65.72589231956955],[-62.79152185010551,65.75270117726411],[-62.62984031147432,65.71417201277949],[-62.6068050548808,65.72709295675702],[-62.60525062477536,65.75897002974786],[-62.71683085791931,65.77525042024781],[-62.777013668651506,65.80111886712011],[-62.85818434980074,65.86846133132808],[-62.82560470137433,65.88159130610363],[-62.70518868271201,65.8166368772186],[-62.57336094013223,65.80624228837],[-62.47737672171845,65.77947035554679],[-62.352212619777916,65.80985284987459],[-62.4069430475528,65.84060660052653],[-62.41770624088078,65.85206463114145],[-62.40324395442408,65.8740566846634],[-62.45477935410332,65.90804027284398],[-62.4116271416997,65.94381796504503],[-62.42462527357633,65.95746903002069],[-62.58041477479409,65.98540494429572],[-62.82434276812413,66.01366306741488],[-62.86947129152541,66.03671622175644],[-62.89838392610148,66.09280257120798],[-62.94137470393598,66.11352237236586],[-62.92450026157458,66.12947952764308],[-62.853205929285764,66.12638640191794],[-62.8269500898068,66.10293072592508],[-62.82680765295904,66.05945384042506],[-62.809448367039096,66.04502807730842],[-62.691689726466635,66.02041947351628],[-62.5691284688832,66.017517793428],[-62.327905902221914,65.97798508173625],[-62.19348959240275,66.00298912408948],[-62.04436132809712,65.99864238160306],[-62.004072207418545,66.01409925680115],[-62.11459853624422,66.04939574207653],[-62.069007775058424,66.086696582639],[-62.09312649536525,66.09870121956921],[-62.20398426437718,66.09593981205221],[-62.173484030779754,66.13224295332415],[-62.20743137894365,66.14401341967377],[-62.292134139759035,66.14790692402781],[-62.5480829683577,66.20112737288244],[-62.711161653067784,66.18460283429688],[-62.78951988416067,66.19457117560549],[-62.85153943082098,66.24134537636209],[-62.84156652069346,66.29437626255299],[-62.8683961929063,66.30852656980431],[-62.86160369169414,66.3281067224191],[-62.78586442745397,66.31115049423482],[-62.76217097176693,66.2937704911066],[-62.777978346495615,66.25307791942272],[-62.76027677279675,66.23479916408404],[-62.69060815978905,66.2168561655416],[-62.51260539953835,66.22519460424712],[-62.375693250004325,66.2860300603551],[-62.5077957308607,66.38904457990068],[-62.68897130044412,66.39625654171003],[-62.569564560050054,66.43207138307994],[-62.419732375288305,66.41326922170151],[-62.26122233832235,66.41541593178967],[-62.2184333728202,66.39836750458582],[-62.24486185784046,66.34042181876337],[-62.201856625782995,66.31947033815017],[-61.953852464033986,66.29194384203072],[-61.53045443644541,66.34397722473588],[-61.500811420443874,66.35758710854627],[-61.486948761416734,66.3779520783238],[-61.495485218857375,66.38718298125835],[-61.71633779323265,66.38950953993194],[-61.84811479497138,66.4114933581807],[-61.94365359218613,66.39841271454974],[-61.95216147961969,66.40757532632972],[-61.93800541746995,66.42018269647265],[-61.735637763359094,66.43108864672143],[-61.63694405930856,66.47597104077242],[-61.63619497371877,66.48911670286977],[-61.70061915878855,66.51228396728848],[-61.734798153131756,66.56607203474408],[-61.838983392419614,66.6133600073954],[-61.9856104217354,66.63585029017125],[-62.08512108503568,66.61555564096335],[-62.11337310378054,66.62444210649454],[-62.02897512546357,66.65685480294447],[-62.02043492369686,66.68572187616853],[-61.990008816604366,66.69555863187618],[-61.91761998504767,66.65791793693144],[-61.717577807433564,66.63144120894673],[-61.561668501682966,66.52507891850397],[-61.524287384296684,66.52021787199551],[-61.489327125273896,66.52144792119596],[-61.32242698401089,66.59951970103204],[-61.30630255513541,66.64237757971779],[-61.363943132723904,66.70445572511363],[-61.47894834803955,66.78828776857114],[-61.6662781431498,66.81834910722144],[-61.627776742528155,66.8475527157691],[-61.64299046941678,66.8636636113978],[-61.980669203482876,66.86864839305007],[-62.025770680563134,66.88421856279831],[-61.75145564709986,66.90395379564129],[-61.731392729122604,66.92125734692962],[-61.740497122750945,66.93436759890614],[-61.84990611944948,66.94047333349326],[-61.89030231912696,66.96850914406977],[-62.053883103160025,66.9061707918844],[-62.08378406950978,66.90962747137165],[-62.101786567455676,66.92793518468274],[-62.09581117374972,66.94580723932526],[-62.04641789585994,66.9637168767292],[-62.03746519221399,67.00968936412325],[-61.97903592311081,67.03930784579177],[-62.020422221648616,67.05408881198512],[-62.230343032268436,67.03195819728437],[-62.28601711355399,66.94878027310601],[-62.3789877179253,66.94780828890428],[-62.37241655511482,66.97514374626677],[-62.3949837644063,66.98092899047661],[-62.466652555642675,66.95165115102341],[-62.470220669279556,66.94059391271624],[-62.30668024616159,66.77229991218447],[-62.3408720711069,66.74609818098327],[-62.412264099462945,66.76799976962948],[-62.53278215552242,66.92708809941969],[-62.682072058334114,66.94898127296074],[-62.75892067563544,66.9318606172555],[-62.74634144143798,66.88242733129343],[-62.77100498463313,66.80352670802793],[-62.84356663349292,66.689439480361],[-62.877084536457694,66.6631222022079],[-62.92702233798161,66.65659961013498],[-62.93265512983151,66.66888044547026],[-62.851930555446145,66.79093990628031],[-62.8408334363501,66.85323242624253],[-62.85564238316805,66.88793554625052],[-62.83482202020209,66.93717898041157],[-62.84866406538385,66.95090684691927],[-62.94624978718426,66.95418538200556],[-63.274364146019636,66.90006618341411],[-63.332104075117925,66.8776860588719],[-63.3273288243273,66.81108912782337],[-63.37545320905796,66.77956626583263],[-63.38887945141748,66.74046519557058],[-63.42413084674058,66.71629455509812],[-63.458695398547114,66.71074792130675],[-63.465818760913244,66.7307106260476],[-63.423460552083824,66.83274960207308],[-63.424095852260216,66.87230436223217],[-63.44293451501823,66.89054304083335],[-63.49261494501845,66.87995640996778],[-63.53671292216851,66.82524132889907],[-63.69745811847731,66.80859595431176],[-63.69890377897109,66.82720427697699],[-63.576110621748505,66.85992888203931],[-63.54522616991337,66.9112436706247],[-63.37329332169968,66.9372816216319],[-63.27783406872631,66.97217999873297],[-63.271714938814554,66.99565610006972],[-63.304615126421005,67.10271520540633],[-63.28557995270063,67.12032827898419],[-63.048642035850406,67.17694809292809],[-63.01595672677636,67.19789334805917],[-62.97969456846191,67.29183344086982],[-63.071424442925824,67.3277752984559],[-63.178729281893695,67.31908695564874],[-63.19872948264497,67.30542572221404],[-63.18807759763527,67.28859856984275],[-63.206879714305714,67.26723594195556],[-63.24159410531926,67.27114946519362],[-63.25768358585173,67.29634436761187],[-63.325918909138004,67.2963209773152],[-63.36900439520289,67.25255623281902],[-63.3963087341026,67.18748366643581],[-63.488060092957355,67.10289968540027],[-63.708903977306285,67.03199103259327],[-63.767675045316054,66.99463863354308],[-63.807007310581035,67.00290086059178],[-63.76451741314031,67.0429026236899],[-63.52305674216526,67.13303423336913],[-63.47998142522528,67.18617478768168],[-63.47192453976201,67.2205368667039],[-63.541460651363515,67.24125854948007],[-63.71533120108188,67.21505156692805],[-63.81473660677351,67.24416460614142],[-64.0239424080562,67.18404766001402],[-64.26381095277945,67.17161112134016],[-64.58359613177586,67.1136135420293],[-64.64872293548375,67.03604470742826],[-64.71547180191975,67.0035564069273],[-64.7360135024712,67.02539856238151],[-64.69758160576787,67.06791953092294],[-64.68277071334323,67.11973149985819],[-64.21007826724704,67.21362690566458],[-64.01019474467637,67.23808128973104],[-63.99146175435942,67.25564809062254],[-64.04576298776165,67.27743136688461],[-64.39150431787262,67.22917169857794],[-64.82228010114464,67.20838726211866],[-64.8257230937779,67.2238816240807],[-64.773634269757,67.23255125416621],[-64.30196136343021,67.2823218971143],[-64.34334310715053,67.29822367200748],[-64.80431743533859,67.34347306003676],[-64.81848840736768,67.35309617405193],[-64.80680390148278,67.36437096714361],[-64.69410667248134,67.3657137540491],[-64.47799346775012,67.33605033389615],[-64.04884050354669,67.32465529395228],[-63.99021742776166,67.33414433378553],[-63.9756483595824,67.35235952915374],[-64.0169028182988,67.40013750384277],[-64.0173477530072,67.42264555621848],[-64.07271304018286,67.44830163642317],[-64.29788886546656,67.46116297721652],[-64.12479586364753,67.51825528466176],[-64.14342860130833,67.56041451536726],[-64.09860041550081,67.60207365097615],[-64.1448099849547,67.61858940320231],[-64.25870674547649,67.6176235172571],[-64.24040446214076,67.65779098962886],[-64.2522274262,67.70632488167153],[-64.31817124276766,67.71841542166183],[-64.3956773751328,67.68733097250829],[-64.60105707893938,67.69271978570576],[-64.40698305214804,67.7320484559312],[-64.3957628249543,67.74709175627773],[-64.47373834154641,67.76653246582646],[-64.47863042544054,67.78970722661897],[-64.50840774559715,67.80351425553681],[-64.70317157864761,67.8293125925718],[-64.75668774991529,67.82058864680909],[-64.80543592467838,67.73668809138915],[-64.85330335965764,67.69551853854294],[-64.93968761446489,67.68798269471534],[-64.94657688315836,67.70017273318821],[-64.88410637582842,67.73179543342599],[-64.86590087194274,67.75881804819521],[-64.95867927851107,67.7783168479376],[-65.05380896381521,67.73855307937963],[-65.13063372099138,67.72586602446366],[-65.19489452612841,67.6777268529788],[-65.22833521411884,67.6307419729134],[-65.28013427316418,67.64207273394895],[-65.28165166087022,67.66464942114035],[-65.2420823228272,67.70334356973407],[-65.05797544724916,67.78192968637899],[-65.04063678836226,67.80352303946292],[-65.07478472698884,67.81789599680927],[-65.16908744577464,67.80765261293321],[-65.17698851116813,67.82371048792723],[-65.15216490011073,67.84790875751281],[-64.98530000761122,67.91804157237408],[-64.80682552473341,67.94176522294195],[-64.77878490838859,67.95430125458925],[-64.77287571941153,67.97387879437495],[-64.78933656054323,67.99121825506357],[-64.94910599546506,68.02799024091429],[-65.08386008477436,68.02736908443644],[-65.15976556814917,68.00700009248253],[-65.26450273164077,67.94428251629219],[-65.41900147562538,67.90927998534397],[-65.56915709592836,67.79570647306923],[-65.56747404134076,67.77326064599336],[-65.39632945769385,67.68147817439721],[-65.37416805557896,67.65036841396203],[-65.39455020862698,67.60145379083302],[-65.43451429875148,67.60543600516083],[-65.52158034508612,67.70729474651587],[-65.65681466361508,67.77690348460713],[-65.65004789826939,67.79816890701836],[-65.58674071838384,67.8316198564365],[-65.47288731878241,67.95788419250296],[-65.52951713687321,67.98459806923765],[-65.72420923152163,67.99217279658751],[-65.79581830263463,67.95060990492823],[-65.79854276677915,67.91392484503243],[-65.82610188972195,67.8864493797051],[-65.91016538817351,67.84661071206844],[-65.95048423957843,67.80610945928652],[-65.98179754123254,67.66637805198211],[-66.0290928296324,67.62321925750523],[-66.0604874649059,67.62585027043049],[-66.08171723613385,67.65848499574459],[-66.0585298405509,67.70691710822678],[-66.04970298270182,67.78507733096212],[-65.98636881004472,67.8685278975133],[-65.9953297810509,67.89386676699866],[-66.06388690119361,67.95336660555633],[-66.05792041100361,67.96919279048859],[-65.99163425987186,67.99124981710219],[-65.99495059374507,68.00282907185064],[-66.07919268455035,68.00730198206517],[-66.26236146088623,67.96645292741114],[-66.31173420069624,67.93638362190063],[-66.3635600936651,67.87351802020946],[-66.37254310055717,67.78440694359594],[-66.44518620195777,67.77977048642524],[-66.45821421069347,67.81657887914696],[-66.62028659625594,67.8003860553021],[-66.62404104068587,67.82668934594608],[-66.6841828944072,67.8404110871633],[-66.69310338056039,67.85639208289273],[-66.5586763626963,67.84896968277702],[-66.45271393140735,67.86741559146026],[-66.36126240904777,67.9709932026529],[-66.27056880082257,68.00816065444133],[-66.28694765478953,68.03628703854712],[-66.28265919725192,68.07071729084208],[-66.50182887391793,68.05853367001755],[-66.52854509618474,68.07146505541148],[-66.51585949768196,68.08442650281908],[-66.37252428496886,68.09972328507689],[-66.44223503852618,68.12403341051976],[-66.57274664932747,68.1272128417906],[-66.60280458995692,68.11651169032747],[-66.64252133014567,68.03546835070003],[-66.68901228245387,67.9975956354446],[-66.77329979938484,67.98142367035854],[-66.78121009196997,67.99352907287286],[-66.71632208112244,68.04548387237884],[-66.71722018077946,68.0750184080591],[-66.69482610303855,68.1032968249335],[-66.77176643774213,68.11553331182427],[-66.80412417543695,68.09227488250279],[-66.8826714427157,68.07713323746789],[-66.91544349229503,68.0429549391288],[-66.99987978761605,68.0010414308263],[-67.04499228571316,68.0051713686507],[-66.99673638528634,68.08141356764345],[-66.90874699568504,68.10635080837784],[-66.91035232477785,68.15073010088327],[-66.82158731381534,68.22710653358892],[-67.04815334111156,68.29028069868642],[-67.1057130429565,68.29237449479466],[-67.2086719235703,68.27287594019639],[-67.33591781291737,68.1648163503225],[-67.50442077967811,68.13732875148528],[-67.52452916392832,68.14734525132455],[-67.51407930822364,68.15874729513699],[-67.406925128866,68.18884768745471],[-67.38379268226254,68.21330673560615],[-67.38419180787015,68.23904997911163],[-67.13421353084611,68.34017470045897],[-67.18791134033577,68.36187641136982],[-67.25007043316168,68.3645754179765],[-67.41541219138963,68.34206346903221],[-67.69669381114906,68.24276634791582],[-67.74228690098111,68.24679373136095],[-67.74328028202224,68.26700124828096],[-67.64994510616336,68.28248629216836],[-67.58655976421788,68.32376842623015],[-67.79691516697204,68.31039128367541],[-67.86858307374074,68.28120129252775],[-67.92436139798714,68.2955526484192],[-67.89419624021666,68.32823661215191],[-67.84808929080165,68.340680252485],[-67.51827354437346,68.36991100560171],[-67.32683914533055,68.40383785605576],[-67.1088550170788,68.3717044272224],[-67.04025156167306,68.37557746373737],[-66.96387015912251,68.41319027293022],[-66.76165309152547,68.43606435256775],[-66.74618222775102,68.44682982963353],[-66.75751070345949,68.45572771535095],[-66.97069145582213,68.44723167103176],[-67.10889031570589,68.47996896232485],[-67.14048377584764,68.47316514173961],[-67.19832875704226,68.4183141993227],[-67.25775336121946,68.41869032732549],[-67.32738054754277,68.42412470661736],[-67.26335714483264,68.45974968730519],[-67.2806599244452,68.47304130091409],[-67.51356780798598,68.49570344476037],[-67.55568732244812,68.48827907874364],[-67.584889764764,68.45720960953923],[-67.60007612509985,68.40424684623645],[-67.65970776008906,68.39359086364193],[-67.68625288780805,68.40238896787173],[-67.6628719581084,68.49090780714444],[-67.52730520439754,68.52860878544865],[-67.54300661509548,68.54886738210882],[-67.5948870344459,68.56279703942198],[-67.7052583971779,68.57315884461293],[-67.87368430203871,68.53215891956782],[-67.92012273651139,68.44483148448394],[-68.01568008424552,68.42211817800845],[-68.02721782144144,68.43633957570312],[-67.96998410530364,68.48215754356697],[-67.9588157780513,68.53183729979978],[-67.97195052198771,68.54995460186443],[-68.15721981326821,68.54917883833843],[-68.30043614507747,68.59964017620901],[-68.73119513642624,68.56986527253291],[-68.73440770110955,68.588458468464],[-68.53709316949836,68.60839283639561],[-68.52838026133128,68.62369934952832],[-68.64370514436368,68.62851486001347],[-68.82928710355273,68.60519106019463],[-68.87117438968336,68.60838831439311],[-68.88649656389518,68.62475227013427],[-68.79866048003964,68.65607696563443],[-68.71322002709427,68.66225632851238],[-68.39634624545639,68.6422910687007],[-68.14570737323038,68.65906704293202],[-68.17551868922533,68.67005150650917],[-68.1604451165766,68.68646675694573],[-68.19779222033287,68.70561712136247],[-68.73127994949533,68.76445596932994],[-68.99658257118799,68.75934595935082],[-69.04909240892742,68.79637665488072],[-69.42005528877934,68.81920214666583],[-69.40849986982636,68.83243324457588],[-69.25697645869982,68.83888223325022],[-69.4389194749147,68.86665326283466],[-69.41698608843056,68.88590574594284],[-69.11918122790313,68.86442335206586],[-69.06448484650929,68.85808099748715],[-69.03648051303307,68.83300419974974],[-68.79261694631116,68.8135560746868],[-68.70152200356604,68.79181022635794],[-68.57334700481097,68.80021186394004],[-68.55994401506815,68.81498101608355],[-68.63863636843392,68.83897054171042],[-68.60699211154571,68.84604159367912],[-68.33016306617579,68.8346931112483],[-67.9016702675428,68.77501831906798],[-67.83932628209905,68.79283032098722],[-68.4892328993878,68.8920870647183],[-68.35879752881159,68.90188500820503],[-68.08625639112695,68.86883612228702],[-68.04343892045668,68.88735584288578],[-68.1249642736975,68.9192348145837],[-68.10956066295336,68.93551948283698],[-68.1277131513,68.94871523490181],[-68.36334619179135,68.96804038609726],[-68.39833599022886,68.99048821693982],[-68.51413683695073,68.96963524559973],[-68.56288579303002,68.98273012007559],[-68.44861996735264,69.0073821574496],[-68.34046934199922,69.00900732686321],[-68.09372493272211,68.97926629504111],[-67.79751769633488,69.0233020483847],[-67.97642708388064,69.08716765326743],[-68.14133722151384,69.10714153761307],[-68.2499226290049,69.15477726513194],[-68.48451969017017,69.16627940161446],[-68.80584742740066,69.11126758835645],[-68.86522966689735,69.09636192562914],[-68.91639623838627,69.06233679028685],[-68.96202811351219,68.99498910444012],[-69.02413988009663,68.98231496404424],[-69.04875460159413,68.99421876758191],[-69.04324111211236,69.0117050813686],[-69.00523640524818,69.07079104131235],[-68.97506867932096,69.08189128754336],[-68.99078640666312,69.09823345520138],[-69.10120579480107,69.10541279246432],[-68.76362947809835,69.15180157652382],[-68.61063997450987,69.17930120005398],[-68.60463969158127,69.19132684144266],[-68.63871326013522,69.20987124114062],[-68.85533926532547,69.20234461891123],[-69.00765730386948,69.22985250990843],[-68.50505939646821,69.23241415839404],[-68.1756701524698,69.21153994158306],[-68.13853344759343,69.22350319243107],[-68.20288030691135,69.26398238776652],[-68.52202003227188,69.27444700534451],[-68.92608251757382,69.33214547928561],[-69.03902955931005,69.33236455396455],[-69.27914298358371,69.27073715919583],[-69.3134414059929,69.27818579311986],[-69.24275480311717,69.32276223426166],[-69.11539448847186,69.35011104795218],[-69.01386028547337,69.3657044193189],[-68.41424437662462,69.3072464513299],[-68.25200306290003,69.31540254002924],[-67.7763832918701,69.18873392368495],[-67.57541566165537,69.1786031565186],[-67.33686852551918,69.19104527347496],[-67.2336966794246,69.16527748553834],[-67.16791935896576,69.18994157745854],[-67.03214743377762,69.19652095992751],[-66.81184577753847,69.15927630013965],[-66.76823543313229,69.16651329338772],[-66.68472199362631,69.23841550251211],[-66.79531574457206,69.35358387180773],[-67.30353436571382,69.4742328554846],[-67.59341454806605,69.46593462278416],[-67.704840819407,69.48493254002467],[-68.03495827087148,69.4662910223934],[-68.15617814072716,69.50249930983315],[-68.34610780959783,69.52666653747016],[-68.44450424560121,69.56546049254719],[-68.67770513781964,69.58875133724379],[-69.40581988272753,69.5075341449782],[-69.62589796085673,69.53898902016637],[-69.74785644019862,69.54142174279274],[-69.97527794465084,69.51172248773665],[-70.05088686861681,69.52528235776754],[-69.97036443699797,69.55269477078569],[-69.70589518335595,69.57118558176164],[-69.33572820007542,69.53960987102401],[-69.09743874128652,69.5619472406422],[-68.80832621480631,69.63269656004296],[-68.3899424918825,69.63908976461397],[-68.30210223393891,69.65434032728155],[-68.19955209599767,69.71701046805111],[-68.02399921269654,69.77838805765877],[-67.92310032431122,69.78469963635534],[-67.30555393510724,69.72699880521202],[-67.19857891965583,69.75412896760997],[-67.177095055148,69.77520981121596],[-67.22768774329818,69.89668269183396],[-67.3658398832442,69.9957054150439],[-67.81853208141291,70.23541191740263],[-67.83107219782131,70.2550642142232],[-67.98055800242828,70.28866600453881],[-68.02200045662596,70.31163981007008],[-68.16114522811779,70.30754073501188],[-68.35188403572748,70.20741520575228],[-68.34545695673295,70.19209060518172],[-68.36951807964715,70.1567295170663],[-68.23666138300797,70.1233802428354],[-68.28164085761014,70.10494050443315],[-68.57903790656167,70.05689947894757],[-68.6988274644349,69.95966865306086],[-68.99736227611587,69.94036015554231],[-69.253485054329,69.86901767576485],[-69.40709998813115,69.79900393153959],[-69.69549481206283,69.81574645056604],[-69.75168527155662,69.80549729970144],[-69.85898210629998,69.75558536011404],[-69.94508610214652,69.65828725372981],[-70.02708611055728,69.62368378117559],[-70.06870049751667,69.63539607269861],[-70.00734652046619,69.69374225492759],[-69.78702348197696,69.83634745374172],[-69.74483432173146,69.8481245283361],[-69.54438905271645,69.8265277121494],[-69.45798171814533,69.8407286546513],[-69.3222448923263,69.91998998702088],[-69.17001438752462,69.97029870987961],[-68.88179354008037,70.02908604456681],[-68.81319202012898,70.10666944567762],[-68.69255606540452,70.17670989775425],[-69.12470357795603,70.2223641825526],[-69.16123767529851,70.20647163029327],[-69.07543832900674,70.18984940017499],[-69.13265348192957,70.17436769307847],[-69.25222241226386,70.18914923976784],[-69.47209574204946,70.18197951035324],[-69.67043892344876,70.13986953473393],[-69.80004772034265,70.08497557001654],[-69.80829080640028,70.06425794359056],[-69.74997447221917,70.0292259436355],[-69.75795167039244,70.00299220663078],[-69.80745083271205,69.97748568706915],[-70.11671819207689,69.94331608267015],[-70.27518854472711,69.8822269175358],[-70.40897376509591,69.8546584979267],[-70.4621911891479,69.86551856254958],[-70.08842305605235,69.98721484840094],[-69.92917957692735,69.98855702097225],[-69.88397398915757,70.00364734184916],[-69.9230568536116,70.03660495870419],[-70.00035359824645,70.04469209546498],[-70.17893881813353,70.02180903868711],[-70.2261898929554,70.03384391023378],[-70.1408842176164,70.06464322545456],[-69.99780188214065,70.07682292375019],[-69.91957095594398,70.09933341029904],[-69.88247144117543,70.14054423483954],[-69.78821033685955,70.17392452858905],[-69.30551254504277,70.26904909957672],[-68.78530017783153,70.31381865626878],[-68.70826534267921,70.34890841905859],[-68.68901670153836,70.37393587990918],[-68.7113543584771,70.43988346090909],[-68.68740929587761,70.46983863382347],[-68.61578232465759,70.47101136988283],[-68.58608066641557,70.44602519133068],[-68.58083421976944,70.40186443817801],[-68.52708013256853,70.379626021404],[-68.48193862697576,70.41990642651389],[-68.31103219379027,70.498943530845],[-68.31084365767423,70.52612022572424],[-68.3844287702624,70.57247503854025],[-69.03783706340994,70.68519927315913],[-69.13940821647789,70.71594054023161],[-69.25730770306673,70.77528586115017],[-69.34334296771797,70.7825181132332],[-69.58539091006972,70.76432407698672],[-69.67664114454101,70.74299056979406],[-69.68928481413091,70.70645950080268],[-69.71686480776783,70.70031736694287],[-69.83624443687464,70.71252633932605],[-69.9418374207808,70.66927360944216],[-70.09513591935352,70.6325030037821],[-70.40201040927487,70.5985321444692],[-70.41525389338388,70.5836813667095],[-70.33647764498069,70.52723871631527],[-70.3497224941742,70.51239002803284],[-70.4641787195901,70.48069477556739],[-70.53235713932285,70.49470055438998],[-70.45997889322834,70.52159749784623],[-70.44088335431148,70.5430796361444],[-70.53036705566684,70.56990460796688],[-70.54643718350593,70.58223726681256],[-70.5277203521977,70.6091119206906],[-70.2371614589706,70.66123188700976],[-69.81082968812102,70.8215729669023],[-69.81760259073066,70.84930649756103],[-69.91518493569399,70.86820056827999],[-70.48045726061359,70.75898376934732],[-71.03056003637559,70.60233044467847],[-71.14854878917262,70.45242013138777],[-71.16618410650764,70.35015888934714],[-71.31443982597754,70.1799271025737],[-71.48578661037148,70.06207941384504],[-71.55011491825405,70.0538615292187],[-71.56713201526951,70.07163078822683],[-71.3943708506733,70.19827903523033],[-71.32662228522999,70.27962660818282],[-71.36364521526713,70.3243323433919],[-71.26108843306383,70.47751336001987],[-71.2147694136194,70.51966247084265],[-71.23250576667246,70.54274222258273],[-71.27944682626456,70.56338529269715],[-71.48813679958185,70.59007564023037],[-71.59878226932223,70.50914266656083],[-71.63691806167888,70.46978637096483],[-71.65574465837845,70.40183824122839],[-71.70701808087948,70.34590379026172],[-71.76255496182272,70.31705042682084],[-71.8604017013173,70.32077835193844],[-71.83426702053451,70.35947163328794],[-71.76705791954525,70.39609047832553],[-71.75884209164853,70.42568302318304],[-71.92537602631265,70.41065103621588],[-71.98099329792998,70.42108847925783],[-71.8081512211644,70.4695359700959],[-71.66134630241167,70.543627428018],[-71.62852537585677,70.56382405349157],[-71.60827101061611,70.61371446577962],[-71.24695704361339,70.60142839948723],[-71.19932707169917,70.61300158966377],[-71.13752620579473,70.65376863210822],[-70.8049190677084,70.7491496101743],[-70.55652340198148,70.91708945735996],[-70.64253886143437,71.03478104940565],[-70.7769934964893,71.12466611975428],[-70.9114948981762,71.11054627013458],[-71.17898735832605,71.03881401601578],[-71.20640523688179,70.99486377883308],[-71.30588782136232,70.9057565186509],[-71.23713144401695,70.86534211845559],[-71.31635247003211,70.86203860474164],[-71.44361803813935,70.89160422317411],[-71.50120759035376,70.88804334827135],[-71.69471216979674,70.83962397082644],[-72.05860891738068,70.7938412041157],[-72.20612766296969,70.75877544635793],[-72.3419075935851,70.67098273765907],[-72.52858161320484,70.6321024425756],[-72.61490358746374,70.6449824670945],[-72.36176680376195,70.70655581570998],[-72.32505565586062,70.73895443701457],[-72.31592510623175,70.77021274775045],[-72.21425640553312,70.82894775391647],[-72.23965621068011,70.85082379231132],[-72.29922981572663,70.85776217720355],[-72.62764717171329,70.81327018137111],[-72.77359163315532,70.8204038443181],[-72.37520333959867,70.89822372381671],[-72.30770246345325,70.95469836673763],[-72.23913520264458,70.97184242585881],[-72.08501338039505,71.09201386489785],[-72.03114930963524,71.11044673444226],[-71.84216432170533,71.1062389358776],[-71.6791297118584,71.06482371411049],[-71.57884770029283,71.06653757130319],[-71.49539656962591,71.0928830882485],[-71.19650180145007,71.25141739579216],[-71.17446413427842,71.27619488707369],[-71.19964967663553,71.32319287416726],[-71.4460632412245,71.43654857571663],[-71.5024769931376,71.4808250404786],[-71.89726697185921,71.56357707080664],[-71.94570495437209,71.58557628842314],[-72.19820084923602,71.60002053904056],[-72.58811092119923,71.65927088399769],[-72.61742570123224,71.65103697010763],[-72.6229915708667,71.6035576154777],[-72.673521398353,71.5420526328051],[-72.82206152328955,71.49033660936814],[-72.77954592271065,71.46025172367787],[-72.79570820245188,71.44029851102754],[-72.99382657060886,71.38735250311959],[-72.96323799965178,71.34222259237247],[-72.95100668935072,71.28808312956173],[-72.9656942500333,71.26261965403079],[-73.0451988176656,71.23895250903439],[-73.15666210104348,71.23739502004324],[-73.19432089513556,71.19619301902785],[-73.19696798922823,71.15741738480506],[-73.22807308097555,71.1173216543892],[-73.43466728546588,71.02591528916777],[-73.46432311946064,71.04423536806928],[-73.30547066582172,71.15199035151822],[-73.2681064069072,71.2357744714938],[-73.10169828783965,71.28616054975129],[-73.33707621434354,71.3387377325465],[-73.42548298553712,71.33166312210233],[-73.53279116083806,71.26399917180127],[-73.716869951606,71.08554837909216],[-73.84340807172785,71.06193416863354],[-73.89765134699769,71.06969158407647],[-73.7373060263469,71.13852456629351],[-73.68712957397742,71.20535675121303],[-73.62976424060855,71.24512923949248],[-73.63302495278765,71.27719653758425],[-73.51427006310405,71.33866285735533],[-73.49754703978535,71.36745122147147],[-73.443386005662,71.40207064534833],[-73.44613419839311,71.42711358615166],[-73.50912901413433,71.43915128580491],[-73.54434560257239,71.42947512412641],[-73.5956793071729,71.37688728167733],[-73.680614125017,71.38171023835211],[-73.6514609024629,71.42724073264075],[-73.70317909955442,71.46130813450935],[-73.65027012819681,71.49435285735211],[-73.61742249250149,71.56603401282621],[-73.64674473565168,71.59306886401114],[-73.69721680842066,71.6005071559952],[-73.78495887863991,71.58070472107555],[-73.91290775091744,71.50030904334305],[-73.90615429694475,71.450330167665],[-73.94199701075028,71.43186527375885],[-74.02353392645098,71.30740160188775],[-74.1983029781063,71.20411608576627],[-74.24783695187271,71.21130728354332],[-74.24498548223379,71.23052190287575],[-74.12834736560652,71.29235977950438],[-74.14416795057825,71.32355700755409],[-74.10298249405362,71.33458033783234],[-74.08055482175047,71.36474224827909],[-74.0857474102619,71.39508199131492],[-74.03908073915845,71.43568924700229],[-74.12963765081086,71.44079221210231],[-74.25145209803608,71.41817471312],[-74.30034299866732,71.42705878371969],[-74.29169492709885,71.43878760221887],[-74.0302216466566,71.47747355306018],[-73.97904762567288,71.54594079147067],[-73.92577153896053,71.57192783574679],[-73.90466889736706,71.6145342350645],[-73.65116753451234,71.74006933749033],[-73.64766422909234,71.75924677214202],[-73.67585689095242,71.77381489461021],[-73.79445826429563,71.78106028762468],[-73.95233177578798,71.76640818539036],[-74.11213513630567,71.67420432002336],[-74.17454817895828,71.62064985398746],[-74.11002168422951,71.56461401469407],[-74.1064520695973,71.5467414661595],[-74.13386029132673,71.53990885838593],[-74.24116117533401,71.55325852320863],[-74.3063872714123,71.59327189548861],[-74.27982239107486,71.6371855990714],[-74.12835403128187,71.7124332031942],[-74.1534131114337,71.73902885775573],[-74.28807640608652,71.7242368560653],[-74.54612423172053,71.64778333913682],[-74.61923452048863,71.57730947954244],[-74.72911152720266,71.54823114366975],[-74.73050412456729,71.49192768040454],[-74.64872336753146,71.45084971416168],[-74.62865312601372,71.42474977236346],[-74.66680994978657,71.37109656920666],[-74.80027008281535,71.29089167477427],[-75.0558608009586,71.19823313809349],[-75.09659444710022,71.20292401488587],[-75.09076851762642,71.2271488195371],[-74.97633519253559,71.2665310073185],[-74.77523020559107,71.37364561104182],[-74.74058396834396,71.39932719750264],[-74.74749384598248,71.4209541746481],[-74.88760965671516,71.45741557228398],[-74.89942669852721,71.47229982574127],[-74.80240304071205,71.50764991769402],[-74.7928663086826,71.52110816214393],[-74.81765407523751,71.53339056611783],[-74.97568786664094,71.5216912933996],[-75.11985626382578,71.47377144530309],[-75.18798160050618,71.48731494278269],[-75.1696007321712,71.51409561339995],[-74.72691856863264,71.60617962314389],[-74.65117578046383,71.65711885361692],[-74.66576041705491,71.67576895381079],[-74.69718074313914,71.68680535781692],[-74.8197842800083,71.67963629140255],[-74.97493551963315,71.6183869184898],[-75.14887535640432,71.58475798028013],[-75.18331929804056,71.55901884208072],[-75.41107974649375,71.53422045432605],[-75.3984544738893,71.55273671906629],[-74.98398839447276,71.66123710992686],[-74.97317030507263,71.67629567993941],[-75.08879200438399,71.69489557189549],[-75.34729600997404,71.69326185425176],[-75.3380356989182,71.70674079230065],[-75.11990332504048,71.73050153424587],[-74.90869279991297,71.71226469649349],[-74.83384557927847,71.73871321830886],[-74.71354530779682,71.74953036871295],[-74.68471000548294,71.77392089907941],[-74.58207294239104,71.79131207788198],[-74.56176603954927,71.80386633372235],[-74.57034182767252,71.81505535026815],[-74.536133311267,71.82319319708266],[-74.37537517844149,71.81167482807385],[-74.20484585343098,71.84328161333599],[-74.15899939537239,71.8892492614286],[-74.18939753962003,71.90912109051786],[-74.16063916753377,71.95465744003467],[-74.16196927554914,72.01288057388297],[-74.17814268325212,72.0439829547417],[-74.22116125606557,72.0700406358233],[-74.413435931597,72.09614937025911],[-74.62397524071662,72.08990318363992],[-75.07224409321596,72.1102135404325],[-75.21936499799423,72.02352572211753],[-75.49253968359105,71.98209619808834],[-75.60970010336887,71.8599730042419],[-75.75978430053975,71.74537897614158],[-75.97134869075701,71.69596383062695],[-76.03868000950028,71.70383704741438],[-76.02996600909802,71.71725872383391],[-75.87821462871568,71.73554385202836],[-75.8347509719957,71.75902846055781],[-75.7236945519762,71.84120530859857],[-75.61464099413348,71.96908484619459],[-75.57237551805122,71.99786359825966],[-75.47336856782076,72.0264286051935],[-75.30356639946075,72.0414590172181],[-75.23987796701954,72.06707962549137],[-75.34653492305793,72.10221678239475],[-75.60976896797526,72.11781002376517],[-75.90093764952115,72.07513650113611],[-75.96340210112166,72.05816944643342],[-76.06113567510505,71.99604855383004],[-76.31131211216119,71.88913402779686],[-76.34267218858372,71.84908570278317],[-76.43666935780405,71.85141545375993],[-76.31150132754061,71.94166385654214],[-76.18322461182191,71.98272707709208],[-76.1226845332478,72.05770030258383],[-76.06801865564633,72.08049384689666],[-75.71948230600852,72.14941221467552],[-75.50267477399514,72.16510330263523],[-75.19724790240346,72.12737444632901],[-74.98684941184662,72.22910699097451],[-74.96485306260838,72.25920156327136],[-75.05536846732296,72.34953586437967],[-75.19375401155521,72.44643837311999],[-75.17225696553058,72.49238991612913],[-75.21375963612917,72.50738421890287],[-75.90521356951102,72.59517840094567],[-76.03095580155637,72.5819458928761],[-76.05247679826766,72.55881150707793],[-76.04939160433048,72.53763654981995],[-76.00634692260591,72.50698497588972],[-76.01083714837381,72.49155211131429],[-76.07469231752088,72.48326757442268],[-76.16028785993538,72.51996217818096],[-76.16270667301409,72.53400907857988],[-76.11731276846375,72.57500442801765],[-76.13193149618766,72.59683220410024],[-76.6449279961149,72.6604738294849],[-76.67680800684263,72.67448333105689],[-76.71061975134191,72.72173352033309],[-76.75508576281008,72.73480923835898],[-77.00822421686256,72.76129721140424],[-77.58995100640341,72.77035878598615],[-77.90586087856421,72.70179551348573],[-78.20621271117624,72.66673892693322],[-78.39214896963959,72.6256613170236],[-78.48969082235593,72.56453533587903],[-78.53397921331059,72.4938385457463],[-78.53099040044535,72.46764620586798],[-78.4203830127356,72.40657508902771],[-78.16388049244367,72.3310217404175],[-77.91303280667748,72.29880877624106],[-77.55281685917592,72.22018421090465],[-77.29074609863424,72.21957097846833],[-77.03046037658824,72.15070632807779],[-77.12884160398626,72.14764379612106],[-77.3406190848801,72.18399152550974],[-77.55257854477776,72.18183991291762],[-77.61098929496202,72.16935149557573],[-77.62744957955998,72.15111673235832],[-77.60938363811512,72.1135378873872],[-77.66569547495878,72.10447797131258],[-77.7099579822525,72.12605393137501],[-77.6831154655952,72.16284833569993],[-77.70622194538744,72.18158098572455],[-77.69921942506829,72.20383685095162],[-77.80236179044014,72.24243901112162],[-78.41157516781672,72.32803240848025],[-78.4718616336049,72.32236580177535],[-78.46901279087855,72.28567494000016],[-78.43900142109734,72.2355603480902],[-78.39172406551084,72.19669104069493],[-78.46817657961992,72.1918848169286],[-78.51438106820119,72.21155843745373],[-78.51730994441724,72.23776962036418],[-78.55389257350826,72.27610346626379],[-78.53710477401448,72.34993501935244],[-78.58859757064977,72.37157067619216],[-78.76728928512175,72.3369194197058],[-78.79191028223141,72.3225219586917],[-78.73566098617219,72.28849129543374],[-78.87895516359394,72.24338855331041],[-78.83967528247574,72.19805509063245],[-78.71283330088178,72.18778086752785],[-78.50007973765044,72.14304559083384],[-78.39327845556507,72.09944553324357],[-78.35007915232495,72.06415984593137],[-78.33990538432377,72.02019891268772],[-78.29237559582869,72.0038166252506],[-78.05909191006046,71.98811366776316],[-78.02249392974255,71.94261896744182],[-77.72039780594737,71.82169944222011],[-77.69944271689671,71.79958643636478],[-77.73650695185422,71.76329755308969],[-77.78079379347882,71.76397275837054],[-77.8399756082046,71.81779795180687],[-78.14396923295993,71.96648218101615],[-78.204215767197,71.96967656840752],[-78.28162436604316,71.9510769298055],[-78.28898063364197,71.9374897128381],[-77.95132341119985,71.80820430781934],[-77.92517775509793,71.79460978744167],[-77.92837387511251,71.77904603918564],[-78.07553659154259,71.78523837040298],[-78.31103037278656,71.86558372842724],[-78.39829728040135,71.94315116181406],[-78.49118343373415,72.08524688319326],[-78.60367742686829,72.12914844494468],[-78.85288794450834,72.17267201217255],[-78.9096027638161,72.16154980927092],[-78.89395244676057,72.09305499841129],[-78.93733317448797,72.04135946888633],[-78.92193392296463,72.01627527182768],[-78.64379701521405,71.9348132029598],[-78.54665624386857,71.88470168193889],[-78.54853799637914,71.87086030849726],[-78.63368240946504,71.86821873834486],[-78.68199609260205,71.88280043687996],[-78.74275595266622,71.92755159809234],[-78.85412738789978,71.9505010333778],[-79.10013921160503,71.9745839394381],[-79.19353901291043,71.96685744646356],[-79.23541752511527,71.98442795676253],[-79.06270303335492,72.07172518582834],[-79.0490247630094,72.09885740176537],[-79.05819734065537,72.14784527074751],[-79.00106716658523,72.22666836671601],[-79.03384409892337,72.24042139140235],[-79.02903585322065,72.28350336821701],[-79.23305637939545,72.38847331430873],[-79.34462502608464,72.4057233864767],[-79.38345557803007,72.39705812078033],[-79.43318429354001,72.35429809857503],[-79.49983042451183,72.33481091823644],[-79.51442254036763,72.31633281518644],[-79.45009827724053,72.2614709422642],[-79.44661205468623,72.23363733652641],[-79.47320813824825,72.21399073075062],[-79.54041974610759,72.22739976901146],[-79.58589867482722,72.28665918572358],[-79.70556311717024,72.2503813294353],[-79.78823667326455,72.24368196016538],[-79.79998619360363,72.25459920214976],[-79.78900175104302,72.27832284256517],[-79.69330873378428,72.30005573219093],[-79.6436187336791,72.33249275887911],[-79.64741825347558,72.34828310629071],[-79.7808573795223,72.44074040787989],[-79.72451848730273,72.47459306155397],[-79.747550194833,72.49806005314117],[-79.83962169798494,72.5228411852584],[-79.87488630488068,72.50876057345909],[-79.89336343073617,72.48192543048447],[-79.89247232665332,72.44721800889813],[-79.92457061627724,72.42784020500605],[-80.09873533552884,72.38503020779832],[-80.14658771319048,72.36807510906486],[-80.15487421772411,72.34933560226806],[-79.99647659866727,72.2353718107971],[-79.76944081704961,72.16314995176057],[-79.78745089849609,72.14840174654601],[-79.96100537089038,72.16460101028582],[-80.08189996614236,72.20961201920478],[-80.18416830322235,72.2848010933648],[-80.26244061549902,72.3002094592736],[-80.29229280994737,72.28412254763853],[-80.25665701987234,72.22380623676437],[-80.39730155028977,72.20027235940618],[-80.45700566634224,72.20615971381464],[-80.49918443345722,72.18708182670846],[-80.50666662427791,72.17007209018145],[-80.35213753452533,72.11011787981766],[-80.36034028471715,72.09146561693133],[-80.68727416941567,71.99575385587279],[-80.84585433498559,71.90864366884476],[-80.98213090917736,71.88796670321967],[-81.00014071644387,71.89912987459758],[-80.88350859924954,71.9395461317151],[-80.83310073691614,72.00840330900833],[-80.8646530619175,72.04083616393672],[-81.05255842771629,72.06188865358442],[-81.03191759490252,72.08529679129579],[-80.9926735448492,72.09930081259799],[-80.82297791320246,72.10138938488109],[-80.65257804887214,72.06523592198427],[-80.57156492488672,72.07063682368113],[-80.56574569568296,72.0842941052169],[-80.6075350372479,72.10493468403767],[-80.71617667528626,72.11445098304448],[-80.83094338492458,72.16394043467325],[-80.99489368822107,72.1909973128742],[-80.8899299196277,72.2129066488258],[-80.77115029028018,72.33440178268238],[-80.54941531879915,72.40002946355037],[-80.51488355992473,72.50574543287503],[-80.57031451242905,72.52349859994385],[-80.70172508438954,72.47169468139819],[-80.86126675954793,72.46057120221674],[-80.89661237489203,72.44460663960822],[-80.92747694134249,72.39746896257917],[-81.08721085583632,72.34125596500118],[-81.24981577940329,72.26094872200349],[-81.34876833573901,72.25417858397894],[-81.33658625776009,72.27104526846199],[-81.21960174401137,72.33757791013677],[-81.1092709804299,72.3714273641987],[-80.94575604746578,72.49138607661382],[-80.5925018082908,72.57791000390063],[-80.52866522880458,72.64452138950799],[-80.31895442880607,72.72426325191306],[-80.29908894156074,72.76831899433766],[-80.37192288318143,72.80065088169698],[-80.50563405971761,72.82835594680076],[-80.56961160335855,72.89467638669215],[-80.66135130874967,72.93959441386234],[-80.6674033203855,72.96569928236913],[-80.60885461336764,73.09790015483338],[-80.66122582782387,73.1533830262857],[-80.73263510184313,73.18018218424427],[-81.16641294049262,73.25260085907124],[-81.22282522275734,73.33207427109711],[-81.25321164753545,73.44656523874393],[-81.24400103608318,73.48240512394787],[-81.32766426199693,73.58665371657332],[-81.54442509849332,73.71061267059794],[-81.60950860467447,73.73165356764852],[-82.55276871083761,73.71355446224361],[-82.8599608437496,73.7270828188164],[-83.03767095290362,73.6700527010375],[-83.34966470344197,73.64538684201699],[-83.94806385596654,73.52569238922817],[-83.94709063222363,73.50690035434005],[-83.91339301526675,73.49758341320681],[-83.72700568702557,73.47448457258518],[-83.62820428608308,73.37799571885921],[-83.61425782463101,73.32281992762282],[-83.6400391529578,73.31655231673523],[-83.71497684849398,73.32516134013274],[-83.77472036068656,73.43279563690834],[-83.97466716676519,73.47149978519553],[-84.17673776922614,73.48101202452872],[-84.30554429813145,73.4716512088323],[-84.59022326151593,73.41229974218174],[-84.59855678952269,73.37644284622853],[-84.56767568940506,73.32963098053024],[-84.509553929565,73.29776047846603],[-84.38636956308927,73.26619078769338],[-84.34355101255576,73.24642128823052],[-84.34657094058073,73.23447219313],[-84.54204827108978,73.26071552477013],[-84.70726733625838,73.32031726523125],[-84.75660132125019,73.36582031596039],[-84.86681628959217,73.38150855815532],[-85.01729602023332,73.34815862345484],[-85.09048858097044,73.31178639857785],[-85.14674126553506,73.2699545084702],[-85.15276779819042,73.23926086798241],[-85.06342105992996,73.21207677262511],[-84.89048008229939,73.19018528487797],[-84.73754853710177,73.13252686698205],[-84.56664059951379,73.10534104636201],[-83.92749259539171,73.06947231727028],[-83.66320132953771,73.00334128933515],[-83.7923169232884,73.00294689914409],[-83.91939427689542,73.03327147069592],[-84.83606158724032,73.08642078836847],[-85.06690283877379,73.13848716482372],[-85.17840545079987,73.14040862796763],[-85.21638112389363,73.1273386841323],[-85.2203964119688,73.10687136262477],[-85.16622791468315,73.08373183432619],[-85.16322446643427,73.06829429708964],[-85.33980448221688,73.09856176265885],[-85.34963722885897,73.10903234472781],[-85.33330083135591,73.1327386099461],[-85.39739367748273,73.13717630628956],[-85.44739648141389,73.12256662856073],[-85.52774547513516,73.06899549025249],[-85.51036858988691,73.03444410133054],[-85.10369957762823,73.01418220964949],[-85.09817982695606,72.98322124036599],[-85.07080073678698,72.9741469717268],[-84.9658878993035,72.9723355313588],[-84.716192368641,72.9111048819423],[-83.94024730034538,72.77643286080682],[-83.95560046862964,72.76129601511855],[-84.00842164808226,72.75907899114392],[-84.1234333688434,72.78570942364004],[-84.31137270128026,72.80004656590565],[-84.43530562891073,72.84040588470792],[-84.5753452040785,72.86378435602113],[-85.45115800803379,72.97365282655296],[-85.564214058347,72.96341640043276],[-85.69109268716451,72.90359478318788],[-85.66899334686624,72.82792401865429],[-85.6816644732299,72.75270413537507],[-85.75544472616511,72.6544534271749],[-85.71556722935333,72.61779974155638],[-85.51074282925319,72.57530778111227],[-85.60201227492671,72.54406993632008],[-85.55723810541566,72.50399941350771],[-85.5751213567817,72.46649015063456],[-85.16609734048389,72.37221057187713],[-84.96164966431405,72.43031707378742],[-84.80304287882508,72.4547776572508],[-84.77022046986757,72.44895288581806],[-84.77366543694289,72.43191720335243],[-84.8804301181655,72.41159039074937],[-84.88953086026731,72.39464304287341],[-84.846997461308,72.38003875868858],[-84.60201078776609,72.38557628496619],[-84.4369712586259,72.41130534881876],[-84.41961246733955,72.38859461242332],[-84.49291686818464,72.3661364508006],[-84.87071459553023,72.34788254098005],[-84.95349823833483,72.30308970483183],[-84.73059303652389,72.26101696935778],[-84.71579885306164,72.25215287921448],[-84.7170820155995,72.21954851217703],[-84.2390455516828,72.05129940349362],[-84.18387165953598,72.00189068619528],[-84.19229974982277,71.96597686033645],[-84.22273476975262,71.95457830352643],[-84.30603185828139,72.02694234396222],[-84.45715244472393,72.07495751387714],[-84.55110406275448,72.13025160300298],[-84.62430510965815,72.15407540013433],[-84.76303716926728,72.16033578843916],[-84.94682242566033,72.25144595034281],[-85.45103631859422,72.26716132829746],[-85.43281759505233,72.2428738761272],[-85.53424344743868,72.24106731748557],[-85.56521180194244,72.22444251246633],[-85.51713084310154,72.20991156364342],[-85.50505471236154,72.18220847107158],[-85.41315591858273,72.16187390460557],[-85.52126470943081,72.12066914440544],[-85.50919452591108,72.09304935161607],[-85.52256089218416,72.07951677686134],[-85.78506112674528,72.04235867964782],[-85.74912511067355,72.02294721694967],[-85.84987888575043,72.0192513310464],[-85.9638330790739,72.03980731018459],[-86.0334235475723,72.02018245168001],[-85.98766184487005,71.99033066461928],[-85.56282053842729,71.90665414619549],[-85.50010122852161,71.81964539894028],[-85.62582734916604,71.79080617409744],[-85.4921681746664,71.76794713793286],[-85.31999240356681,71.68598315104335],[-84.97157029218948,71.64689067115717],[-84.85351329222814,71.66348555554111],[-84.81452138289256,71.69537038848173],[-84.7629006287529,71.70642085663962],[-84.62054559658817,71.67941147191036],[-84.61033772780232,71.64987068737513],[-84.6649933286355,71.62353067300174],[-84.67154922483716,71.592708953562],[-84.57456495732394,71.56132791056542],[-84.55609683064262,71.49553156522451],[-84.57086388274041,71.47690351004412],[-84.72189417721889,71.42675608393554],[-84.73765575765991,71.3754268530074],[-84.77999431250078,71.35216487641112],[-84.78876401412579,71.3092887926472],[-84.74510971883718,71.25844165149564],[-84.70532415256235,71.24377775260548],[-84.70837330986029,71.2283434993287],[-84.79019360448925,71.19393877627793],[-84.82477372688231,71.15329838170315],[-84.83900130287718,71.10706672250807],[-84.77640998973848,70.99375062775438],[-84.78316384383878,70.95937405968158],[-84.81660083292978,70.94968391872555],[-84.92604587788715,70.92959579519611],[-84.97765997146715,70.93575668220011],[-84.90613182875668,71.00673617513145],[-84.93258594614143,71.03481175461428],[-84.99210464110817,71.05666626178046],[-85.03696097342848,71.10234166322297],[-84.99644418442149,71.11876761318055],[-84.91667484744633,71.11891286737038],[-84.93838260250809,71.14524704028268],[-84.89507978990834,71.1753424213752],[-84.93952184659133,71.19521554559572],[-85.10709251723954,71.18467299293414],[-85.16574662723295,71.15484021672977],[-85.32211555822332,71.17657911768698],[-85.78609379633782,71.14137374843025],[-86.10814197697127,71.04112439024703],[-86.22217560447766,71.02037266707318],[-86.60126087749711,70.988930337156],[-86.80179420939764,70.99286150835772],[-86.70815505195567,71.02974709460871],[-86.345341241182,71.05296767095038],[-85.98619251356402,71.15818575338457],[-85.93401873871238,71.18664564729664],[-85.73331528480584,71.20939683060047],[-85.55017662503273,71.18406939626745],[-85.4764364680333,71.21030661798514],[-85.38409028166734,71.21904872916573],[-85.40654684897598,71.24523304243128],[-85.38351095857574,71.25515616280848],[-85.20003418737289,71.29316606496306],[-84.9123901684574,71.2807610401856],[-84.85483079737308,71.30030482974959],[-84.94164560812041,71.35196685782087],[-84.96285102329878,71.38167644341357],[-84.9622884562468,71.41261313089358],[-84.98542083749744,71.4337833624804],[-85.32826743121905,71.48315752193675],[-85.38953239720618,71.50486544044784],[-86.04551330562877,71.77810116064508],[-86.20383606992684,71.86791010483695],[-86.3836617365392,72.02122648161397],[-86.44243960323487,72.08717749877654],[-86.45866917303236,72.13541750828583],[-86.45951779941537,72.26580067174115],[-86.44555641591856,72.28966176698816],[-86.32361930408402,72.36021368845789],[-86.29897749817833,72.41653621307057],[-86.33245138345441,72.46497832405268],[-86.4053466434482,72.51893639146631],[-86.73855992860607,72.70411575182412],[-86.7563818181665,72.7522484018676],[-86.7431792983618,72.8720245933141],[-86.44139377625658,73.00404927233375],[-86.14246043270637,73.24685426588714],[-85.86079833151669,73.41082135061374],[-85.6291850130351,73.50157871915849],[-84.9727931244684,73.67061158466782],[-84.89815383513965,73.70525244932304],[-84.8761285152568,73.74928807924223],[-84.98911147934952,73.79222859600164],[-85.75202097339472,73.8380661948839],[-86.68887740184655,73.84888478917779],[-87.52997166231319,73.74958896846668],[-87.94884367451391,73.66635600128424],[-88.40087079737849,73.53465037929635],[-88.51066069044252,73.4614120103643],[-88.75103141782824,73.39684536120735],[-88.82852494271631,73.34901751555705],[-88.83460143341641,73.32851463255042],[-88.69193812471912,73.30796642168255],[-88.70397148942331,73.29768675076667],[-89.00101427825062,73.28237835488805],[-89.03058716171864,73.26523105557963],[-88.97677523659618,73.21570223997264],[-89.15964529070139,73.19166946923366],[-89.29339489209285,73.09565713960419],[-89.29800632734735,73.04948550256664],[-89.36058120041136,72.9827188184143],[-89.34196060468963,72.94171444175745],[-89.36945055007823,72.87834259475531],[-89.41514168014307,72.84919519256563],[-89.3795834760298,72.82184603829774],[-89.2688247413628,72.7947562399559],[-89.26833057321782,72.78274882257304],[-89.36627001591737,72.7671249749766],[-89.51168495485668,72.7941095000999],[-89.58654173397207,72.78193982769646],[-89.57215578244902,72.71009334282934],[-89.51405711497954,72.69309475429947],[-89.4961748082234,72.67781650986291],[-89.50708776974378,72.66407791791717],[-89.6203057404813,72.62089513979691],[-89.78051078189024,72.6167746584542],[-89.82334830532439,72.55497131567773],[-89.80348267036837,72.50367648875086],[-89.90833887140862,72.44147222846449],[-89.91164067837401,72.39867986615516],[-89.96518848850172,72.34349013179421],[-89.96698409992162,72.27838454012141],[-89.93172309498651,72.2545615737468],[-89.92903776223768,72.20656383357154],[-89.80993188730295,72.17971573987305],[-89.71546688873661,72.20070758701453],[-89.64806498774956,72.19583655071605],[-89.62514883217457,72.18389591816148],[-89.62432127303698,72.16333185185013],[-89.94574188881384,72.10354975378905],[-89.98898980982567,72.07934740610114],[-90.00285196110852,72.03125813592415],[-90.02994032993954,72.0225332337539],[-90.04558745322853,71.95540171612801],[-90.11030520626105,71.93974287878075],[-90.11396487402772,71.92432723879124]]],[[[-90.08914539053985,69.09153504773619],[-90.01652073011299,69.09125742092534],[-90.05469178657285,69.11656187613343],[-90.08558346844144,69.10870516692165],[-90.08914539053985,69.09153504773619]]],[[[-90.03995682448395,68.79405808603659],[-90.0388529036486,68.75245853729123],[-89.99811529010368,68.72898811746369],[-90.02108145794874,68.71150980566641],[-89.92641202198602,68.7224760729284],[-89.87637605200672,68.77808377791202],[-89.87730890317452,68.79880527118083],[-89.97532936117646,68.84660921257883],[-90.03256589536845,68.84456869949699],[-90.03995682448395,68.79405808603659]]],[[[-90.02693129526581,69.01213032987933],[-90.02422264974142,68.95858925095851],[-89.98534826797437,68.95023878597296],[-89.94265294038463,68.96606346371044],[-89.93525695984782,69.00926593554138],[-90.02693129526581,69.01213032987933]]],[[[-89.98503825725608,69.1385118414209],[-89.9552908453778,69.12487132098455],[-89.8925630272455,69.13220092412382],[-89.89305280485749,69.14431152520433],[-89.96640779406411,69.15416330817192],[-89.98503825725608,69.1385118414209]]],[[[-89.63219472414589,76.46013281857377],[-89.48063530591932,76.45548857483428],[-89.59699555247788,76.48045112555575],[-89.63219472414589,76.46013281857377]]],[[[-89.20361399273284,48.235522966400694],[-89.20088813238584,48.220429705236164],[-89.13539493417777,48.20547916496485],[-89.10525859992083,48.2072737280289],[-89.0701479533347,48.23592952019165],[-89.09542998923283,48.2594058781356],[-89.14088210958371,48.26437382849845],[-89.20361399273284,48.235522966400694]]],[[[-88.71208135525738,48.38742169837639],[-88.70721805278382,48.36387229208514],[-88.68199094309297,48.35874084883],[-88.63637772554351,48.39056733914568],[-88.6362257422372,48.407404058878036],[-88.71208135525738,48.38742169837639]]],[[[-88.47119734617706,78.27229441174062],[-88.40633202274545,78.24891969501208],[-88.31624769776977,78.2571449922296],[-88.24874802095786,78.3019803976801],[-88.22150484351947,78.35183954231684],[-88.06061392121016,78.41643186190126],[-88.04252373538436,78.44468339277256],[-88.10004275101218,78.45643184768332],[-88.2008147379501,78.43839355947229],[-88.35304865055058,78.36545389750721],[-88.47062666256825,78.29227407207433],[-88.47119734617706,78.27229441174062]]],[[[-88.1295383980615,48.92518912570165],[-88.06344559582355,48.896007710356464],[-88.0629514464876,48.92632929103908],[-88.09327284744091,48.94344682423114],[-88.1138343936821,48.945329877094274],[-88.1295383980615,48.92518912570165]]],[[[-88.11392231002439,48.78690933351643],[-88.10252696255347,48.71099699028517],[-88.0674373219849,48.68380133593251],[-87.99768633516679,48.73376234853312],[-87.86494127711121,48.745917378903066],[-87.79763032089812,48.78727274244341],[-87.80166538026991,48.829490506477406],[-87.81925553274766,48.839807702370734],[-87.93151952091132,48.847636080191066],[-88.0645645913176,48.83710022439442],[-88.11392231002439,48.78690933351643]]],[[[-87.76392463572532,48.80712189693344],[-87.74306265740107,48.72942651396231],[-87.65592849166632,48.745189860037264],[-87.68967945021787,48.814658341168936],[-87.74043871139895,48.827083092383084],[-87.76392463572532,48.80712189693344]]],[[[-87.66547237293027,71.04133529389162],[-87.54944413729308,71.03206719454307],[-87.56942026936112,71.05283544440829],[-87.64262494396844,71.06706905072554],[-87.66547237293027,71.04133529389162]]],[[[-87.63428846403797,48.787037878501486],[-87.57613172191864,48.771103624898494],[-87.59099617905906,48.78650251652725],[-87.63428846403797,48.787037878501486]]],[[[-87.53567488056633,48.76216979872872],[-87.50255866681445,48.758296698438265],[-87.4970770766338,48.77170786528294],[-87.53249845724203,48.77892060595158],[-87.53567488056633,48.76216979872872]]],[[[-87.46452730786353,48.75439695985124],[-87.40105491713759,48.74508407167676],[-87.4182946762209,48.76214357857102],[-87.46452730786353,48.75439695985124]]],[[[-87.41759496669422,70.17854980337357],[-87.29197060643988,70.1586410939794],[-87.29086027044805,70.17589636320534],[-87.34094760200345,70.18484439278912],[-87.41759496669422,70.17854980337357]]],[[[-87.34193540487243,70.09699572876983],[-87.30737531176683,70.08459258422852],[-87.29947243857059,70.05179310563624],[-87.12055432318397,70.01401048685952],[-87.02450785317966,70.01823803044982],[-86.7154013586738,69.97867149693602],[-86.48484304516204,70.01384963373525],[-86.55740035951439,70.04406925206081],[-86.53419717262966,70.0713946512124],[-86.60378485451315,70.08430522130085],[-86.6305926212474,70.11911925840427],[-86.67009912596903,70.12993085377585],[-86.84962659358723,70.10787012687341],[-87.02105510179399,70.11993861816943],[-87.06427725879583,70.14969561871251],[-87.09436469089596,70.1516841661964],[-87.17764603736988,70.12660735004607],[-87.31440823291571,70.12780830076451],[-87.34050546309216,70.11766281967645],[-87.34193540487243,70.09699572876983]]],[[[-87.21651249016456,63.63946243798067],[-87.14616760380295,63.57272760467919],[-87.10074477019022,63.55136126430891],[-86.89843290638355,63.550395293796484],[-86.75857049437614,63.59874768715045],[-86.70832345501204,63.643162192726734],[-86.6043993399061,63.672836175454094],[-86.33728822707609,63.64059973990404],[-86.11103388359832,63.678105732993146],[-85.89800082310386,63.69295608352743],[-85.65308103003753,63.6772391382346],[-85.60566593532762,63.64838881089354],[-85.6039451143143,63.62921320082346],[-85.62713497803163,63.59679076319077],[-85.6616564008325,63.324774791645076],[-85.5905046143645,63.16686786658468],[-85.50496935871985,63.10923455719045],[-85.41024470229125,63.098305808487545],[-85.06730362353125,63.13978745099552],[-84.81455824009761,63.21441424401962],[-84.4945931011696,63.3422224971819],[-84.47697724741344,63.35563952973525],[-84.46517845184542,63.45785291382024],[-84.4432152510052,63.498880513211894],[-84.41981435143498,63.52424697400578],[-84.30604578566714,63.57808562474073],[-84.31877249989746,63.62018441816584],[-84.30510601828428,63.631922942995296],[-84.05211247142172,63.60103678824307],[-83.98430924683375,63.654420631592366],[-83.8801208730535,63.68913499829307],[-83.77960976145769,63.7691439471993],[-83.65717610581594,63.77162645219845],[-83.60215487761903,63.792290760935096],[-83.61575244760405,63.824073877772925],[-83.60483680802764,63.84115725186498],[-83.63253275167298,63.86126792146172],[-83.63552380176283,63.9519487267915],[-83.67102423343749,63.99500023243135],[-83.63991585701649,64.03390706576823],[-83.49917559950408,64.10538897857656],[-83.29450034702978,64.13250355956967],[-83.16569568641505,64.11876535677153],[-83.13912805150096,64.13166288396157],[-83.12654850195611,64.17296904125809],[-83.10103735411204,64.18068342259406],[-83.00689492646983,64.17169640844085],[-82.9493595322397,64.14147339275453],[-82.94479247791523,64.12556991580823],[-82.97147198230296,64.09360818077508],[-83.14732955403804,63.99435456458001],[-83.1290586357211,63.96756586421861],[-83.08395142387953,63.955225066854894],[-82.97519493805554,63.982218191649025],[-82.8419118928873,63.99241729527071],[-82.73591117413099,63.96883085548067],[-82.48410445444432,63.95960380427453],[-82.38633689464727,63.901178670629186],[-82.35635735769473,63.8597228998213],[-82.36079138971134,63.84078383975059],[-82.5087659430775,63.78117767902134],[-82.51500431427375,63.75354302338735],[-82.47988721493267,63.699606753339175],[-82.41342249186333,63.663549469219646],[-82.30848953656185,63.64130130520352],[-82.19427580569645,63.67614144267608],[-82.10874972202794,63.67207312395941],[-81.71569484429786,63.60935902373449],[-81.66245629839197,63.571712007559746],[-81.51457353563134,63.56764918075273],[-81.41282364033461,63.5221569316416],[-81.28151862220867,63.50124115651072],[-81.23442391648085,63.47246907792849],[-81.0845330473692,63.44858680183062],[-81.03400648380351,63.447600394812895],[-80.9031569429786,63.53819485235751],[-80.55023504537637,63.657919958430014],[-80.50831841941744,63.706223639724904],[-80.45591903479698,63.73638620513597],[-80.22985648604218,63.73865784315736],[-80.1960990292389,63.745327383217806],[-80.19414133671675,63.76449867681096],[-80.23673437880024,63.793303027222606],[-80.3774574516971,63.82623642344503],[-80.63694470666024,63.846636358700074],[-80.66748436576978,63.87812769852919],[-80.53510631591777,63.882708246578055],[-80.52540197938644,63.901461802369084],[-80.57060238219854,63.923260279439],[-80.54005691938097,63.97227148990804],[-80.62941599236106,64.00717546644364],[-80.73397807287202,64.01828798957565],[-80.8731894196913,64.08907124127082],[-80.93316141562293,64.10285248389],[-80.95832560218241,64.0989422072349],[-80.97190313908008,64.06474039555219],[-80.96999520998672,64.04362587289343],[-80.9140070604171,64.00210145874618],[-80.93270762409453,63.978726556979765],[-81.17762911868425,64.01463788191057],[-81.43198660642011,64.07686668319646],[-81.5256097458655,64.02403845072568],[-81.75005938809839,63.988115915871],[-81.94940952406844,63.985605855544456],[-81.99071854186285,64.01196734986324],[-81.97988716511766,64.03940763659358],[-81.69761502149234,64.11472713899681],[-81.63029548784463,64.14276824588029],[-81.60742231487004,64.16958618727449],[-81.60541953833513,64.19217656941713],[-81.7304997220712,64.28218795121207],[-81.73807981088532,64.2999712269059],[-81.69818571851313,64.32951602214446],[-81.7612432254518,64.42853471549311],[-81.73009243246139,64.48637455431478],[-81.81453510517021,64.55154292341246],[-81.9915727432841,64.63845240279917],[-82.3326650244972,64.76027602080124],[-82.5802952965253,64.76748273770085],[-82.80068978770156,64.82363561882403],[-82.8760229806309,64.87199821773567],[-83.01362937966695,64.91755258649748],[-83.15748199141004,64.93701145647272],[-83.30631023511863,65.01224857801081],[-83.41125304982464,65.12404799850033],[-83.44511116328104,65.14090494219039],[-83.85761037815489,65.16910080328223],[-83.91176574846581,65.19002861296775],[-84.01869372123029,65.19522248378836],[-84.1618614298674,65.22925734449525],[-84.19532895936555,65.25121734851722],[-84.19820986841941,65.2825441606794],[-84.14081452663527,65.32424506039692],[-84.14256237737347,65.33824499230069],[-84.35447175832509,65.38988974889594],[-84.47222234985041,65.4611129523541],[-84.56765401108638,65.46552188971033],[-84.62647297062297,65.43764199685397],[-84.75144958903567,65.33158952281241],[-84.78585968290747,65.21612000575247],[-84.84644041283688,65.19861739493555],[-84.92658087426602,65.21635091057111],[-84.95463772594303,65.27957136874029],[-85.00548776344203,65.33125209187511],[-85.03524326706541,65.41372029900117],[-85.07676318838938,65.4442627690197],[-85.30250546378049,65.5365207191196],[-85.28794052530955,65.55178329474799],[-85.21655636630642,65.55189033478364],[-85.1036544033893,65.57869210736547],[-85.08815381579275,65.59912161923556],[-85.16499965278878,65.68094487480727],[-85.19936795850691,65.76687048593637],[-85.28554192352135,65.81746862698974],[-85.40938479741082,65.80984114773038],[-85.4551083574711,65.78478172759768],[-85.50141048011407,65.7858139914093],[-85.53194935520278,65.81250416441718],[-85.49552939884647,65.8638361927764],[-85.49681789193937,65.88820181520698],[-85.54444997118433,65.91348119636903],[-85.64103452511148,65.88944433311336],[-85.78002901115785,65.82629781130761],[-85.88090585021116,65.75889825819708],[-86.00879216388317,65.70924741841658],[-86.04399315684128,65.65779203043107],[-86.08588899023259,65.45900672610156],[-86.15439725415679,65.39947395142964],[-86.15850338859865,65.3595878785279],[-86.12047298189825,65.32419347808964],[-86.14193200635319,65.27774171824534],[-86.13472763127288,65.10404055296048],[-86.19564484218755,65.07041173367396],[-86.2004262302021,65.0218858275625],[-86.2411311172973,64.98438154354032],[-86.15968532776412,64.93601695628494],[-86.16139636762885,64.92043785828726],[-86.20960728569175,64.88664886837314],[-86.18416494986062,64.85494214508653],[-86.19048016734473,64.83244533967117],[-86.41399732962401,64.56717822822395],[-86.39137187138004,64.4141101384512],[-86.40993974142394,64.38663156926121],[-86.37000061552102,64.33908588533816],[-86.37719113146875,64.30442358412105],[-86.32034101737432,64.27052160137599],[-86.30804126801895,64.23033539295432],[-86.28498723151056,64.21956178611838],[-86.2197971159081,64.10727988791645],[-86.26231455731998,64.07676233135659],[-86.43894165255614,64.05547056026383],[-86.61784240346884,63.99932573177743],[-86.86274947406,63.94917462416458],[-87.03493943779847,63.85253821752795],[-87.04418331135186,63.828349360691625],[-87.21052188526912,63.67416421548358],[-87.21651249016456,63.63946243798067]]],[[[-87.11372798069534,48.66610247252794],[-87.08092881770678,48.658756459713885],[-87.05993328470325,48.67188741696221],[-87.11372798069534,48.66610247252794]]],[[[-87.06656856224475,48.63661804236538],[-87.02880395096658,48.6274938926256],[-87.00502658117666,48.64897557123801],[-87.06656856224475,48.63661804236538]]],[[[-87.05511188928209,68.10581398005426],[-87.0034051888445,68.05336591468223],[-86.87722386793982,68.01218393055846],[-86.87902241735064,67.98968313790827],[-86.98116246219487,67.92335667233057],[-86.97001512210728,67.89030914139468],[-86.89717633627006,67.8254531731393],[-86.77662380836492,67.78763928680878],[-86.72975584435996,67.74716093759112],[-86.62969649389626,67.74247777725157],[-86.58261330028822,67.75737508018887],[-86.46508979109272,67.83538216751472],[-86.44300505619462,67.8731738802313],[-86.42869569993914,67.96819617694626],[-86.47986460277762,68.10392809939204],[-86.45463667347606,68.17113985738254],[-86.45460757495273,68.21782312920405],[-86.60074372986554,68.29947642621921],[-86.71212548282357,68.3095236985373],[-86.76509107215585,68.2928774908633],[-86.8043215651625,68.26916482264625],[-86.81637839589067,68.23813541232225],[-86.94647342883765,68.1876906248414],[-86.94057284785696,68.146165434168],[-87.03977665504529,68.12295080465778],[-87.05511188928209,68.10581398005426]]],[[[-86.47999682709107,78.93384502851195],[-86.45736764089403,78.91873889936035],[-86.24331900711914,78.90886685934228],[-85.31644518474637,79.00814909482408],[-85.21088287553516,79.04183190374445],[-85.213269378702,79.06182208692668],[-85.33791686888632,79.08467769176734],[-85.84720541039842,79.08134061975944],[-86.15992580289672,79.05250757658241],[-86.27922959557492,79.0252800721567],[-86.47999682709107,78.93384502851195]]],[[[-86.09064272963755,72.28697560049292],[-85.95745460039875,72.23364174756723],[-85.91790434886813,72.23481002099429],[-85.87967554279479,72.26518861012006],[-85.94179436176275,72.30207976019878],[-86.06509834158364,72.3072074263174],[-86.09064272963755,72.28697560049292]]],[[[-85.95174127429716,47.721029586884335],[-85.86103421896898,47.70139548828851],[-85.81540430681403,47.71337463127157],[-85.78489877446151,47.6872278884182],[-85.6930673632459,47.71609705258294],[-85.63086742543273,47.715626518987975],[-85.61900525968298,47.74211708177086],[-85.80250551021123,47.78856448155331],[-85.91657728883112,47.761954391661085],[-85.95058612147491,47.739523091798404],[-85.95174127429716,47.721029586884335]]],[[[-85.79831913809224,72.20905535527467],[-85.75377661878004,72.20674063388576],[-85.70507094604278,72.2299943793668],[-85.74194443982695,72.2442578915982],[-85.79438751032023,72.23306954905215],[-85.79831913809224,72.20905535527467]]],[[[-85.58420189432859,77.55133451031132],[-85.30857421260616,77.53476653948526],[-85.29781079314215,77.48594885463592],[-85.19416147322228,77.46792016631585],[-85.01417119974568,77.47564845466303],[-84.93164918549503,77.49300893909505],[-84.90004980858765,77.52283461250806],[-84.99582979865323,77.54087832318282],[-85.02588483817951,77.57312482873166],[-85.17641177042478,77.59344520961389],[-85.36365234973194,77.59239302722553],[-85.58420189432859,77.55133451031132]]],[[[-85.51711505422031,69.07786077341244],[-85.45086357572548,69.06794628911437],[-85.50551606367299,69.09149081405266],[-85.51711505422031,69.07786077341244]]],[[[-85.49117360573,69.02382025762877],[-85.48811784782656,69.01165009316477],[-85.44056062148842,69.00726928414875],[-85.42240219503569,69.03106531282822],[-85.49117360573,69.02382025762877]]],[[[-85.40733356788897,69.09998347922813],[-85.28626802693371,69.09937617637837],[-85.26915519137157,69.11456194556987],[-85.37538528362725,69.11839072458348],[-85.40522044146844,69.11383357780447],[-85.40733356788897,69.09998347922813]]],[[[-85.33552019724289,68.99997667519064],[-85.32343191435702,68.98414891224222],[-85.26445277223951,68.99167231766607],[-85.31472564529079,69.00993964141688],[-85.33552019724289,68.99997667519064]]],[[[-85.32207586298631,69.05512037177812],[-85.24130885156511,69.04657303624556],[-85.23913819091193,69.06033132114088],[-85.28994176006418,69.07517926457672],[-85.32207586298631,69.05512037177812]]],[[[-85.24563516813836,68.92722236767764],[-85.18564609511192,68.910436651828],[-85.12613815753737,68.92132349561311],[-85.24563516813836,68.92722236767764]]],[[[-85.2338327535418,68.81796185042224],[-85.20849856186486,68.79663398160382],[-85.16098751290363,68.79569122121809],[-85.19552934478273,68.81893353675932],[-85.2338327535418,68.81796185042224]]],[[[-85.18792171368018,69.04720862888504],[-85.1168000300409,69.03875472916073],[-85.10006873397974,69.05227240690303],[-85.12161600717101,69.06826761220499],[-85.16544850461794,69.06572996451712],[-85.18792171368018,69.04720862888504]]],[[[-85.15667144256176,65.94986929835727],[-85.12563803618882,65.89875342536891],[-85.15190851135972,65.80391252201082],[-85.10531200216133,65.7437555359322],[-84.89771645439966,65.66387906428201],[-84.85948754801908,65.63856831665879],[-84.85705970845191,65.59854810785258],[-84.78963953032734,65.57242395710492],[-84.76864858568572,65.5457721354672],[-84.63609596257616,65.58734720596709],[-84.59150771247052,65.62959293822958],[-84.58724861915455,65.65552512092461],[-84.66044114481294,65.72527519268722],[-84.66003517326126,65.75314395652914],[-84.87114996770313,65.94975771555042],[-84.85416909925534,65.97710664778282],[-84.90637265153906,66.0271290473193],[-85.07463075618813,66.04515275355284],[-85.14993304026957,65.99665935310833],[-85.15667144256176,65.94986929835727]]],[[[-85.12152066933251,69.09769711661214],[-85.04394156439095,69.09780927178993],[-85.0809004685324,69.1089752169209],[-85.12152066933251,69.09769711661214]]],[[[-85.0988656006541,66.08397160249781],[-85.015739029145,66.06800957933031],[-85.00831206768399,66.08867507475485],[-85.08012598804928,66.095703230527],[-85.0988656006541,66.08397160249781]]],[[[-85.05596115639216,72.35655108133898],[-84.98419181559915,72.34661274372843],[-84.9339232566997,72.37141473551827],[-85.01121884576592,72.38144171371867],[-85.05596115639216,72.35655108133898]]],[[[-84.98180120395796,68.80740851845833],[-84.95116994904035,68.791137593108],[-84.90108220102611,68.80387064044622],[-84.92757028420851,68.81656122837977],[-84.98180120395796,68.80740851845833]]],[[[-84.8869625362687,71.38363061229752],[-84.8645094431994,71.36080176277653],[-84.81520552350099,71.39244293524467],[-84.85672237518334,71.40019340124671],[-84.8869625362687,71.38363061229752]]],[[[-84.68939732601417,66.1813007034862],[-84.65010317348353,66.13157963329142],[-84.56245965728118,66.14315706740426],[-84.64219422774372,66.18001105911945],[-84.68939732601417,66.1813007034862]]],[[[-84.5636436118086,46.87569280183849],[-84.46368019342633,46.87272587356915],[-84.54888227312146,46.901859253049004],[-84.5636436118086,46.87569280183849]]],[[[-84.45694371300497,66.10715593632905],[-84.36924784076173,66.0195282260286],[-84.27819734930078,65.97861033094946],[-84.19182610154724,65.96043277814067],[-84.13117968375876,65.89430027572034],[-84.12955763994248,65.83335419715839],[-84.09738124509424,65.77674508931449],[-83.99598213335362,65.73015527553342],[-83.93675424481864,65.72999560187552],[-83.91465112893155,65.75712687431331],[-83.83093257422716,65.77526576586041],[-83.8147854720552,65.74868358840136],[-83.7471647805452,65.74822818418157],[-83.74505133266581,65.73765902652009],[-83.831007540388,65.68661289482733],[-83.82136306230431,65.6706274818506],[-83.709853036426,65.65824898771126],[-83.64240500719887,65.67858109849703],[-83.6099458545081,65.65132757768465],[-83.43870275581773,65.62278709286436],[-83.29924768541915,65.64388693172978],[-83.28538623244627,65.66952651556585],[-83.25274597867539,65.68397418081636],[-83.24976737255902,65.69784402918035],[-83.28426317351483,65.71473225674742],[-83.47962425252895,65.7112014069542],[-83.712749678432,65.79397573842256],[-83.72692731296169,65.80842017235842],[-83.68292702393599,65.8591087270068],[-83.67468895793336,65.90055636443851],[-83.92706047843235,66.00616097080068],[-84.00671036088772,66.06339602560773],[-84.28703984084741,66.09706709313394],[-84.39688533444482,66.13152446511958],[-84.44880639451932,66.12955642972912],[-84.45694371300497,66.10715593632905]]],[[[-84.29107256218937,66.2206167184485],[-84.28677178259203,66.19616020194208],[-84.25101416741359,66.17941197272974],[-84.21463278999927,66.19053097652704],[-84.21522086069889,66.2114632092644],[-84.23846076101422,66.225966092402],[-84.29107256218937,66.2206167184485]]],[[[-84.12038947268219,46.29489096110101],[-84.07750423515019,46.20067291918585],[-84.0147921682298,46.157269772582445],[-83.99051066997363,46.09416757362136],[-83.95220897463291,46.070299338210965],[-83.91735282742438,46.081797005897776],[-83.90091741942462,46.14274469662673],[-83.85255534755413,46.14511941543118],[-83.8240907779824,46.20381900592656],[-83.91532814723644,46.27236008023964],[-84.042096749134,46.282410211281054],[-84.10643805332903,46.31254837209876],[-84.12038947268219,46.29489096110101]]],[[[-84.0815027624036,76.4968568118274],[-84.05918111298556,76.45416169010358],[-84.03250587458206,76.44698885823365],[-83.97007951047028,76.46106390680389],[-83.95477348334693,76.48614145863561],[-83.98351853252916,76.50861212506263],[-84.025782394063,76.51275958468706],[-84.0815027624036,76.4968568118274]]],[[[-84.08116142098507,66.74785554342579],[-84.07959400690531,66.73219944501989],[-84.02452886624965,66.74441272293902],[-84.08116142098507,66.74785554342579]]],[[[-83.96432983987188,62.45500145803994],[-83.95214728934516,62.41631662267767],[-83.75594631826344,62.26993880545554],[-83.73212730764796,62.23419776937497],[-83.73274674903982,62.14376707081229],[-83.71952911778773,62.13460730839423],[-83.37399596559567,62.25337267508755],[-83.22390124946023,62.21764005032942],[-83.15010861588546,62.174518767790204],[-83.04688278292771,62.18754508742902],[-82.76831317385478,62.30946044770262],[-82.65403807662095,62.38971610196701],[-82.49180039678939,62.4623907539569],[-82.38260973404215,62.547907734988485],[-82.30642695146906,62.58438840188714],[-82.14374358229306,62.61670585934534],[-82.0695663450615,62.67583521856428],[-82.01554131079942,62.695791367259176],[-81.96525041813466,62.76308466865325],[-81.97893267654483,62.80221153201892],[-81.95087586757003,62.87235429996272],[-81.8956102342804,62.92712010950963],[-81.92763226277226,62.95315091712588],[-82.07169482800187,62.96030394560877],[-82.27029713740099,62.99772525892711],[-82.37479755659157,62.97643660401548],[-82.45674523429949,62.934973345408125],[-82.73128180282177,62.940342662744115],[-83.03812498249049,62.84199511000247],[-83.13910583577832,62.85143672607896],[-83.18841904266257,62.872624495139505],[-83.19546273466398,62.8955022222753],[-83.222989406991,62.91060346499119],[-83.34777664451278,62.917352475406645],[-83.47897876949341,62.87020665690073],[-83.55406938243209,62.81398447139548],[-83.58552535491945,62.76639786538465],[-83.58624076939041,62.698553650701164],[-83.6198341043795,62.65979035040572],[-83.96432983987188,62.45500145803994]]],[[[-83.95006069621952,79.0904717192346],[-83.81975681343809,79.08691224816432],[-83.83825648379702,79.10544617239181],[-83.8895193315667,79.10954850096367],[-83.94412439122482,79.1053291119023],[-83.95006069621952,79.0904717192346]]],[[[-83.90430800983421,69.83138996071641],[-83.89867275725899,69.78971806383781],[-83.70015052263356,69.7392530529534],[-83.65491702697602,69.73965790471745],[-83.72318262565639,69.76932194491596],[-83.7206478749588,69.77962618422812],[-83.56867920382254,69.8082279732656],[-83.72747919984177,69.8368942537453],[-83.90430800983421,69.83138996071641]]],[[[-83.72791871422075,63.274712347286396],[-83.69708291715183,63.252735319223696],[-83.65126473902313,63.27012273490495],[-83.64794110543903,63.28920330740601],[-83.69333017691415,63.294316895932496],[-83.72791871422075,63.274712347286396]]],[[[-83.69373696220842,66.08388221706453],[-83.66583863627817,66.07249910508736],[-83.60804638405173,66.10362578930778],[-83.59943759027624,66.12590576726154],[-83.63065055986469,66.14091591977845],[-83.66339252736202,66.12806328813235],[-83.69373696220842,66.08388221706453]]],[[[-83.65944320639753,66.04097783844387],[-83.6044170618296,66.03738379626728],[-83.57118112805351,66.05365562870396],[-83.5721744458585,66.06930938447954],[-83.60202178403293,66.0703425752374],[-83.65944320639753,66.04097783844387]]],[[[-83.57756698965622,66.00164810494782],[-83.5503039451458,65.98858876168576],[-83.49657255870414,66.00062782598245],[-83.54525403636428,66.01272259615557],[-83.57756698965622,66.00164810494782]]],[[[-83.53443889227214,65.83665388538888],[-83.46108817290818,65.80111099699779],[-83.2560268873847,65.82686607882975],[-83.45854565764044,65.8549202998117],[-83.50975883977401,65.85324591441045],[-83.53443889227214,65.83665388538888]]],[[[-83.49872679414472,45.88605206660231],[-83.48625617745311,45.870241392348696],[-83.45825512758967,45.883672239342296],[-83.3671059268174,45.86646854259014],[-83.29736647484816,45.90738472197766],[-83.29107337237076,45.9571124699603],[-83.38004889989217,45.994316052362166],[-83.42875443763609,45.98882491594044],[-83.49053792534615,45.954101204735395],[-83.49872679414472,45.88605206660231]]],[[[-83.35242810158094,66.29665632417117],[-83.07777097509873,66.22939185562427],[-83.02366547275375,66.23950584966404],[-82.98850067899534,66.27999471176176],[-83.00354533555891,66.30839368282182],[-83.11400257915874,66.29855222362394],[-83.2847259014309,66.36907632516377],[-83.34412927876025,66.33464506250343],[-83.35242810158094,66.29665632417117]]],[[[-83.30718271102447,69.81088494792745],[-83.1370901695335,69.77098506965794],[-83.05108617388595,69.77348806720128],[-83.02087538353273,69.79332970154975],[-83.30718271102447,69.81088494792745]]],[[[-83.21237516289756,45.897125793977864],[-83.18449151720972,45.87196655164464],[-82.95524158267196,45.8306186697726],[-82.91732069024474,45.79302307515089],[-82.83704735767091,45.80277830092522],[-82.77601749895587,45.77693057684559],[-82.73366724817899,45.789134037730236],[-82.45435874352665,45.70298338605357],[-82.36212726246109,45.6963760463011],[-82.08132095458788,45.54868232257432],[-82.03718341919311,45.55703420654072],[-81.94462695200856,45.63196433111235],[-81.85435917721439,45.675150577210545],[-81.78355264531487,45.68470654945431],[-81.79715194775919,45.64394796816636],[-81.8720432337301,45.60792334450407],[-81.89269997956883,45.58276744088421],[-81.9483896458951,45.57704490422166],[-81.99643175623571,45.543876202473925],[-81.92209954691798,45.546572017199445],[-81.89881121736961,45.51299690228325],[-81.84964064920075,45.52260898116754],[-81.79718094796186,45.56864066074372],[-81.73829409583037,45.594172293854896],[-81.6842371773338,45.66349736672625],[-81.67602268699643,45.699703496871244],[-81.62735437024776,45.73432341933466],[-81.59531667781184,45.783624107422135],[-81.62632757500744,45.799519302054165],[-81.66991430666074,45.781262669705896],[-81.70903558541904,45.80610686321092],[-81.66272369334267,45.8559866502476],[-81.65830486572251,45.897590970011244],[-81.69386758159041,45.90034004097553],[-81.76162606206015,45.85210162759916],[-81.79265725903024,45.792544961362175],[-81.80210866535114,45.7330457798066],[-81.814458407594,45.730671289335724],[-81.85371178736456,45.77049534405467],[-81.8292335310401,45.849030657433495],[-81.83871222828724,45.86480655246596],[-81.91286167806955,45.897313033749306],[-81.91512024290549,45.95943488002919],[-82.01255481795337,45.981943887322274],[-82.08133538031625,45.95690455003709],[-82.12114579179581,45.91633842652302],[-82.13607196787368,45.86556989898136],[-82.16168565532729,45.85406061325023],[-82.22408006624968,45.9339590704503],[-82.27666310064141,45.91939005718418],[-82.30539977494941,45.968368249827826],[-82.29325937455953,45.98587351497917],[-82.31837063098928,45.99442608749838],[-82.36374812166656,45.96413735165881],[-82.42719228447163,45.9569520512464],[-82.4501190635658,45.93178338824474],[-82.51201986156076,45.93446622089787],[-82.53958013376064,45.90964692859357],[-82.58526289142715,45.90943949428966],[-82.60250430093127,45.888905300542916],[-82.57758552153682,45.87883285438023],[-82.5800829785683,45.86054977026915],[-82.52631458841205,45.851868939811744],[-82.51295044469842,45.82744142402161],[-82.52999149429465,45.791896608968884],[-82.55726642120615,45.78540704584884],[-82.56194814051385,45.802493511061286],[-82.58996830416116,45.80775287956612],[-82.60045553949713,45.83520594086034],[-82.65657451075225,45.82735272555509],[-82.72524694789024,45.85042766434373],[-82.77216617697411,45.84018318010726],[-82.79228090974522,45.86834640563603],[-82.84171207116853,45.89164180574696],[-82.85100218013241,45.947444735247835],[-82.80840138957971,45.97811480387759],[-82.81261646192353,46.00018682349099],[-82.93568151037765,45.95971677294247],[-82.98547161968159,45.927869656259745],[-83.02768052037779,45.95398459426682],[-83.0544697096442,45.950706038336264],[-83.09495800105157,45.91642613832702],[-83.11392434236792,45.917624287684205],[-83.12994552308541,45.94208915741273],[-83.19009954981644,45.940829126583914],[-83.20864550546601,45.92696920852762],[-83.21237516289756,45.897125793977864]]],[[[-83.03414087676578,45.75884738795033],[-83.00053977612852,45.760034399722464],[-83.02290223166762,45.771451584052954],[-83.03414087676578,45.75884738795033]]],[[[-82.98454062203842,45.682137254995126],[-82.97252074562512,45.646272888478755],[-82.94743195509136,45.65630998716668],[-82.96449916416717,45.68914860668406],[-82.98454062203842,45.682137254995126]]],[[[-82.8685047940874,69.80051970074892],[-82.626571448945,69.7508539595008],[-82.53694516251815,69.74950001830335],[-82.51810600666553,69.76274832556288],[-82.7325711813058,69.82029211639644],[-82.812238272488,69.82293447211411],[-82.8685047940874,69.80051970074892]]],[[[-82.74536749851856,45.93038811662605],[-82.74116892310813,45.9084068768733],[-82.7049938792175,45.892527300833436],[-82.66677477224385,45.89162975403785],[-82.60925995827118,45.926164739951744],[-82.62390599697166,45.975708137423],[-82.65473666825177,45.977789046786654],[-82.71468500822388,45.96179984034649],[-82.74536749851856,45.93038811662605]]],[[[-82.74350715566146,62.99140727548981],[-82.7063108486878,62.98627375183918],[-82.61561618950579,63.01532049655731],[-82.66694404655514,63.02633188904113],[-82.74350715566146,62.99140727548981]]],[[[-82.7221476469312,41.801975766049274],[-82.71137312351452,41.732303999231064],[-82.68189706742686,41.72362264592181],[-82.65959610152288,41.79410745352494],[-82.67852115826193,41.816779278752605],[-82.70677825268248,41.818902811044424],[-82.7221476469312,41.801975766049274]]],[[[-82.7026704372925,69.87298462568502],[-82.57792284618037,69.8168074238924],[-82.47990102085798,69.80822632198218],[-82.47548062428301,69.82366734136481],[-82.64484033399313,69.88149958859327],[-82.7026704372925,69.87298462568502]]],[[[-82.66432623607376,42.51735735004308],[-82.65476182232703,42.505138726422224],[-82.63076404665773,42.518247633674974],[-82.66432623607376,42.51735735004308]]],[[[-82.48003041536327,69.54816151394203],[-82.4422182642493,69.52428006296078],[-82.29309430600986,69.52585262004433],[-82.32962849809932,69.55315781556315],[-82.40081631672197,69.56446171725347],[-82.45006558052408,69.56616524592484],[-82.48003041536327,69.54816151394203]]],[[[-82.46918961075039,69.48188275415592],[-82.37112042730429,69.46271927014095],[-82.3088318644712,69.47263748527735],[-82.42961656523335,69.49950063256352],[-82.46013515317887,69.49710589505929],[-82.46918961075039,69.48188275415592]]],[[[-82.26802895722773,46.025916282354096],[-82.26341177502854,46.00888502055867],[-82.2125036613352,45.9950848194956],[-82.23035626829473,46.036608287365446],[-82.26802895722773,46.025916282354096]]],[[[-82.26256511088837,69.49520245823203],[-82.05831873106358,69.43383614082693],[-81.98085337449253,69.44481556965982],[-81.97615981276918,69.46025509506764],[-82.1090497189603,69.4948016877323],[-82.26256511088837,69.49520245823203]]],[[[-82.08410493731897,52.99534202980156],[-82.04071309059353,52.96680235007192],[-81.32880181189068,52.8355629848751],[-81.1178516087233,52.768559703649046],[-80.78633205702754,52.69869645121618],[-80.74032561609995,52.674432289392115],[-80.68936187589709,52.68769153444967],[-80.66709846283717,52.75300043337155],[-80.74235225627919,52.83976144488562],[-80.8035008855273,52.9684727904096],[-80.94570070189323,53.05331322091342],[-80.98710872500479,53.11664564133019],[-81.10897200568057,53.17908458637453],[-81.22865764898738,53.182615307929176],[-81.33314826187217,53.21945332397792],[-81.4540501934907,53.20219031719364],[-81.61569096661854,53.21164842414678],[-81.88146673966895,53.15397495463355],[-82.03347332482716,53.0710915390912],[-82.07862756069571,53.025886280769754],[-82.08410493731897,52.99534202980156]]],[[[-81.97684291982132,46.02616181689253],[-81.97649341455305,46.012698589507465],[-81.93210842781147,45.989236029023495],[-81.81958722736432,45.98558433536124],[-81.8095246045861,46.00326330174548],[-81.83710377679536,46.057384089477],[-81.90375683877483,46.062505389526784],[-81.97684291982132,46.02616181689253]]],[[[-81.94609608803931,69.3809830933971],[-81.82974516178551,69.3747017174742],[-81.78548966837396,69.40595796555714],[-81.74955139235715,69.40981551101474],[-81.72204168720572,69.40347259552053],[-81.72112998370228,69.37567612088793],[-81.66374909352632,69.36984857188762],[-81.53533496443102,69.38551953285085],[-81.49390793267106,69.40641329877384],[-81.52947219153039,69.43399048434095],[-81.88535850858571,69.44986090261614],[-81.93121930422933,69.42903500514436],[-81.94609608803931,69.3809830933971]]],[[[-81.84228203363139,45.46346564132577],[-81.82008129309325,45.43834668092538],[-81.78542901667484,45.44731139528425],[-81.71726991449223,45.51722994709278],[-81.78200128122747,45.51394081460146],[-81.84228203363139,45.46346564132577]]],[[[-81.7740010403651,69.52013806293105],[-81.55993816447499,69.46126991709748],[-81.48711955183781,69.47221936868678],[-81.4967309357593,69.48826567611475],[-81.62385649582335,69.50896114601699],[-81.68341303625236,69.53918353941476],[-81.7422416767375,69.54150461434546],[-81.7740010403651,69.52013806293105]]],[[[-81.52215035032935,64.20370058480277],[-81.43236283479834,64.17997010574041],[-81.36822422257566,64.20983163042933],[-81.3807868510313,64.222731884092],[-81.46390690587593,64.22695884367774],[-81.52215035032935,64.20370058480277]]],[[[-81.49493660999576,76.17238458952316],[-81.46657280702935,76.15797681169266],[-81.39495788856628,76.15937887918544],[-81.2404680362274,76.18390248289919],[-81.31531951007823,76.19107409383089],[-81.49493660999576,76.17238458952316]]],[[[-81.49418715778899,45.556127766403534],[-81.48691623718419,45.54217967901764],[-81.46181168866485,45.55011515154699],[-81.47634656646136,45.563068029352365],[-81.49418715778899,45.556127766403534]]],[[[-81.11160942088475,54.40874658571194],[-81.0885773758754,54.37774449190727],[-81.06783641610637,54.37789731434333],[-81.08298339889262,54.418750062492386],[-81.11160942088475,54.40874658571194]]],[[[-81.05025828610987,45.93950503834055],[-81.01981079350867,45.9351978982129],[-81.01363686704848,45.95642737410119],[-81.05025828610987,45.93950503834055]]],[[[-81.02347704140118,70.68936433674844],[-80.9943474212422,70.66910313442293],[-80.95385761298051,70.67958186299893],[-80.99204771617997,70.70370647949488],[-81.02347704140118,70.68936433674844]]],[[[-81.00146018768869,44.889006151790255],[-80.96610752062753,44.88924968605784],[-80.99279221459508,44.91162290098548],[-81.00146018768869,44.889006151790255]]],[[[-80.98337869352429,45.937048367224186],[-80.96168589080051,45.93679581499948],[-80.87871212654835,45.99670998905443],[-80.91672333981877,46.013508203422305],[-80.97631965209983,45.97668839602031],[-80.98337869352429,45.937048367224186]]],[[[-80.95049124268024,44.844453783750325],[-80.91347161105293,44.84115158714399],[-80.92764926185086,44.85406413978774],[-80.95049124268024,44.844453783750325]]],[[[-80.90793989816525,73.57216765990273],[-80.89461462805411,73.54756488229445],[-80.73204954917243,73.50387643873798],[-80.73377947996168,73.48673255061941],[-80.85978317607737,73.47582456704126],[-80.89266547748791,73.45636949932576],[-80.89875609207027,73.40146538803788],[-80.83512716119345,73.31308797112666],[-80.57299735445639,73.25688389722698],[-80.18875013137048,73.22130741151531],[-80.1565418509817,73.20107158246978],[-80.1800668543088,73.15195428597956],[-80.13667293786673,73.10538956654263],[-80.2087654790677,73.0271908934348],[-80.1970302208231,73.01459453793488],[-80.09407164396735,72.98281145544162],[-80.03117921641459,72.91635045622192],[-79.65334744854371,72.78807171490936],[-79.56211462211945,72.77210300803971],[-79.09715727265227,72.76685833926109],[-78.4770784784107,72.87267157182463],[-78.04377722672857,72.90847069051685],[-77.78613710510771,72.91442824337975],[-77.04600703001913,72.85048243193708],[-76.73528549229886,72.85568051547139],[-76.51073178041658,72.82003890065184],[-76.31198209875238,72.8171254960956],[-76.12404989917344,72.84957872285665],[-76.0415663437537,72.90053344941764],[-76.09252075557688,72.92975480293548],[-76.34429073865284,72.97947914784645],[-76.3592307219249,72.99258092615473],[-76.29961097027441,73.01876620925962],[-76.32161993294014,73.04789969780782],[-76.2859039452785,73.07379788442817],[-76.58905295235822,73.15737565023198],[-76.60430868948602,73.17045465125504],[-76.5562416065003,73.21479045465426],[-76.61728945247897,73.25824332613945],[-76.76697082538743,73.32398016330801],[-76.98683366585482,73.3673480726343],[-77.14885221215503,73.4263427298991],[-77.34839162494107,73.52366917273883],[-77.9389054101839,73.62799810543788],[-78.22510219021844,73.66250203703453],[-78.73901190579299,73.67767532914252],[-79.09274031985422,73.63812826903333],[-79.43597106393807,73.64938994370658],[-79.78043382164437,73.70666780036659],[-80.19436088537705,73.72645551189609],[-80.54399849123419,73.76706589574013],[-80.81103655822692,73.74749619807095],[-80.82567214126813,73.72912927148694],[-80.80920466481857,73.6976307338861],[-80.88686670108946,73.61957946251343],[-80.90793989816525,73.57216765990273]]],[[[-80.84620740364633,58.443155443091946],[-80.84213642854165,58.43239304300469],[-80.78365625114988,58.44073304258647],[-80.77368154201181,58.467879527652634],[-80.80848813079616,58.475455233556275],[-80.84620740364633,58.443155443091946]]],[[[-80.83175558044307,69.70858995659867],[-80.82698341828107,69.69446107813421],[-80.78991282159812,69.68583538158362],[-80.53520856855127,69.67091894719445],[-80.49073729851719,69.64276031187137],[-80.38839148785911,69.62239664919309],[-80.38859062325025,69.59626521445857],[-80.36302018575128,69.58457755053345],[-80.33216986275028,69.58662015458172],[-80.29419599646631,69.63359291419385],[-80.26497859054173,69.64444862726062],[-80.21287751113843,69.63672640536814],[-80.22835405555092,69.59737221444297],[-80.28661200955112,69.54968992772184],[-80.05456050401396,69.51933861855608],[-79.98216318336469,69.53848878501934],[-79.97522868589436,69.55549746293843],[-80.09427899570386,69.62061505535861],[-80.03771507563255,69.64923405013919],[-79.94993366822595,69.63092812591623],[-79.63385989677785,69.63254961471114],[-79.37832451760752,69.69096329245266],[-79.35584929151054,69.71944160167243],[-79.49184998748711,69.80141928123419],[-79.69103646882519,69.82027217604025],[-79.82102616780746,69.78664644852576],[-79.8345082257099,69.76639647567333],[-79.96754174672593,69.7485545557738],[-80.11785735246832,69.76274342504477],[-80.17770906234095,69.75173735122509],[-80.1946178807972,69.7594334023072],[-80.1846195232891,69.7851591193972],[-80.24002502353937,69.81040232899117],[-80.47051117227602,69.81407774010908],[-80.53773331133138,69.79627952625131],[-80.554745516222,69.77790911960439],[-80.4210473101709,69.73354223376327],[-80.40815872452268,69.70165589320527],[-80.42201514540335,69.69181583020273],[-80.64872109405583,69.74220386880883],[-80.74012261546149,69.73935588869497],[-80.83175558044307,69.70858995659867]]],[[[-80.70434963693056,59.102904337851335],[-80.65166818864074,59.109830418868725],[-80.6833272627566,59.11898972826246],[-80.70434963693056,59.102904337851335]]],[[[-80.6826995388165,59.324696161349046],[-80.65422461872642,59.31583070129681],[-80.64004119409913,59.34454075182007],[-80.67290753237785,59.35022690082155],[-80.6826995388165,59.324696161349046]]],[[[-80.6817014767285,72.17016152962799],[-80.6175691881065,72.13478697709533],[-80.5843646190982,72.13341062307916],[-80.56308595679039,72.1567662415314],[-80.58070192539176,72.1817111069562],[-80.6817014767285,72.17016152962799]]],[[[-80.66147339273111,59.40875836633645],[-80.65485532848777,59.3943795249244],[-80.6193246629604,59.41297225540765],[-80.66147339273111,59.40875836633645]]],[[[-80.62425616623513,59.64885544000799],[-80.584763495126,59.64100769730643],[-80.55704039196787,59.654844076591594],[-80.58280987013745,59.67578685961007],[-80.62425616623513,59.64885544000799]]],[[[-80.57768018553355,59.40143599101927],[-80.53986759508348,59.38843689287861],[-80.5190042664848,59.44295898240698],[-80.5360845323531,59.4562959024521],[-80.57378339074279,59.443074369434385],[-80.57768018553355,59.40143599101927]]],[[[-80.50795078065349,59.6446328523879],[-80.44194896410168,59.65941039434457],[-80.4304668964235,59.69007071318903],[-80.50286621638054,59.677450875683334],[-80.50795078065349,59.6446328523879]]],[[[-80.48898026800576,45.521901156855435],[-80.47037566290076,45.50672607549877],[-80.4446712346011,45.516124033584774],[-80.4651714008329,45.54651995528743],[-80.48526555049546,45.54166424140183],[-80.48898026800576,45.521901156855435]]],[[[-80.38998746107904,59.620982969120696],[-80.31665583739603,59.624705931407725],[-80.22164898507684,59.682762156592794],[-80.21649060492933,59.70166955465085],[-80.2673710018129,59.731339728132745],[-80.38998746107904,59.620982969120696]]],[[[-80.3852808155153,59.351800341062436],[-80.36248147687085,59.33453709226845],[-80.31941138335347,59.34203667470834],[-80.34520009575466,59.361271045638055],[-80.3852808155153,59.351800341062436]]],[[[-80.3166381573684,62.025100053681946],[-80.29740936253157,61.91008729643387],[-80.30243314526986,61.82818320201002],[-80.22367832933872,61.767132735189676],[-80.08026633543594,61.713976344027685],[-79.88710988874465,61.594258590534494],[-79.82633756624249,61.57620804419911],[-79.68410217317451,61.657513283018545],[-79.64038637430697,61.70354303743618],[-79.64810342797047,61.72687843723305],[-79.63488250939668,61.7574068849265],[-79.59166415270808,61.78952204452813],[-79.55735354114083,61.864241464473366],[-79.51138892164613,61.89261721963586],[-79.41916370690558,61.99653903220074],[-79.35464641944289,62.011323180429024],[-79.36541765501057,62.05942731071958],[-79.30558851963104,62.198962745057635],[-79.39853932204346,62.30722719713383],[-79.60765430344253,62.42157651278488],[-79.67077851742792,62.4135606679946],[-79.74171237214085,62.379765181532996],[-79.80518085958316,62.394559844845304],[-80.0045117851084,62.39714177732598],[-80.07156401819638,62.37523780593198],[-80.10345629774557,62.29324950066523],[-80.19446273240588,62.239576221140695],[-80.27371061893803,62.16059099417903],[-80.3166381573684,62.025100053681946]]],[[[-80.28809009129293,44.85491163720086],[-80.28411198770411,44.82605378045694],[-80.25921329450114,44.808605143957244],[-80.2074638538521,44.79693366251885],[-80.18694827282457,44.818279307598374],[-80.19806288086781,44.85786212180485],[-80.24776572979562,44.88107451427912],[-80.28809009129293,44.85491163720086]]],[[[-80.2459999373172,69.39788568830845],[-80.18809187952382,69.36902777935566],[-80.12638503048002,69.37470198311676],[-80.18732380796865,69.40903267713175],[-80.23392599000854,69.41654705351174],[-80.2459999373172,69.39788568830845]]],[[[-80.23551339152209,44.90834623954716],[-80.22181122439662,44.89364665432947],[-80.19449127281595,44.90099718366296],[-80.20624324647476,44.91383639570674],[-80.23551339152209,44.90834623954716]]],[[[-80.20238969783149,59.77930927823711],[-80.06345920855176,59.76788394908816],[-80.0018479439256,59.789740285802516],[-79.9408613063389,59.834415790549365],[-80.00003449163285,59.87173877984568],[-80.08228531441429,59.87582144746266],[-80.11609116341799,59.841430918187406],[-80.19598483058628,59.80328471708738],[-80.20238969783149,59.77930927823711]]],[[[-80.16892117199991,44.87505926485074],[-80.1518424632694,44.841638364891324],[-80.13211400237502,44.858124596355545],[-80.14560260570974,44.886145291822515],[-80.16892117199991,44.87505926485074]]],[[[-80.1369052917693,72.51466312678328],[-80.04703920672856,72.47283537214614],[-80.06724774257447,72.42867256416282],[-80.02637803582675,72.43044911804222],[-79.96890555350838,72.45571388859855],[-79.96016573591838,72.47432936651202],[-80.0961291593927,72.52847742997594],[-80.1369052917693,72.51466312678328]]],[[[-80.13610263235218,58.7409886142929],[-80.08518023965426,58.73031395394696],[-80.06516062044074,58.767244812916154],[-80.1034842365539,58.77524805774301],[-80.13610263235218,58.7409886142929]]],[[[-80.1294498851953,56.21190261833778],[-80.1043338853304,56.175153586540986],[-80.04698255667641,56.167234180442144],[-79.70918236263104,56.30396583922783],[-79.60378107500308,56.41896249236636],[-79.55648259234846,56.51433951353175],[-79.58124805396399,56.51635929828844],[-79.61226467500022,56.49446003082866],[-79.6719501766872,56.39839256295435],[-79.73065278997507,56.35433789372294],[-79.7709988638012,56.34369082369603],[-79.88935819069722,56.35831786456002],[-79.92226695118116,56.31569328800674],[-80.0715221981201,56.306498416401],[-80.0960232632032,56.24579214282998],[-80.1294498851953,56.21190261833778]]],[[[-80.10257840761825,53.324344010717795],[-80.10066665285609,53.23281267593413],[-80.04966716211091,53.21642482486225],[-79.98783039783356,53.25960452277218],[-79.9528336860747,53.360176647047616],[-80.04597295784902,53.38180732885592],[-80.09342135530893,53.35123321108582],[-80.10257840761825,53.324344010717795]]],[[[-80.07415757206591,55.8827519819758],[-79.99785643296872,55.866394504009044],[-79.97845385242745,55.88218197523813],[-79.89356180425551,55.87544047666097],[-79.96379117763694,55.816805752818524],[-79.88779159686094,55.82461331264682],[-79.70349864334828,56.013058910211264],[-79.55464537755226,56.10702541774836],[-79.52342788795103,56.09567416986251],[-79.5314242637245,56.0650389727136],[-79.72035447546725,55.87543693799019],[-79.56086921160437,55.84666338758565],[-79.48622753010376,55.859601058901355],[-79.32495773110891,56.01123206943257],[-79.19929801235756,56.1989671155474],[-79.16415148941333,56.155937961869405],[-79.16724256645675,56.133577176194],[-79.33771845113827,55.8713839984887],[-79.3083747181578,55.86549358819626],[-79.24309935017929,55.969475094265846],[-79.1771840446795,56.04040410072172],[-79.11654095251959,56.18142502502021],[-79.1400092647039,56.209596668747636],[-79.10050702235891,56.30719910951043],[-79.05482399256069,56.3695117253995],[-78.9987645248517,56.36816699284716],[-79.02082991836278,56.3456139470621],[-79.00939958672595,56.285403638262466],[-79.03315269693371,56.22306171652339],[-79.23629714701333,55.88015458276363],[-79.21646186850285,55.87330513919988],[-79.11588931305191,56.01428768162307],[-78.98813834052149,56.238287968407306],[-78.96882760056637,56.2627279200417],[-78.91897632124923,56.27232988774147],[-78.91336798936018,56.292747525853876],[-78.95656526715207,56.294794834899136],[-78.964587498149,56.31117345459816],[-78.94744542200173,56.32702614486886],[-78.94271387335127,56.37721280222304],[-78.95684998445023,56.394077356366324],[-79.09401067279603,56.43207843924239],[-79.1630950608626,56.50076146966023],[-79.2523885845657,56.54310888186782],[-79.27414962428583,56.590292426193365],[-79.30780783358975,56.58261314366171],[-79.33663078512751,56.40732634673136],[-79.42441053250955,56.25630956068932],[-79.49023290473947,56.185206346853036],[-79.56466901424885,56.16344792970492],[-79.62608199577636,56.10759901976242],[-79.66970467959457,56.09549020361517],[-79.68270182622946,56.105273512365926],[-79.66996782898383,56.130355340793244],[-79.54602000085647,56.21067877987163],[-79.45660864331717,56.370350168420934],[-79.44225303862376,56.48229911565982],[-79.47166684394718,56.53697505128548],[-79.50398466650569,56.53436317630934],[-79.49356827223002,56.4081834841499],[-79.58152395493572,56.253572644567384],[-79.63344202803684,56.21084715068585],[-79.74803112068362,56.15401332787219],[-79.87356053578449,56.052843190988966],[-79.8990722793519,56.013161314493765],[-79.88294674628139,56.003178258974984],[-79.83295310693919,56.02872765257636],[-79.79567345735863,56.02918689948631],[-79.8485296444225,55.967445456721315],[-79.95976404685322,55.96931805227827],[-80.07415757206591,55.8827519819758]]],[[[-80.03606844973419,69.97825341875878],[-79.99752802494933,69.97295542073581],[-79.99131829199654,69.98831982237657],[-80.03606844973419,69.97825341875878]]],[[[-80.01579607662,76.21902569712533],[-79.93871496801228,76.20449775185415],[-79.88839258593255,76.21642715646846],[-79.91079301652312,76.22740462061613],[-80.01579607662,76.21902569712533]]],[[[-80.01060519222015,59.94592446468321],[-79.99626135687716,59.92221618969631],[-79.94614862973911,59.92743488615312],[-79.97705218907798,59.954073420450776],[-80.01060519222015,59.94592446468321]]],[[[-79.98825542975835,56.79913735482572],[-79.96809355628551,56.77848004948807],[-79.97724131872278,56.742572718588725],[-79.96169656920395,56.72921632282507],[-79.94487095111229,56.73315347022154],[-79.88380328717447,56.822324685147635],[-79.9483474359674,56.83085473732488],[-79.98825542975835,56.79913735482572]]],[[[-79.98036185280222,69.94076221745944],[-79.90352046508093,69.93004470984228],[-79.92648211109045,69.94855580910091],[-79.98036185280222,69.94076221745944]]],[[[-79.96099530004714,53.07958640084357],[-79.84254354941386,53.0832580700612],[-79.82122609830816,53.08832770745225],[-79.81727914888592,53.105270956153014],[-79.83813684571751,53.113900389160854],[-79.88008610942677,53.17968669582996],[-79.90667399461084,53.176757814960105],[-79.92675528275443,53.164651587962446],[-79.96099530004714,53.07958640084357]]],[[[-79.94398869337057,56.87230649468361],[-79.87536627204534,56.85474887769893],[-79.85184994773654,56.83551346156225],[-79.84737218008945,56.7916651223241],[-79.83090189721796,56.78165877737317],[-79.80868865002536,56.78166088197071],[-79.78647971006188,56.80603342672226],[-79.78950480041728,56.854995158640996],[-79.85284448094774,56.929637952989296],[-79.93570415041694,56.892569591928186],[-79.94398869337057,56.87230649468361]]],[[[-79.93349214838767,44.88691192983472],[-79.92808331338045,44.85457628974883],[-79.91031406960823,44.86109889843954],[-79.90805856905163,44.89604498075066],[-79.92266649920715,44.90587702509146],[-79.93349214838767,44.88691192983472]]],[[[-79.91486588564722,59.93915932293039],[-79.83379783022843,59.95439042512144],[-79.83189819426332,59.97342790680659],[-79.8735270899432,59.974721948671395],[-79.91486588564722,59.93915932293039]]],[[[-79.88876155520688,57.467071284623344],[-79.88415411606128,57.42317468015277],[-79.85701411249843,57.40369371104842],[-79.82535494944185,57.41340570863806],[-79.8272173883693,57.46764557260979],[-79.8661334742018,57.47928741430054],[-79.88876155520688,57.467071284623344]]],[[[-79.85530524205082,57.53255149627059],[-79.78416246801605,57.495651147492616],[-79.7387494316619,57.54444677506387],[-79.77263623293183,57.59935941314184],[-79.79397401444982,57.60448145018684],[-79.85530524205082,57.53255149627059]]],[[[-79.83631924678764,58.73128966127927],[-79.78590882394188,58.71883540701417],[-79.74367009385695,58.73837591141402],[-79.8029490715804,58.75498800919052],[-79.83631924678764,58.73128966127927]]],[[[-79.78187632487413,54.77487353250305],[-79.59767510677035,54.827029523971106],[-79.47260354147075,54.833656872216636],[-79.13757470840002,54.8946893262423],[-79.08600060945616,54.91786917411097],[-79.12252094862438,54.92807422108194],[-79.56950262509433,54.86628328796358],[-79.73139815928334,54.820908668097196],[-79.78187632487413,54.77487353250305]]],[[[-79.7773353893673,75.89028553567354],[-79.58527833647244,75.88347451838168],[-79.63153745811688,75.85266857727244],[-79.47984334514369,75.81474854781571],[-79.43105391170198,75.81468312519843],[-79.39142399642185,75.83372175209193],[-79.38073921844858,75.87436845770087],[-79.34689172050922,75.88336624592776],[-78.9556193605678,75.87033786457961],[-78.95765278976613,75.88923901444836],[-79.1817271318254,75.94563941067436],[-79.19674602003283,75.96669349523735],[-79.17382939430784,75.99147371526576],[-78.9426556154237,76.0545027367141],[-78.88395769973427,76.08989828012781],[-78.86405708560119,76.11987567642339],[-78.95322432500382,76.14714840560896],[-79.09363752533326,76.15074612363331],[-79.17337978851654,76.1041701919426],[-79.30010278477921,76.08321646212968],[-79.36232300759677,76.02908299704231],[-79.51374697460137,75.97822211544532],[-79.59878436862684,75.96593217771998],[-79.6699778265297,75.91722609331951],[-79.7773353893673,75.89028553567354]]],[[[-79.76048838519539,56.892747004042036],[-79.74816248411858,56.855209734589614],[-79.71878526877295,56.83374586337942],[-79.69074236978737,56.8437323616967],[-79.72842371165315,56.90590349956065],[-79.76048838519539,56.892747004042036]]],[[[-79.74497822839248,54.75439915796923],[-79.7118160562363,54.74299211669836],[-79.64785381689293,54.770541576049],[-79.65661543221096,54.78344178219911],[-79.74497822839248,54.75439915796923]]],[[[-79.6792513194145,52.570532594084284],[-79.67501472006987,52.55297215538251],[-79.63616560961424,52.54946999029395],[-79.60638214874984,52.567513771288105],[-79.6347392365207,52.602787595190655],[-79.6792513194145,52.570532594084284]]],[[[-79.67154519052373,72.44112976129804],[-79.62846502310471,72.39943667525868],[-79.53367891106849,72.37090491530968],[-79.47663851856002,72.38227857291265],[-79.43730495859698,72.42722876357169],[-79.56053859025384,72.45703998753187],[-79.67154519052373,72.44112976129804]]],[[[-79.66208219397181,52.00236732226516],[-79.65524374129309,51.94847407170342],[-79.63549281062247,51.92598807814758],[-79.57885702484376,51.94156358014704],[-79.40972400475914,51.93806016599765],[-79.36318080570948,51.9802271305043],[-79.32874733505301,52.05277920424775],[-79.28969720715664,52.075053445884805],[-79.36769311835334,52.09951345881234],[-79.4574624527073,52.08706271635827],[-79.56534915565801,52.0332497343684],[-79.63339332709917,52.02908515537363],[-79.66208219397181,52.00236732226516]]],[[[-79.65237757548259,56.26977945874683],[-79.58437787788205,56.30250846876692],[-79.54163616010027,56.38079030383617],[-79.55873050994849,56.39964314111507],[-79.59928171799136,56.376789099372225],[-79.65237757548259,56.26977945874683]]],[[[-79.6383303255427,56.729856684271105],[-79.62211300734604,56.68326581216734],[-79.63176328905733,56.635320418392766],[-79.58758911252043,56.623060239954725],[-79.58612365761122,56.640348887710886],[-79.54038690328846,56.6575435407161],[-79.5312829276379,56.691581499820714],[-79.5631610266497,56.749948228274185],[-79.60569896036142,56.768976615243126],[-79.63070044889608,56.758800460506095],[-79.6383303255427,56.729856684271105]]],[[[-79.62238742090835,54.75284407650806],[-79.5859034229465,54.74280878736666],[-79.56991337622271,54.75872088722667],[-79.60977168962144,54.767352490733565],[-79.62238742090835,54.75284407650806]]],[[[-79.55105373590033,54.809160439106186],[-79.5456909208553,54.79484356208567],[-79.507757185801,54.80200156405144],[-79.55105373590033,54.809160439106186]]],[[[-79.53070292276284,52.24877584723718],[-79.42864431922467,52.24124518822968],[-79.3975001634657,52.25383914413207],[-79.4152439563051,52.27271599250417],[-79.49540342702505,52.27835804775994],[-79.53070292276284,52.24877584723718]]],[[[-79.42253571909828,68.91995267049813],[-79.396686636479,68.88881559167577],[-79.21474203845187,68.8491538784438],[-79.1199071068085,68.88937788236923],[-78.87487978856099,68.92808403812468],[-78.77386863226022,68.96953398859424],[-78.52450837709401,69.21750878056234],[-78.49088764408836,69.23655129618699],[-78.38031184191465,69.21956367159994],[-78.3387621469881,69.24508332589853],[-78.32371184028952,69.27747255702494],[-78.2785388065767,69.2993196383051],[-78.28810777535655,69.3734418675477],[-78.34280958839227,69.39416408885043],[-78.49779333519649,69.41367564205082],[-78.6523594008553,69.39106408712351],[-78.74266812314634,69.3455053102081],[-78.75266136564657,69.32332002439387],[-78.6363741281577,69.28520319493823],[-78.65479389975346,69.26702458688578],[-78.79678250924177,69.28039259484912],[-78.8285808445949,69.26466025173339],[-78.86038890724352,69.21576674115734],[-78.95833515513392,69.14960316920958],[-79.2091147610882,69.11452551759116],[-79.26072479457484,69.05089965350147],[-79.40377970401394,68.9538578253319],[-79.42253571909828,68.91995267049813]]],[[[-79.38236774251884,55.72735724391428],[-79.37164546445838,55.68648829880922],[-79.3398420671575,55.678543733315664],[-79.3454795246102,55.73816227551517],[-79.38236774251884,55.72735724391428]]],[[[-79.34491117047129,69.76767258673773],[-79.32129239981577,69.75247497483018],[-79.25554073936672,69.76471717464858],[-79.3050464090426,69.79001719584436],[-79.33601212095074,69.78812914201089],[-79.34491117047129,69.76767258673773]]],[[[-79.34041449760183,51.95916188087704],[-79.30897966580399,51.95106746126588],[-79.28414413048452,51.97288054622976],[-79.30703393151671,51.98191485525278],[-79.34041449760183,51.95916188087704]]],[[[-79.33541764186135,55.78775328202647],[-79.3329164837079,55.773614738720646],[-79.29920349320648,55.78466933458014],[-79.24917323071956,55.832541391719616],[-79.26152783927392,55.844101654864765],[-79.33541764186135,55.78775328202647]]],[[[-79.31457575438043,56.638889128882994],[-79.18751309656747,56.617822482526215],[-79.17869055486086,56.63799787487271],[-79.25737014059482,56.67419996170327],[-79.28667254370772,56.67140459877049],[-79.31457575438043,56.638889128882994]]],[[[-79.30626558562152,51.76832265183267],[-79.295131733125,51.75697685451332],[-79.25027400002384,51.76995611471771],[-79.21664591136961,51.79429499047951],[-79.27122710330336,51.79778546507188],[-79.30626558562152,51.76832265183267]]],[[[-79.29893808662224,55.704631090668805],[-79.25789917229456,55.7081173174606],[-79.19020541146286,55.7648964115183],[-79.23214287776254,55.7580548922877],[-79.29893808662224,55.704631090668805]]],[[[-79.25594571074912,55.66968187937212],[-79.15794717013652,55.71336818042684],[-79.13943175702273,55.73616552664139],[-79.16347913379876,55.73824915340242],[-79.25594571074912,55.66968187937212]]],[[[-79.24913517870995,52.01268153643362],[-79.23534239522282,52.00101303924403],[-79.20693282185745,52.0138485652443],[-79.22943535127956,52.024618611760644],[-79.24913517870995,52.01268153643362]]],[[[-79.23185631785388,68.32557952417653],[-79.2115660500263,68.29472239808673],[-79.21966270109178,68.2286681017459],[-79.11739651817099,68.19128615500931],[-79.03492082215867,68.1970491453608],[-79.00831642579033,68.22707460243643],[-78.84692483336599,68.28412640686768],[-78.88706440193812,68.32322979706507],[-78.9868724998703,68.36762395888925],[-79.19657288897528,68.36555453470959],[-79.23185631785388,68.32557952417653]]],[[[-79.22943615972602,52.557303909865894],[-79.20072211203436,52.547772297155284],[-79.19000351756766,52.567508451145],[-79.20224471506198,52.57556249769192],[-79.22943615972602,52.557303909865894]]],[[[-79.21060980364247,56.55702856267119],[-79.17631475190777,56.5558822533523],[-79.17152429043303,56.5955441187185],[-79.21060980364247,56.55702856267119]]],[[[-79.18409485108944,68.45229390581787],[-79.11556655154511,68.45718109314498],[-79.17233342964234,68.46916872517347],[-79.18409485108944,68.45229390581787]]],[[[-79.155604828925,63.93924943737798],[-79.13193818508219,63.92900294024943],[-79.12765744369216,63.92771843249787],[-79.12629039158054,63.928793325533874],[-79.155604828925,63.93924943737798]]],[[[-79.1443534225372,55.820037220326405],[-79.13983664112122,55.802289453072625],[-79.11823130154575,55.80215939163953],[-79.03960664379458,55.94144902998399],[-78.97931843998855,56.00241390167614],[-78.98840023388632,56.05887265524348],[-79.02556972887517,56.04815512695403],[-79.08251060944795,55.96606858411363],[-79.1443534225372,55.820037220326405]]],[[[-79.13969025382681,52.11606763934367],[-79.0509543088428,52.12309021376426],[-79.06636563535992,52.140099142582784],[-79.11019995866845,52.14427763480888],[-79.13969025382681,52.11606763934367]]],[[[-79.12279208126864,72.42493567368231],[-79.08160873900025,72.3935416139555],[-78.9694221557011,72.35534640232176],[-78.71623556510156,72.38999969854986],[-79.00798709080817,72.44726440822473],[-79.07531442244283,72.45042422031948],[-79.12279208126864,72.42493567368231]]],[[[-79.08810379407642,56.25038303637699],[-79.06557726525676,56.241539893818754],[-79.03986437481777,56.277578472054465],[-79.05482017854528,56.291134975868104],[-79.07696554890708,56.27910290302081],[-79.08810379407642,56.25038303637699]]],[[[-79.02539453198771,52.11376976648263],[-79.025082807274,52.103417029326565],[-78.97153460325899,52.10516993497626],[-78.97581012084217,52.12101758161435],[-79.02539453198771,52.11376976648263]]],[[[-79.01100785590141,58.83681524751446],[-78.99179926441995,58.81080514412046],[-78.95963844084115,58.81693078259024],[-78.96909230007562,58.85269425578455],[-79.0025813733005,58.85367780413315],[-79.01100785590141,58.83681524751446]]],[[[-78.99356216937923,68.49747463596732],[-78.95440121279937,68.48212738449642],[-78.91653094389764,68.49037986463546],[-78.86341492614784,68.46722680746691],[-78.6958471397172,68.49060132504351],[-78.65890449645943,68.5094624858673],[-78.66687115285306,68.52392910918329],[-78.75332201888226,68.54477351280585],[-78.66453069640914,68.57282959227022],[-78.523686188853,68.57665170808026],[-78.49902223496473,68.58924614330418],[-78.48134939757804,68.62841924366467],[-78.5197123281043,68.6499908651977],[-78.84244119842612,68.68128292254617],[-78.90243048653802,68.66547193864531],[-78.90837349330769,68.6517607341103],[-78.71537234115993,68.59857716908355],[-78.77099757566126,68.57032435865975],[-78.87564263286389,68.56064497133082],[-78.98352860691892,68.52135659151016],[-78.99356216937923,68.49747463596732]]],[[[-78.98578481626635,72.3231465816658],[-78.95154061017487,72.29024107584307],[-78.91143537506005,72.31258807399273],[-78.96399917011537,72.33249372027635],[-78.98578481626635,72.3231465816658]]],[[[-78.94679722676983,56.05172473718133],[-78.91340793211646,56.04885615693091],[-78.8358895472137,56.080274203231546],[-78.9068043820302,56.083033354802],[-78.94679722676983,56.05172473718133]]],[[[-78.93932246837714,56.12250231162049],[-78.93106223993279,56.10788527410532],[-78.90015550002747,56.10688780472233],[-78.84488223911058,56.136864819068194],[-78.79111088849902,56.13900790633861],[-78.7270292047944,56.166359518746745],[-78.6910117023762,56.21546612741999],[-78.69752945995779,56.39915966318566],[-78.72278856748987,56.42060247045753],[-78.80378771402526,56.40165024124002],[-78.84071451500077,56.349108789825635],[-78.86071378600231,56.27939159694586],[-78.8548730570374,56.23356822915402],[-78.9116128709598,56.18805073217153],[-78.93932246837714,56.12250231162049]]],[[[-78.90339572191596,57.3472489219861],[-78.87687468259348,57.327546007813595],[-78.79772943237009,57.33299283165311],[-78.90339572191596,57.3472489219861]]],[[[-78.88997948161828,69.48136240258356],[-78.84695529062375,69.47721459835225],[-78.65666448650771,69.52244079503501],[-78.5625573177956,69.49960438277763],[-78.45097009883011,69.53511116286973],[-78.12492858937038,69.59831706377727],[-77.99726568954848,69.64319886373183],[-77.97671149149642,69.6647043577461],[-78.00153443941622,69.69590632888544],[-78.1899257932682,69.76488670893102],[-78.23581240917224,69.75351903193096],[-78.25975506421233,69.69368340173014],[-78.32032037884215,69.68328583889405],[-78.38807578397707,69.69940395597072],[-78.42795647449398,69.6894535164275],[-78.44363292757588,69.67814423615901],[-78.43040126122348,69.66343118583447],[-78.4540757029331,69.65599217598388],[-78.55255307985155,69.64937551633423],[-78.82906883269135,69.53914512790762],[-78.88997948161828,69.48136240258356]]],[[[-78.8821716147279,56.67878687294867],[-78.78619123629507,56.65992664070852],[-78.7702770637587,56.670757113118114],[-78.82828641773418,56.68977297271442],[-78.8821716147279,56.67878687294867]]],[[[-78.82729152194977,56.72632535151153],[-78.77249578372026,56.71801348525455],[-78.7653999275486,56.73132969541449],[-78.82729152194977,56.72632535151153]]],[[[-78.81793038171638,76.984148279397],[-78.80781556807774,76.94473275410957],[-78.72857368934402,76.95029491225465],[-78.72784878145828,76.97244843045675],[-78.7960626822786,76.99360424725792],[-78.81793038171638,76.984148279397]]],[[[-78.81530082629284,57.4707193785948],[-78.80983094934237,57.45628971038234],[-78.76373895938646,57.46974706031477],[-78.79229242699506,57.482727107162816],[-78.81530082629284,57.4707193785948]]],[[[-78.81271942032271,52.43830015567966],[-78.76712791647971,52.42869368996927],[-78.73431735255886,52.45656718443535],[-78.78034940019468,52.46447055944126],[-78.81271942032271,52.43830015567966]]],[[[-78.81089659437305,57.03549983285987],[-78.7703555471619,57.04243544405744],[-78.78617011159761,57.05433333769704],[-78.81089659437305,57.03549983285987]]],[[[-78.80511771367426,58.67123416597991],[-78.77248237609366,58.63518080968335],[-78.71671891191212,58.63053443863513],[-78.7526327144022,58.66686208297678],[-78.80511771367426,58.67123416597991]]],[[[-78.7789344725246,58.78980174469002],[-78.75277482605345,58.764891857839714],[-78.7227378538115,58.764100924691235],[-78.7027048828627,58.78520717869995],[-78.75213125973787,58.79982605945743],[-78.7789344725246,58.78980174469002]]],[[[-78.77396490030699,58.58629104434463],[-78.74653052094726,58.56652118503105],[-78.7138945685859,58.57429724709817],[-78.76864880129368,58.60336609893792],[-78.77396490030699,58.58629104434463]]],[[[-78.74080171287734,60.70946161909845],[-78.69351613713246,60.70051735447439],[-78.37494592697017,60.7522218552165],[-78.32207397777151,60.79181012539468],[-78.33788397502401,60.808857398325486],[-78.43235996086752,60.816548065130135],[-78.53369387545644,60.78255925709847],[-78.67394418730863,60.76042638431008],[-78.74080171287734,60.70946161909845]]],[[[-78.70444480804399,57.45067215784048],[-78.62930450142879,57.45290197210978],[-78.65569842298915,57.462200839685934],[-78.70444480804399,57.45067215784048]]],[[[-78.67767433788667,58.59405037314975],[-78.66449936142676,58.58236998029331],[-78.60360982314938,58.594765559422704],[-78.6146793598451,58.61321383706109],[-78.65942843121744,58.62051512411691],[-78.67767433788667,58.59405037314975]]],[[[-78.66594699901425,68.25417770554266],[-78.66575741171462,68.23311293399074],[-78.6273422850024,68.22379051048152],[-78.57146539941868,68.22219903516633],[-78.53490724909665,68.24095201281219],[-78.57654532519047,68.28557239902783],[-78.60281852849143,68.2906794707479],[-78.66594699901425,68.25417770554266]]],[[[-78.63662176520054,57.3853302533603],[-78.60019741248826,57.37688926054054],[-78.58154899467137,57.39621546521029],[-78.63662176520054,57.3853302533603]]],[[[-78.59276519162051,57.49862076938029],[-78.52960806721273,57.50352958805798],[-78.55442526923036,57.51795126591109],[-78.59276519162051,57.49862076938029]]],[[[-78.59066798519157,57.16112873659033],[-78.55574278853084,57.14934005289025],[-78.53953098799279,57.160148455751056],[-78.59066798519157,57.16112873659033]]],[[[-78.57836749013215,63.4671006070775],[-78.48705668343133,63.458713106164225],[-78.46801218734255,63.46785513441567],[-78.45405850595591,63.51603164059216],[-78.46637489679696,63.525699118379016],[-78.57088914959732,63.487636778789955],[-78.57836749013215,63.4671006070775]]],[[[-78.54753624195625,57.34780229376472],[-78.46460715240111,57.34394772864512],[-78.52451681343899,57.359755206504715],[-78.54753624195625,57.34780229376472]]],[[[-78.54597155704356,63.40501490924272],[-78.54457644549,63.38726441951885],[-78.48841370296998,63.347973649348404],[-78.31499472159383,63.287627024575954],[-78.09620286080833,63.13185905799834],[-77.96618468495934,63.095373563799924],[-77.83949447249896,63.101222004210456],[-77.60307199819157,63.15809613613655],[-77.50244216756815,63.23453347319467],[-77.53317139715551,63.26517534947887],[-77.53000063365621,63.29309524171396],[-77.62553224855559,63.34839741492355],[-77.62427218855547,63.371269499073094],[-77.68226364509471,63.39352021287114],[-77.6792246834698,63.421443855472816],[-77.8619446808208,63.427021938799896],[-77.82244325431692,63.45737404048801],[-77.84801722893442,63.462897170479955],[-78.32384395243045,63.474661079930726],[-78.42445992270264,63.436434139619806],[-78.50160769144463,63.42982907951205],[-78.54597155704356,63.40501490924272]]],[[[-78.53864854674288,58.9307996665762],[-78.51614026215745,58.91660876995969],[-78.46332726079797,58.92259707889791],[-78.49254636080282,58.947905222405396],[-78.52565039619196,58.950669909812305],[-78.53864854674288,58.9307996665762]]],[[[-78.51516822178412,57.273277820994345],[-78.45220667052337,57.25720182229055],[-78.35908698251397,57.28725757319397],[-78.39679938072202,57.301111886782586],[-78.51516822178412,57.273277820994345]]],[[[-78.40183929056634,57.16873426334214],[-78.39228956647561,57.15738393813028],[-78.28744980437422,57.17415889302913],[-78.29635310896995,57.18713998887644],[-78.35895630891893,57.1928165364628],[-78.40183929056634,57.16873426334214]]],[[[-78.3910706389112,82.98409551638034],[-78.38450299799817,82.96947586313138],[-78.28621071341612,82.95451033133727],[-78.09995549133511,82.96520585448336],[-78.17906186333147,82.98459776878948],[-78.3910706389112,82.98409551638034]]],[[[-78.32638563240832,58.43247557372135],[-78.27445399526182,58.406853767122264],[-78.24518062651724,58.414774870141734],[-78.27447548549607,58.43840136261404],[-78.32638563240832,58.43247557372135]]],[[[-78.25124784494022,58.385599423719405],[-78.16647944014291,58.358745742824446],[-78.20895084902394,58.39235612143631],[-78.25124784494022,58.385599423719405]]],[[[-78.14710910250653,58.325509623094696],[-78.10669562713757,58.31656291207009],[-78.09894927473941,58.32996190600122],[-78.11948713440962,58.3387760461161],[-78.14710910250653,58.325509623094696]]],[[[-78.13822778979572,69.85976076954135],[-78.11349821644374,69.84786014908724],[-78.06741943316473,69.85910616130435],[-78.0872256947203,69.91729494929183],[-78.13822778979572,69.85976076954135]]],[[[-78.11291333292102,62.58069444661098],[-78.09274201423372,62.56325801283449],[-77.97618483684435,62.538203772657745],[-77.89692494841522,62.54589445179084],[-77.89991847342823,62.55844016356814],[-77.99165374127774,62.58869916086925],[-78.11291333292102,62.58069444661098]]],[[[-78.07668550442082,56.29820332653625],[-78.06350544186354,56.27950412133348],[-78.01862186863778,56.292728626468204],[-78.04911027207153,56.30604861009247],[-78.07668550442082,56.29820332653625]]],[[[-78.04724645670835,58.31472282721685],[-78.0339833843354,58.29424043829733],[-77.92429646202591,58.252737617722275],[-77.89194604533526,58.26031476499137],[-77.950839456564,58.29374730720219],[-78.04724645670835,58.31472282721685]]],[[[-78.01722369597066,63.96548028980631],[-78.01466268111838,63.95118934414243],[-77.97673366434776,63.935947053124444],[-77.71137981587945,63.93838714125867],[-77.6672930804478,63.95788768983084],[-77.61379075950434,64.02066584824448],[-77.7312314182654,64.0386194290227],[-77.82861572936636,64.01618971782665],[-77.94571481451828,64.01455898960468],[-78.01722369597066,63.96548028980631]]],[[[-77.98389400256832,56.303287297203],[-77.8871403918534,56.30094712039809],[-77.89462321462149,56.31748770231938],[-77.92863902074936,56.31901415985324],[-77.98389400256832,56.303287297203]]],[[[-77.96618865382912,61.646934491086846],[-77.88099486885177,61.61695676396448],[-77.83637699456601,61.62735058312879],[-77.92775900399513,61.661319909392994],[-77.96618865382912,61.646934491086846]]],[[[-77.90755720950655,77.859754502867],[-77.89579683953178,77.82538816698754],[-77.82897762481684,77.7991923168828],[-77.6545671209939,77.82491727998567],[-77.62740975738515,77.84763842233563],[-77.65000125040739,77.86891222224747],[-77.71501034488846,77.87803836228501],[-77.90755720950655,77.859754502867]]],[[[-77.85098479631483,58.22321680636862],[-77.81558586726021,58.20942583896133],[-77.78583793618108,58.218970036720854],[-77.83456044732542,58.24270881697442],[-77.85098479631483,58.22321680636862]]],[[[-77.8400001506421,56.36105714910861],[-77.8079421842106,56.35267092985356],[-77.77184391024807,56.37715647582867],[-77.80540060978979,56.38045037891037],[-77.8400001506421,56.36105714910861]]],[[[-77.83955872521301,62.57652977362507],[-77.80377316154878,62.540095275398194],[-77.68992523334076,62.57839719163333],[-77.81336081022909,62.59546566869192],[-77.83955872521301,62.57652977362507]]],[[[-77.75936152604035,58.188402540838794],[-77.65588459042482,58.150616841714026],[-77.63023879647238,58.167502626876896],[-77.71030915968657,58.19608275565726],[-77.75936152604035,58.188402540838794]]],[[[-77.65958121404209,55.43845128379739],[-77.63142055393676,55.43031867328549],[-77.50085845231185,55.483390457113366],[-77.44626377398205,55.519725347597785],[-77.4465934399026,55.547653241110964],[-77.48503342620035,55.54289963423173],[-77.65958121404209,55.43845128379739]]],[[[-77.54702530659709,56.38993530415009],[-77.5224767455836,56.38747923008666],[-77.48254376992759,56.413225038775494],[-77.49647377857644,56.428625797784136],[-77.54702530659709,56.38993530415009]]],[[[-77.45228688302367,63.632388168115],[-77.39502211403128,63.597780806841214],[-77.39166077519415,63.56748783640171],[-77.27484371659315,63.5527183023148],[-77.13994308208802,63.45861043917735],[-76.85538617359632,63.37625545464324],[-76.72170316669572,63.366500846569],[-76.70965760946683,63.37609744153441],[-76.71848881887753,63.410397746009714],[-76.62549302484777,63.43413416750115],[-76.57027551676016,63.46995136074921],[-76.60318636182771,63.48517800362036],[-76.67895461832089,63.46534209326015],[-76.65373286683787,63.51436523444997],[-76.75018075045415,63.5845648918657],[-76.80485071100341,63.59627882080638],[-76.84047102155996,63.623994909787896],[-76.92550056262479,63.62945268470328],[-76.98749946223327,63.66116487449041],[-77.39236489893858,63.68216618335723],[-77.43447997980701,63.66618395846161],[-77.45228688302367,63.632388168115]]],[[[-77.41252141884947,69.27724802832128],[-77.31713175342296,69.22193897220016],[-77.30301716121221,69.18236125764983],[-77.23332416580139,69.1549694119464],[-77.1356667084629,69.14326081819127],[-76.99256833466124,69.15298676986934],[-76.9470331865586,69.1640307800117],[-76.91728065257035,69.21999437255842],[-76.83657031160088,69.27782652629027],[-76.70484335352047,69.3462161696099],[-76.6882882702449,69.38554518330531],[-76.7080397645938,69.4132736845469],[-76.75549316333588,69.42706299096628],[-76.90245217644136,69.41409488992358],[-77.1521372777657,69.44292632031906],[-77.31733860471192,69.43251042869706],[-77.37185753737744,69.40445346309477],[-77.35206179467058,69.37515482501736],[-77.41252141884947,69.27724802832128]]],[[[-77.40939266517394,55.577048998586285],[-77.38303514806904,55.57257202103193],[-77.30538681193903,55.60293216702072],[-77.26885185847918,55.63937061226506],[-77.2917108795209,55.645214838585574],[-77.40939266517394,55.577048998586285]]],[[[-77.30083599581927,67.73911251360299],[-77.28430555542647,67.6675466679556],[-77.2403097004637,67.61515095158097],[-77.21978056595593,67.52392238241693],[-77.23396235142245,67.45630316765185],[-77.20901958519256,67.40341588098379],[-77.13203537242333,67.32569533665837],[-76.98469636174089,67.25340959919514],[-76.73738863588508,67.21921474816317],[-75.7683179016076,67.27459182030233],[-75.38917836510149,67.37990505977822],[-75.20056748174324,67.47757822220075],[-75.12493292548102,67.53682178561051],[-75.10618809644723,67.57773881641366],[-75.11018792211227,67.64361948015761],[-75.08968493588532,67.73586420716848],[-75.18896906873096,67.89639337925666],[-75.18234343336825,67.94012819953693],[-75.05640827870118,68.1068732368462],[-75.09066257088145,68.18590593061907],[-75.17020972954172,68.2207097948458],[-75.46166115688033,68.25288945064392],[-75.72445979941546,68.32828845258709],[-75.89111969066947,68.34647085428132],[-75.9851573706553,68.31477761680114],[-76.10274460892538,68.3007252472606],[-76.31286736832887,68.3357554693341],[-76.56563134624349,68.29082067641318],[-76.74046658317398,68.2294181493289],[-76.85152097028252,68.17037243589208],[-76.98864351206028,68.05864702485705],[-77.0556344239012,68.02813880931593],[-77.10651256261785,67.92606918381956],[-77.15292987081772,67.90822302279004],[-77.2713832451988,67.78983595203364],[-77.30083599581927,67.73911251360299]]],[[[-77.09823362218728,57.76310928693412],[-77.08268767439021,57.7509734899941],[-77.06139197200635,57.764654914292834],[-77.06685528324084,57.77755010991806],[-77.09350839834526,57.77664671091874],[-77.09823362218728,57.76310928693412]]],[[[-77.05178288733414,69.75233964835539],[-76.96000502428058,69.75334905698051],[-77.01350999877519,69.77618330613048],[-77.04190103368799,69.7709664353307],[-77.05178288733414,69.75233964835539]]],[[[-76.95058859153171,57.53921763295801],[-76.91749119989571,57.49368416408877],[-76.90405693490706,57.51342116657916],[-76.9172740793221,57.549845497839485],[-76.94261438998326,57.552436614423684],[-76.95058859153171,57.53921763295801]]],[[[-76.87218397499373,57.418748123829275],[-76.85428414295573,57.322130211898966],[-76.8019380826555,57.29562004031248],[-76.78000099622697,57.33017959483061],[-76.80577893355465,57.376846494410195],[-76.83576268701039,57.41151951468989],[-76.87218397499373,57.418748123829275]]],[[[-76.84453572464234,44.120312065720704],[-76.81744630919026,44.10823086898451],[-76.76042428006443,44.120478913951125],[-76.69259857836074,44.189131064213704],[-76.8041177188172,44.16686491548959],[-76.84453572464234,44.120312065720704]]],[[[-76.83781664337829,56.19249184605092],[-76.77732032952608,56.19472593872906],[-76.83640408257591,56.223885143313666],[-76.83781664337829,56.19249184605092]]],[[[-76.83448436707079,56.10101446022324],[-76.78261100753176,56.097172649327916],[-76.75185662475539,56.113185093695435],[-76.80580986567966,56.15749997982362],[-76.83448436707079,56.10101446022324]]],[[[-76.81060175516106,57.243848475418446],[-76.80386990845093,57.216844347784296],[-76.76163060435243,57.226450529201195],[-76.78521894390576,57.26052769495827],[-76.80452287675865,57.26079435621962],[-76.81060175516106,57.243848475418446]]],[[[-76.80223306674836,56.286774083209025],[-76.77410904384053,56.276774271083006],[-76.72644553283111,56.29618899610826],[-76.71153613421706,56.31212345736209],[-76.71779670426172,56.33034966922779],[-76.73479549517965,56.33568910895408],[-76.80223306674836,56.286774083209025]]],[[[-76.75439956027675,57.15541073488516],[-76.72844372160672,57.07373909851036],[-76.706622361784,57.06260640993684],[-76.6799933587042,57.073874671551955],[-76.67621641573018,57.12967866564718],[-76.71779957589017,57.16741531029129],[-76.75439956027675,57.15541073488516]]],[[[-76.74760180000487,77.89145289370649],[-76.64306896738003,77.89913786993999],[-76.74355174586687,77.91346357944454],[-76.74760180000487,77.89145289370649]]],[[[-76.7462321632094,56.95968994487192],[-76.73428011892722,56.94792581939394],[-76.70531941176984,56.95718112450365],[-76.7135738982426,56.97027461191162],[-76.7462321632094,56.95968994487192]]],[[[-76.74180811264804,57.00837549979516],[-76.7120171202311,57.00171335350941],[-76.69438446976332,57.02446283004058],[-76.73406816828177,57.03040474641234],[-76.74180811264804,57.00837549979516]]],[[[-76.73923308976144,56.44138932217203],[-76.66730075449992,56.44771778502454],[-76.6748553905759,56.46252612174244],[-76.70854636923251,56.466166903915536],[-76.73923308976144,56.44138932217203]]],[[[-76.72295042327941,56.59752302960926],[-76.709021635768,56.55567429988447],[-76.66938277324456,56.56897497432282],[-76.65101841468093,56.68456745747848],[-76.6610238601978,56.70139912978836],[-76.68848479604932,56.695586153128474],[-76.72295042327941,56.59752302960926]]],[[[-76.71968307493292,56.870937740023685],[-76.7194725476196,56.85329432426112],[-76.68134527074884,56.870348474736296],[-76.71968307493292,56.870937740023685]]],[[[-76.71175255822865,64.15900034374293],[-76.60947139265114,64.15207952894806],[-76.58370500869623,64.15522855478021],[-76.58394433352649,64.17290129102462],[-76.66196498030976,64.17952658671909],[-76.71175255822865,64.15900034374293]]],[[[-76.70451518811997,56.749932885156326],[-76.66017509256041,56.73992730425143],[-76.65778162364005,56.7555259914841],[-76.68997488354843,56.76415240667061],[-76.70451518811997,56.749932885156326]]],[[[-76.69189661538441,64.24039087340815],[-76.63293965334876,64.22660395265437],[-76.61115882664812,64.2388552829635],[-76.63815183657938,64.2606178386096],[-76.68586231599262,64.25397983885479],[-76.69189661538441,64.24039087340815]]],[[[-76.67485345079363,63.38366806253333],[-76.63770213506565,63.37868333766942],[-76.61288793013324,63.39950999597395],[-76.66758173328154,63.40073261856531],[-76.67485345079363,63.38366806253333]]],[[[-76.60852065309957,64.19976799465744],[-76.53799274791963,64.18492405438583],[-76.5194558010479,64.19921859221124],[-76.53697733020935,64.232523017604],[-76.56514474248323,64.2331515154148],[-76.59845412865477,64.22190133293456],[-76.60852065309957,64.19976799465744]]],[[[-76.53615341151735,44.163100424501074],[-76.46711146374393,44.116255466045644],[-76.40569196793362,44.17824515361842],[-76.41746568693061,44.21190909381704],[-76.25520806399706,44.239190970181355],[-76.29124680862196,44.25284272811728],[-76.34683921347697,44.23886680306092],[-76.4225844082046,44.244702714566344],[-76.53043714109832,44.184195038498814],[-76.53615341151735,44.163100424501074]]],[[[-76.37292924945939,44.27130135416164],[-76.291705963467,44.2849418741009],[-76.27821294031553,44.29978824542898],[-76.37292924945939,44.27130135416164]]],[[[-75.75380782942644,64.33000933099792],[-75.61776614990164,64.30697211800035],[-75.54933903135121,64.31301981992965],[-75.5707680618928,64.3363605567606],[-75.70770555124957,64.35770868100643],[-75.75380782942644,64.33000933099792]]],[[[-75.4546440923806,68.6130687436689],[-75.44760801468793,68.57536776020022],[-75.38901074274946,68.50186715608572],[-75.05355907127567,68.3936028817311],[-75.0064210905583,68.34367496470985],[-74.9328754672213,68.33055730884429],[-74.83340166723909,68.407423709508],[-74.94110208948409,68.42868857844802],[-74.94393248906307,68.43957967992012],[-74.83737280134609,68.4644886427701],[-74.81843005041101,68.48771346682928],[-74.93807098418604,68.56129065849929],[-75.03021893277867,68.6572117307696],[-75.2352389745781,68.69662242884897],[-75.26024267896274,68.7198035796579],[-75.29285551593222,68.7223990593476],[-75.32572865363099,68.71612945877771],[-75.38036197268463,68.65680385855333],[-75.4546440923806,68.6130687436689]]],[[[-75.18500536019647,68.7315150540038],[-75.12961424894269,68.70237142888978],[-75.09606463913954,68.70146819492246],[-75.06579412131586,68.72735434270659],[-75.09255438029278,68.74720106039756],[-75.15315152878921,68.75200286152682],[-75.18500536019647,68.7315150540038]]],[[[-74.91746141618631,68.6269311069747],[-74.91221752833944,68.60346014761711],[-74.8163792221036,68.56198252151353],[-74.58560102661482,68.55880942865622],[-74.57174160336332,68.57363200176859],[-74.66894630442975,68.60469052118086],[-74.69385809720815,68.65817483670652],[-74.73505875255863,68.67044402615879],[-74.85258957992981,68.66944306301087],[-74.91746141618631,68.6269311069747]]],[[[-74.90035248761463,72.18984102035336],[-74.8170636287279,72.17004357558389],[-74.73440947763414,72.18900254652561],[-74.69327988328732,72.22133255550493],[-74.76932400881076,72.23535414347218],[-74.83256661403935,72.22741368800716],[-74.88985673737663,72.2119538502915],[-74.90035248761463,72.18984102035336]]],[[[-74.80805675972694,68.00651880549982],[-74.77874344099341,67.95260505750515],[-74.74591794218522,67.92850390972053],[-74.72848691779572,67.86319933073234],[-74.57182634027376,67.78768702943891],[-74.47542997652016,67.76864903878277],[-74.29237657030941,67.7685428950967],[-74.06277506381734,67.79792331220166],[-73.84873414335043,67.76433773016528],[-73.56456873824307,67.74530940982032],[-73.42634597866504,67.79126587690799],[-73.38004882068013,67.83322547686599],[-73.4640275162853,67.89988435362808],[-73.4664881133286,67.91798589110796],[-73.42640384195884,67.94271463639372],[-73.45127685218031,67.97000689580067],[-73.67220366991269,68.00988659723343],[-73.88631632988614,68.00972754015343],[-74.09185770989615,68.06009345351565],[-74.27496362750125,68.06374122666024],[-74.29024402181216,68.07751277062253],[-74.24468391588212,68.1196604254995],[-74.24915897196328,68.14316706009342],[-74.30332768863529,68.17100921221038],[-74.39001600119857,68.16961016892778],[-74.42482006926885,68.1211619248562],[-74.47604210951803,68.10777296064188],[-74.52654185721957,68.06418567990741],[-74.7327655259899,68.07638588645695],[-74.77351353819547,68.06389202420536],[-74.80805675972694,68.00651880549982]]],[[[-74.74648318362182,45.00101468546467],[-71.56588787326076,45.001309082397086],[-71.45190898653178,45.1175220915757],[-71.4209509952103,45.17694948686462],[-71.44553690100348,45.213878886214026],[-71.34664070248313,45.29933989919419],[-71.31748124761913,45.30590243225289],[-71.1935821254405,45.255155796252176],[-71.03972585953794,45.35595443116852],[-70.99499487008175,45.36041448886298],[-70.96640280083203,45.348971962151175],[-70.94478859923508,45.307869655566364],[-70.94803198782253,45.2609274569587],[-70.89085419507238,45.234925345875745],[-70.82705476390242,45.280775503017225],[-70.80955024036818,45.33605211129882],[-70.8282217502505,45.41668613517303],[-70.8158800059556,45.432866780919355],[-70.78495716939449,45.44234029087215],[-70.70195263233248,45.40320009969287],[-70.64906308320634,45.409322765368174],[-70.6466853089428,45.42762941683285],[-70.72068192234016,45.52332025564384],[-70.7264139014174,45.54199081180415],[-70.70044991836298,45.57345439261166],[-70.57824064574481,45.65221215082303],[-70.43057579061525,45.69145785931163],[-70.39879691217504,45.75687377190653],[-70.42249385879613,45.794074505223996],[-70.31493815020838,45.8751731177596],[-70.24125819320464,45.955642830629756],[-70.29691379172506,45.99113649316882],[-70.26683608534022,46.11418630332034],[-70.29701517169669,46.1494912730487],[-70.28098146427013,46.25055842903342],[-70.23066988075963,46.33762528498959],[-70.0718255685545,46.457067361814474],[-70.00534546722996,46.74218650588325],[-69.26843838854478,47.47241260269185],[-69.12638724248349,47.44333560157052],[-69.09810175896594,47.393169261936094],[-69.10399365636945,47.32058662227131],[-69.08522358612366,47.2724992833911],[-68.95885566745585,47.20080449066301],[-68.54673362543973,47.30982456086598],[-68.42590442319513,47.31255247121898],[-68.37144338129505,47.3602470461935],[-68.28862725168389,47.36974540061088],[-68.21075739550805,47.34842857071631],[-68.08639494450408,47.27918968532309],[-67.98310893221641,47.16331561250262],[-67.80280496623566,47.052872030538055],[-67.82531336358382,46.26605139982284],[-67.80764489523118,45.89574934859627],[-67.83736152368505,45.871138552722805],[-67.80546634446999,45.8283618435],[-67.83845733538708,45.74454708612031],[-67.83460157815229,45.695320397264354],[-67.80599918700388,45.67358924702192],[-67.77358550090003,45.68336017515737],[-67.72430526483262,45.672751905942754],[-67.69189496326653,45.613741243323595],[-67.66020718402648,45.599438696467345],[-67.52980772182677,45.59103322889059],[-67.4642923069168,45.567679338781346],[-67.48210770529568,45.50158569594144],[-67.52328582737044,45.45892388586264],[-67.46887338463355,45.34165208760448],[-67.51410102149615,45.270206569359004],[-67.45043571016285,45.18235229488666],[-67.38925156063803,45.13025606268687],[-67.32843735684585,45.12747688910312],[-67.32553302578343,45.158377263357835],[-67.29754357650735,45.17954132160467],[-67.21365958231547,45.15327618653046],[-67.23269937495743,45.18972966752783],[-67.22254426889047,45.21009635383421],[-67.1897001977636,45.18607824576437],[-67.11149980400815,45.06422755244141],[-67.07724971800432,45.067950122651354],[-67.07241630982745,45.13191154989029],[-66.99657488410465,45.13917200273487],[-66.91841461575497,45.10165336065238],[-66.96936158267664,45.08466983436321],[-66.94187690287602,45.040701559615684],[-66.87176649374048,45.056257502591336],[-66.854229182094,45.02716814978828],[-66.83582396444419,45.0241570565916],[-66.71332659806075,45.054458298676394],[-66.56645363056408,45.117177795464826],[-66.52572196041453,45.11373593332944],[-66.51151244618713,45.06407832876878],[-66.48434885286562,45.05881624502056],[-66.29741952365586,45.144351512585025],[-66.29826418057603,45.157004649715226],[-66.27084790722692,45.156901147414295],[-66.25893124188934,45.14135661459963],[-66.1956500890864,45.16189508747844],[-66.13529171675432,45.20975080282485],[-66.12520945110852,45.233629188092074],[-66.17648756058183,45.25065587530306],[-66.27683654141391,45.33196753395111],[-66.26516027774248,45.373201274272155],[-66.17224857240488,45.45874120897684],[-66.16492015890019,45.48694453048683],[-66.11599694137043,45.507795004506924],[-66.09670281679958,45.56305602409523],[-66.14434932912226,45.630554280653996],[-66.19041888488341,45.77753008094926],[-66.3382771624333,45.85319481474136],[-66.51953328332014,45.84659049949558],[-66.5638582016519,45.86850700023966],[-66.53203913428732,45.870999242320984],[-66.37115067304866,45.87759426010935],[-66.28225182069936,45.85820811069134],[-66.14863366555089,45.78438628996742],[-66.12482704733011,45.719570757942314],[-66.07840162802783,45.730520544681845],[-66.01890792546698,45.77527119005611],[-66.01140662711205,45.74668194243477],[-66.09885099274489,45.66839022959931],[-66.1021209753339,45.63374232723385],[-66.06788446943789,45.58387228093132],[-66.05151799176465,45.581348318554895],[-65.9864426392375,45.59441493658829],[-65.91529670183326,45.63249386026263],[-65.90673731618719,45.610622566175515],[-66.09408861613767,45.49668905559709],[-66.11868023807527,45.455265229188754],[-66.19749394168045,45.401529104303],[-66.23647801866397,45.35147356882957],[-66.21755917021278,45.32528723569413],[-66.14259395773628,45.33395820518638],[-66.10557245038439,45.40395483339764],[-65.95575015895005,45.49569838590402],[-65.9042192063024,45.50690126989425],[-65.90209911617097,45.49217302635302],[-66.02598849180754,45.41130254257903],[-66.04663200631241,45.35822198182017],[-66.14547274713459,45.27624070851434],[-66.04430259080067,45.244168372351],[-66.03415592951731,45.19710900251032],[-65.95913269522225,45.18251203184357],[-65.86670815474676,45.22878739695886],[-65.78827433267651,45.234449418131724],[-65.59148467920915,45.30056433112574],[-65.56471483975372,45.33595877970596],[-65.33205781433963,45.45609371637834],[-65.27169052824387,45.46455718110445],[-65.21633414698105,45.49577033658677],[-65.07836247312369,45.520347050107084],[-64.93960012689496,45.59089305487477],[-64.79531280709112,45.59365251268758],[-64.71147145213061,45.68305825306085],[-64.67742964833138,45.693253146000366],[-64.70926530751306,45.718226578814466],[-64.64935259177297,45.76060571300399],[-64.62015217218637,45.80256369525349],[-64.6848365173735,45.90493142537826],[-64.69243032730978,45.941154136834506],[-64.66938149112133,45.93650450981992],[-64.54067222688148,45.7802464126672],[-64.57563371463459,45.71484114221701],[-64.53190375774508,45.715025347042115],[-64.3731113868972,45.8658026373734],[-64.30890061319553,45.80811106880142],[-64.33523999299821,45.77609876692848],[-64.31542301446675,45.76139754271085],[-64.32662603149168,45.74668189599383],[-64.38133396557566,45.74068020497735],[-64.35993805449236,45.7776738071079],[-64.36871975481156,45.78915473663784],[-64.41473025782088,45.780659078555075],[-64.42497858793,45.74941600405728],[-64.49236196285314,45.676988779022444],[-64.7668089324407,45.50881465957705],[-64.86768094536335,45.46543571322353],[-64.9553291629646,45.395162070151656],[-64.99114581656376,45.33549919763548],[-64.98229428710926,45.32410205129698],[-64.87392838543127,45.33673178440917],[-64.79942282491551,45.2980380474768],[-64.76707259130562,45.31043533513439],[-64.71298775754451,45.37027752071253],[-64.63638040291491,45.39345036116401],[-64.46748857174154,45.35096950517421],[-64.30859563612992,45.36650789672745],[-64.24008419255483,45.38809031699323],[-64.12142279561554,45.38626959971797],[-63.93540792568382,45.346677351060926],[-63.805729872456574,45.380674353788805],[-63.62666217948003,45.376649583371986],[-63.487186860003476,45.353274141892626],[-63.477449778414176,45.33964477857363],[-63.52015752531713,45.27665985254171],[-63.56493760767718,45.30431899180851],[-63.80069627602915,45.29823927156055],[-64.19387110822544,45.18649520832338],[-64.23902040152817,45.10818854136388],[-64.15497038989297,45.0301156252936],[-64.16913321059374,45.00554218109607],[-64.10154916038076,44.982342876978116],[-64.12918115207202,44.965278361647115],[-64.19756445675263,44.97798737605718],[-64.23045753769419,45.03941366986403],[-64.32086765878711,45.106648834392345],[-64.36345767954153,45.11174424082156],[-64.39362043493283,45.0899479979598],[-64.41880481383262,45.09898700918457],[-64.42952727591307,45.11994391363743],[-64.39940873139426,45.15073763879759],[-64.41701737148692,45.18617624072878],[-64.36917895575455,45.25665152681014],[-64.37822472229283,45.28069900699475],[-64.5240113612653,45.327609145041905],[-64.53188138648706,45.31374031424504],[-64.45727949307121,45.27999122848659],[-64.45254084891592,45.257141406892124],[-64.47797668848128,45.239332530795906],[-64.95375408389756,45.11272258650715],[-65.76720076771242,44.69853372176206],[-65.78715526005796,44.67032226732035],[-65.75934886729256,44.65743406662952],[-65.4720449477873,44.76170270584371],[-65.495100950684,44.723632059123105],[-65.59973344465833,44.67243817643382],[-65.69648741621134,44.58904127586304],[-65.75042681186913,44.58067060617341],[-65.78531446404526,44.59900569477087],[-65.79950931230847,44.64712428697481],[-65.83554660402527,44.658649286454704],[-65.96048312587499,44.588811514944865],[-66.05608814521561,44.55524479101418],[-66.1395714945914,44.49451071966788],[-66.16034239777423,44.459487854485204],[-66.22473694715028,44.41137542548642],[-66.22970054745839,44.382659272888525],[-66.18981700023564,44.39322902332126],[-66.01761484692143,44.54845083512744],[-65.92894034907981,44.561722944595175],[-65.89860542127794,44.53935467428556],[-65.9116168470257,44.51465081582105],[-66.1235210545163,44.35966831724594],[-66.23200284210196,44.13127233765504],[-66.23097708543071,44.07639274873683],[-66.20011285724006,44.008209974502755],[-66.19597153286107,43.92608865296904],[-66.21644331591813,43.891147437846925],[-66.19411837486732,43.78310865711468],[-66.16489805576171,43.74526162545986],[-66.13345840217548,43.74028990689379],[-66.12007400894525,43.70503943241286],[-66.07988498662117,43.70291901361221],[-66.0798852471192,43.674704372186206],[-66.0112668623216,43.694758845615354],[-66.0041172570208,43.722716326912554],[-66.0395686253489,43.762369562224634],[-66.0185200215245,43.77948171246651],[-65.98544088160453,43.76342314363772],[-65.96811736998602,43.8062850431406],[-65.94333976582568,43.79773446619288],[-65.9220207080918,43.76379825651583],[-65.8848687412229,43.760623149284505],[-65.87178374729169,43.73417473407901],[-65.88198005500963,43.62593638733494],[-65.848094188001,43.58847735872342],[-65.8263737399598,43.658289816481094],[-65.80059292861961,43.64236560656461],[-65.82577546833889,43.538301759738005],[-65.77584463356845,43.50865594946062],[-65.77624554752923,43.47536448277294],[-65.67980883419055,43.483856444786824],[-65.6255418971619,43.51809577085529],[-65.60650848888245,43.51281943039862],[-65.59671898233964,43.48540995522725],[-65.51952219925748,43.447975117348044],[-65.4852769244823,43.50358586180447],[-65.4544057281828,43.47027152274029],[-65.44969996548672,43.51129956942482],[-65.48923172778233,43.55587650762073],[-65.46571371175196,43.56345701485427],[-65.4283216098802,43.54238342855525],[-65.39411379793265,43.5521552018048],[-65.37522133380673,43.61044900117513],[-65.39087055992269,43.71376576445207],[-65.3510284588685,43.706124096501775],[-65.34496072459744,43.66730387620585],[-65.30721705571966,43.65135332712827],[-65.28264727181829,43.70627467761873],[-65.29788210829909,43.73705197267526],[-65.26436762873271,43.75417213002454],[-65.21709649489969,43.69659054081513],[-65.18805127990588,43.7007546257738],[-65.18653454850657,43.649085107694766],[-65.16558242680148,43.65195617091896],[-65.13411425552077,43.71028178043784],[-65.0975727376265,43.68748140095815],[-65.07075406895423,43.70108234195651],[-65.05460016629905,43.73542045284149],[-65.07541767764913,43.796292276214274],[-65.0458187374784,43.78782947106919],[-65.02305525052402,43.7530049557105],[-64.99431308846926,43.75191802400038],[-64.98349755675848,43.771883996435925],[-65.00764380781507,43.826543926359015],[-64.99877023883846,43.8382683656228],[-64.9857185476391,43.83979179175779],[-64.94556181976748,43.78761007982388],[-64.92772789266003,43.83388685592512],[-64.9573801369572,43.8512786591911],[-64.94947836793384,43.861390903328434],[-64.90117555311089,43.85114301395821],[-64.87349101695551,43.81659894830371],[-64.81389821891558,43.84918403938547],[-64.82763723477998,43.87793290249849],[-64.8644343920601,43.886747729944716],[-64.87641430507598,43.9097013031699],[-64.75916995975818,43.94883777898573],[-64.72574839214964,43.96939214317738],[-64.70410555338324,44.02177877615135],[-64.6123556633762,44.05399126047614],[-64.58890742470525,44.09171071025864],[-64.60004041095172,44.10731606120725],[-64.66090080040473,44.117756809160355],[-64.65272538995973,44.12789422977719],[-64.52789067995111,44.14343436909449],[-64.46632597935434,44.21817113825915],[-64.43512822198225,44.22511213014246],[-64.38578028482651,44.28213210279664],[-64.33989224314222,44.24021706276128],[-64.31555305924867,44.234899135298264],[-64.27874113080176,44.256183035762795],[-64.29648958494482,44.27751402161468],[-64.33023608535856,44.2748260040191],[-64.3176022272962,44.30148299571755],[-64.32705725099386,44.311364940297615],[-64.3714147659068,44.31181405898993],[-64.37528290814097,44.32714935014928],[-64.33618160744484,44.347929642444065],[-64.29596805739432,44.33978494850988],[-64.28689294961637,44.36033695724826],[-64.32151015639657,44.373942975373225],[-64.32512310329108,44.398232847308144],[-64.37492066002473,44.38955409300234],[-64.39789078385644,44.41049900528681],[-64.35267419060278,44.441958451025265],[-64.36165912695337,44.46595788657108],[-64.33762448780368,44.530353898293946],[-64.25293290864326,44.525387626937714],[-64.23993673605561,44.548392020753596],[-64.21071483918278,44.54704450052715],[-64.1650715663743,44.50869959692226],[-64.15650979336237,44.46688791822825],[-64.11974086127047,44.45251206516975],[-64.0536997338978,44.48496349402179],[-64.08323325553384,44.5294135671579],[-64.0797355031214,44.60529723461808],[-63.92477618337699,44.656370143772065],[-63.96739568125379,44.6044837422534],[-63.95603013499287,44.55453739307464],[-63.97897766922434,44.51483458065985],[-63.96593757169584,44.498459096578095],[-63.89199987146291,44.47472958119542],[-63.83475652482993,44.48278311896808],[-63.830843543197794,44.46374084097604],[-63.7181731615566,44.45526360504262],[-63.674500876503124,44.431424980869416],[-63.624100632499555,44.457535930665436],[-63.584912232768524,44.44754462567457],[-63.56159712351485,44.48721002942359],[-63.59086933817664,44.522907041267246],[-63.588819974116525,44.57792768172971],[-63.620774653111454,44.60902236848988],[-63.615768987585184,44.62191608710609],[-63.6903378998312,44.66209103080833],[-63.69343577820725,44.69536124581628],[-63.62047413382348,44.661018497015434],[-63.557618030072256,44.600921400773366],[-63.50117025959012,44.58572772370206],[-63.46191113299491,44.60982691902585],[-63.49550782271922,44.65944864305238],[-63.46788655685457,44.663695511607344],[-63.416911282923145,44.61779720736496],[-63.32925510460194,44.61283487201873],[-63.29980132822123,44.64530105252756],[-63.305805304468606,44.67770586617537],[-63.27691520930306,44.7048950894954],[-63.26273920425179,44.67363863779543],[-63.24356881818868,44.667741914414805],[-63.22912219725409,44.73001691781515],[-63.21119566848467,44.73895853162155],[-63.19402460190312,44.73372941362149],[-63.193309634484116,44.67591524820903],[-63.17591991536843,44.67952656025634],[-63.151440450983884,44.75854484088736],[-63.1330939282196,44.751140326136415],[-63.13055109210659,44.70895832970427],[-63.09732153394681,44.67174995552825],[-63.07140995639716,44.67283653307094],[-63.06554521241889,44.69086020106436],[-63.09067017890672,44.75439575559414],[-63.06976219506986,44.76789896153589],[-63.034180200937925,44.701081474745415],[-62.932884927701615,44.709681508578505],[-62.85058460570351,44.69510708537225],[-62.839889114385635,44.7044115795305],[-62.85682060642677,44.734913795497484],[-62.84423664990004,44.747211804502705],[-62.87523564196801,44.783916836965844],[-62.84098331785629,44.785934801951605],[-62.809983852816856,44.76190400686363],[-62.757890386060616,44.77654706922937],[-62.69994689248121,44.76758824892791],[-62.6466477670477,44.808859459660894],[-62.589302783104415,44.77825939641682],[-62.57657108791407,44.790597959730825],[-62.58100897956232,44.8371947469912],[-62.5362822727205,44.83952738006028],[-62.52587567475806,44.86886389921402],[-62.49650863884821,44.866950878157205],[-62.49591567653058,44.843161756421566],[-62.47807411657192,44.84306998794936],[-62.26504195176449,44.93552662250922],[-62.2173800463341,44.92593047564952],[-62.14179471338267,44.95279600798647],[-62.01905691993847,44.96465461543251],[-62.09685548706685,44.98756310170161],[-61.99847016570034,45.005341662277644],[-61.98728983080191,45.01090454172277],[-62.00217214069083,45.03192817029704],[-61.98500978282549,45.04281362039044],[-61.950437848509,45.02453088375686],[-61.9175317723318,45.035878053040726],[-61.886294763642304,45.0204288668627],[-61.83187382522759,45.077613410553305],[-61.786072828047196,45.06468737042824],[-61.686886075434735,45.0710167483872],[-61.698913067398465,45.10046436431249],[-61.67871376957726,45.11581130836313],[-61.73225686543155,45.13671384181402],[-61.72431215782261,45.1451133415702],[-61.50538373524899,45.13265583055823],[-61.33973085556317,45.15728435269294],[-61.31689998277046,45.16447355633911],[-61.31968377027651,45.17994136826762],[-61.37743628913083,45.17869268068123],[-61.403455002281824,45.198149716670116],[-61.317810027140304,45.2342238870669],[-61.268434461206354,45.2345079520754],[-61.21809408495867,45.21255039447644],[-61.21041249112224,45.25578876161372],[-61.187087640273866,45.275584090434776],[-61.15975280605811,45.25016414214851],[-61.18535371794648,45.20724030425966],[-61.15533922470221,45.193716757524754],[-61.119938342756264,45.2003953593568],[-61.077957336048634,45.22864475029645],[-61.05348533577904,45.2773928579387],[-61.01018370854444,45.27227110958199],[-61.00979100391863,45.29233064919462],[-61.055028425217316,45.31825826631619],[-61.15462701067533,45.33272921134867],[-61.28925237041701,45.3254911708061],[-61.38693924557378,45.34267146495496],[-61.45603481789917,45.332216495440406],[-61.51502698891978,45.35317777456608],[-61.542784365384506,45.40227656055779],[-61.611026407986905,45.437095307602405],[-61.563519042649354,45.438183376598715],[-61.478653146650615,45.385199459393434],[-61.31717175490082,45.43341183195933],[-61.26730445874054,45.477552705313144],[-61.29506720379815,45.50674820046216],[-61.36671123505354,45.52452819154333],[-61.45172960311502,45.62158120729933],[-61.54734391152793,45.66705280961891],[-61.606697936832965,45.664104939006144],[-61.630656960574846,45.635214512792494],[-61.6903563357713,45.61959916108829],[-61.807518799376254,45.627721236238386],[-61.84594314765328,45.612488022522044],[-61.860720348985375,45.65002490273488],[-61.896757357329165,45.66696332263655],[-61.930867763662164,45.65037719069909],[-61.918707560672544,45.624625441066094],[-61.96567866111013,45.628564188482216],[-61.97615273676651,45.64455693767843],[-61.93849778722505,45.727554869197476],[-61.96019056091984,45.8237976833394],[-61.916388039857445,45.859366482476624],[-61.929125082692366,45.87606049842671],[-61.974687885286016,45.87035614986795],[-62.224908057117354,45.73171473899519],[-62.4675854198747,45.65598672312853],[-62.46892248768794,45.64554910549267],[-62.401891460274,45.64480106726723],[-62.4052558350161,45.6312948724995],[-62.51740175042299,45.60959838927055],[-62.53348923653403,45.612833333641234],[-62.54095422380537,45.642313571845854],[-62.595328999609364,45.646349711396276],[-62.61820659224764,45.667912664723346],[-62.706442752707,45.655025717379175],[-62.7137551351864,45.639123353522244],[-62.6769056533954,45.61511699373112],[-62.691250957154104,45.60863021193257],[-62.739348580086144,45.62696021752801],[-62.79237845136881,45.6123473668435],[-62.80388533221921,45.62306453089764],[-62.79281405773991,45.64509761084132],[-62.82100926794295,45.666398357408326],[-62.733484425109936,45.67409919198874],[-62.69912476160527,45.68358976118447],[-62.689807228204344,45.70257225248502],[-62.80350638724091,45.74081672813724],[-63.107774710826,45.801915642813945],[-63.12936753542847,45.77933303688865],[-63.096589728291114,45.756859108659626],[-63.14460957202218,45.75858041757256],[-63.21169515663232,45.73341264855999],[-63.228221719853245,45.740186679803855],[-63.22490932968101,45.76273481256538],[-63.30120379371283,45.73485723704904],[-63.31801164753247,45.70725103976384],[-63.336432672228845,45.71099057339149],[-63.386466338862945,45.73481198440584],[-63.38695909432155,45.75121424316216],[-63.31482686085907,45.76782628706373],[-63.28534418056017,45.795195463233426],[-63.56666185253042,45.804287953892846],[-63.556526683867034,45.82112152247253],[-63.456458871324514,45.845840809484585],[-63.48631717326342,45.86912149678475],[-63.627319127032635,45.879841818490284],[-63.72037473295736,45.85826252600449],[-63.83083654895201,45.893971906249206],[-63.94384786577253,45.97347410711767],[-64.074129049385,45.989335653908995],[-64.10983615177,46.01210301432905],[-64.07705324654836,46.03692703475031],[-64.01290657565673,46.04917862554508],[-63.950785236785705,46.0403582495733],[-63.82077113516128,46.08042944612185],[-63.80241697639897,46.0895446945751],[-63.81568288503216,46.11504171982553],[-64.06222382562018,46.158804231025],[-64.11443041054189,46.144921888843605],[-64.14321523991494,46.162111662817345],[-64.1800107275229,46.143699154021725],[-64.2039083410307,46.15587979937236],[-64.19388540137633,46.18191300046033],[-64.27690239130095,46.221582781939354],[-64.58700008169681,46.22766706502594],[-64.59014853744459,46.27166815098686],[-64.54672260315053,46.30626530165085],[-64.58029840826842,46.34253919516533],[-64.61560056442539,46.32181788827198],[-64.72558751313983,46.31102900661872],[-64.64647696357008,46.36278277138157],[-64.664898747772,46.43429255125779],[-64.72495144674329,46.447358511047476],[-64.72683584610137,46.46221424990087],[-64.69767134120347,46.47208867770606],[-64.65825392352785,46.46842871223426],[-64.73965129723666,46.54839126070601],[-64.74959360185088,46.58528244268209],[-64.73857268429872,46.663186934546275],[-64.75978914033203,46.69415028068303],[-64.79859858995415,46.672391455952024],[-64.83963498768854,46.678192596336906],[-64.88816029722979,46.65732482610243],[-64.89495016315723,46.66819055847455],[-64.86640736338937,46.717846237900595],[-64.90259338417872,46.72769989827586],[-64.92171372277024,46.74906026471338],[-64.93386877727342,46.809842408168365],[-64.98062183311413,46.833304125101826],[-64.937410021328,46.85393974878745],[-64.91816670098349,46.909908083041614],[-64.8465174608643,46.97496430019395],[-64.83930405404683,46.99646401860224],[-64.85721992099266,47.02471601835936],[-64.84284613637647,47.04953487144219],[-64.93840255494878,47.06641753574628],[-64.97689362188473,47.04985438045161],[-65.08442786069794,47.064317272802775],[-65.18636102760287,47.028701682625815],[-65.2682186559643,47.06485022072684],[-65.35654585135006,47.04347926720691],[-65.41503119675734,47.06071517178219],[-65.35392048463834,47.0804627966219],[-65.02445596941728,47.27847702821539],[-64.99717269672819,47.339527490798424],[-64.94950730516204,47.339428100201],[-64.90983077628067,47.43501788796128],[-64.91411464663658,47.45062029946326],[-64.9527683645179,47.4663264671102],[-64.92623287798038,47.55298996989721],[-64.87391838592441,47.56958347441349],[-64.83327204572957,47.625395982506106],[-64.84762703102074,47.65090333777891],[-64.9003413907092,47.66139402585145],[-64.89849234281363,47.682622782623866],[-64.80994460605694,47.6697412678387],[-64.72327244508276,47.70782625253133],[-64.76817472538376,47.745106167999],[-64.79448567593762,47.73237598558593],[-64.79390524571279,47.71049099567723],[-64.8720833514769,47.73686104948644],[-64.87492218673634,47.75027701903452],[-64.8296865879593,47.763453393661806],[-64.83724919904839,47.778096464228085],[-64.93900909122414,47.78717077111722],[-65.05536640661819,47.76220813692631],[-65.09198003505458,47.77726944567669],[-65.00257327701868,47.80225390612432],[-65.00398705870616,47.81346376861251],[-65.03142489080915,47.82611818833405],[-65.17203887024267,47.81464637232551],[-65.29557794580262,47.78583508957066],[-65.52290039831655,47.67778267344171],[-65.63637570644741,47.660438519185796],[-65.66403579823789,47.62091404579032],[-65.68815649713588,47.61802447932957],[-65.70353402268853,47.631079563420414],[-65.68722127848763,47.664616095647816],[-65.76430662018703,47.76873326789899],[-65.76111796329914,47.80744149024342],[-65.79044356148238,47.84544001770887],[-65.85737957426858,47.887634692308886],[-66.13660854550389,47.92772698845123],[-66.18413449494982,47.957578407854236],[-66.35122086019979,47.98843337186262],[-66.38093809519033,47.997598963513944],[-66.39838802027583,48.014425030152516],[-66.39901639874851,48.05215171878995],[-66.42866604377004,48.061265706038604],[-66.76652645631168,47.97950036769382],[-66.87024411391288,47.97962760376713],[-66.93572033191636,48.0061764824338],[-66.78774969629139,48.00432969737186],[-66.61248020930965,48.04737136620418],[-66.56075915941359,48.08840401937639],[-66.4914540369426,48.11252075754993],[-66.44775079767425,48.114329534313654],[-66.33202749643586,48.07680311310434],[-66.32400064812371,48.11058263232989],[-66.3079627457401,48.115558708118236],[-66.23403149206446,48.09898569844625],[-66.11484179848917,48.10149429820428],[-65.97291860303422,48.1826290783826],[-65.83041401527619,48.11601360591891],[-65.60700744263892,48.069827415530206],[-65.48244260623444,48.010757736343045],[-65.37526115719481,48.001063935043554],[-65.07605340826295,48.099483006708795],[-64.9665555247529,48.1664059781519],[-64.81404801637143,48.20009318566563],[-64.72881670861254,48.28421768615229],[-64.63105021211493,48.34326092868833],[-64.37046300235565,48.40935471319285],[-64.31778724543956,48.491302087899804],[-64.24961558368534,48.491081295036196],[-64.23670979611019,48.507549532632105],[-64.29343851933874,48.53566786322193],[-64.30997848896375,48.589107800260706],[-64.29663565069755,48.611004966335145],[-64.22001545716859,48.628460756617464],[-64.33371436987834,48.6936664624843],[-64.38951097534328,48.77764578831866],[-64.48270592480111,48.80980025906082],[-64.59500564405063,48.810637189621524],[-64.60304269266507,48.82901723541879],[-64.56134502916095,48.84344135857358],[-64.57413240715549,48.87223051521523],[-64.5607830889068,48.87598286990304],[-64.44187206241538,48.83165277427704],[-64.3509165209744,48.818239477625326],[-64.28990985036869,48.79639115961412],[-64.223623680199,48.74765135583226],[-64.18574024351786,48.74652693314201],[-64.24958148128373,48.803782353071995],[-64.22379274139884,48.82771827342289],[-64.23122884093607,48.85154942262438],[-64.46897548547297,49.04427813523199],[-64.59581650521324,49.099564871558144],[-64.97938263840508,49.21592639637153],[-65.0877469367772,49.22932830949359],[-65.25796747446357,49.22215202556929],[-65.44257438180414,49.26539714272067],[-66.12302376338167,49.2143103180294],[-66.5473861499399,49.148138264464585],[-66.92896332674216,49.0362209517086],[-67.13096306857453,48.95484575701833],[-67.62931012866726,48.84343262630724],[-68.3594911423011,48.56318644684426],[-68.46218530026763,48.53978722852628],[-68.69355595009483,48.3903498736998],[-68.9061184136603,48.3357345515067],[-69.04154963973252,48.26950379533581],[-69.26174808268796,48.09077246980969],[-69.49318180504895,47.961958669655594],[-69.54115043213991,47.921031373810564],[-69.58022360905883,47.853646941284346],[-69.6953456435588,47.72309134190497],[-69.75101917212866,47.69262269065511],[-69.89268466455272,47.564217033282326],[-70.06845619230583,47.46739817171518],[-70.12076003544217,47.36785237899616],[-70.28537916793424,47.263440235483756],[-70.33394436596755,47.182475558243915],[-70.4388066111699,47.11831840135023],[-70.53699991266468,47.033484020005886],[-71.03345939873063,46.85405907049088],[-71.09036332654073,46.83920182160443],[-71.19548499134913,46.84247222971987],[-71.33536259790007,46.742898024464154],[-71.51397465227724,46.68893937009041],[-71.5829791876365,46.686519470506006],[-71.79705153977496,46.63025205358725],[-71.88880250604866,46.66495165719753],[-71.93212496856113,46.65752789987005],[-71.98057436074231,46.61119192132142],[-72.20420803505226,46.55252058847432],[-72.31032448333043,46.42699322375715],[-72.40428718080737,46.409691320968946],[-72.48636075207284,46.37112103453016],[-72.6984861507403,46.251015858230815],[-72.76206491365151,46.19354274542303],[-72.95939837310281,46.13583730710016],[-72.9724923095942,46.0934336079688],[-73.12886431614648,46.064381407594304],[-73.1927673604852,46.03773795807739],[-73.20906585914662,45.99249791476934],[-73.29883530120459,45.872649981416686],[-73.47394517006964,45.738438577708244],[-73.50902340896437,45.624575620003135],[-73.56364605295788,45.54492293998106],[-73.53625670738342,45.47006026464749],[-73.56285161498596,45.435304540184916],[-73.75625128433293,45.417197584526654],[-74.0821406907487,45.24168772966203],[-74.20948315197202,45.22193564045229],[-74.28734179745106,45.19054197336676],[-74.33761880410034,45.191960720338614],[-74.44154223056427,45.13912063591862],[-74.51528236619284,45.06772188362414],[-74.74648318362182,45.00101468546467]]],[[[-74.72191373212583,83.15696954819293],[-74.71895927063163,83.14383923247274],[-74.31509989965181,83.11968180989024],[-73.97752065924595,83.15922531040262],[-73.97851965212074,83.17232860289005],[-74.21795483631658,83.19041525343582],[-74.72191373212583,83.15696954819293]]],[[[-74.70436827092699,72.15176551995145],[-74.6082629793876,72.15740280701586],[-74.6720243888857,72.17237365076933],[-74.70436827092699,72.15176551995145]]],[[[-74.64720955600679,78.76553212176262],[-74.61337648916718,78.75722156166539],[-74.6155491657069,78.74031048631655],[-74.5853232915084,78.72876989394405],[-74.30651508926617,78.69911529390669],[-74.08713628099167,78.73681579665437],[-74.0940270402025,78.75250038304424],[-74.15528308343674,78.76726506898787],[-74.56126976522334,78.7940374505022],[-74.62273107363507,78.7866029677367],[-74.64720955600679,78.76553212176262]]],[[[-74.64667483094237,62.716472750065904],[-74.64311146379569,62.70007574506607],[-74.41428798947804,62.63858553950921],[-74.16703187787678,62.599563387786226],[-74.03706333913432,62.58901053726211],[-73.98432254014973,62.601075111421245],[-74.00040875030784,62.62243432662824],[-74.09427526033618,62.64340045317491],[-74.35433402317155,62.673165881460136],[-74.44037736430052,62.71796332778653],[-74.64667483094237,62.716472750065904]]],[[[-74.58876759541299,64.39545780912563],[-74.53894421177463,64.3887461200389],[-74.47269412340387,64.41238971502803],[-74.5453875180082,64.42315931131212],[-74.58876759541299,64.39545780912563]]],[[[-74.54219991608505,71.73025803007506],[-74.51879114077488,71.71627131834892],[-74.39677391859465,71.72151837764335],[-74.47122018848032,71.74275987328605],[-74.53355856514533,71.7419894270785],[-74.54219991608505,71.73025803007506]]],[[[-74.52238827816954,68.51265945258885],[-74.45143148185593,68.51026802525588],[-74.49957476884776,68.53386951691522],[-74.52238827816954,68.51265945258885]]],[[[-74.44899295131493,64.44922866934853],[-74.29317851916487,64.42468689129612],[-74.25394475691716,64.44388140120358],[-74.35318296942506,64.48947573115551],[-74.44899295131493,64.44922866934853]]],[[[-74.43069240539559,68.41977679765718],[-74.37233199387896,68.36688557065833],[-74.27075344349446,68.32978743888059],[-74.32172086767932,68.30216534918468],[-74.3188812624153,68.29131812132867],[-74.24977864025975,68.26400451574669],[-74.18971580742493,68.26771990909435],[-74.11674495336048,68.34481015761254],[-74.30242278171436,68.45497422759095],[-74.40755325000978,68.45686223884485],[-74.43069240539559,68.41977679765718]]],[[[-74.36860135668296,64.53018409093701],[-74.27089059093319,64.48123837156821],[-74.22627834826592,64.5177070478416],[-74.2947263486082,64.54424408506854],[-74.36860135668296,64.53018409093701]]],[[[-74.20348395195239,45.26186223824264],[-74.17532310910809,45.25210109591269],[-74.06211318508574,45.27249719636613],[-74.0130858735189,45.3034838218166],[-73.99249591072056,45.335852655602764],[-74.08745248430367,45.31254707262303],[-74.16001406505218,45.31261515899282],[-74.19729254375852,45.29493688483538],[-74.20348395195239,45.26186223824264]]],[[[-74.20079722229268,68.20471966909851],[-74.13455743016517,68.15090821670486],[-74.10215727037397,68.15696047970815],[-74.11240622422733,68.22363242221213],[-74.17818803195954,68.23292357576192],[-74.20079722229268,68.20471966909851]]],[[[-74.03666062253251,45.4132479129069],[-74.01380524683115,45.38039959109135],[-73.91665612304986,45.38799752174931],[-73.95253553205184,45.41109896490723],[-74.0237076000617,45.42306155565237],[-74.03666062253251,45.4132479129069]]],[[[-74.01060127312503,64.35318445490175],[-74.00093689293543,64.31826960720677],[-73.98020852411832,64.30359631372528],[-73.93691673002769,64.31518054359836],[-73.92400966039547,64.34599938638706],[-73.9932817968947,64.36206376711252],[-74.01060127312503,64.35318445490175]]],[[[-73.98776980220889,45.500720819522435],[-73.96590091609954,45.493626656621565],[-73.91875430579273,45.52502221966288],[-73.95271511766981,45.53249072333129],[-73.98776980220889,45.500720819522435]]],[[[-73.98658274615934,45.46124083431006],[-73.97872719972155,45.441123955685974],[-73.95299164110898,45.4385223002004],[-73.8375179035383,45.45665674515969],[-73.6975985305939,45.44654287987182],[-73.64897741928584,45.4604113147289],[-73.60819952410787,45.50813842795004],[-73.59657296257005,45.5694460040804],[-73.53625811049378,45.651487566250836],[-73.53314526516087,45.695406931711325],[-73.55208917781366,45.70202408732226],[-73.62717267398189,45.6568816565876],[-73.73599110946034,45.55393035308688],[-73.85224183020067,45.52751297489499],[-73.98658274615934,45.46124083431006]]],[[[-73.90085477506109,45.56304915209491],[-73.86501159998647,45.546778247498075],[-73.79874619747474,45.56288036496659],[-73.74451384374623,45.59300363068037],[-73.68123195446701,45.655808722458545],[-73.61073071088303,45.68995120485534],[-73.62578444292923,45.702888729683],[-73.7195081913026,45.68633827491512],[-73.87498292604,45.59627277896485],[-73.90085477506109,45.56304915209491]]],[[[-73.86369064914983,64.33610263565261],[-73.81088250077516,64.27528876375422],[-73.77788891297745,64.2754563663249],[-73.75410703339932,64.29615716980165],[-73.7554956703536,64.367643985907],[-73.7896433548312,64.38014974192579],[-73.81675478212107,64.37586245827177],[-73.86369064914983,64.33610263565261]]],[[[-73.82601054638647,64.44105856727984],[-73.74818030239676,64.454362360865],[-73.73304163467532,64.48135333657824],[-73.741396065479,64.50361506915478],[-73.79607526145207,64.50935760672817],[-73.78774380498216,64.47987433051372],[-73.82601054638647,64.44105856727984]]],[[[-73.60247285247169,64.26580605268613],[-73.56748628646076,64.2478112096135],[-73.53834910502346,64.24820867758456],[-73.52015101772633,64.26591967123257],[-73.58537289415477,64.28897134810751],[-73.60247285247169,64.26580605268613]]],[[[-73.59828403782309,71.46024690685189],[-73.52365823708533,71.46325620185713],[-73.54635445856808,71.47739635947092],[-73.59828403782309,71.46024690685189]]],[[[-73.47192013132334,64.1696998929839],[-73.34157147855623,64.13952091511388],[-73.26555402953832,64.19373404542158],[-73.33035726379966,64.23120200030517],[-73.37274442998843,64.21435049158008],[-73.36016497744497,64.1933229698664],[-73.43550109101146,64.19080060967607],[-73.47192013132334,64.1696998929839]]],[[[-73.44511524710224,71.59333742375793],[-73.35522391613466,71.58631333724809],[-73.21405112375814,71.6654604268455],[-73.19157828333236,71.6937361684793],[-73.23781232759062,71.70624172799924],[-73.32015932997957,71.69506618109533],[-73.4334770531694,71.62250388885953],[-73.44511524710224,71.59333742375793]]],[[[-73.3575551508722,71.51215205151652],[-73.27476743400408,71.3692146481555],[-73.09505697547583,71.31573980474239],[-73.02867778794311,71.32275886531333],[-73.06727394927269,71.36488670575869],[-73.04588327686163,71.4128215537187],[-72.89883616564893,71.45054946875723],[-72.9490028038689,71.50606823832383],[-73.02110462114527,71.51365539927619],[-73.19367809769489,71.4371144949752],[-73.23932974008923,71.44962631246149],[-73.13289586493926,71.51372630898885],[-73.18676391353797,71.55172864983037],[-73.33534152022682,71.53335922601174],[-73.3575551508722,71.51215205151652]]],[[[-73.25402381222298,64.24255604459955],[-73.2152910291816,64.21690062166194],[-73.17758434347466,64.22532059849475],[-73.2142083404642,64.2543929539231],[-73.24141371924514,64.25729143147211],[-73.25402381222298,64.24255604459955]]],[[[-73.22397414517305,64.10879523753624],[-73.16143323083479,64.09648062224407],[-73.13452443852863,64.10781369488018],[-73.15170227438242,64.12764306251579],[-73.19031434804685,64.13184461972807],[-73.22397414517305,64.10879523753624]]],[[[-73.09503038829288,64.1124814123328],[-73.05651985865661,64.10099923235877],[-72.99377478663736,64.12450458236026],[-72.99152678613959,64.14929089000725],[-73.03102324753841,64.15190531200896],[-73.09503038829288,64.1124814123328]]],[[[-73.06905686310147,71.59370549553239],[-72.98277079405914,71.55482038332049],[-72.87085570833752,71.5404709182321],[-72.76375656106842,71.56894060711147],[-72.71354016700981,71.62336876475835],[-72.72335905131914,71.64551736854357],[-72.8286986855432,71.66828770796195],[-73.0318750445387,71.63325524630055],[-73.06884232454783,71.61496021030727],[-73.06905686310147,71.59370549553239]]],[[[-72.83470506934268,63.74656242247871],[-72.8056097609567,63.72717729073856],[-72.80696556354779,63.69682423903282],[-72.76413185135708,63.708060590130465],[-72.746419875847,63.738262181150716],[-72.78399201069905,63.7641285872924],[-72.83470506934268,63.74656242247871]]],[[[-72.75920228376677,63.66096064211393],[-72.63282769024717,63.63559854028284],[-72.48486582587063,63.68112033841249],[-72.54683937648484,63.69914720318699],[-72.75508189367058,63.67475299695972],[-72.75920228376677,63.66096064211393]]],[[[-72.71527948122254,63.72933853569943],[-72.70348552633106,63.701086735836824],[-72.67985458167283,63.700141798802726],[-72.65865219635504,63.70843710994242],[-72.64277739953596,63.74248072051291],[-72.67294827005476,63.753134026288194],[-72.71527948122254,63.72933853569943]]],[[[-72.526378333891,62.02357746865636],[-72.43735129441407,61.998221486882194],[-72.4034751313511,61.99759269425177],[-72.40045529833176,62.00977430874359],[-72.48225471292801,62.03420800731204],[-72.526378333891,62.02357746865636]]],[[[-72.52009971362084,63.63505123608693],[-72.45808763322314,63.616981866801865],[-72.38543550239426,63.64432855379118],[-72.48559845188032,63.65248401750735],[-72.52009971362084,63.63505123608693]]],[[[-72.38464253443165,63.60478526314524],[-72.31223674536257,63.5908379852628],[-72.25333507879837,63.60175015355376],[-72.34051114555871,63.62465558646377],[-72.38464253443165,63.60478526314524]]],[[[-72.2477837551553,63.57056069865461],[-72.21243795183425,63.555550958332006],[-72.16692132019648,63.5644898572138],[-72.22478621437988,63.58224796738818],[-72.2477837551553,63.57056069865461]]],[[[-72.21617029102183,70.91996541483147],[-72.155424397033,70.86121061143005],[-72.09616753100576,70.82743662104043],[-72.05422091124095,70.82552186655761],[-71.45798824927391,70.93232513715984],[-71.40048712380721,70.96096113563989],[-71.37139128719225,71.00113643966476],[-71.39257101102157,71.02099742141253],[-71.9602967379235,71.07031203791094],[-72.0297622251029,71.04616343681288],[-72.05856345774855,70.97204153050745],[-72.0828170423943,70.94925092322173],[-72.21617029102183,70.91996541483147]]],[[[-72.15390667312532,61.87282418073269],[-72.14277062679712,61.8588365011622],[-72.05678421902824,61.849708426748975],[-72.05976834757413,61.864442187807505],[-72.15390667312532,61.87282418073269]]],[[[-71.97201371766985,63.65243016935941],[-71.9216879587181,63.65538978740454],[-71.86537380085102,63.72048630439693],[-71.9093610660002,63.75460720934148],[-71.93927810116621,63.745659130326004],[-71.95619591890409,63.73148273783483],[-71.95221898050465,63.69140662053873],[-71.97201371766985,63.65243016935941]]],[[[-71.87034611093428,63.62041134468581],[-71.86037627412745,63.610139916681966],[-71.80980960613348,63.62022734514627],[-71.78615897847251,63.63888985371274],[-71.78503071708863,63.660355315364235],[-71.80685381413929,63.67737033026851],[-71.84707329790552,63.67146311715337],[-71.87034611093428,63.62041134468581]]],[[[-71.77332098151008,63.59410792174142],[-71.71996737367694,63.58212918935557],[-71.63059083898094,63.60893957329818],[-71.69919401661625,63.61561480943416],[-71.77332098151008,63.59410792174142]]],[[[-71.62688654217104,63.52388698998622],[-71.59735412653423,63.513014063299366],[-71.57227214140487,63.54051438017192],[-71.62020583212778,63.541059658167086],[-71.62688654217104,63.52388698998622]]],[[[-71.61885339939113,61.317897242577324],[-71.5637336923705,61.30332357189878],[-71.51729909757347,61.318717043825316],[-71.5497152877801,61.33388630712531],[-71.61885339939113,61.317897242577324]]],[[[-71.52122259436759,63.01533785545604],[-71.42708841633718,62.994344932493135],[-71.4056485583387,63.00961660048695],[-71.49974666457295,63.03070962556998],[-71.52122259436759,63.01533785545604]]],[[[-71.27978607206374,71.1000194519552],[-71.2782576606303,71.08910905210362],[-71.23003059354689,71.09365950774321],[-71.1097973146895,71.14863681803823],[-71.18801242442724,71.14158085105376],[-71.27978607206374,71.1000194519552]]],[[[-71.24725748141705,62.8757270865101],[-71.13554565682543,62.83949141652374],[-71.12256478822191,62.82873821998424],[-71.14952060982822,62.810621411834894],[-71.1449409100675,62.79918378154037],[-71.0891074210399,62.80637668669086],[-71.07975938870652,62.8213835989156],[-70.80140256579723,62.768221909016],[-70.89608449663146,62.712214559917534],[-70.86300630844026,62.68971313508847],[-70.86745027377216,62.670438704846354],[-70.8056008412787,62.63143769427485],[-70.81156488979224,62.6033875445201],[-70.75280942422752,62.584587358712035],[-70.76003457118506,62.55487332094478],[-70.73426951971364,62.54596990486541],[-70.41984455310161,62.52288083260846],[-70.2529896628009,62.550536594882],[-70.26665243863526,62.61397070945788],[-70.29042231970067,62.63178378845702],[-70.3846016205221,62.65022512534988],[-70.40364001260582,62.66363219751106],[-70.39021258895883,62.69623864318387],[-70.41068434536322,62.71349412577962],[-70.4783042714895,62.72460026027092],[-70.55041359043257,62.75970013194499],[-70.681600447289,62.782827860067],[-70.758783438576,62.816684051636386],[-70.9988727253836,62.843236033834145],[-71.15959335042808,62.88952950655207],[-71.24725748141705,62.8757270865101]]],[[[-71.19722787265542,62.9431486965325],[-71.10927754781082,62.91908577537931],[-71.06170999351716,62.925498751505174],[-71.12874757815797,62.95769078703528],[-71.19722787265542,62.9431486965325]]],[[[-71.16476791491378,46.87988457439709],[-71.08601904433769,46.86788996806055],[-70.95278950245678,46.92512170289025],[-70.86916371514091,47.0025021085192],[-70.8639895303487,47.03284064410395],[-70.93497358747419,47.015561971934794],[-71.16476791491378,46.87988457439709]]],[[[-71.05234276226993,62.88996147010261],[-70.93034502102032,62.87026910301196],[-70.92192741962717,62.883563773203555],[-70.99859391861929,62.90636748496439],[-71.05234276226993,62.88996147010261]]],[[[-70.58273633516171,47.06368853919895],[-70.55297645433518,47.07341498327695],[-70.45822084610214,47.15019925840094],[-70.45664885072628,47.16554172880905],[-70.53672110059031,47.13470299846573],[-70.58273633516171,47.06368853919895]]],[[[-70.46366275559376,47.39061780452289],[-70.43592872564163,47.38332154629322],[-70.38232175854434,47.42314898600218],[-70.45400756699321,47.418403303897385],[-70.46366275559376,47.39061780452289]]],[[[-70.09626444894391,60.88342128118404],[-70.05577929126022,60.88282654726613],[-70.05228051522288,60.900394935399575],[-70.06509498634385,60.909541538087915],[-70.09626444894391,60.88342128118404]]],[[[-70.06487348415772,60.987360914293475],[-70.03761416015827,60.94169361566305],[-70.00922105949701,60.93931869533549],[-69.95258760993403,60.999711175944476],[-69.9694696066103,61.020366542329064],[-70.0058677560447,61.0221349706339],[-70.06487348415772,60.987360914293475]]],[[[-70.05942547172127,62.557916160280904],[-70.02126523400538,62.532601391713854],[-69.9897528675738,62.54441430776367],[-70.02774197723555,62.56431180504565],[-70.05942547172127,62.557916160280904]]],[[[-69.79844693833901,47.83954043970315],[-69.7350938743541,47.85796929923362],[-69.72213100176187,47.89737279127985],[-69.79345386995377,47.85606611936959],[-69.79844693833901,47.83954043970315]]],[[[-69.52502745703453,48.00035861494863],[-69.51998578778992,47.98874330741326],[-69.47832932223527,47.99932931472854],[-69.42008253913349,48.04505047900219],[-69.44647176376775,48.0559073515134],[-69.52502745703453,48.00035861494863]]],[[[-69.48593850265257,58.96959556854235],[-69.44838640832627,58.95623389906641],[-69.44037202075648,58.96939329116365],[-69.48593850265257,58.96959556854235]]],[[[-69.42082958400006,59.01875853726576],[-69.40338221642227,59.00685948232181],[-69.38470267780231,59.02020254308633],[-69.41391599912907,59.03576416793027],[-69.42082958400006,59.01875853726576]]],[[[-69.16772998848398,59.086234905807],[-69.13554599579211,59.0754592735483],[-69.12592119508713,59.11925699739193],[-69.16437139159268,59.12017570563173],[-69.16772998848398,59.086234905807]]],[[[-69.12868213495835,58.96178674297735],[-69.05877304159993,58.96107988743852],[-69.03381481468682,58.984136972781414],[-69.0618996902735,59.00699578900513],[-69.12868213495835,58.96178674297735]]],[[[-68.80818434446304,63.64697996723395],[-68.78354908276343,63.64152930697495],[-68.73934079165493,63.66798660769074],[-68.80233764928509,63.66066910745852],[-68.80818434446304,63.64697996723395]]],[[[-68.75598349101652,63.6174624407743],[-68.70153676201201,63.60774160965133],[-68.68687373368806,63.62204748649393],[-68.73893243785061,63.62959458785273],[-68.75598349101652,63.6174624407743]]],[[[-68.70350484723407,63.6609664832756],[-68.66507637220661,63.64616958801352],[-68.63815750009712,63.665974305000326],[-68.70350484723407,63.6609664832756]]],[[[-68.64935206594436,70.19908478967788],[-68.58502068089786,70.19367351205939],[-68.57872408319994,70.20567419008981],[-68.61764344845497,70.21544566297415],[-68.64935206594436,70.19908478967788]]],[[[-68.5415673173296,70.16154534040736],[-68.49171750438316,70.15231516016961],[-68.44367030496456,70.17414830523019],[-68.49509197928315,70.18723378480591],[-68.53680308745936,70.17738785033842],[-68.5415673173296,70.16154534040736]]],[[[-68.51496967601777,60.25280196045141],[-68.51036752040378,60.22649823851328],[-68.47060610334961,60.192508919060586],[-68.29341610063335,60.20506018615269],[-68.20290409327554,60.263055543590596],[-68.08589710108357,60.283655214885925],[-67.93562788645278,60.3790553317224],[-67.91409559946337,60.41020142094217],[-67.91982255179275,60.4715077888041],[-68.03682801226697,60.549708719681576],[-68.23684391348971,60.59397697916024],[-68.29266644792484,60.56665705462281],[-68.35614335596682,60.4839720880557],[-68.36729197895157,60.44562802936893],[-68.47555833247718,60.350277391452885],[-68.50524212046601,60.30592395120436],[-68.51496967601777,60.25280196045141]]],[[[-68.5068377302489,68.795901362885],[-68.05173653384709,68.7277529180474],[-67.77078035137767,68.70567532592418],[-67.81827383805665,68.72995441377209],[-68.02706685112179,68.76492433379758],[-68.3226039472082,68.799143311209],[-68.5068377302489,68.795901362885]]],[[[-68.33190590870262,69.5905461526576],[-68.19138498015533,69.57403040791417],[-68.08254127497365,69.53028380124194],[-68.015509466376,69.5241231853413],[-67.96238335805151,69.53050349948037],[-67.92536056073587,69.58449038302236],[-67.78742780928356,69.65553776078691],[-67.87126685379864,69.69835890282977],[-67.98257622309274,69.71341021909016],[-68.03000394239929,69.70254715271821],[-67.9708666418905,69.67187368969584],[-68.13869447389425,69.68254524620119],[-68.33190590870262,69.5905461526576]]],[[[-68.20410213407916,63.25946583483503],[-68.16674911984173,63.217162627140574],[-68.1399969934838,63.214925177873454],[-68.12263725374753,63.2379607340662],[-68.14930461220419,63.26214759987487],[-68.20410213407916,63.25946583483503]]],[[[-68.1357504441083,63.2801803495674],[-68.01249641598177,63.19538971373698],[-67.98577900815515,63.19312348384628],[-67.98315135985338,63.212962688075784],[-68.05197384920424,63.2509787408024],[-68.0868383050548,63.30205402906005],[-68.10992983632336,63.30375439925176],[-68.1357504441083,63.2801803495674]]],[[[-68.13560890023255,66.04832676653719],[-68.09828229534207,66.00108160630809],[-68.06037102626813,66.00865866263993],[-68.02732064588795,66.0699689514334],[-68.09330879414956,66.08821869661865],[-68.12854601372652,66.07294706288104],[-68.13560890023255,66.04832676653719]]],[[[-68.06903883063288,63.49356144737464],[-68.01638137114712,63.48181564513896],[-67.99154284652931,63.498223482326146],[-68.03928956724597,63.516490450088604],[-68.06903883063288,63.49356144737464]]],[[[-67.9966307362718,63.38361020125231],[-67.94073939987824,63.360393106915026],[-67.97328193511936,63.39837325026254],[-67.9966307362718,63.38361020125231]]],[[[-67.99460603573938,68.6166874149092],[-67.8811955424201,68.59343184498783],[-67.8002377300154,68.60516247768744],[-67.78319579007349,68.62317903442757],[-67.9329919833286,68.63457297161533],[-67.99460603573938,68.6166874149092]]],[[[-67.98643983723012,68.94244623977274],[-67.94450295883503,68.90629478626963],[-67.90644622472763,68.90891799112462],[-67.89112561042552,68.92521907906895],[-67.93313007476463,68.95049564001435],[-67.98643983723012,68.94244623977274]]],[[[-67.98167838550381,69.13523094166327],[-67.92962512831882,69.12528250484162],[-67.89421362910988,69.14100423147238],[-67.9614579315647,69.15106899191073],[-67.98167838550381,69.13523094166327]]],[[[-67.96798530506162,68.86537284196352],[-67.92582173515338,68.85651641771754],[-67.89657579004725,68.87661269371137],[-67.95250763947908,68.88164291006505],[-67.96798530506162,68.86537284196352]]],[[[-67.91796072883807,63.261495094412545],[-67.87057398200932,63.24873861904532],[-67.82513986027041,63.26220167338124],[-67.87630110157279,63.27343196020149],[-67.91796072883807,63.261495094412545]]],[[[-67.8759511478251,63.21473769013066],[-67.83189737069803,63.17127581339436],[-67.76709443619967,63.18686233099523],[-67.81877061501245,63.22602630614734],[-67.84781304096563,63.230519338372254],[-67.8759511478251,63.21473769013066]]],[[[-67.84877395646271,68.8469163775167],[-67.78493529719695,68.85004651748082],[-67.77706986316602,68.86908053801811],[-67.81169473233876,68.87523323829613],[-67.84877395646271,68.8469163775167]]],[[[-67.826659532789,69.52525683182519],[-67.6287383718687,69.51959954448012],[-67.40761856284574,69.55290064907906],[-67.39460116858083,69.5658945954122],[-67.44202129249432,69.59182105453858],[-67.57103915351716,69.6093795429839],[-67.60898518223871,69.60297939630338],[-67.61590939556663,69.58012394872893],[-67.826659532789,69.52525683182519]]],[[[-67.80016889703371,68.9139838895714],[-67.76701656903049,68.90080005392808],[-67.68148150772798,68.92121464840746],[-67.74190530683451,68.93239523779485],[-67.80016889703371,68.9139838895714]]],[[[-67.79367626091293,65.70025852997077],[-67.74862135401494,65.69013264689889],[-67.66312544677923,65.70733800700715],[-67.53256683821289,65.70334438307218],[-67.47999506826326,65.72332320267975],[-67.53530955003303,65.74227326868454],[-67.74490869536646,65.73185363064601],[-67.79367626091293,65.70025852997077]]],[[[-67.78453794945256,63.59132634162512],[-67.77157321732146,63.565469886730085],[-67.73716915994093,63.556493766777194],[-67.71229373264866,63.57289022896002],[-67.720273859889,63.59978761324671],[-67.74602294171079,63.60924699786258],[-67.78453794945256,63.59132634162512]]],[[[-67.72886678846427,65.79370531541863],[-67.68358209285317,65.78364514313026],[-67.65655293567221,65.80002388861574],[-67.69493768456381,65.81276185874663],[-67.72886678846427,65.79370531541863]]],[[[-67.72406945289629,68.86618191466361],[-67.61381968805065,68.85973479545912],[-67.69321148466688,68.88247227858176],[-67.72406945289629,68.86618191466361]]],[[[-67.69976600168881,58.287315420731396],[-67.65141613670322,58.27119220440817],[-67.56761426778813,58.30340317637184],[-67.60865286846293,58.36759711339065],[-67.62636045526177,58.367178807659336],[-67.64382779314761,58.33007539703093],[-67.6888037758002,58.31452973953277],[-67.69976600168881,58.287315420731396]]],[[[-67.6952272043538,68.81685097498949],[-67.64117308338908,68.80462515796793],[-67.55304479223953,68.8227921440152],[-67.62205777337522,68.83518032744983],[-67.6952272043538,68.81685097498949]]],[[[-67.63342499366857,62.14166442219621],[-67.61028021177195,62.125050516450784],[-67.5677747788308,62.140157651031274],[-67.61796066067895,62.151980546768655],[-67.63342499366857,62.14166442219621]]],[[[-67.63240526895233,66.3213258780395],[-67.58375933979302,66.30896125740149],[-67.54357359476361,66.32900541575216],[-67.59093933720816,66.34297363926221],[-67.63240526895233,66.3213258780395]]],[[[-67.56297531690466,58.36292701649347],[-67.52376612351371,58.35391759569144],[-67.5502837468609,58.377094168353885],[-67.56297531690466,58.36292701649347]]],[[[-67.45591021875715,65.79890075739445],[-67.4175960202138,65.79148056209935],[-67.3942660817087,65.80833914579961],[-67.4434171838843,65.8136315193422],[-67.45591021875715,65.79890075739445]]],[[[-67.44613000021803,65.7368633234945],[-67.39881953771693,65.71897357369286],[-67.37840062065719,65.7326075522548],[-67.44613000021803,65.7368633234945]]],[[[-67.38297872188122,68.55405296044381],[-67.3642085642458,68.53699395832693],[-67.26428238098084,68.53686125183748],[-67.29930918335702,68.552426021597],[-67.38297872188122,68.55405296044381]]],[[[-67.27880388609937,65.56190638657384],[-67.27147482467674,65.54421227188628],[-67.24244374217466,65.54180639352192],[-67.21627134980288,65.56744665779026],[-67.25961649705579,65.57381434159636],[-67.27880388609937,65.56190638657384]]],[[[-67.0814277890805,63.08552703982227],[-66.95942992290479,63.028867946574174],[-66.92396616874385,62.99170788487226],[-66.89606976852302,62.99086573851102],[-66.8805861539879,63.01044381053176],[-66.93041735705813,63.05547669629612],[-67.00506698743064,63.089689711229326],[-67.05425354291576,63.0994778611372],[-67.0814277890805,63.08552703982227]]],[[[-67.07695105535561,65.97762460408882],[-67.00398318845727,65.95783347933316],[-66.96778735055467,65.97827578214994],[-67.04889289931998,65.99931657427337],[-67.07695105535561,65.97762460408882]]],[[[-67.06917774179296,65.29907488096752],[-67.03172669110933,65.28605561389517],[-66.96841710503509,65.29316546730037],[-66.94595313231767,65.34511281653417],[-66.98171179759495,65.3651628144718],[-67.02786386785131,65.36283389146013],[-67.05070771656295,65.35157363622416],[-67.06917774179296,65.29907488096752]]],[[[-67.06235676000328,66.45395372080128],[-66.97964684802798,66.43850693006452],[-66.92437609496628,66.44345457214453],[-66.90981305617642,66.45980433059646],[-66.9761026180489,66.47843309990304],[-67.06235676000328,66.45395372080128]]],[[[-67.05601457549902,44.95697533559667],[-67.0164644304872,44.92222379744608],[-66.9719417325708,44.976119500817894],[-67.00012603784178,44.99912876595904],[-67.05601457549902,44.95697533559667]]],[[[-67.04803753682182,65.432141473455],[-67.04076956534742,65.42002138513804],[-66.99532382017013,65.43169360219154],[-66.98642537245183,65.45251357857805],[-67.04481082029896,65.44640788726981],[-67.04803753682182,65.432141473455]]],[[[-67.04242757170306,66.3885667190323],[-67.02379262064227,66.35276113281684],[-66.98908675717968,66.3404393818358],[-66.90971644469884,66.34183136576546],[-67.04242757170306,66.3885667190323]]],[[[-66.99679463305085,44.83807873343154],[-66.99363029709146,44.82493776297537],[-66.9682159127626,44.8360792026114],[-66.94607071693024,44.92898188137811],[-66.9759849729891,44.91902549563024],[-66.97240322430615,44.89169470970961],[-66.99528974390569,44.86585313527677],[-66.99679463305085,44.83807873343154]]],[[[-66.97256009165321,68.29135088737553],[-66.79611487424425,68.27880545013576],[-66.90934772052789,68.31042402329405],[-66.97256009165321,68.29135088737553]]],[[[-66.96393770089277,66.39936014641994],[-66.87939705882243,66.37061375800931],[-66.83168747512204,66.32138785337544],[-66.64461645776176,66.2848237780292],[-66.59420980301107,66.30515986356791],[-66.61433161750925,66.32843335314118],[-66.76030492556285,66.34974586575801],[-66.86091159476045,66.4066310127095],[-66.91778421320892,66.41487537877784],[-66.96393770089277,66.39936014641994]]],[[[-66.95266873139751,66.50454996292117],[-66.85938170245028,66.500350098783],[-66.92563857272872,66.51908229614916],[-66.95266873139751,66.50454996292117]]],[[[-66.94972458770478,44.60262027611157],[-66.94719766445021,44.5879418025399],[-66.91703118444576,44.594210198567126],[-66.8223214266122,44.640227848419194],[-66.81406969744322,44.66622869330105],[-66.78061225527993,44.678786517952425],[-66.80000881942046,44.77713514066825],[-66.81450961172003,44.78258421086599],[-66.86930743128671,44.72796568609808],[-66.90029954735783,44.656730366376166],[-66.94972458770478,44.60262027611157]]],[[[-66.94550384052039,68.35018052294626],[-66.8030370167815,68.35327556425231],[-66.87648691189126,68.38517028425579],[-66.9367911611173,68.36923408341765],[-66.94550384052039,68.35018052294626]]],[[[-66.89300555699661,65.40163105303786],[-66.83672140010539,65.39500283515994],[-66.8275100247274,65.41577424764331],[-66.87879783085101,65.41795006025636],[-66.89300555699661,65.40163105303786]]],[[[-66.81749181595498,68.31289742793288],[-66.7415745930306,68.29914415251457],[-66.7067269373315,68.30916222448415],[-66.73958106025044,68.32642295701089],[-66.81749181595498,68.31289742793288]]],[[[-66.80892208025783,68.17383647721769],[-66.7612691318757,68.16190954935304],[-66.72765395202272,68.18128824608868],[-66.78012244382526,68.18835659069498],[-66.80892208025783,68.17383647721769]]],[[[-66.75579919440834,68.39112061563227],[-66.69296046853236,68.3790525701784],[-66.6681226208572,68.39409343725193],[-66.73234920333638,68.41007841923698],[-66.75579919440834,68.39112061563227]]],[[[-66.67496160493513,68.1944597095929],[-66.65843017537259,68.18114041177581],[-66.36496389102065,68.15215868535435],[-66.2208533049819,68.26697563671581],[-66.25865895627672,68.27403163469306],[-66.32463108771508,68.26277253331152],[-66.35934021264303,68.23806936325934],[-66.49232445706039,68.23408061479692],[-66.53820773593601,68.21268415170796],[-66.67496160493513,68.1944597095929]]],[[[-66.64314934117128,68.28772072746992],[-66.63678813546532,68.27395065307485],[-66.55670094178384,68.27965900090499],[-66.56750645298037,68.29401645353755],[-66.64314934117128,68.28772072746992]]],[[[-66.56761726406658,62.91449155525471],[-66.47661915251362,62.851276659330644],[-66.43773539952218,62.85949369180565],[-66.43980767638533,62.881981356907794],[-66.47486040020736,62.89894686024513],[-66.56761726406658,62.91449155525471]]],[[[-66.54247774510888,81.60647899258632],[-66.30040257025333,81.5899411534768],[-66.1294984213595,81.60137529863879],[-66.39491323126049,81.62269913084876],[-66.54247774510888,81.60647899258632]]],[[[-66.43267143750715,44.22687251430096],[-66.40752619411897,44.218515485762694],[-66.37969359351864,44.23930127200033],[-66.4000847099562,44.257064143453604],[-66.43267143750715,44.22687251430096]]],[[[-66.40048725295817,66.18048501285661],[-66.36777910297126,66.16636112574122],[-66.33745289766645,66.18958355047603],[-66.40048725295817,66.18048501285661]]],[[[-66.3575586833536,44.26332295563705],[-66.33624671864894,44.25245727763907],[-66.29795791355482,44.27921013585772],[-66.25143927671243,44.35495452475837],[-66.25668002739609,44.368698586875325],[-66.2854739561645,44.36054536527962],[-66.3575586833536,44.26332295563705]]],[[[-66.22999160023197,64.91558059288653],[-66.14906324748549,64.89354580767296],[-66.13487122617869,64.90983737290513],[-66.18091878969676,64.93191711271729],[-66.22999160023197,64.91558059288653]]],[[[-66.18677562887362,58.82239523428028],[-66.13919526059041,58.82428661712948],[-66.1551853252154,58.836589315576504],[-66.18677562887362,58.82239523428028]]],[[[-66.10459671701686,45.36288868432313],[-66.0732217169204,45.36525287506727],[-66.05825190059434,45.39330015428185],[-66.07593266777373,45.397867909883814],[-66.10459671701686,45.36288868432313]]],[[[-66.09732459107822,58.94168912713645],[-66.04997190459166,58.92325846183245],[-66.0240278944961,58.92934560255244],[-66.0398331458655,58.947148433492906],[-66.09732459107822,58.94168912713645]]],[[[-66.00398154481017,68.05770216550789],[-65.99262711318688,68.03942990197561],[-65.96351303979499,68.03904806448573],[-65.90213800607509,68.06550341877868],[-65.89261839348936,68.12893209420592],[-65.94816901575084,68.13298768844746],[-66.00398154481017,68.05770216550789]]],[[[-65.99824188750084,58.9797511929946],[-65.984487406874,58.964197767618934],[-65.94257344744051,58.9726197350559],[-65.97428937490596,58.98808517320683],[-65.99824188750084,58.9797511929946]]],[[[-65.9968823298793,62.132353350393295],[-65.94056033053558,62.11868498581159],[-65.92854996996658,62.094341237422576],[-65.88830402111326,62.08533523070426],[-65.84266150482911,62.09771489269903],[-65.85002674949621,62.1230757445111],[-65.8867666068892,62.131488374982204],[-65.89442052110557,62.15134597808073],[-65.9968823298793,62.132353350393295]]],[[[-65.946798114216,62.041951481787436],[-65.911353354672,62.031979078352926],[-65.887174309681,62.042584420361656],[-65.89626795063084,62.06082275468746],[-65.91954902081012,62.061219095128855],[-65.946798114216,62.041951481787436]]],[[[-65.93055373858482,61.79634283015168],[-65.87759040457217,61.764654397002985],[-65.8171426904311,61.766791290705974],[-65.88000789548175,61.82066503530784],[-65.91505848465614,61.8158024401257],[-65.93055373858482,61.79634283015168]]],[[[-65.88342338914276,65.68908768580262],[-65.84258686566943,65.68455942325588],[-65.80439608022587,65.70638735967805],[-65.82955076246016,65.7233009363728],[-65.86511196351209,65.71400118986114],[-65.88342338914276,65.68908768580262]]],[[[-65.84582009585374,61.853505209495566],[-65.82714135683452,61.81305872569938],[-65.79926512167339,61.8136971517935],[-65.7625113056934,61.84974937965805],[-65.79374911920289,61.86461128959658],[-65.84582009585374,61.853505209495566]]],[[[-65.7656459410969,61.77242738476837],[-65.75551942754996,61.755757960284214],[-65.71085526708163,61.76255032903494],[-65.71926771723604,61.82528395331276],[-65.7485314912472,61.823127873901996],[-65.7404423382818,61.80868285674037],[-65.7656459410969,61.77242738476837]]],[[[-65.73314397495153,68.1100442648545],[-65.69632757920613,68.09742500132904],[-65.6173230603076,68.12133669571855],[-65.61077807793815,68.15190935093251],[-65.71358852331602,68.15352068767083],[-65.73314397495153,68.1100442648545]]],[[[-65.69034353507486,59.373055440069535],[-65.66177889285524,59.343353225752935],[-65.63816232049241,59.3555006695576],[-65.65773144009624,59.3778092033468],[-65.69034353507486,59.373055440069535]]],[[[-65.68783355646276,43.44555435031159],[-65.65685296786708,43.41232023095425],[-65.63808817487804,43.415842464861875],[-65.61648066297842,43.466191340738995],[-65.65615987387709,43.473703497520155],[-65.68783355646276,43.44555435031159]]],[[[-65.66974930321872,64.54177769283073],[-65.48210434977223,64.52935659535434],[-65.4743188254478,64.54297285467477],[-65.53682495676595,64.555180733988],[-65.38146558079458,64.5740180109155],[-65.4246599230879,64.58863652332846],[-65.42346373915495,64.5996395573991],[-65.27606605583037,64.6141413813332],[-65.22936137862483,64.64174805155403],[-65.27866007714827,64.6592679818568],[-65.25662377899425,64.6834963893841],[-65.26917255245169,64.70790489193274],[-65.32013258636776,64.69968508812957],[-65.38733660700838,64.64945936001952],[-65.41770918264545,64.66379589320297],[-65.38181057755659,64.72287778387782],[-65.4196793824996,64.72918672642126],[-65.49154520391987,64.65918214017066],[-65.66974930321872,64.54177769283073]]],[[[-65.63941166281913,65.84567971213491],[-65.60126037758617,65.83785684313777],[-65.54295684224095,65.88069466046868],[-65.59440060391965,65.88884026124417],[-65.63941166281913,65.84567971213491]]],[[[-65.62741782027052,59.39413970543172],[-65.59427523503352,59.38023070571584],[-65.5877700372138,59.39381661075718],[-65.59946984236909,59.40715789756771],[-65.62741782027052,59.39413970543172]]],[[[-65.55071384557209,68.05069851833278],[-65.49073607521808,68.0272130154001],[-65.42135265103079,68.03201061628194],[-65.44546652064612,68.06152863393105],[-65.49132937332338,68.06994602836463],[-65.55071384557209,68.05069851833278]]],[[[-65.46373631720147,61.62284942761691],[-65.45980189518733,61.603548843882955],[-65.40528002160234,61.56006573710627],[-65.22369618647592,61.50040403765109],[-65.19763916355456,61.47512595743888],[-65.09560026317925,61.45221471834498],[-65.0899489254361,61.43067034084643],[-65.00680512062293,61.4039198702487],[-64.96528587706274,61.40720256151095],[-64.95505549051434,61.396015320480146],[-64.97406057480153,61.35857875862386],[-64.92428668293516,61.343558391508516],[-64.91063124636966,61.312972836800334],[-64.86918387130058,61.32564946447095],[-64.81655112329743,61.375303073139435],[-64.81732749887426,61.39779154222797],[-64.75096132560833,61.43550604225032],[-64.7174907570009,61.47578346590374],[-64.73386385355052,61.52182253823396],[-64.72660763059827,61.55399248130772],[-64.68213973536017,61.5978523808922],[-64.80326928935186,61.61706540907443],[-64.80877730133474,61.647967785741145],[-65.17061538689175,61.69897858982251],[-65.42311305832489,61.64884568439451],[-65.46373631720147,61.62284942761691]]],[[[-65.43529842642987,67.9895946726812],[-65.3951253401357,67.96148087580707],[-65.32680187997647,67.97011703215884],[-65.3179194703864,67.983608276596],[-65.38706524248396,68.0029436480682],[-65.43529842642987,67.9895946726812]]],[[[-65.39852308665047,61.698261698033356],[-65.36734557512321,61.6981098055883],[-65.30981015625154,61.73023671739366],[-65.36123129579897,61.72485834534215],[-65.39852308665047,61.698261698033356]]],[[[-65.3602685776461,59.84262528001552],[-65.3260330255352,59.824841526242274],[-65.32310426256981,59.84287796545977],[-65.3602685776461,59.84262528001552]]],[[[-65.2514544572857,64.55982217719537],[-65.10611672280908,64.55769288012493],[-65.10120882753255,64.58676410417114],[-65.24825805817376,64.57785464297113],[-65.2514544572857,64.55982217719537]]],[[[-65.23933357120882,61.87354316349058],[-65.17928676018734,61.836448108007815],[-65.18232167162205,61.818343187627484],[-65.15470626206553,61.794704429900015],[-64.9240557014594,61.72186568915811],[-64.88177997245113,61.71582091899015],[-64.83989074042421,61.73775183020958],[-64.87840754086162,61.80469509747029],[-64.94610991911792,61.82292849036556],[-65.05549898002641,61.90480535553384],[-65.19256322508133,61.93010652068242],[-65.23285582674798,61.92443403752533],[-65.23933357120882,61.87354316349058]]],[[[-65.21918967538306,64.20812699656072],[-65.15012924339977,64.1515979496119],[-65.04754969897024,64.1657914662596],[-65.1111661317254,64.21396527804733],[-65.1967105053439,64.22846045590168],[-65.21918967538306,64.20812699656072]]],[[[-65.10714587636933,64.32316341330646],[-65.08680325206602,64.26009114641111],[-65.04922484909756,64.22573362384794],[-65.00083934755166,64.2081367889132],[-64.92589446166308,64.25308044414886],[-64.94474711581718,64.27497217588171],[-65.01608776388619,64.28155186831863],[-65.03194498499914,64.29726130580929],[-64.99430905267617,64.32444097429142],[-65.00945298298595,64.3456941375143],[-65.08686201638832,64.34575734355651],[-65.10714587636933,64.32316341330646]]],[[[-65.10427832282055,62.517260293672834],[-65.0175589739242,62.505307280933884],[-65.02752440874684,62.52203723991903],[-65.06614777883296,62.528979925946345],[-65.10427832282055,62.517260293672834]]],[[[-65.06487783554688,64.0848708749816],[-65.01295224587987,64.06665060926578],[-64.9078641613259,64.07453626992942],[-65.00779472554193,64.1104877034571],[-65.06487783554688,64.0848708749816]]],[[[-65.06027384562394,62.55961429686537],[-64.95185031350175,62.53988434150033],[-64.82839389095238,62.57522763618862],[-64.83138424512487,62.59066466775209],[-64.95109141437092,62.60688148906595],[-65.06027384562394,62.55961429686537]]],[[[-65.03686837118207,63.53199947390091],[-64.98140241960496,63.4905523128226],[-64.974290677615,63.44643815895609],[-64.92504695472643,63.40787965278994],[-64.89161433276138,63.38895948786182],[-64.86022941012675,63.396430537764225],[-64.85841521863281,63.43150296714763],[-64.90621761065506,63.53324726036485],[-64.98950367786077,63.56660220736379],[-65.03686837118207,63.53199947390091]]],[[[-64.99340156240643,81.74109612582244],[-64.84300189158056,81.72557300342305],[-64.74712587473819,81.74273221345805],[-64.87697963941642,81.75707228599983],[-64.99340156240643,81.74109612582244]]],[[[-64.97963234459758,64.39274146968638],[-64.8967994044036,64.31335046270544],[-64.81301801211377,64.3343852833823],[-64.83191196427798,64.37498769285948],[-64.90342273232952,64.37227403485659],[-64.91577394366598,64.40610293556334],[-64.96264029075947,64.40663993678743],[-64.97963234459758,64.39274146968638]]],[[[-64.93699424921353,62.462588775752536],[-64.92507502250379,62.44361412596728],[-64.87832696653759,62.42763014575883],[-64.64953116326187,62.38910102559487],[-64.51777262064361,62.38321780229171],[-64.49331565652383,62.38807646959844],[-64.47104056207822,62.41374646693568],[-64.47305030340088,62.43472796097787],[-64.39995369391649,62.4490613543507],[-64.39005602662672,62.460326984969754],[-64.40728482890187,62.47289214654308],[-64.46286623829282,62.49264975303993],[-64.39168672758328,62.51861460003218],[-64.52595940881528,62.56429270303924],[-64.68177315069497,62.5388871669712],[-64.7775527512603,62.563992146483166],[-64.83509677382715,62.52979891453884],[-64.81542325118086,62.50565749043464],[-64.87881969978562,62.50232175477252],[-64.93699424921353,62.462588775752536]]],[[[-64.90524167636318,63.822315185775835],[-64.83783674459707,63.784334645772915],[-64.67177737037272,63.77192750869158],[-64.49875561381053,63.69255922196549],[-64.46474966697387,63.68830457452211],[-64.42602855808295,63.7169015558265],[-64.43307449669607,63.75558507819156],[-64.45619111056884,63.767227736833256],[-64.57109093928074,63.789594870169466],[-64.54556444880966,63.83173832652517],[-64.58714136715356,63.89338951046643],[-64.68890328513965,63.926265303417516],[-64.73351108821191,63.90982559426639],[-64.75451587204321,63.87238932967553],[-64.8879193433854,63.841665082240354],[-64.90524167636318,63.822315185775835]]],[[[-64.89508175644772,60.44540873317788],[-64.77112095690075,60.41181175919192],[-64.86135131050153,60.39787994921963],[-64.85490285568373,60.38724230731975],[-64.62273663020436,60.333939909753894],[-64.49383241977417,60.28398342092129],[-64.44065494915684,60.28457751882471],[-64.48977812884927,60.3261631664037],[-64.46929979952723,60.38368398024976],[-64.51360511813331,60.39437926699273],[-64.54795073916613,60.37509725688696],[-64.65398435169142,60.463294627809475],[-64.86379073308765,60.46541431318224],[-64.89508175644772,60.44540873317788]]],[[[-64.8738419800134,64.23472850246232],[-64.83744736825624,64.20424812540394],[-64.80636036466271,64.20066650088089],[-64.78559118167921,64.20456206033992],[-64.78048766513876,64.2241923813901],[-64.8287596958891,64.2418631249164],[-64.8738419800134,64.23472850246232]]],[[[-64.82457213741849,67.89226719877026],[-64.7630511560567,67.8848951780194],[-64.75792270634807,67.89902958004565],[-64.79830843666362,67.91248718291469],[-64.82457213741849,67.89226719877026]]],[[[-64.81145687794825,61.32023019368576],[-64.77871036072497,61.30836056424663],[-64.72323171320758,61.35180769263265],[-64.74076355570335,61.36825409254332],[-64.7910252416877,61.34986676651507],[-64.81145687794825,61.32023019368576]]],[[[-64.79806631246623,60.60353266945011],[-64.75569370596742,60.60450979898866],[-64.69884021716464,60.66055062989427],[-64.72441393048823,60.66178661639028],[-64.78058211133553,60.62993791907905],[-64.79806631246623,60.60353266945011]]],[[[-64.76303231398695,64.25291795005457],[-64.74054742317091,64.23036737289469],[-64.70136372576442,64.24034037919029],[-64.73180656412579,64.25875113410191],[-64.76303231398695,64.25291795005457]]],[[[-64.76014202041121,63.2086373659633],[-64.70726266253932,63.22156900410208],[-64.7387875195003,63.242138899287944],[-64.75811236084216,63.234440538315745],[-64.76014202041121,63.2086373659633]]],[[[-64.73977925788135,60.57717587691059],[-64.71032810567641,60.57142122523158],[-64.64041265021687,60.61543387757568],[-64.67376970406886,60.616474314070736],[-64.73977925788135,60.57717587691059]]],[[[-64.73548962498808,47.80496576146885],[-64.67996705598888,47.79003642273024],[-64.67670661754178,47.772928690318],[-64.70209094461424,47.76169628851696],[-64.68912561949372,47.72928347626953],[-64.64573962017636,47.739302826516415],[-64.52943130594797,47.87605696484266],[-64.53961358459513,47.88602962396202],[-64.59472067790514,47.8611326922169],[-64.63418384682906,47.871757101892975],[-64.71701306633656,47.83618315764239],[-64.73548962498808,47.80496576146885]]],[[[-64.65483028746378,64.22102229018478],[-64.64136405586254,64.20751594420462],[-64.53179035565718,64.22383985394707],[-64.59609698587623,64.25197344893849],[-64.64720795424533,64.23844398043882],[-64.65483028746378,64.22102229018478]]],[[[-64.61514432501973,47.91729227584411],[-64.60499824153429,47.90724701181323],[-64.53904772583834,47.91845159865637],[-64.51632792838974,47.94300436096388],[-64.50454657960668,47.99411948874198],[-64.56767228116831,48.00577858536906],[-64.61514432501973,47.91729227584411]]],[[[-64.59928843755281,64.14600529008278],[-64.57711962257954,64.10473230793397],[-64.53817855140804,64.09596357548098],[-64.45919279604132,64.12132797131471],[-64.5675373643495,64.15717912475738],[-64.59928843755281,64.14600529008278]]],[[[-64.54750459134769,49.867632097006485],[-64.52870170014086,49.820906232058825],[-64.44061252420339,49.76326393146396],[-64.3948841842092,49.782233514454596],[-64.27444134993361,49.73602777363305],[-63.955356523212046,49.66578196004447],[-63.854559106305466,49.62042959064046],[-63.753279204028836,49.54547589583931],[-63.68505032136599,49.51595075805505],[-63.61813792051945,49.409870886770655],[-63.61607910701067,49.37814132696233],[-63.38155208938288,49.315393928953355],[-63.35547685869111,49.321029196122424],[-63.092163176989416,49.212751148838414],[-62.91984771656332,49.16777351684831],[-62.5140994779912,49.106976436078945],[-62.28730663609268,49.03930023150487],[-62.09122235762609,49.06309133669553],[-61.89977225657373,49.05086263371382],[-61.7878637005841,49.062013556732374],[-61.762793674076796,49.06564376177773],[-61.73951071326059,49.099460755060605],[-61.75536791966021,49.17461055942268],[-61.830859675997516,49.22482210512912],[-61.88788739297554,49.3064465316554],[-62.079520159560694,49.357205219668934],[-62.234957895647966,49.378466279536724],[-62.32315145132,49.44470600077974],[-62.45255844776043,49.483794976786534],[-62.521568768202265,49.56631160618582],[-62.55407295186697,49.58114901158351],[-63.09690134736275,49.73768071360496],[-63.556772091387536,49.832907691755224],[-63.773886249243084,49.8347992345552],[-64.1599946001515,49.92676968511052],[-64.35514355888071,49.91787210915158],[-64.54750459134769,49.867632097006485]]],[[[-64.4782841109638,63.58971918225573],[-64.41159310378443,63.51968257884288],[-64.38490361636438,63.42882601247117],[-64.19173100689642,63.305534539119606],[-64.13437512463027,63.304359819417094],[-64.11992459571854,63.3203723111343],[-64.3146697758298,63.46470819293168],[-64.32194491660478,63.525904828205476],[-64.37199122072634,63.572500650804834],[-64.34537797020134,63.638761915031964],[-64.40259749483567,63.645388883009446],[-64.45044419543085,63.6296386347641],[-64.4782841109638,63.58971918225573]]],[[[-64.46414396416263,46.64494601274322],[-64.43312039054982,46.61294903189955],[-64.31790607414959,46.61319743535679],[-64.17912919182425,46.57780770991089],[-64.1634156854651,46.582389686284884],[-64.15763513760996,46.60963682449103],[-64.12745703632537,46.61191794569685],[-64.10226881947698,46.570569611434095],[-64.16217685328904,46.5224906043991],[-64.14670428292582,46.460474132497076],[-64.17090087616603,46.41501509811656],[-64.15499786234743,46.39782285523609],[-64.03841855424726,46.37020223401041],[-63.986530959904755,46.400457813601825],[-63.923676613852564,46.37894855737691],[-63.813854309048985,46.383534469573185],[-63.76748641540779,46.352121805101184],[-63.76332256519907,46.332874086164395],[-63.83600652581217,46.34657461888758],[-63.869381925124294,46.33445834057315],[-63.68196904464671,46.20815157874797],[-63.28660988384978,46.13391666703806],[-63.202953087490286,46.15992692017174],[-63.18533943143889,46.18007647270346],[-63.20265205535015,46.194279598977964],[-63.27836966267701,46.17313788092136],[-63.309221103837736,46.182292820838136],[-63.213823168220024,46.21020895807827],[-63.219362615969125,46.26081351898156],[-63.15262437614223,46.23741673209843],[-63.09548761343222,46.28760536273322],[-63.04367608120713,46.29942178918845],[-63.051046900193114,46.270717895564985],[-63.140301443474456,46.20657455060318],[-63.1075363639741,46.18772987435969],[-63.01799568593304,46.18460183954845],[-62.999018829712604,46.17720112562595],[-63.00223546336848,46.13823011333326],[-62.92912804213051,46.15073969380523],[-62.92728482090041,46.12846192974074],[-62.93527936313292,46.10719876108918],[-63.05139065974567,46.071278716830406],[-63.0545886306718,46.05772395619321],[-62.96876382529399,46.057378106139076],[-62.95183985288034,46.04688272922387],[-62.97164388784465,46.02740180983459],[-62.9641663548648,46.014330848102915],[-62.90059819927403,45.96982101656259],[-62.816656763535605,45.94982602567659],[-62.54547097526159,45.97085233870863],[-62.523439076068016,45.99319336847039],[-62.53083204673078,46.00641958644754],[-62.57651418692361,46.000334519938605],[-62.592837956298034,46.01994610735295],[-62.516616439592575,46.03301807707877],[-62.49785089360376,46.05450721775742],[-62.48964755272846,46.104798123306885],[-62.51322303677179,46.13384662263753],[-62.556714019590636,46.11071292023982],[-62.61283744104749,46.158772725148275],[-62.614892391015296,46.17215988327523],[-62.55773306499426,46.17116464841732],[-62.59848394075093,46.198049030127166],[-62.589787697151706,46.211873936518835],[-62.464975499329974,46.21016990997429],[-62.46040730777061,46.22152697167351],[-62.50204065820605,46.24697510810872],[-62.421969638788504,46.25712919731715],[-62.386749939105975,46.30835154286666],[-62.39808026466791,46.331884968515894],[-62.378252070674336,46.342239536345886],[-62.299265191051056,46.35452178560207],[-62.268895551322515,46.335994728292896],[-62.22589859448325,46.337419322124646],[-62.02064260055805,46.438329800700835],[-62.18637344817465,46.46031235617409],[-62.74410625452235,46.455108911888466],[-62.7518489383208,46.44282156732502],[-62.64231713722335,46.424358309403395],[-62.63237117606423,46.40682421563183],[-62.70086870602962,46.398373378380974],[-62.808768653116545,46.42357023495853],[-62.86715897644445,46.41013881053453],[-62.924411927002424,46.423635946598836],[-63.01993815074985,46.41393827660378],[-63.048373031956075,46.40612679474444],[-63.03545187660468,46.39314683238684],[-63.0405732502678,46.36377743554593],[-63.06356142370276,46.3561478127951],[-63.10257908742519,46.39495441316891],[-63.20842218353814,46.41902829086988],[-63.27333430806954,46.3945865259156],[-63.292039772552215,46.398346214293596],[-63.30924947762479,46.434193111279],[-63.36977430460536,46.42108963848713],[-63.37434526218248,46.435118676114676],[-63.35261775275149,46.457745494380156],[-63.360697152604615,46.47460089128834],[-63.47477937324753,46.5025272823045],[-63.501598715039925,46.45421039653934],[-63.53262533107944,46.472257103326825],[-63.59172044942769,46.456868049767664],[-63.59636860998754,46.4708894119063],[-63.55604350766036,46.50261070771778],[-63.561611057622656,46.51506097249436],[-63.715733759117136,46.55957524938822],[-63.77966610878877,46.52737906400072],[-63.753751419930175,46.45301091308954],[-63.76309769600882,46.43760650429086],[-63.87591349704204,46.450120673779296],[-63.866367949845525,46.483565845110455],[-63.89213718781492,46.50172595146362],[-64.01218708397495,46.45833520878334],[-63.98185272316121,46.50029137819348],[-63.90712959325796,46.54221009767404],[-63.91769013242601,46.58127776175766],[-63.973807325146446,46.58828939518438],[-63.9370743225195,46.61036597622465],[-63.934865732019425,46.63140319737533],[-64.01677024178333,46.705264880113475],[-64.07068803371101,46.72051508489444],[-64.0984084957677,46.70486989595211],[-64.08787811373244,46.68739808456043],[-64.12840977777222,46.689844704545294],[-64.14871841115237,46.735248403670795],[-64.17838434827145,46.73817146554458],[-64.16966182789409,46.75734942231947],[-64.07364043856822,46.81704161573771],[-64.02561003922615,46.87945155658881],[-64.04793275128193,46.943566663024036],[-64.01891153387473,47.04029938029595],[-64.05262988987734,47.037096031242044],[-64.2440901122141,46.91547067133571],[-64.30775555129983,46.83039234786306],[-64.44175357237509,46.71436619891429],[-64.46414396416263,46.64494601274322]]],[[[-64.40092943636012,63.850905851754646],[-64.26153022101082,63.790369780257045],[-64.20838310968243,63.829436296855654],[-64.24101702583025,63.854053854422766],[-64.40092943636012,63.850905851754646]]],[[[-64.36368466209385,63.77123103440449],[-64.33801289768502,63.72542494313036],[-64.29511217898676,63.72148255932391],[-64.33588876509602,63.78308071089223],[-64.36368466209385,63.77123103440449]]],[[[-64.35930227353352,62.54626818607526],[-64.31270290214579,62.53009207566953],[-64.30283522900764,62.54126926982341],[-64.33114169832284,62.56910562204235],[-64.35930227353352,62.54626818607526]]],[[[-64.34783342177094,62.43935269223226],[-64.2816389860546,62.44560705754724],[-64.28275809251319,62.462656417071834],[-64.34783342177094,62.43935269223226]]],[[[-64.32114547836471,60.18202467813448],[-64.30860704583154,60.142159939234055],[-64.27549708885718,60.15968956963913],[-64.28366595474317,60.18188993415938],[-64.32114547836471,60.18202467813448]]],[[[-64.31848584930097,63.57585642431313],[-64.27625174070657,63.54386262350705],[-64.23776125380061,63.553792603839476],[-64.2957699793422,63.59613209530653],[-64.31848584930097,63.57585642431313]]],[[[-64.23913771596712,62.55368675692925],[-64.21292764412037,62.53747047950552],[-64.12989020852683,62.53495424210645],[-64.20335058731469,62.571351698552206],[-64.23913771596712,62.55368675692925]]],[[[-64.22221750357993,59.73379693943444],[-64.16894260942637,59.676030235847],[-64.14861318136691,59.673777307594335],[-64.03248559349393,59.6983103441077],[-63.98403239454889,59.734953352248404],[-64.09258290974812,59.751954737601544],[-64.10198835271802,59.7631907734264],[-64.05468043561056,59.775891507388906],[-64.07965866858657,59.79979391164353],[-64.08672044821355,59.83676870516749],[-64.1182167673874,59.830179623772075],[-64.22221750357993,59.73379693943444]]],[[[-64.21846070473994,63.59332023501466],[-64.16057425379972,63.541558037164215],[-64.11797631461991,63.53756269848098],[-64.09542722156438,63.55776613482342],[-64.15682642320209,63.60089699294054],[-64.15567886175708,63.625049156324266],[-64.20939323305917,63.621672495178935],[-64.21846070473994,63.59332023501466]]],[[[-64.20643007323815,63.71664018509074],[-64.19300910320798,63.69924053647691],[-64.15876225546845,63.69495267186211],[-64.05809200562624,63.72157027061751],[-64.11569258634893,63.75082211175576],[-64.17862694344723,63.73785084348384],[-64.20643007323815,63.71664018509074]]],[[[-64.16857225960987,63.49615450994938],[-64.13417314447769,63.48800981452368],[-64.09705747174901,63.50552598463965],[-64.16857225960987,63.49615450994938]]],[[[-64.07508852506761,67.53287450409256],[-63.94433958568277,67.4860120280478],[-63.79448658972854,67.49782718394928],[-63.77721892446797,67.51385211971652],[-63.924948778639916,67.63096742105544],[-63.96736952585209,67.62822174507949],[-64.00746706778587,67.57276958742669],[-64.07508852506761,67.53287450409256]]],[[[-64.07238604389705,63.61921297605199],[-63.97507668068335,63.60136360585466],[-63.99195208466462,63.62882979908137],[-64.04234999227027,63.63810281840056],[-64.07238604389705,63.61921297605199]]],[[[-64.0395967988882,65.06121713575162],[-64.03678668183858,65.04576444988068],[-64.01250655220845,65.04340313744054],[-63.95997744032061,65.06986510278678],[-64.0003349205896,65.0788293929654],[-64.0395967988882,65.06121713575162]]],[[[-63.98094466002823,63.43542276683246],[-63.931775883060766,63.443266155660936],[-63.93372033742882,63.454911380265884],[-63.975607182927575,63.45506689216665],[-63.98094466002823,63.43542276683246]]],[[[-63.978642318591916,67.30415089762481],[-63.90084651620801,67.30865902719017],[-63.945614525231775,67.32142819860293],[-63.978642318591916,67.30415089762481]]],[[[-63.954973214676016,67.43527072827781],[-63.90934868577971,67.41861944573752],[-63.89488880659603,67.45941463382411],[-63.951092405626454,67.4571224563101],[-63.954973214676016,67.43527072827781]]],[[[-63.87964438624616,67.35580145217058],[-63.816976326713295,67.3552388308566],[-63.832130831868376,67.37263908764824],[-63.866570330243576,67.372451817075],[-63.87964438624616,67.35580145217058]]],[[[-63.863794775644195,46.627397431991426],[-63.83306977846502,46.58245641313072],[-63.77513822426992,46.578513409946716],[-63.77888232734412,46.593989450066566],[-63.863794775644195,46.627397431991426]]],[[[-63.80687110472576,62.93542677197489],[-63.773983266844546,62.92161859132332],[-63.70113459538508,62.94722797141008],[-63.711846567809964,62.96249496028774],[-63.80687110472576,62.93542677197489]]],[[[-63.79733780830962,67.29199698324496],[-63.73228281734582,67.27593341458336],[-63.49207272893611,67.26892747970851],[-63.425709842470326,67.28060864463748],[-63.3971089917191,67.30233302965074],[-63.43901460164342,67.33544960086012],[-63.47857148445815,67.34374422067317],[-63.54428888213689,67.32811121381997],[-63.584234564886565,67.34964333770776],[-63.65817286987666,67.35784103437203],[-63.78315544674825,67.31416663226456],[-63.79733780830962,67.29199698324496]]],[[[-63.444755488592186,64.97891863586489],[-63.380609347898734,64.91851785266704],[-63.32579687551207,64.91994843922379],[-63.30990069945322,64.93595628854565],[-63.412149889289765,64.99385735986576],[-63.444755488592186,64.97891863586489]]],[[[-63.40004532982503,65.34007862691614],[-63.34552385093874,65.32287315446236],[-63.32317968996548,65.33590326087322],[-63.370990877932364,65.35559525059806],[-63.40004532982503,65.34007862691614]]],[[[-63.32514303317935,65.29852794575477],[-63.29749095568408,65.25025093901715],[-63.252378194435,65.25915774976804],[-63.215486144981945,65.28653644425606],[-63.265923279647716,65.3124667791721],[-63.32514303317935,65.29852794575477]]],[[[-63.28569530392484,65.54589682125264],[-63.22559756954314,65.52022309904827],[-63.15476794746662,65.5227937070849],[-63.18073216820459,65.54620415950974],[-63.249977965930306,65.55849028881153],[-63.28569530392484,65.54589682125264]]],[[[-63.21851035552969,50.209131376273646],[-63.176818180005604,50.20694415352089],[-63.151251438435274,50.22391878177368],[-63.186686089548125,50.23543525654246],[-63.21851035552969,50.209131376273646]]],[[[-63.20473190773012,67.11442292226772],[-63.17078117471916,67.08802928907765],[-63.08905065554997,67.10077253798075],[-63.13068507959514,67.12472504994419],[-63.20473190773012,67.11442292226772]]],[[[-63.140202177166096,66.97931322692621],[-63.06979648323666,66.96000001863796],[-63.015298429146995,66.97907280280245],[-63.11008525410578,67.0025425038397],[-63.13677996593462,66.99571395687485],[-63.140202177166096,66.97931322692621]]],[[[-63.12466825251697,67.04642129834534],[-63.098305173637044,67.03073178760538],[-62.93076589137563,67.01202708471001],[-62.945702230542814,67.04659096904503],[-62.974210389402934,67.06456805759784],[-63.07437961880662,67.07011594620633],[-63.12466825251697,67.04642129834534]]],[[[-63.122919444494975,58.49648490746504],[-63.10852488042979,58.474455226272795],[-63.075162309745465,58.48014951101246],[-63.053120643508386,58.50711544693086],[-63.08045547830723,58.51323059183811],[-63.122919444494975,58.49648490746504]]],[[[-63.074696590014725,65.27450068582453],[-63.06852768824623,65.25835472301792],[-63.04081907865353,65.25897506928376],[-63.00972322814527,65.2760897593204],[-63.0473095667328,65.29225771579527],[-63.074696590014725,65.27450068582453]]],[[[-62.9337292707313,65.5513649297414],[-62.81161527009915,65.51999074526071],[-62.77188831833201,65.53170847804329],[-62.850736391511454,65.56097143325007],[-62.890066969528036,65.60206690035362],[-62.91430689103221,65.6007124857195],[-62.9337292707313,65.5513649297414]]],[[[-62.865173107256716,58.52114445116451],[-62.813154326059156,58.51880188569522],[-62.838622177752264,58.53590304764694],[-62.865173107256716,58.52114445116451]]],[[[-62.85320356736374,67.03847701415437],[-62.777783226819565,67.0105718183339],[-62.74193792893431,67.0384843760341],[-62.651821487122504,67.04963698824584],[-62.52694182698771,67.11343070839632],[-62.37727892924742,67.15961970881507],[-62.44174517972406,67.18015485246802],[-62.56970262650391,67.16607232361724],[-62.61176368127748,67.13734769541331],[-62.74014897711632,67.1138035799309],[-62.7599451007947,67.08316055344932],[-62.85320356736374,67.03847701415437]]],[[[-62.77618102325124,45.759746583682656],[-62.76845454268996,45.742894351813185],[-62.72846541940641,45.74882599932647],[-62.77618102325124,45.759746583682656]]],[[[-62.76307562689239,58.53561238470199],[-62.7215583646584,58.520585386481535],[-62.6632682700988,58.529838731528564],[-62.68172013579158,58.551068434683],[-62.76307562689239,58.53561238470199]]],[[[-62.62684388192225,45.79951271031384],[-62.603467745772384,45.786901666385816],[-62.556136785119975,45.808705904229264],[-62.59606188198504,45.81547403889149],[-62.62684388192225,45.79951271031384]]],[[[-62.52083059431634,65.53166627297635],[-62.45788071494347,65.5694078413547],[-62.50300099517834,65.57007710304094],[-62.52083059431634,65.53166627297635]]],[[[-62.5182268427459,65.60309415425316],[-62.45477730371707,65.60668072420773],[-62.5154872012723,65.62721324323125],[-62.5182268427459,65.60309415425316]]],[[[-62.494614996273484,65.703019555095],[-62.478473847621196,65.67921603455525],[-62.49196727656265,65.66655391143513],[-62.48351140308121,65.65741590444819],[-62.38735500807983,65.65697874869835],[-62.34070329988606,65.61051033032078],[-62.25807613135745,65.61053893795042],[-62.18545804111679,65.65220923115322],[-62.221377984347995,65.6701975234252],[-62.195584199026115,65.69401455204559],[-62.225232505583236,65.70512895243724],[-62.26762551609845,65.6957495444502],[-62.29921447646335,65.72625757148121],[-62.335969962606086,65.73483631853405],[-62.475164316299185,65.72976793074992],[-62.494614996273484,65.703019555095]]],[[[-62.44511568762799,66.22260864369997],[-62.2141506586299,66.20596731260136],[-62.171009385983666,66.21524575976268],[-62.24517288962884,66.25900223061731],[-62.2919792012482,66.26355058949163],[-62.43540756386502,66.23988998011428],[-62.44511568762799,66.22260864369997]]],[[[-62.31965303255625,57.4723770649923],[-62.297214391483124,57.461384838215075],[-62.25144457898617,57.49574277359482],[-62.30151554914699,57.494524272694946],[-62.31965303255625,57.4723770649923]]],[[[-62.30368571731647,65.91482116061259],[-62.19203429253937,65.8509018192853],[-62.16718422884925,65.84824567720207],[-62.148212028964195,65.86561512032976],[-62.1636311932472,65.88550616064505],[-62.14119755336863,65.90611644932206],[-62.149813479138224,65.91531536464268],[-62.270081988409984,65.93721681164934],[-62.30158425740883,65.9295962902729],[-62.30368571731647,65.91482116061259]]],[[[-62.27574331915213,57.9472396169361],[-62.21978233027811,57.97180814142328],[-62.25926143286743,57.975464856189234],[-62.27574331915213,57.9472396169361]]],[[[-62.27254198848602,67.08472737424212],[-62.15240116985455,67.07904326204124],[-62.122573133794,67.09665471068504],[-62.2110004642658,67.10440168585214],[-62.27254198848602,67.08472737424212]]],[[[-62.2693627232803,58.02312569038234],[-62.25346624699648,58.00804481877681],[-62.227738141413234,58.01335925455407],[-62.24389969837516,58.03232650023656],[-62.266066561349945,58.03565631328708],[-62.2693627232803,58.02312569038234]]],[[[-62.18756312763046,57.48800858935205],[-62.14019448119972,57.46898715423049],[-62.137241918459345,57.48529972199109],[-62.18756312763046,57.48800858935205]]],[[[-62.15294142262846,66.27848375751891],[-62.13085170831623,66.2517201064934],[-62.07520993378886,66.2549695562046],[-62.065216712099584,66.26829616264325],[-62.11401748150726,66.2923457802556],[-62.15294142262846,66.27848375751891]]],[[[-62.07696565373075,47.23020283656241],[-62.05712810445144,47.2112827104786],[-61.980538349148624,47.20069177467667],[-61.94368791612903,47.211475690325656],[-61.89528410668577,47.19107856266011],[-61.83841182007988,47.215833688589875],[-61.82873362170729,47.23858194386606],[-61.842207264797885,47.24268424254872],[-61.906995204102294,47.22221132806825],[-61.96674003452149,47.24604956014707],[-62.01051268813491,47.241097808795516],[-62.02144700276321,47.25731828284106],[-61.98306654730204,47.31537232796227],[-61.91859594986106,47.34336116659776],[-61.88844308022247,47.4131857654324],[-61.771980770571496,47.50244796498307],[-61.575315111424395,47.59657835340809],[-61.540352470949536,47.58388179241834],[-61.602121402826704,47.53669498514162],[-61.554234155686125,47.5310184018781],[-61.43322420663897,47.617076528407125],[-61.46701344726904,47.627602642135415],[-61.58987137241184,47.61946777372445],[-61.74402436938501,47.556472053446015],[-62.001448285799746,47.381581621070055],[-62.02523350772424,47.30063508715433],[-62.07696565373075,47.23020283656241]]],[[[-62.059010645513965,57.51179004881714],[-61.99907716459136,57.461384100086065],[-61.954003786383204,57.452359881711146],[-61.871406581516965,57.47963036971948],[-61.825406739874,57.51770333276401],[-61.841416993541465,57.54050870488189],[-61.90478164525814,57.56160231359227],[-61.96605425425309,57.534723824363155],[-62.01268151617361,57.563108583253204],[-62.03500719402364,57.55330882963782],[-62.059010645513965,57.51179004881714]]],[[[-61.9390773197976,57.74781844369812],[-61.75301708343589,57.69138341744351],[-61.731634200411854,57.69564243672179],[-61.71856511432827,57.715278591580116],[-61.72815544149938,57.72892513682573],[-61.704211397279636,57.75721847009463],[-61.747330533045954,57.7942641613153],[-61.861980789225406,57.818183738883306],[-61.9390773197976,57.74781844369812]]],[[[-61.90909531839734,57.409296710220616],[-61.84448146437765,57.38594299338364],[-61.68865046052713,57.387614493790096],[-61.70553188881418,57.40502721477508],[-61.84061791139095,57.41153256579365],[-61.840734332287425,57.43242226757857],[-61.73315681824316,57.45160431349026],[-61.73649088097389,57.47700440666096],[-61.67909532347576,57.498936973490196],[-61.75460608319829,57.50981534160904],[-61.90909531839734,57.409296710220616]]],[[[-61.907027851285896,57.22715630096657],[-61.88527230249488,57.20288276246628],[-61.83756867297097,57.213948327733505],[-61.907027851285896,57.22715630096657]]],[[[-61.90478016871517,56.43258769831297],[-61.77662508137987,56.416688361878606],[-61.84235876853664,56.43782391203534],[-61.90478016871517,56.43258769831297]]],[[[-61.8760049119898,57.63790361425348],[-61.82713791988562,57.620316598450565],[-61.806392272395236,57.632394485785255],[-61.838239911716485,57.65336537554837],[-61.8760049119898,57.63790361425348]]],[[[-61.857235983637985,56.587068259409186],[-61.783902960181855,56.57623883669035],[-61.82427509565754,56.59392706554259],[-61.857235983637985,56.587068259409186]]],[[[-61.85019824650885,47.39078430163322],[-61.80321535590759,47.379984825701314],[-61.75343863751698,47.43823995489745],[-61.624629541901946,47.53287620232334],[-61.66642501314778,47.52738855763371],[-61.85019824650885,47.39078430163322]]],[[[-61.809031139438396,57.311074577908876],[-61.79663642581474,57.29665749408273],[-61.70739980955433,57.286072696432306],[-61.678956167988375,57.28667549797031],[-61.66312879104818,57.30550174320335],[-61.67575651167926,57.323731720056934],[-61.760083322044984,57.34444564002484],[-61.809031139438396,57.311074577908876]]],[[[-61.78471260780343,57.549371968366565],[-61.730899120088004,57.54193790990267],[-61.74203753656721,57.55797676356191],[-61.78471260780343,57.549371968366565]]],[[[-61.77637146020298,56.36832319220362],[-61.6641888162258,56.30969124039012],[-61.637805079083684,56.3086786947952],[-61.647512910601804,56.330084609910664],[-61.60924589526575,56.33925151071237],[-61.51791518836522,56.29709901409439],[-61.46101361061816,56.29588780712521],[-61.46186935077582,56.31121518380688],[-61.53660409180107,56.33222178556201],[-61.46293426748205,56.351307095666535],[-61.470770485956535,56.36654258984452],[-61.64617538171302,56.3732596479973],[-61.70133897553064,56.38912352946658],[-61.77637146020298,56.36832319220362]]],[[[-61.767022099869116,57.888150325320055],[-61.75576518585212,57.87210566930439],[-61.68738016060342,57.86884316875872],[-61.691106991104604,57.88112000139512],[-61.767022099869116,57.888150325320055]]],[[[-61.75096161236542,47.27555985294579],[-61.74889475955808,47.25840360738279],[-61.73218864750067,47.255083158525906],[-61.71982734649502,47.269602704262155],[-61.730319180101645,47.28212587659124],[-61.75096161236542,47.27555985294579]]],[[[-61.74520492006733,57.642143189128085],[-61.72971714493868,57.62700111257977],[-61.702604940217824,57.62980225913986],[-61.720474015298194,57.658827122610745],[-61.73934219811544,57.66154263898658],[-61.74520492006733,57.642143189128085]]],[[[-61.71024872635605,56.561649336722446],[-61.66607397531619,56.569468224357635],[-61.70973733427074,56.57471538885441],[-61.71024872635605,56.561649336722446]]],[[[-61.70570438350173,56.658842855668595],[-61.651793078971934,56.66997606075643],[-61.53632598681867,56.639001225152334],[-61.48068267765489,56.59839758075939],[-61.4407847959683,56.60911507469358],[-61.42559542422057,56.66028868825718],[-61.430867142342414,56.74887204478113],[-61.44461856755577,56.765551529797996],[-61.540656373781836,56.77457738036038],[-61.54188934967129,56.79383887850203],[-61.52464411584654,56.810438977079315],[-61.466229885549936,56.79755781678012],[-61.43878529906206,56.80964815932806],[-61.406690500052406,56.835653806989995],[-61.42185915538801,56.85469167752855],[-61.37619374493085,56.892547591792706],[-61.52511277254691,56.93000025182695],[-61.558535285280264,56.923143195553656],[-61.578251054550826,56.87878618970999],[-61.65018416882161,56.83807290086467],[-61.694688057552916,56.72618120731644],[-61.676508807952224,56.70647404512338],[-61.70570438350173,56.658842855668595]]],[[[-61.66852030944388,56.60792816029409],[-61.63833758341203,56.594665238049195],[-61.58504569805289,56.613353972095865],[-61.58893662817829,56.62952695381104],[-61.614272949142546,56.63215504448819],[-61.66852030944388,56.60792816029409]]],[[[-61.66313113956182,56.460782781212906],[-61.522891169903836,56.42339799590627],[-61.42012909217315,56.42759468459136],[-61.22816950708893,56.39921201016421],[-61.18856442563771,56.413710975278526],[-61.30224292419941,56.45815920151999],[-61.396655248744935,56.45188654267981],[-61.357774655173095,56.47803036272476],[-61.36123960374303,56.490286928419245],[-61.524445345429136,56.51662012348375],[-61.636946648600116,56.50909668626484],[-61.64732585060556,56.49651418596538],[-61.48328222615923,56.458851567786375],[-61.66313113956182,56.460782781212906]]],[[[-61.66155643730197,56.41689139210018],[-61.627030034135615,56.40060731051313],[-61.60527626490229,56.40648368780301],[-61.62273438671729,56.41839968360638],[-61.640931883692865,56.42112464590593],[-61.66155643730197,56.41689139210018]]],[[[-61.59510818002338,46.02270663597327],[-61.50434802655303,45.72091623489924],[-61.439008834910375,45.64499033297033],[-61.39130942262453,45.62223294270679],[-61.3649896930126,45.57894028011342],[-61.30546712174672,45.550458591428956],[-61.245025136983045,45.598555397757195],[-61.19037441082301,45.558732097909136],[-61.040802868388965,45.61073059124676],[-60.89734823887474,45.629657827851986],[-60.88300110608931,45.61198326908432],[-60.79755679376452,45.5947509809916],[-60.78298214171788,45.56973739872187],[-60.75851725257426,45.567073618227376],[-60.66423445608269,45.601970181894146],[-60.440547360804416,45.64130290385291],[-60.36852614542932,45.69267789048451],[-60.314403888284886,45.6947921727502],[-60.25452885114779,45.728106582615766],[-60.24491956283097,45.780302574197925],[-60.191570756396395,45.7696560763256],[-60.12383339638476,45.79103638706468],[-60.11452184961395,45.80451607203908],[-60.18875297470839,45.846333535835655],[-60.18692419976346,45.86422854212448],[-60.04849818206157,45.8728210019577],[-60.010656564526705,45.9080600516281],[-59.96578518959701,45.90383261648186],[-59.88397424618735,45.93343862238959],[-59.832611680954976,45.92700324462226],[-59.82000191974792,45.94493110284054],[-59.88152281707362,45.99379075158327],[-59.986727957695415,46.01847453343092],[-59.848581314698116,46.105009646848046],[-59.85728272545851,46.11913147643218],[-59.91805333978308,46.08969423347959],[-59.93859940409767,46.10227465791896],[-59.88538219083582,46.1323373937542],[-59.880340421822524,46.15477207438965],[-59.84706196562457,46.16020096263352],[-59.85804290251113,46.182480289907375],[-59.96879938805787,46.184813100477555],[-60.032337353199985,46.204511352918836],[-60.08276379508759,46.19740586175136],[-60.103426318324544,46.213705296326964],[-60.07793012681902,46.23103290631508],[-60.086627426002195,46.237714264267176],[-60.178192672008734,46.24442878906768],[-60.22694963885142,46.20891110238354],[-60.23273623081168,46.17749295840585],[-60.20728037452785,46.14126182391195],[-60.23286443091751,46.13125034152985],[-60.27421925149626,46.1600194280928],[-60.30298250306298,46.14924704779281],[-60.32145059989644,46.16102431242862],[-60.25393989162674,46.21607535983016],[-60.27082205920629,46.24951331038229],[-60.29684450359921,46.26195589883439],[-60.5153962513314,46.10735629015721],[-60.79976272233167,45.954281969415966],[-60.81475282006784,45.92055493787724],[-60.7241186738432,45.8944036285811],[-60.4631419432839,45.99024705471695],[-60.450932631337,45.976968745905516],[-60.78224918183709,45.777284916181934],[-60.79358003171728,45.733224833889714],[-60.77975457502354,45.69924849657683],[-60.79846728311254,45.68702310622173],[-60.88100631662019,45.64996374584563],[-60.84843878902118,45.72195227232585],[-60.97199551334473,45.75711546660658],[-61.08281360619612,45.70519378983375],[-61.18652231968708,45.695003430622435],[-61.148353473046136,45.724773292386686],[-61.17982909165825,45.74052955383891],[-61.15203931542242,45.7627519501105],[-61.02462081745211,45.8276326650932],[-60.991544203085155,45.82598086250409],[-60.9749403765704,45.835211224395465],[-60.98955467790425,45.85655634845046],[-60.95578893894311,45.86759071656131],[-61.0025869754738,45.89206859403205],[-61.02798847746166,45.88571258955783],[-61.03352126654614,45.86544568751921],[-61.13519076184804,45.84711760456874],[-61.10259827530998,45.88427383907521],[-60.84129607251613,45.94769954575401],[-60.840223963325,45.9805673195645],[-60.77818549068132,46.04856893797645],[-60.95680885253547,46.011392042072316],[-60.95134781117526,45.98019920366785],[-60.99443742814675,45.959251828749935],[-61.14273226376321,45.926789714482844],[-61.159896137419906,45.92865091890959],[-61.152979125651704,45.94289716374111],[-61.026585049827524,45.990029856534385],[-60.94590303755399,46.06669140794116],[-60.86219661304419,46.06139999955369],[-60.70391881344793,46.10331014753056],[-60.5443652867436,46.227771469039475],[-60.473237928602,46.304018266223174],[-60.47931602684175,46.33006638300515],[-60.51452113519367,46.31772253725454],[-60.61606666510502,46.21638174784473],[-60.65290875743256,46.22488829245889],[-60.64966428903349,46.26068135821669],[-60.59961630917661,46.279322791659744],[-60.56105117025122,46.3626713187165],[-60.51463471369108,46.40273685793712],[-60.449421170217796,46.51252156177963],[-60.377666338030586,46.58878725078321],[-60.40979514557335,46.616108184961384],[-60.381212027987345,46.64561551588837],[-60.41936638828938,46.65256702089515],[-60.35388388057727,46.731046317642445],[-60.35207659184634,46.84174971241374],[-60.370961417351296,46.857236150328404],[-60.4309605516012,46.856589996794895],[-60.456853890774084,46.88542270268734],[-60.524809879088544,46.90032513433732],[-60.51544068157825,46.91767162312541],[-60.47316232997103,46.92786343097268],[-60.46750353422071,46.9631604237456],[-60.42800180811377,47.000282012142044],[-60.444113154030354,47.031535261601285],[-60.47143201641006,47.027447143551704],[-60.50008337218272,46.99417851003427],[-60.54331572676344,47.01757659401258],[-60.66590336213264,47.01669055613938],[-60.752472815947556,46.88382304507889],[-60.91250331483245,46.784069079406926],[-61.023029329355964,46.629687782003046],[-61.0919565117441,46.61491868881078],[-61.063190800638,46.574404928935124],[-61.15240039695621,46.42632015767229],[-61.27078687247926,46.29335215188727],[-61.333842135166336,46.23456813192469],[-61.48975603846366,46.146737098877274],[-61.51772465046438,46.10431658128325],[-61.45148396231387,46.06487192011236],[-61.45536491009223,46.05504688319766],[-61.55131729128048,46.04541606728256],[-61.59510818002338,46.02270663597327]]],[[[-61.59486620403632,56.54772280331165],[-61.492861220346455,56.546509134662394],[-61.48249275572798,56.558999887835384],[-61.59477324601357,56.568454083023184],[-61.59486620403632,56.54772280331165]]],[[[-61.577439741426,56.25359172689896],[-61.51285365821931,56.2371026825408],[-61.47209131364895,56.24942561160738],[-61.55104239539331,56.273403978308075],[-61.577439741426,56.25359172689896]]],[[[-61.573070943742174,57.23769488483091],[-61.56734026437265,57.21543300365582],[-61.509785699071394,57.225764258773],[-61.531330109641665,57.25394047803895],[-61.573070943742174,57.23769488483091]]],[[[-61.562006482662305,57.176213878154336],[-61.51813470029965,57.157701317070995],[-61.503142119492225,57.16722083526911],[-61.533064502221826,57.18986052403142],[-61.562006482662305,57.176213878154336]]],[[[-61.52673821459769,66.48057883255936],[-61.48837355773516,66.46405186003688],[-61.460961199261284,66.48375501787037],[-61.495298604076616,66.49956989279066],[-61.52673821459769,66.48057883255936]]],[[[-61.51050906890896,47.774249961407335],[-61.459984635048535,47.767902137829125],[-61.45764529034074,47.787448072562135],[-61.49272224765351,47.7964564493888],[-61.51050906890896,47.774249961407335]]],[[[-61.45865284638538,56.39763977623427],[-61.38847575118179,56.3834851581445],[-61.39917772074613,56.39944164488773],[-61.45865284638538,56.39763977623427]]],[[[-61.36590174255124,56.32837203706534],[-61.329261115685135,56.31899328904046],[-61.2391237807422,56.34517771946871],[-61.25354619261313,56.356428906015545],[-61.33356534445103,56.346702049938145],[-61.36590174255124,56.32837203706534]]],[[[-61.350616570136836,56.865199784615164],[-61.33018758809435,56.852433695668154],[-61.30672877844703,56.859734276637035],[-61.321850386352395,56.878786455672646],[-61.350616570136836,56.865199784615164]]],[[[-61.35052547080409,56.08366721531222],[-61.3289633678501,56.068604811824635],[-61.319132783434476,56.088854852659914],[-61.35052547080409,56.08366721531222]]],[[[-61.33615635614563,56.12164370490636],[-61.27975797412297,56.09950572600545],[-61.269362007554314,56.11204530794493],[-61.30097187542773,56.135370589961354],[-61.33615635614563,56.12164370490636]]],[[[-61.33010675361411,56.186520050272556],[-61.30849185759068,56.171449619047515],[-61.2792195816043,56.19039752311667],[-61.30892538238345,56.20374421833241],[-61.33010675361411,56.186520050272556]]],[[[-61.297607209135116,56.825161912714655],[-61.25968556239539,56.82507201551565],[-61.26753937902341,56.840335250445314],[-61.297607209135116,56.825161912714655]]],[[[-61.286846243110325,56.75595240614703],[-61.227984025273564,56.75997378845508],[-61.24701191668557,56.77435560907669],[-61.286846243110325,56.75595240614703]]],[[[-61.28675044927679,56.57945402897084],[-61.15303225523916,56.586908363721705],[-61.13687561156269,56.59797012083474],[-61.136346521313556,56.64343532824941],[-61.14547604094623,56.65722800143143],[-61.19751446678977,56.66099566423344],[-61.20350914268498,56.64165831168296],[-61.24061179871216,56.6303011328322],[-61.28675044927679,56.57945402897084]]],[[[-61.269573664626904,56.066581675555014],[-61.234667363311566,56.031000737791814],[-61.15560603542782,55.991450178179164],[-60.98722728407523,56.00235722297482],[-61.04341610333208,56.02850571267624],[-60.985416508883205,56.08177649709935],[-61.09437865839863,56.11401423864223],[-61.13522627732741,56.158830361139536],[-61.19222508260775,56.13949012313673],[-61.219657627187836,56.085879517553096],[-61.269573664626904,56.066581675555014]]],[[[-61.227511309708866,45.5104607538584],[-61.210284804064244,45.50483276991311],[-61.18069336409993,45.52992932477378],[-61.21454791749834,45.52996711366772],[-61.227511309708866,45.5104607538584]]],[[[-61.22211017143427,56.8078548656665],[-61.19461053908893,56.79139476421251],[-61.17568278044671,56.80554133050892],[-61.19494619318809,56.82372880565828],[-61.22211017143427,56.8078548656665]]],[[[-61.211366668852094,56.21465770520402],[-61.115359368090196,56.20304993963408],[-61.15783850030036,56.22168044046361],[-61.211366668852094,56.21465770520402]]],[[[-61.14640180590797,45.54622453365038],[-61.09722202385236,45.506283306828294],[-61.04863492993503,45.508642873904876],[-61.041807904477544,45.4954507362511],[-61.06640204700373,45.47786909133436],[-61.0455699111027,45.45817933622894],[-60.99834574549066,45.4939351322691],[-60.9968118344217,45.539343131642774],[-60.903453292487974,45.56180148521002],[-60.90910003978984,45.57288573884647],[-61.05841831774718,45.57246530273712],[-61.14640180590797,45.54622453365038]]],[[[-61.144044466026195,56.84689853700475],[-61.13770001784262,56.833904102188214],[-61.09924708353956,56.8506276343937],[-61.13068028171817,56.86251854413156],[-61.144044466026195,56.84689853700475]]],[[[-61.13725468552913,55.95250100155107],[-61.1050585900881,55.93831498732501],[-61.06557516243866,55.9450995057008],[-61.11576579069716,55.962022836221124],[-61.13725468552913,55.95250100155107]]],[[[-61.12716173434815,56.40933831078143],[-61.09420517942137,56.38747052608037],[-61.07784720901559,56.394600018118965],[-61.08544336318675,56.40994098424018],[-61.12716173434815,56.40933831078143]]],[[[-61.09099988022535,56.68883424214438],[-61.03044408522162,56.68280867075268],[-61.03430024076501,56.70279717422132],[-61.05563561198005,56.71021668899007],[-61.09099988022535,56.68883424214438]]],[[[-61.09047425812137,56.62023027912019],[-61.06207327008316,56.61296671119391],[-61.043318137225434,56.63096066329597],[-61.06484005212062,56.638345118730435],[-61.09047425812137,56.62023027912019]]],[[[-61.08962038880412,55.90390785233919],[-61.071243570083965,55.86490792521202],[-61.021331950514686,55.85183656205941],[-60.94290358905347,55.87290926889918],[-60.989853293112404,55.91003334762086],[-61.05335033318643,55.91906783464379],[-61.08962038880412,55.90390785233919]]],[[[-61.047888401173566,56.32037058373534],[-61.04440475386174,56.308061531378826],[-60.99885188905341,56.30947271480555],[-61.01644940635232,56.329269028874236],[-61.047888401173566,56.32037058373534]]],[[[-60.98115683579733,55.96088483094175],[-60.92340309926141,55.957132764634274],[-60.87910986949316,55.98155338096519],[-60.89747191528,55.99210161891158],[-60.98115683579733,55.96088483094175]]],[[[-60.9776280488705,45.47796608060701],[-60.9378517922369,45.48688411249723],[-60.96764460296765,45.49305424357191],[-60.9776280488705,45.47796608060701]]],[[[-60.90746401736294,55.90725459151634],[-60.877609427480316,55.88223832269342],[-60.89432085242457,55.85818705674778],[-60.85294791857228,55.85104702291055],[-60.75922527172546,55.8660841632092],[-60.73639024170246,55.8771243572049],[-60.73036366537874,55.90027678824467],[-60.805833706976166,55.903237792869966],[-60.820368251707606,55.92223874342634],[-60.872954867278544,55.93233839097262],[-60.90746401736294,55.90725459151634]]],[[[-60.682552951890784,46.06864373489822],[-60.46639901534896,46.205642843031804],[-60.38428055760515,46.22823516269285],[-60.336624386174215,46.25854873582099],[-60.31029867701612,46.284910820840395],[-60.32144045316088,46.30346986609633],[-60.35395895972202,46.31433581698422],[-60.41893383369259,46.28600989334018],[-60.676726915490896,46.08886271341722],[-60.682552951890784,46.06864373489822]]],[[[-60.41747530545537,55.78976234860471],[-60.39930141788158,55.77527357505755],[-60.36404989163949,55.78483108456972],[-60.33933721303603,55.82577626051368],[-60.37893114601057,55.826985921695254],[-60.41747530545537,55.78976234860471]]],[[[-60.3986118458538,55.29090423820854],[-60.39404457069325,55.27246091917596],[-60.37637866363892,55.26949884289183],[-60.335494632162096,55.34598453127939],[-60.34250936193259,55.35747516779996],[-60.35872520218456,55.35811706931951],[-60.3986118458538,55.29090423820854]]],[[[-60.26386889014159,55.29196210897335],[-60.223109103804994,55.27695111770931],[-60.193594061963054,55.284099129274466],[-60.155666342015714,55.3327680474042],[-60.1845054174962,55.35021348335791],[-60.261691700574644,55.30661463517565],[-60.26386889014159,55.29196210897335]]],[[[-60.21172524265512,47.17986661548758],[-60.20484730896435,47.16639455805553],[-60.16877330276397,47.174974704805166],[-60.194351344412276,47.192726151096124],[-60.21172524265512,47.17986661548758]]],[[[-60.20815826850431,55.44078275309431],[-60.197008568517376,55.422389596103685],[-60.16896088885246,55.435649452040515],[-60.20815826850431,55.44078275309431]]],[[[-60.138279871047935,55.27450478081917],[-60.11109806665975,55.26316432685213],[-60.06579919482757,55.28881306368334],[-60.12650825848446,55.288420688634616],[-60.138279871047935,55.27450478081917]]],[[[-60.11753848233718,43.92308713339793],[-59.85529152441415,43.93528918588861],[-59.73206014248105,43.981594982411],[-59.71283975255087,44.006007762465806],[-59.86978399502037,43.958817116240866],[-60.0709851334882,43.94340561955564],[-60.11753848233718,43.92308713339793]]],[[[-60.09235123554459,55.33626366440203],[-60.06008311924205,55.33494686062228],[-60.002811328977366,55.37448443391161],[-60.07125960269617,55.36100179786482],[-60.09235123554459,55.33626366440203]]],[[[-59.79192791342208,46.015099791165426],[-59.74792786087082,45.99439409071829],[-59.71086061920454,46.03928515365982],[-59.79192791342208,46.015099791165426]]],[[[-59.45348625775561,47.88010057147352],[-59.428868148851684,47.83430790612708],[-59.40755678322778,47.82907310783728],[-59.31052371802417,47.84708602027779],[-59.24810809112138,47.83729012315332],[-59.239273580501155,47.82670937158075],[-59.25713593320597,47.81777166880126],[-59.303904410426604,47.822261375123574],[-59.362982689792545,47.79531378787169],[-59.34400841177829,47.708195386036714],[-59.35511729527069,47.63101207932509],[-59.33626059159632,47.60241814479121],[-59.29410973578419,47.58441518148969],[-59.18106263182631,47.56100655138236],[-58.97938216524588,47.57459669536732],[-58.93482153147742,47.59318505508169],[-58.73409137468039,47.59350846792089],[-58.68567751310991,47.6388968519709],[-58.645485945866376,47.65136337172375],[-58.66046507157191,47.620703987332355],[-58.65069003694915,47.61160501884562],[-58.57889959918889,47.65081962600076],[-58.59604807185448,47.687001097765936],[-58.58467156356257,47.701831616694236],[-58.5491773487454,47.697104278137736],[-58.54319251242233,47.660953287422515],[-58.44900166712518,47.652606018567774],[-58.40801844016641,47.69497313179139],[-58.34893764412721,47.8009169599431],[-58.33443684079401,47.801532010335336],[-58.33204013722798,47.75715393276072],[-58.26884230802532,47.74824122197522],[-58.276969255643834,47.733998757874495],[-58.34747994454174,47.71906162276487],[-58.373111144995804,47.663826091516405],[-58.14227367590173,47.69786467199186],[-58.13069879696246,47.672947199358646],[-58.10058284001357,47.67550148893578],[-58.082955314337674,47.709045733936605],[-57.992209425141105,47.659680534245425],[-57.94737356247147,47.70633324578823],[-57.8915043049873,47.712957513011546],[-57.87684433809947,47.688717550483666],[-57.93361259943089,47.652057510245335],[-57.82466717462872,47.622581366707315],[-57.76244873816654,47.65527266857526],[-57.67853848635823,47.61176848357482],[-57.567579857415474,47.666774424774864],[-57.57196945561421,47.63978043832913],[-57.47282695382478,47.61910848265901],[-57.38780696079769,47.65860500902616],[-57.33607444824335,47.74463557544378],[-57.30274584779354,47.76489840135674],[-57.30065076391699,47.73931249516845],[-57.366740628888905,47.586129669134294],[-57.240909985899165,47.59532718170352],[-57.224732753994154,47.608438866506404],[-57.242772872924405,47.67042899671415],[-57.22243657946702,47.67822833104939],[-57.17513455560529,47.57881401803584],[-57.104528594555454,47.63492476791006],[-57.08007107316949,47.637370358454426],[-57.07229851301312,47.615393768864244],[-57.044022079064796,47.604869181937566],[-57.13376904674063,47.56354877924572],[-57.00360765603398,47.57087674994089],[-56.93354185085881,47.535335124722316],[-56.908573859853796,47.54514475756392],[-56.92000180421387,47.579969149270504],[-56.910419469807486,47.59177127612671],[-56.88824663010464,47.591103860764484],[-56.86868740751492,47.545614889841175],[-56.8104567654877,47.537298972360745],[-56.76677592418735,47.56311424498885],[-56.80542498577519,47.6024307304169],[-56.79552181078634,47.6216601108009],[-56.74767863899124,47.58653814788088],[-56.71552878106684,47.58414619528657],[-56.699678678781375,47.58970482555165],[-56.70448815326899,47.60112460869831],[-56.73525223360608,47.60871810810277],[-56.7403517478491,47.63368124336163],[-56.66865246697628,47.62408504984996],[-56.653032606200256,47.643181727296074],[-56.60022988383281,47.617563060832346],[-56.57689259426389,47.63568675088962],[-56.57349855494112,47.688098362200265],[-56.55668045493177,47.691369488784424],[-56.532755957957974,47.66509924692778],[-56.544793888176834,47.6159248268616],[-56.51475710710063,47.60078517536103],[-56.41503980886507,47.59766661958641],[-56.41012368435559,47.62078033598355],[-56.37716112096799,47.646789054754954],[-56.390615262306085,47.74409593327673],[-56.37748846818288,47.756460328487414],[-56.343272831633826,47.735850948108336],[-56.337569726209374,47.62602739143457],[-56.25094236126171,47.64116750994469],[-56.218209219190285,47.632569857092946],[-56.20210822724718,47.686073779943634],[-56.22018345890959,47.71228394861198],[-56.1870692462599,47.76896051190305],[-56.204679411160996,47.83350384413105],[-56.168578660190285,47.821738638201566],[-56.13800298831775,47.760887483205416],[-56.062358718908506,47.7811773334378],[-56.07799598799886,47.752435509855964],[-56.144636694467515,47.71040055150289],[-56.13880328887141,47.683152496518474],[-56.118515114897036,47.687017388331356],[-56.079190602047376,47.70666537702133],[-56.035088880151655,47.75918730223106],[-55.93632142349625,47.78117020224927],[-55.94576096719464,47.804080707121635],[-55.882665677715906,47.824327426315165],[-55.861382506351596,47.866414066801745],[-55.878166391412115,47.894128974584625],[-55.84252906897121,47.90551390114839],[-55.830170306243005,47.9336959227957],[-55.80688661991799,47.93057058774143],[-55.79767974991954,47.90761301157997],[-55.821775230932374,47.88596843851844],[-55.72978123877327,47.88923933089652],[-55.72520034226182,47.877757876953034],[-55.83381282913127,47.83456952005664],[-55.855986156651895,47.808324150354345],[-55.873896223910364,47.739859231082804],[-55.86584580663248,47.71550449547782],[-55.921343677588446,47.690444789175146],[-55.93445824678288,47.651126532997],[-55.884456287750844,47.622193193774606],[-55.71936809221287,47.668534309138764],[-55.70033378766815,47.657270588912695],[-55.95959678026845,47.55663997771083],[-56.208628569117515,47.50383762746295],[-56.17238900441565,47.46882914982279],[-56.102490631739364,47.47089970040814],[-55.91867147741795,47.52730355973647],[-55.763790919665375,47.60263494169723],[-55.76074644474028,47.58598610447939],[-55.858803981224675,47.52734609254931],[-55.887327887199774,47.490149369941726],[-55.937536405139724,47.47102096457172],[-55.94945465570006,47.44669016065019],[-55.85663293275887,47.45894994313228],[-55.79184791676623,47.54582747242422],[-55.75278876736017,47.56163674935102],[-55.732602299615294,47.56534542178878],[-55.730361215664004,47.55104288154739],[-55.77316059014012,47.51735457813672],[-55.80079404756214,47.46432602448918],[-55.783313127465725,47.461444618177005],[-55.736941030242406,47.499405003731155],[-55.699837648016164,47.49270782541939],[-55.68092211706516,47.53178865538403],[-55.641277935455086,47.55505621915653],[-55.62287995802848,47.54974688007436],[-55.62645167357688,47.495080214725334],[-55.68061080434188,47.444674575296034],[-55.63905308165183,47.4264917282611],[-55.642536618867716,47.3988435809166],[-55.62937013808769,47.39755132770935],[-55.5666162526185,47.44455071523002],[-55.47045096152253,47.46692785168126],[-55.454604137371156,47.569177393373806],[-55.47353506401052,47.580486722259536],[-55.445401565745975,47.610168082190214],[-55.5042205491568,47.611803843059526],[-55.51513851115116,47.62582142476547],[-55.41035644484463,47.70109632176214],[-55.4059818472315,47.6392570141162],[-55.34971980123936,47.67144114792731],[-55.33247631715394,47.66465762979664],[-55.3303148201486,47.64053712828482],[-55.220549365441336,47.624464286532515],[-55.17553613063349,47.653357540954154],[-55.182184001196056,47.59571898638358],[-55.16793954917647,47.58230243702285],[-55.14811463786657,47.59192501738926],[-55.13513550219877,47.63339944024742],[-55.09629678270919,47.67829228337461],[-54.978214023521566,47.777403615943726],[-54.95209118715587,47.78067386861023],[-54.96529185590334,47.73920046735438],[-55.07647756583775,47.64131557080476],[-55.107241104228734,47.58931716049876],[-54.96586226009221,47.60308171964049],[-54.76244877073001,47.66400743433155],[-54.75641252755496,47.64787485899492],[-54.89669345555377,47.58321084400618],[-54.88416187772213,47.56458479525106],[-54.893390130122654,47.55078872891355],[-54.938594319695255,47.522096504241276],[-55.00950054369926,47.49013037779312],[-55.159281666176845,47.466175931768646],[-55.277596047472706,47.3985553502014],[-55.3128006275962,47.36405253848381],[-55.3628870239605,47.25211015000184],[-55.51262694111805,47.142930714440254],[-55.6971324948031,47.09187576587277],[-55.84342032345655,47.08936323710201],[-56.00486824156258,46.9866996389454],[-56.04318141205627,46.93042366865644],[-55.943649197582495,46.8743585041574],[-55.795711490516375,46.852996304678506],[-55.681993974833226,46.868001641579006],[-55.56772387321267,46.91355916610716],[-55.50712714127809,46.88178139738722],[-55.439034557111846,46.872190426645645],[-55.402755238203426,46.87514467594474],[-55.37370031683775,46.90615055827673],[-55.30290304269361,46.903029333968256],[-55.23701675573658,46.98705281141017],[-55.24968491050824,47.061836069885224],[-55.21696212114598,47.060399074159946],[-55.18664621904815,47.03279085149486],[-55.10924225237832,47.07351298593133],[-55.177104381356926,47.166604519989974],[-55.13576014745391,47.18502171723268],[-55.09748315643533,47.1367661043751],[-55.05960955037214,47.16422686243596],[-55.077946684709765,47.2124024770317],[-54.89313646018083,47.35987095890444],[-54.89200653987666,47.413922572008886],[-54.87555485998269,47.42292556512259],[-54.83755576030789,47.384217951665754],[-54.83867501895379,47.363246078046195],[-54.757401199783615,47.35774763111487],[-54.74194877291118,47.388551180270454],[-54.69033521572265,47.3852017111188],[-54.63743432890611,47.4028672271826],[-54.46223573932308,47.591574315997875],[-54.42608536689408,47.59643924878222],[-54.42600375049404,47.56709464796957],[-54.477045757932906,47.52916880229301],[-54.62583715895068,47.357162666270796],[-54.5336826358058,47.37051278656578],[-54.52230453127213,47.40295033381722],[-54.455052663164814,47.44001678834741],[-54.479970444649254,47.4932524787291],[-54.43671821757748,47.51273240623366],[-54.369889719664386,47.591182351708184],[-54.321977811803166,47.69696434100667],[-54.24618814407737,47.78173945671537],[-54.23295927570384,47.84506019696907],[-54.2486748821192,47.87305279421809],[-54.19688514549987,47.87540293425274],[-54.18331134241159,47.84834344116559],[-54.149637945348445,47.8404234652624],[-54.12380124294684,47.849567441378625],[-54.07329566919889,47.80528954942736],[-54.00372796918699,47.84356176599514],[-53.99613648940236,47.832598382379004],[-54.040029547989576,47.75822955819999],[-54.00529784486571,47.73215528561285],[-53.978580779340916,47.68765471565212],[-53.964377849777414,47.61306210857418],[-53.9370895605424,47.591889264302644],[-53.921539968990565,47.502965712529246],[-53.95211646977832,47.46257069312072],[-53.94572478141568,47.434338059746366],[-53.84797912501253,47.42716365255214],[-53.949762949382226,47.37515288702442],[-53.950879736978955,47.34817553247101],[-53.904898892769474,47.34474755729029],[-53.94441658979765,47.29437656400465],[-54.02037791237616,47.29654951283206],[-54.04346632211049,47.27084848071288],[-54.045312619494354,47.25586208456936],[-54.02131370728868,47.24400641327841],[-53.902996361615564,47.26345957070488],[-53.96596515188856,47.21896443688853],[-54.04565259575699,47.21684474845452],[-54.05404655111537,47.17524926155337],[-54.09218606151213,47.142113956564444],[-54.109474922803706,47.09051131190256],[-54.18264600986747,47.011227239091795],[-54.2141777145141,46.84644054793216],[-54.197180072417076,46.82369819104343],[-54.11680824961655,46.792132322593254],[-54.064893170075294,46.80568509599239],[-53.88519940234218,46.91448697081009],[-53.82903675213953,47.002775593574725],[-53.75988606461688,47.054250637794944],[-53.69545685036732,47.160724216927285],[-53.678784706023286,47.15370835622253],[-53.68872288307804,47.11076757194653],[-53.663840448751564,47.11594102450275],[-53.603283477205856,47.182910577369704],[-53.591864690311525,47.160345497038065],[-53.56507200543808,47.1549017833706],[-53.55834784078193,47.13049507187191],[-53.492182877578365,47.15560308433085],[-53.4868742963831,47.12966245182308],[-53.58307482540409,47.093705375298164],[-53.667388641451296,46.9876926805807],[-53.64395882895444,46.940384678899186],[-53.59039454577966,46.98061090429561],[-53.57730937347295,46.96331842670962],[-53.55121280196674,46.96991753022862],[-53.53535628573729,46.94938232704277],[-53.62147511086804,46.91119973419907],[-53.6755955812962,46.83201535205991],[-53.68133480223999,46.79703662771372],[-53.60548682515443,46.87497347403135],[-53.54435262742295,46.898125040135845],[-53.506363916515966,46.895713341312614],[-53.62958198321536,46.79084615485604],[-53.67223715290981,46.67347285163636],[-53.62165340027801,46.618476572795906],[-53.56322699614453,46.607319088065154],[-53.45502658365974,46.68299173983362],[-53.4290036079766,46.74658429191005],[-53.41130141239306,46.756689031099356],[-53.392711152489916,46.74874984509236],[-53.40190930003761,46.713373299049195],[-53.34619472681523,46.68941954746367],[-53.31326519479779,46.73834718945182],[-53.29834154627799,46.735776620853684],[-53.2762640850576,46.67506933805552],[-53.19992992412103,46.6204678739021],[-53.12966629250076,46.63146042778984],[-53.044236246979516,46.74049313903806],[-53.000091807695206,46.750950809517796],[-52.95846216370852,46.81193199826506],[-52.960814685802326,46.90000220721375],[-52.929934766686394,46.90842687126075],[-52.96450039084052,47.00255010709399],[-52.908161639353715,47.00397249898244],[-52.89111570418251,47.04411742951411],[-52.982993228445125,47.08577984486319],[-52.90016720884393,47.10948026027993],[-52.850917609571454,47.224888453873085],[-52.85175252755221,47.270958302174336],[-52.82989214528015,47.2911653172663],[-52.84696035903358,47.31045300880808],[-52.78169902253862,47.32392564216359],[-52.722310809949676,47.41540927443561],[-52.73242032762528,47.45753879386963],[-52.66813972426606,47.485417453729255],[-52.6721920861022,47.50908802933823],[-52.71564339450059,47.537802250152545],[-52.68644536421437,47.57496989443695],[-52.69663421619993,47.6390441742424],[-52.73702292317249,47.652479608910056],[-52.73763520812662,47.72044250776158],[-52.8020086337203,47.78987411355301],[-52.82718485904744,47.778812203473656],[-52.86197173164955,47.68236877802014],[-52.93916715333708,47.54665419470027],[-52.96989278897665,47.52015815672296],[-53.11394043060071,47.46285583750155],[-53.151534923926356,47.40968401493959],[-53.179016515055835,47.4115039050904],[-53.20491913933528,47.44029086757755],[-53.18676817448409,47.46619726239848],[-53.19926582368805,47.487330160820505],[-53.21575670334599,47.48846730725193],[-53.23018185456954,47.45702076002746],[-53.25565202084483,47.45798181555846],[-53.228622682284765,47.53150090660418],[-53.26006942957539,47.54487510390102],[-53.27867055813726,47.57847104269631],[-53.25977057032054,47.60211272071988],[-53.33861528179172,47.59595328917837],[-53.32865920054936,47.619376532166946],[-53.223284722799946,47.66981346084089],[-53.21555355066837,47.74771233334079],[-53.09758074725372,47.85834424215278],[-53.11664727010127,47.882204862350925],[-53.096265756902454,47.929129289483065],[-53.044889543197606,47.9650240319265],[-53.00926417586644,48.01542816020211],[-53.00807210511351,48.0546164798027],[-52.89388854765842,48.0937176248046],[-52.96386769781841,48.16120247316953],[-53.113782037727674,48.039807554805286],[-53.18977289566932,48.044051128062684],[-53.323624520197136,47.98932100734765],[-53.415282705379624,47.871402739295455],[-53.46209646455906,47.849498371587075],[-53.501565893678574,47.76533116624499],[-53.54486423004329,47.71822389455663],[-53.529091102915764,47.67805615500676],[-53.55370994925825,47.66070580134335],[-53.555910621143965,47.62021828860477],[-53.60270702667616,47.62006760871619],[-53.60888959287714,47.606977667685754],[-53.588975715840405,47.539396439481955],[-53.604597007701024,47.52230050483278],[-53.66319131506506,47.540980187688035],[-53.67464323819731,47.5220913367067],[-53.69070110241039,47.52682870931339],[-53.71404037232655,47.57791982787354],[-53.74666639160143,47.58369753227756],[-53.715348177659415,47.62772757762924],[-53.710829276889484,47.661363683824426],[-53.725585212113224,47.67727363166634],[-53.756448156758786,47.66252874742577],[-53.77468276335654,47.61697914675221],[-53.795471768204145,47.619720801583064],[-53.816160198540544,47.657852478730405],[-53.88149479369452,47.704604929546456],[-53.8603542505695,47.731241126119414],[-53.907466489678775,47.8078155156833],[-53.956327713237194,47.83780902783702],[-53.91346315922136,47.84962727797105],[-53.872093395100286,47.83065545621526],[-53.83979790162982,47.78581052333057],[-53.8108256636367,47.785576733075],[-53.768457717086356,47.870464832231264],[-53.84578251888337,47.878891440619014],[-53.84250754235763,47.895252664917834],[-53.714853098419304,47.903468604853366],[-53.645140682123056,48.03052404694805],[-53.881294830019435,47.97813684750869],[-53.97291057018357,48.00002083602028],[-53.979664762233206,48.00877357756564],[-53.93705048293227,48.01679327483407],[-53.815577375984056,48.00827200902313],[-53.703219936306866,48.05061156068439],[-53.72626919562621,48.0640538656098],[-53.86945142985407,48.06193054948953],[-53.947920879668715,48.08230262337212],[-53.997437277382566,48.153829044776764],[-53.965773095243314,48.20779349490286],[-53.71550059759829,48.162251112454356],[-53.679653987560435,48.16918647618188],[-53.4634203433006,48.271513932577115],[-53.434323449616876,48.261357901877425],[-53.41674380572832,48.27382422336249],[-53.42824210050035,48.312326844553716],[-53.39971228417013,48.346062917764556],[-53.42300966141744,48.36565941334158],[-53.31203457610894,48.37298259481927],[-53.266574375140856,48.342151574189494],[-53.14061720499026,48.39665977728597],[-53.088079931108055,48.46807804873239],[-53.12251706331246,48.488513025966675],[-53.044394133601166,48.539350482623675],[-53.06444575032523,48.657196912619675],[-53.081476977073514,48.65829384873324],[-53.09292040714335,48.680999711997025],[-53.132884461271274,48.673832907032974],[-53.1529548842252,48.63040498159978],[-53.241369241209604,48.57190083156758],[-53.281722607254274,48.51321661041418],[-53.35965773208638,48.54156980877497],[-53.372410429729726,48.58852812531678],[-53.4871064646996,48.60018767640272],[-53.51908196767574,48.5499445600047],[-53.511664013773114,48.51321128690283],[-53.54962182489084,48.48528470335345],[-53.56651337498947,48.44473518149168],[-53.625409814812684,48.40377676141066],[-53.64925323777106,48.403748674467735],[-53.594108499085685,48.475955686981436],[-53.62038899381849,48.50851463192973],[-53.6431981817534,48.50006884346173],[-53.69428432737489,48.43210658137071],[-53.753430906149426,48.42280701385932],[-53.77526615648849,48.43767159335248],[-53.72475285239411,48.45053573284734],[-53.68937336304339,48.48547735409759],[-53.68453392181953,48.53878906582875],[-53.78844864283211,48.48455500303303],[-53.87324245796067,48.3829300534843],[-53.91640625378718,48.365042598006035],[-53.93483174989815,48.37065052523813],[-53.93166395310646,48.38710107687678],[-53.871813828343534,48.45540986508578],[-53.89035184913859,48.46095490307286],[-54.01207971872426,48.40597329927821],[-54.129222502497825,48.384597452973786],[-54.19308784815536,48.353329833566086],[-54.216456670914155,48.366668342445124],[-54.16456647847491,48.41069238536797],[-54.08829366996453,48.41326986949984],[-54.05625500637122,48.45151123410714],[-53.986885440774984,48.45288359958871],[-53.82463963715035,48.50319498052985],[-53.79952420469551,48.556193646224045],[-53.89209174968213,48.56226501699291],[-54.0254847971625,48.53360795505033],[-54.00834247483169,48.552315708886255],[-53.791491061610415,48.6260562869061],[-53.69091248547096,48.64427104695988],[-53.64510185634561,48.671066075624445],[-53.66536764253048,48.68131494409813],[-53.76636015598828,48.66912235148532],[-53.795583516418,48.69884051104078],[-53.87407787264945,48.70114602216188],[-53.88363344222157,48.732704090403196],[-53.960299095299014,48.67885005995932],[-53.882938117947184,48.65932279276862],[-53.886145926960616,48.64285634742042],[-53.962927939078085,48.64036622081516],[-54.017127953506744,48.66237730853628],[-54.049179980160694,48.65358264453869],[-54.03922723218281,48.68707178175242],[-54.008132734133916,48.698143558719615],[-54.06598307171088,48.71953403415344],[-54.011218173943995,48.736862946970966],[-53.94270573218431,48.72697594053309],[-53.91742343306138,48.75427204526276],[-53.96391672017575,48.78489439756956],[-53.867845530165134,48.80130799004572],[-53.86640967095266,48.81260796763256],[-53.914270600650134,48.83202964640413],[-54.24001459977595,48.75395412267706],[-54.2069144611331,48.79977318936232],[-54.04051474929498,48.821669979479225],[-54.02399373261305,48.85252890496841],[-53.9477951000989,48.8830320448563],[-53.974337282869,48.899708825361024],[-54.03851107989322,48.88208763412152],[-54.04854327263853,48.89396968555619],[-53.99472048053614,48.91972910466423],[-53.9268987395717,48.912105453262654],[-53.880946436647875,48.93903989176001],[-53.930464450368206,48.97289917377902],[-53.92375162648553,48.98990915519818],[-53.85350591803173,48.98142370262455],[-53.81460006874183,48.99726006732705],[-53.81877523471262,49.00887855165584],[-53.90009577998835,49.01204869238719],[-53.90778243953515,49.0329057958415],[-53.69263414892228,49.03102110957408],[-53.635662180617246,49.043621512003604],[-53.656342270025355,49.11145847142229],[-53.58772373941805,49.14910141959006],[-53.54874467438926,49.21266464974301],[-53.51282815917427,49.221800180583266],[-53.51539490674581,49.244754241342264],[-53.53757655198923,49.25971894875237],[-53.67236285027901,49.31626727797774],[-53.72741777665453,49.31264803285077],[-53.74039565274485,49.35362187079396],[-53.79505576985099,49.369675644181825],[-53.808440278207584,49.39088001431883],[-53.835665530310294,49.38790861260789],[-53.98465240584682,49.439463916813175],[-54.06641260079084,49.4265802974781],[-54.08995144265911,49.43386325441721],[-54.06478390613385,49.45755779307313],[-54.11994689182761,49.46356607264669],[-54.205071562274625,49.424174080239716],[-54.21457163634311,49.38451032449059],[-54.27659634233222,49.38930531228962],[-54.37467900693025,49.4337923920333],[-54.399503110500824,49.42973837972662],[-54.44354432244136,49.38204909487337],[-54.458112517657746,49.326711507034666],[-54.53501734662566,49.25259189055704],[-54.54884803965671,49.273736301631715],[-54.525897569656145,49.32175314592523],[-54.536552338667555,49.35945283648584],[-54.48790237323323,49.409263889723356],[-54.498991430499146,49.43334337255356],[-54.482115056991546,49.45821122733423],[-54.486523869705096,49.46981974436012],[-54.520779022096484,49.465442308793676],[-54.57622753002382,49.437925287505834],[-54.59541331369832,49.443407467460524],[-54.50267753546815,49.53128922467016],[-54.51239753762048,49.54688367531682],[-54.63736706686024,49.473460582517994],[-54.71754911218701,49.378911244503804],[-54.75956772685895,49.35592819917776],[-54.77137703816264,49.32314483475739],[-54.83928887166391,49.337734655392765],[-54.85487581835063,49.2673023051985],[-54.87929033096559,49.26689353505309],[-54.88692233107743,49.28162952350665],[-54.89110862553522,49.37342295610897],[-54.90442250509368,49.378614670540415],[-54.941403571960905,49.35755036670309],[-54.946526638901624,49.341866416389],[-54.91606190228208,49.312558421352236],[-54.93837530352132,49.287801227569936],[-55.00954573223854,49.2819474109463],[-55.07805007514226,49.22223725833899],[-55.09738850791757,49.23745954765847],[-55.06522259265457,49.27007453211758],[-55.059694978804224,49.32281548765382],[-55.12629044521488,49.328778278789166],[-55.11948498958526,49.29287577517096],[-55.1455192926604,49.2637930662583],[-55.33111647239675,49.18626463101328],[-55.304833048184925,49.15868662587563],[-55.32646327580695,49.114230600201694],[-55.29853101640602,49.105537219095716],[-55.25528454046502,49.12402388724454],[-55.24150429445721,49.12274113117738],[-55.24299890064601,49.10762590193799],[-55.39505553796526,49.046767766620576],[-55.400663316160184,49.06065715203655],[-55.36747014211113,49.09479269875607],[-55.40543554482897,49.156083787385256],[-55.27170786828871,49.286614243295936],[-55.27170700791868,49.35699768070002],[-55.22295456445797,49.40482557758598],[-55.1729856546997,49.49734642252471],[-55.203877516755384,49.526644622026964],[-55.23284554612063,49.52787138947122],[-55.272543479274795,49.49023656233896],[-55.28996572149322,49.49094335019492],[-55.29807339310492,49.53900682216049],[-55.35112521477452,49.51997231518759],[-55.322366952368135,49.46807896402156],[-55.327387732712566,49.41531585447153],[-55.2989737458888,49.386896399279905],[-55.36551900902738,49.30869326979628],[-55.38521735733055,49.32009476144961],[-55.353931036792,49.36874073958796],[-55.366750220791424,49.381351555228655],[-55.394953958113945,49.3764704136791],[-55.42619758189343,49.327810364572734],[-55.451993042335445,49.34931435654503],[-55.51202579417944,49.338893564520674],[-55.390348500651484,49.448950856645716],[-55.396419621770654,49.459071019934406],[-55.46868648337568,49.41804196093159],[-55.48539058820935,49.42634495566446],[-55.42995614599213,49.485371591903714],[-55.43722900985569,49.49394088638113],[-55.54048452667925,49.44513357297419],[-55.62345238367867,49.361390309548625],[-55.633210045438226,49.40790365606163],[-55.58753404295573,49.47648441511132],[-55.59685976323012,49.48972620657673],[-55.62780405290806,49.48182765019335],[-55.709957863478635,49.39194328095015],[-55.75073416543222,49.416877137296204],[-55.72815826927283,49.44933893971654],[-55.74322616969895,49.46276337726738],[-55.80949089353646,49.4621292970636],[-55.82135927401688,49.48605824844116],[-55.883798843132226,49.51704211547187],[-56.06472478297137,49.46357727377728],[-56.111726900947126,49.426675286978785],[-56.16297803827592,49.42230266148529],[-56.12630541891622,49.44755157541676],[-56.11280082502678,49.48716437735329],[-55.89648335601873,49.56067020608011],[-55.87559807068062,49.58788489917501],[-55.88819450815759,49.60430254977052],[-56.0128645551978,49.574631026589756],[-55.87181128583866,49.660439200812625],[-55.889322940438795,49.67468859294467],[-55.94804459619006,49.65563789849301],[-55.991309356830826,49.66770104530869],[-55.95078416546198,49.69350365445622],[-55.95277449669453,49.7117850405676],[-56.006072947887496,49.70231522164124],[-56.189943214832994,49.58733376355033],[-56.23113502799061,49.581145655987605],[-56.1030333528288,49.70103819825876],[-56.064960572042814,49.71029620020533],[-56.0674236440955,49.738433770013295],[-55.9829014099223,49.74238541549503],[-55.88296623406145,49.79111732851949],[-55.77511733269652,49.821265915553475],[-55.51842067696216,49.950215122817404],[-55.554475267435606,49.9910525818187],[-55.641549635805525,49.96484902327975],[-55.73336831348816,49.96373280984639],[-55.751557761684495,49.92953035610181],[-55.77990765991691,49.928303890352765],[-55.88787601759651,49.97010411754568],[-55.916019900740245,50.01356030687552],[-55.98127321565638,50.03550628974663],[-56.00641227942282,50.03108837060004],[-56.04163618615558,49.9875340016968],[-56.06680949762388,49.99676734878902],[-56.057428792398206,50.01080399147626],[-56.07375045329559,50.026495553540286],[-56.11809258510093,50.0173775511536],[-56.214576074316284,49.92433452973909],[-56.23527126188059,49.945452835643074],[-56.20709172138197,49.99145477360698],[-56.16266655607436,50.01812927563955],[-56.14470469450837,50.08348216027906],[-56.17252783738333,50.10328813231276],[-56.17683272988832,50.13982204415754],[-56.19977707214919,50.14819467819157],[-56.3845416089418,50.0091866534893],[-56.389970423045376,49.982016781048706],[-56.4252893320779,49.94832244321957],[-56.40452205689246,49.90973238021738],[-56.41248783897597,49.89718140661282],[-56.46330082378691,49.907742815387174],[-56.48832179397571,49.86830775650798],[-56.525467508132124,49.89136410637721],[-56.582879126580615,49.85592357598425],[-56.59300705685637,49.84412802364095],[-56.56589010331173,49.83046696751267],[-56.57122255759716,49.820810477487214],[-56.65920903537682,49.79829582858019],[-56.691672051902295,49.76735946513008],[-56.69104266063514,49.740128083283146],[-56.73532423844029,49.72317003655949],[-56.84990675357356,49.567324841263165],[-56.901023589843234,49.5489704987151],[-56.90420365488262,49.57322148927284],[-56.83641843354199,49.674401784332304],[-56.84507181914749,49.72374596485232],[-56.90550719959612,49.74727989677683],[-56.95601346757776,49.743980751425326],[-56.96530050104743,49.76469950216737],[-56.884282776430176,49.78989677268311],[-56.77017274459715,49.8959277138259],[-56.75870835844202,49.947836179817344],[-56.772443006588595,49.95278129539328],[-56.816600708714745,49.9221122894452],[-56.83536422005401,49.94233913420397],[-56.80295023704005,49.97326746166376],[-56.7883788259572,50.018366324737755],[-56.70137423315433,50.09175832505027],[-56.69899942040119,50.10841287671956],[-56.77940123513658,50.12345815212602],[-56.72188655970213,50.13779059607021],[-56.65406179242972,50.12910491837386],[-56.63957385086891,50.13552615154254],[-56.6452324920832,50.15692693540972],[-56.58506966964291,50.174216510092],[-56.579631839645145,50.20136550144533],[-56.55607920722759,50.218141341147366],[-56.58734229484315,50.244805668299364],[-56.521941108710934,50.26793058180785],[-56.47627784306694,50.327253239311105],[-56.498082218532026,50.354490660611184],[-56.56473718151736,50.368539595084485],[-56.5604229137456,50.38055458251543],[-56.525388741883035,50.406808449375376],[-56.490065261811566,50.384609224446294],[-56.44476209624618,50.38781052383376],[-56.413173048382475,50.43082602259084],[-56.31425230681068,50.49843452729685],[-56.38062080726838,50.52020487305001],[-56.37147618347706,50.5305633747233],[-56.2975812086793,50.5312910926241],[-56.246993262576545,50.61626755468989],[-56.2076616929979,50.61584917482171],[-56.13389027359567,50.65754360352328],[-56.227237859440365,50.71822450216456],[-56.2194983742716,50.83423392698521],[-56.26206293201487,50.84158403740488],[-56.30349727242668,50.88163334045784],[-56.153639671272565,50.876975687545595],[-56.18556724943688,50.76172747140363],[-56.11679689980668,50.79749506030081],[-56.10409302322353,50.79100655520681],[-56.12571324721924,50.74612106810332],[-56.103320801296846,50.74008430993943],[-55.98945200289528,50.857130050478126],[-55.938624173381804,50.86221884611115],[-55.9001137331538,50.89131759842188],[-55.91914653950416,50.92162896958875],[-55.85590202160591,50.94376768855867],[-55.863530243349096,50.96605714267782],[-55.82359357098727,51.023998496688485],[-55.8751176943459,51.042506699583264],[-55.80016988256563,51.05665567226335],[-55.75934855351406,51.122140592901616],[-55.807868547431184,51.14739620614802],[-55.761190842566904,51.18154627423809],[-55.884075904897905,51.21778514509167],[-55.9943679298037,51.18881182340499],[-56.00819395714884,51.152798342891074],[-56.03301234648036,51.15972389104318],[-56.04169839258211,51.18816000726119],[-56.08717606880996,51.22387212388332],[-56.060834576814685,51.24965987843235],[-56.07495252300667,51.299562192873985],[-56.13061682888109,51.31735122831811],[-56.05650037650569,51.375111653761444],[-55.99379713086032,51.341065850024314],[-55.950662849464315,51.347265200649716],[-55.92627336878255,51.31897901560452],[-55.80826776641429,51.33547956384512],[-55.647061565291466,51.30302905581051],[-55.62749732141272,51.33119695931588],[-55.59249195575168,51.34208967803878],[-55.60111029515407,51.36678636897174],[-55.536701875207264,51.36518627228275],[-55.52008062270886,51.386580187864624],[-55.50353001454831,51.43169209277933],[-55.53195569902722,51.47921040747069],[-55.49148933852884,51.50584882096476],[-55.5047198182189,51.532289752444875],[-55.44362832863485,51.55736928330533],[-55.54903357928389,51.59337368215087],[-55.651777067242776,51.567499470470786],[-55.66971341238481,51.57195911082393],[-55.6533298105026,51.60338331587475],[-55.672236613151625,51.61015008995852],[-55.71173201248615,51.58112496577082],[-55.77440839294514,51.5642885331489],[-55.73410981858864,51.50876189528126],[-55.66455170431311,51.48188029015578],[-55.67819320241151,51.467147458801115],[-55.891752083787495,51.49451612573214],[-55.901536873709205,51.50776635528421],[-55.87789100915677,51.540492400455186],[-55.90750775417188,51.566620504616],[-55.88518051615432,51.59783837780092],[-55.928648179714244,51.61913965165676],[-56.368545294846555,51.46550560335665],[-56.45249347414657,51.41702674121209],[-56.58886328899629,51.40030208580887],[-56.71508410901324,51.348838931916916],[-56.83593384425525,51.24317154229843],[-56.83907533494756,51.23268570547431],[-56.78611621886362,51.20842628522952],[-56.84632127513611,51.175018559932255],[-56.84129177100494,51.13838974013157],[-56.896355193750914,51.12831385082891],[-56.92268216122171,51.0734947280375],[-57.0076358670321,51.042835946315726],[-56.96861026981229,51.01002880815336],[-56.980202147102524,50.99662157347096],[-57.041488689590096,51.00035840867126],[-57.080300937109655,51.036953656637],[-57.11775904086174,51.01500035702439],[-57.044241339432595,50.95098843676979],[-56.98638461916524,50.93295894052188],[-56.99728915865723,50.9096617749205],[-57.038505441243856,50.90455543454522],[-57.02843775218238,50.87013290634085],[-57.142850879831194,50.77631468434911],[-57.324115387050995,50.72093015590954],[-57.39335071285223,50.72157209029397],[-57.446324588723606,50.68771135541044],[-57.34899938627274,50.67364627065225],[-57.33742117114841,50.64459785052399],[-57.28868678156138,50.616261036236686],[-57.22964039271357,50.62863096669329],[-57.21124235947907,50.61457726945624],[-57.25794530223006,50.5882607343161],[-57.38840236568126,50.60234818569091],[-57.4279959702592,50.569732464119184],[-57.427703472629005,50.52726698921593],[-57.471762470429326,50.5000548654023],[-57.55856211109158,50.39318639439488],[-57.646417457282155,50.190941384262224],[-57.76088938998213,50.009609991422096],[-57.80302226641119,49.97997803233314],[-57.799662820369235,49.94433871442129],[-57.870079582521996,49.91291925294312],[-57.87480672154948,49.87815333294829],[-57.71868120887044,49.826435970602276],[-57.721490222504876,49.81597409562483],[-57.806461967423154,49.79542022187876],[-57.83075531386933,49.801872318735],[-57.839050607322605,49.83149460214973],[-57.86647626313592,49.848529216916944],[-57.90697883822796,49.82797837113301],[-57.905621421153995,49.80067865449917],[-58.01259068869738,49.67288833794002],[-58.01377241349816,49.63509090793137],[-57.938339277552124,49.56150870209512],[-57.95452573760864,49.52697052397272],[-57.930371467438945,49.520554082481176],[-57.88416755822915,49.54854059635847],[-57.86239953785029,49.506725250035664],[-57.81021824565107,49.47330470454584],[-57.759408942989914,49.46725135437972],[-57.765192114373,49.43858553870247],[-57.828445873374655,49.45095036384941],[-57.91955586446739,49.49775447745241],[-57.94672574620629,49.48222443479858],[-57.922488855610986,49.447137653121956],[-57.945909465051024,49.43992029286668],[-57.9870072181064,49.45787105212896],[-58.007712169999735,49.53378269736218],[-58.04685811532404,49.54717929722835],[-58.09724367476862,49.53200154022396],[-58.217779362597966,49.45492569190098],[-58.26901107501367,49.40182209973001],[-58.28731063866656,49.32049073200998],[-58.27587777007247,49.26904569060825],[-58.25553787191229,49.250679237957506],[-58.10346526812942,49.20425973379913],[-58.05044748085502,49.2087871313012],[-57.99300267617589,49.23664341069702],[-57.97160737202073,49.219750081610194],[-58.03633671684463,49.179135384425706],[-58.14481551057483,49.170822461317],[-58.1408604575315,49.150369168275134],[-57.981112627928006,49.14292305915391],[-57.935285325081864,49.17097049029474],[-57.89970622071424,49.1681600587178],[-57.95890996791378,49.11620918853708],[-58.096044981081256,49.10828525500367],[-58.140484624673945,49.121683051551024],[-58.174217456783964,49.10476260193671],[-58.14820121082916,49.0501415216151],[-58.08218659444794,48.99498547328053],[-57.94638326072669,48.976453011485084],[-57.926607875365406,48.95053225910657],[-57.947607787396514,48.938753112570836],[-58.039970221623875,48.9498422764346],[-58.1296446148497,48.978964417198796],[-58.18989138786483,49.03782250636847],[-58.23646544222602,49.05574368215944],[-58.383537138189716,49.05281590393592],[-58.40675546524707,49.089271135548174],[-58.37065569987186,49.10928924155305],[-58.372769208494596,49.121417072735014],[-58.44054431820232,49.11980229121279],[-58.5011418511525,49.024534735094484],[-58.53238310338561,49.01048867898267],[-58.55253044320825,48.97746324157408],[-58.56035053616599,48.92324432404518],[-58.61128049706613,48.82870910186784],[-58.698316487012036,48.731410136066145],[-58.722754571767766,48.61857464159899],[-58.77574294769455,48.56851124218868],[-58.85515204935036,48.568921980573926],[-58.85560154797675,48.627656747520724],[-58.873781187904605,48.63380794163124],[-58.92454721768589,48.549031539441266],[-58.994426065473526,48.599026236684054],[-58.99537077065254,48.63136163548071],[-58.821012247925154,48.76153756353647],[-58.85282751425521,48.76478125210043],[-59.22614490008092,48.5559858109527],[-59.305681916912434,48.4544641687548],[-59.068829097582984,48.50512435173629],[-58.92043447982695,48.50229384423229],[-58.68765177218654,48.53850136153005],[-58.619816598265565,48.530489553285975],[-58.554919723847675,48.481801536814906],[-58.525062700130704,48.50178891948235],[-58.47544790467648,48.49234565987698],[-58.4036106885677,48.514965124759215],[-58.338213307221345,48.49622839150522],[-58.4509740832146,48.47250442508868],[-58.478856330146236,48.436662586085205],[-58.54953808495923,48.40420166136238],[-58.62529526741407,48.40561229963628],[-58.555825090514375,48.43659806794705],[-58.58037226179348,48.44886884361085],[-58.67951242700812,48.4052586790455],[-58.76561429943105,48.31181098827533],[-58.98444915158603,48.16935136845684],[-59.04206419858587,48.11540758353192],[-59.263401121538195,48.01905206969451],[-59.45348625775561,47.88010057147352]]],[[[-59.4183597154232,50.60631391617102],[-59.39085465519921,50.580522014323066],[-59.38604757738731,50.544874812027246],[-59.36116305203446,50.54639023928208],[-59.34210956887106,50.57066279786435],[-59.35038143887017,50.62069621574741],[-59.4183597154232,50.60631391617102]]],[[[-59.41809437410824,55.31933231295916],[-59.36694871104292,55.29319425440031],[-59.35615971845486,55.30931982151641],[-59.381828371839894,55.32620440369709],[-59.41809437410824,55.31933231295916]]],[[[-58.91330121038054,50.805454506503345],[-58.89427231692999,50.79557309704188],[-58.87244371418318,50.81132649695146],[-58.89275687298124,50.823654349765256],[-58.91330121038054,50.805454506503345]]],[[[-58.8975539572223,55.020952795478806],[-58.86150765990619,55.01617172826179],[-58.83693315009657,55.043739882774645],[-58.87583775210531,55.045442621149526],[-58.8975539572223,55.020952795478806]]],[[[-58.839294458790356,55.16969388682775],[-58.79650350692998,55.15717619062383],[-58.78563515948395,55.17328814386032],[-58.79445888696086,55.20480813336618],[-58.839294458790356,55.16969388682775]]],[[[-58.80959582151405,51.04638719965525],[-58.77353628246273,51.03858927310627],[-58.71369143434357,51.08604351017433],[-58.76079748609635,51.080253593292326],[-58.80959582151405,51.04638719965525]]],[[[-58.786574116095686,54.92670413097869],[-58.72291800663218,54.90792646687369],[-58.7013169168925,54.92473311162096],[-58.71025481051235,54.948519656038066],[-58.69229145484708,54.98381745367892],[-58.755119310734855,54.98112057203388],[-58.786574116095686,54.92670413097869]]],[[[-58.66127617367814,51.120614644324135],[-58.64338318459552,51.10525867695528],[-58.608080882745455,51.122536668364056],[-58.62818884821545,51.14244542953247],[-58.66127617367814,51.120614644324135]]],[[[-58.571304059761275,54.06247110147794],[-58.53906828069027,54.0507525331758],[-58.44361629100865,54.06601438577436],[-58.42481348887133,54.091145483073284],[-58.48831995367878,54.104722797396114],[-58.552587833403756,54.08762508631923],[-58.571304059761275,54.06247110147794]]],[[[-58.56680162133858,51.13590137338502],[-58.551396362237185,51.12130460318213],[-58.518571262754485,51.127847906855756],[-58.47200833376438,51.1624094599939],[-58.49362458686383,51.16941753331201],[-58.56680162133858,51.13590137338502]]],[[[-58.55397436237532,51.23300527217545],[-58.549350132267264,51.22006538365138],[-58.47910837170651,51.22404341232992],[-58.42426509752371,51.238725625907854],[-58.424047843486015,51.25016202045583],[-58.46127166059341,51.2641098212736],[-58.55397436237532,51.23300527217545]]],[[[-58.415381438905904,51.2051930212135],[-58.34615478659203,51.21896801185946],[-58.368586967592584,51.23592220264766],[-58.415381438905904,51.2051930212135]]],[[[-58.412386385249114,49.19956099706619],[-58.37807128458858,49.19159770581828],[-58.37421038829307,49.203663389890956],[-58.408609420819595,49.21155289058537],[-58.412386385249114,49.19956099706619]]],[[[-58.335101160630764,49.205538590933315],[-58.31675224677465,49.199272237241985],[-58.28867757685389,49.21629708943346],[-58.335101160630764,49.205538590933315]]],[[[-58.28613523318164,49.09174998699713],[-58.277309763898785,49.073546969059926],[-58.227617325401944,49.085074735609524],[-58.26030863077928,49.113330364315],[-58.28613523318164,49.09174998699713]]],[[[-58.097566046045046,54.32536310810778],[-58.01390224749182,54.31518355748796],[-58.0264899366662,54.33067718813907],[-58.097566046045046,54.32536310810778]]],[[[-57.836441366983635,54.357252811321786],[-57.83318044903518,54.34266535326945],[-57.795060635136124,54.340599009658774],[-57.81266409358196,54.36157474453074],[-57.836441366983635,54.357252811321786]]],[[[-57.38360130110748,54.527114837595654],[-57.35025287060607,54.50889252663527],[-57.30612810055782,54.52031900147041],[-57.28057079221488,54.576589218674606],[-57.34594329178599,54.56404736455501],[-57.38360130110748,54.527114837595654]]],[[[-57.38079722899004,54.280850048185016],[-57.367933215929,54.25144749150697],[-57.34975638533347,54.24961347024896],[-57.29298938389208,54.28222970996053],[-57.32740909471696,54.298991570957014],[-57.38079722899004,54.280850048185016]]],[[[-57.351529538273404,54.485868606406335],[-57.32089050522713,54.46845106183601],[-57.30018282671971,54.483366930410256],[-57.332531642427355,54.49551705147209],[-57.351529538273404,54.485868606406335]]],[[[-57.32101698867263,50.82795241396277],[-57.27833882522864,50.79593669507953],[-57.245748350694164,50.823360963187554],[-57.2752338746775,50.83532492303995],[-57.32101698867263,50.82795241396277]]],[[[-57.22579142375849,54.49495119910238],[-57.174078546789296,54.47859500374978],[-57.151901844518825,54.49502549858161],[-57.18938823271305,54.50880221215318],[-57.22579142375849,54.49495119910238]]],[[[-57.22386894793963,54.55099113704009],[-57.22223360410496,54.53483368616347],[-57.17747158692084,54.55391697903412],[-57.191471433019416,54.56411623771471],[-57.22386894793963,54.55099113704009]]],[[[-57.19560310740087,53.67256706184896],[-57.15922135562184,53.654974995213145],[-57.11462391838356,53.7107071824902],[-57.17848946584039,53.70211159913934],[-57.19560310740087,53.67256706184896]]],[[[-57.06948952339289,53.79553666505018],[-56.985163121552446,53.75840190810975],[-56.884462256526156,53.79601868373143],[-57.028713743560296,53.80764863720934],[-57.06948952339289,53.79553666505018]]],[[[-56.875229521325004,49.76544378403869],[-56.82285993952853,49.78151756561139],[-56.84804409534829,49.7904190344015],[-56.875229521325004,49.76544378403869]]],[[[-56.6012717036382,53.66796854551852],[-56.546603401975396,53.638182940080476],[-56.57237214316294,53.67412077078999],[-56.6012717036382,53.66796854551852]]],[[[-56.49515371736543,53.809230664746345],[-56.47415742358654,53.79636542938467],[-56.44417729007359,53.81394643249947],[-56.46525784901232,53.82674176281249],[-56.49515371736543,53.809230664746345]]],[[[-56.419613880163624,53.78032948145026],[-56.389980008831884,53.76268490214494],[-56.37328756526398,53.77670018191541],[-56.41200513529735,53.795397887066635],[-56.419613880163624,53.78032948145026]]],[[[-56.15162357099053,47.63025933485619],[-56.14606980068778,47.61654128205017],[-56.03021503935468,47.59146391657228],[-55.93058404651554,47.60137696404563],[-55.97196712094755,47.64049706476584],[-55.965003471739436,47.686091146121576],[-56.15162357099053,47.63025933485619]]],[[[-56.03257236854407,47.70422979260175],[-55.953103430425486,47.71037466176796],[-55.90142047359853,47.75812704564221],[-55.96992139092141,47.751608081163866],[-56.03257236854407,47.70422979260175]]],[[[-56.01745817415049,52.57521330504103],[-55.91004076526415,52.555599878767616],[-55.973256813206845,52.5913422694532],[-56.01745817415049,52.57521330504103]]],[[[-56.014383777092775,53.444187075618174],[-55.854136560241486,53.40150880311801],[-55.81677626424834,53.47150551698708],[-55.916399083555106,53.47781237864079],[-56.014383777092775,53.444187075618174]]],[[[-55.990436606016615,52.53841129811389],[-55.990388409347716,52.52463466563749],[-55.9647034127874,52.51766910443712],[-55.95131145594119,52.528709413072995],[-55.990436606016615,52.53841129811389]]],[[[-55.96873070325417,47.270999018003025],[-55.87866894802723,47.25343379529059],[-55.92665191638114,47.28745586908475],[-55.96873070325417,47.270999018003025]]],[[[-55.91872949332034,50.1781718744445],[-55.852310747878306,50.19477673121517],[-55.90055408681314,50.198758842316295],[-55.91872949332034,50.1781718744445]]],[[[-55.90398813107745,53.03487551917587],[-55.881003602908464,53.02115066680522],[-55.79004891467026,53.04482848183381],[-55.8117932095472,53.07007906439657],[-55.841750901542646,53.07641797057823],[-55.90398813107745,53.03487551917587]]],[[[-55.8962265120478,52.75311104496544],[-55.88280896004402,52.71905953625866],[-55.862020544336715,52.7137545078075],[-55.837608066631006,52.73280360601127],[-55.855707569805936,52.75486407287013],[-55.8962265120478,52.75311104496544]]],[[[-55.88861709082623,49.54223052033531],[-55.8274885663771,49.523313194188695],[-55.80075983193195,49.56403308184449],[-55.831712498736955,49.56971321971089],[-55.88861709082623,49.54223052033531]]],[[[-55.888434738878885,52.53048063639992],[-55.81798856699514,52.519635095810344],[-55.85857659519657,52.54169658194305],[-55.888434738878885,52.53048063639992]]],[[[-55.87322687154919,52.9810412710976],[-55.83168243265142,52.949073145331376],[-55.803736938482,52.95122469395701],[-55.81099202723092,52.995043427946186],[-55.83705600273507,53.00198193658812],[-55.87322687154919,52.9810412710976]]],[[[-55.852027032183116,53.520933383300616],[-55.842432498644214,53.4998680482227],[-55.78868435180948,53.497392222152016],[-55.81077287222372,53.52259839119453],[-55.852027032183116,53.520933383300616]]],[[[-55.84376595974313,49.64809266545734],[-55.82044011835392,49.633592206169425],[-55.803288547281575,49.65648500452698],[-55.84376595974313,49.64809266545734]]],[[[-55.83342153065144,50.22288192511832],[-55.76505770839366,50.19388636549969],[-55.738831079041205,50.209626880396016],[-55.766657474203804,50.22960757053125],[-55.81566400017878,50.23594777659662],[-55.83342153065144,50.22288192511832]]],[[[-55.82530195048321,52.56345075106467],[-55.80690526895159,52.545227726143125],[-55.758963714108226,52.53443353720768],[-55.749175976373714,52.54479959503862],[-55.792907853802106,52.57380251926396],[-55.82530195048321,52.56345075106467]]],[[[-55.78117665429139,49.52169877250753],[-55.775029173169756,49.497957908555584],[-55.750868040333884,49.494800361699376],[-55.717395832166766,49.51931156013438],[-55.73994236905623,49.541341290285466],[-55.78117665429139,49.52169877250753]]],[[[-55.76149025523829,49.561026843426724],[-55.625434533289805,49.57262436509259],[-55.602839797053385,49.59135434730374],[-55.669232356255094,49.59088870535198],[-55.73330652253476,49.61675837033605],[-55.75525910526097,49.60543558635998],[-55.76149025523829,49.561026843426724]]],[[[-55.711014166774206,49.499408486036835],[-55.60158010044312,49.514853146341935],[-55.60501365158149,49.52791174976446],[-55.67549984882624,49.53279181108535],[-55.711014166774206,49.499408486036835]]],[[[-55.69117933053611,50.71586713068364],[-55.64055553444247,50.69347847478167],[-55.5997944365383,50.69420258992985],[-55.527295501718065,50.74003634861575],[-55.50334715213139,50.7900300983594],[-55.54617508802553,50.79400039722234],[-55.586504318992674,50.759807534598146],[-55.61543998457299,50.75862429491034],[-55.6571464799764,50.78752519089515],[-55.66717530410233,50.74230023402307],[-55.69117933053611,50.71586713068364]]],[[[-55.67079160525678,50.95303017776646],[-55.649805098579854,50.89445946177214],[-55.62513309668748,50.88752025315344],[-55.61247758596256,50.89460009318261],[-55.616561616141055,50.92746550944504],[-55.571724528149154,50.9561854384311],[-55.58377852512768,50.970343561530875],[-55.6307406167011,50.969831610896506],[-55.67079160525678,50.95303017776646]]],[[[-55.66864613279091,52.25695357799929],[-55.64804584984942,52.25168825488221],[-55.62628844476704,52.27151143832819],[-55.66481458730505,52.27131256977641],[-55.66864613279091,52.25695357799929]]],[[[-55.48727361333922,51.61243413698662],[-55.46756545632152,51.59947762219665],[-55.440997357596295,51.62131392455703],[-55.462592575650255,51.63889455784878],[-55.48727361333922,51.61243413698662]]],[[[-55.437162484594964,51.88354833276161],[-55.40070713341128,51.878279617279034],[-55.37938273854611,51.894282710999725],[-55.300784985897586,51.988080074361505],[-55.328689723314326,51.99225278598377],[-55.35751314678309,51.965142342615295],[-55.39514776294718,51.958985229601026],[-55.437162484594964,51.88354833276161]]],[[[-55.41776079812305,47.53528466571973],[-55.40002859730323,47.52255326227332],[-55.38428241849608,47.53766697764834],[-55.40661707887286,47.548343185102055],[-55.41776079812305,47.53528466571973]]],[[[-55.23505233845461,49.29411503148364],[-55.20908967858521,49.27639677061981],[-55.161810933536415,49.30912674153529],[-55.21200847714139,49.34000066024673],[-55.23505233845461,49.29411503148364]]],[[[-55.17646866547612,49.38315549165716],[-55.153876385805034,49.364796302925924],[-55.13883690256312,49.388328346426974],[-55.15053213389326,49.3986951692842],[-55.17646866547612,49.38315549165716]]],[[[-55.14970287612666,49.50995477955444],[-55.11015122786797,49.48698364985938],[-55.090741539012214,49.49529611057133],[-55.10395300460699,49.51403156902014],[-55.14970287612666,49.50995477955444]]],[[[-55.08295286922461,49.42373462286034],[-55.06179861160474,49.40391092065525],[-55.04607810723891,49.42137106182863],[-55.055106546580355,49.434608554020905],[-55.08295286922461,49.42373462286034]]],[[[-55.03517682018887,49.53670061910568],[-55.010992461219686,49.52355801199711],[-54.989382899621916,49.54072327054561],[-55.012366134924015,49.55541690750885],[-55.03517682018887,49.53670061910568]]],[[[-54.942193351356735,49.56964092871862],[-54.93775829062393,49.54442680061519],[-54.89708391674269,49.522910405189734],[-54.89556849967225,49.5046224307033],[-54.92736900541957,49.489390363708694],[-54.92065954615954,49.47699684106284],[-54.84056432360094,49.47561401738767],[-54.78706267571014,49.517733687171955],[-54.59762253801293,49.56621095082517],[-54.582670196172266,49.62540529823118],[-54.67976858405857,49.60203164441809],[-54.77614933882073,49.54296680066916],[-54.8268602181596,49.54692506393694],[-54.848741916411875,49.59266089589764],[-54.942193351356735,49.56964092871862]]],[[[-54.90027424925599,49.44957873275336],[-54.889461771855935,49.431679600133215],[-54.85920364175074,49.42191791141134],[-54.849927595303285,49.43209636904666],[-54.90027424925599,49.44957873275336]]],[[[-54.87857512121109,47.34033766347759],[-54.861877555270226,47.32007454999421],[-54.84936741103857,47.334532385642554],[-54.85547214001954,47.35056646687336],[-54.87857512121109,47.34033766347759]]],[[[-54.871042550357274,47.25367274910859],[-54.84460881821218,47.231338951991056],[-54.80858601859918,47.259633105898274],[-54.8272100137328,47.27105587867907],[-54.871042550357274,47.25367274910859]]],[[[-54.864233665696766,49.39638504712278],[-54.844893595724905,49.371313362413126],[-54.81651853660342,49.37598180100149],[-54.864233665696766,49.39638504712278]]],[[[-54.860127061371486,49.659809669652844],[-54.827793447670146,49.645452731086436],[-54.814179716792,49.66375198298122],[-54.849471865543215,49.671487188119315],[-54.860127061371486,49.659809669652844]]],[[[-54.81061370178981,49.40900927595508],[-54.77934588589814,49.38715064979416],[-54.75988622111411,49.3952693133593],[-54.717548713350865,49.44174147390884],[-54.72050480640181,49.478243537439106],[-54.7391516572827,49.47763183090772],[-54.74883224714474,49.453825256864285],[-54.80411355005372,49.42618001385082],[-54.81061370178981,49.40900927595508]]],[[[-54.79447322464941,49.65221978312951],[-54.76679268647633,49.59635108453445],[-54.725025083044144,49.625497812916656],[-54.76507108712375,49.664510481309364],[-54.79447322464941,49.65221978312951]]],[[[-54.74686968553619,47.310662403806255],[-54.705567987277846,47.31537376438185],[-54.69940884259258,47.35188970066092],[-54.74686968553619,47.310662403806255]]],[[[-54.6979471948315,49.49304220843196],[-54.66360342360341,49.48762918924706],[-54.64146616056165,49.51835423006627],[-54.6979471948315,49.49304220843196]]],[[[-54.45953366278092,49.591242610488365],[-54.44842576917146,49.56714454285631],[-54.413574382913154,49.57528361205835],[-54.41216675530016,49.63580336021712],[-54.43097832725939,49.66482556098978],[-54.45864240922312,49.65790785971108],[-54.45953366278092,49.591242610488365]]],[[[-54.42994553294404,47.46497356272712],[-54.398641653949674,47.46786599299995],[-54.3938764336088,47.499226764720106],[-54.42994553294404,47.46497356272712]]],[[[-54.37966857127575,47.41120710918301],[-54.35380478251281,47.3948097029834],[-54.29581652255809,47.39847488898795],[-54.16518086243654,47.56425863453031],[-54.148981733282724,47.63406620889945],[-54.176145748964224,47.639352589229595],[-54.199137787134056,47.56840784120265],[-54.24444660773615,47.51439422849914],[-54.37966857127575,47.41120710918301]]],[[[-54.35308048780052,49.54559278095574],[-54.325060440702046,49.526751599206136],[-54.30056955865556,49.53680325668537],[-54.35308048780052,49.54559278095574]]],[[[-54.345775587278126,49.596040340222544],[-54.322174845784424,49.56903059719641],[-54.04555142895439,49.6536622536139],[-54.09407280550194,49.66690748832683],[-54.12755309829427,49.725629709809276],[-54.175363123283354,49.73653495438107],[-54.25174428079024,49.67758699593538],[-54.269954592721064,49.7005714077885],[-54.32535598793922,49.69655477841011],[-54.304109925676485,49.67045812042263],[-54.331792747139374,49.65371750029101],[-54.345775587278126,49.596040340222544]]],[[[-54.27559428033419,47.69371408604633],[-54.25166492069238,47.68787101298752],[-54.233671435727,47.70802843900414],[-54.241784146416954,47.724996406250355],[-54.27559428033419,47.69371408604633]]],[[[-54.270805740751,49.5231428084467],[-54.24986710155792,49.51293684967931],[-54.23553922423962,49.52507586127205],[-54.247045611178486,49.535555210658316],[-54.270805740751,49.5231428084467]]],[[[-54.26292405444058,47.555354205613774],[-54.2323294213976,47.56047705658432],[-54.22065449827451,47.60268450999633],[-54.24572316547544,47.5972272698429],[-54.26292405444058,47.555354205613774]]],[[[-54.246035506741514,47.36033602364543],[-54.228309514150766,47.35107695382538],[-54.181256068510685,47.37483763597903],[-54.20949273762232,47.398186687556894],[-54.229728247156864,47.39481028109692],[-54.246035506741514,47.36033602364543]]],[[[-54.21505650138034,47.825989026634765],[-54.20672462978167,47.802892028766585],[-54.17637090730813,47.80431466643557],[-54.182579382463565,47.82647216802143],[-54.21505650138034,47.825989026634765]]],[[[-54.134603248091885,47.504557829602604],[-54.11339098029887,47.49587110633929],[-54.07222369571593,47.54172644758336],[-54.09156209525375,47.57521157564501],[-54.07875650179131,47.634629842052135],[-54.08744253726936,47.663747934257565],[-54.11239634139254,47.677965974291844],[-54.134603248091885,47.504557829602604]]],[[[-53.94565512678511,48.162154690110604],[-53.90296878358578,48.09936030798326],[-53.857059009233424,48.08839037896543],[-53.74327337652548,48.09674390902112],[-53.64442643004557,48.06966648090547],[-53.58737695202305,48.08353212680241],[-53.5601959437783,48.1256946163586],[-53.57411012702078,48.13937984828199],[-53.55391132160514,48.18039021730085],[-53.57107314613902,48.187511206737994],[-53.71305422178911,48.12971864282612],[-53.79573777326572,48.1617347339102],[-53.873341977634546,48.15423225922064],[-53.92377946023447,48.18275940357117],[-53.94565512678511,48.162154690110604]]],[[[-53.890585830819255,48.87374239923251],[-53.87006344383802,48.86347958296673],[-53.84134387385772,48.88728333628175],[-53.890585830819255,48.87374239923251]]],[[[-53.847632375961844,48.965151645158365],[-53.84471001166048,48.952135353755494],[-53.794505461031534,48.95752888881527],[-53.80393755116094,48.97321434860028],[-53.847632375961844,48.965151645158365]]],[[[-53.81180107871854,48.86169052102795],[-53.78178122173707,48.8455607565239],[-53.74342174781831,48.86754301635236],[-53.78847114080144,48.873943892370576],[-53.81180107871854,48.86169052102795]]],[[[-53.80157551745132,48.93067963066593],[-53.73749537178422,48.928480819317635],[-53.76316699204781,48.94278961074248],[-53.80157551745132,48.93067963066593]]],[[[-53.79819920104455,48.58337051528391],[-53.71954706520137,48.600589561833644],[-53.78137411738089,48.59821740176346],[-53.79819920104455,48.58337051528391]]],[[[-53.782340046554665,48.816057199834276],[-53.713475359582496,48.82566045924269],[-53.67261174734766,48.85650330701441],[-53.72215372569967,48.85494646113219],[-53.782340046554665,48.816057199834276]]],[[[-53.77632406293066,48.78396292599785],[-53.72432896585278,48.77866024032828],[-53.689043359808025,48.7939186089668],[-53.69887381475658,48.80590403280006],[-53.77632406293066,48.78396292599785]]],[[[-53.76719637485833,48.74863407384088],[-53.7640817666986,48.72955432780738],[-53.748760428920406,48.733161936742555],[-53.76719637485833,48.74863407384088]]],[[[-53.76222882361068,46.95891853877122],[-53.73265315757022,46.9503655327433],[-53.70826842026096,46.97741552026207],[-53.713074867519616,46.99128480585546],[-53.74599576713136,46.98347450894025],[-53.76222882361068,46.95891853877122]]],[[[-53.64646400942265,48.57659358692258],[-53.62481131123515,48.56775793784325],[-53.61449273472618,48.58530367699482],[-53.635268957500806,48.59178722260935],[-53.64646400942265,48.57659358692258]]],[[[-53.62881727264293,49.05207176371344],[-53.61492681287784,49.04411003375057],[-53.60550675868145,49.05357546033962],[-53.620927930520786,49.056227198607004],[-53.62881727264293,49.05207176371344]]],[[[-53.532507446576034,48.19719719407862],[-53.5145891260028,48.18777226929066],[-53.50394392437039,48.215102743239775],[-53.532507446576034,48.19719719407862]]],[[[-53.248295633230754,49.76331005912207],[-53.21046003413399,49.74192547198196],[-53.1965208911874,49.75623416459005],[-53.22263055283467,49.770784250620046],[-53.248295633230754,49.76331005912207]]],[[[-53.04576194332179,47.60221190173069],[-53.02449495346563,47.587175131925775],[-52.99241601635701,47.59335020834534],[-52.946547612765556,47.61727952726038],[-52.942872381466216,47.63366294881779],[-52.97684124557305,47.63818367653289],[-53.04576194332179,47.60221190173069]]],[[[-52.838162401177996,48.1336927799058],[-52.81443579055058,48.11161590487284],[-52.79828394563775,48.128620093742136],[-52.81215315219485,48.14852993652565],[-52.838162401177996,48.1336927799058]]]]}}]}